Date,Symbol,Open,High,Low,Close,Volume,avg_sentiment,news_count,sentiment_std,avg_confidence,effective_sentiment,sentiment_lag1,sentiment_lag2,sentiment_lag3,sentiment_ma3,sentiment_ma5,sentiment_rolling_std_5,news_volume_lag1,current_day_return,next_day_close,next_day_return,target_up,actual_direction,predicted_direction
2026-04-02,ASIANPAINT,2166.206128976487,2166.305365661368,2123.972448135313,2150.34375,1854061,0.2977,1,0.0,0.6034,0.2977,0.0,0.0,0.0,0.2977,0.2977,0.0,0,0.0,2165.511962890625,0.007053854943250393,1.0,1,0
2026-04-06,ASIANPAINT,2150.3435162351893,2174.3353134208273,2127.4421122612302,2165.511962890625,2048228,0.253,0,0.0,0.0,0.253,0.2977,0.0,0.0,0.27535,0.27535,0.03160767311903867,1,0.007053854943250393,2167.395751953125,0.0008699047129647752,1.0,1,0
2026-04-07,ASIANPAINT,2149.0548763211227,2179.7882354882618,2126.550174629453,2167.395751953125,1793007,0.8715,1,0.0,0.9235,0.8715,0.253,0.2977,0.0,0.4740666666666667,0.4740666666666667,0.34491225454212754,0,0.0008699047129647752,2262.76806640625,0.04400318417491644,1.0,1,1
2026-04-08,ASIANPAINT,2264.850100281215,2316.7992900724025,2225.8880869174877,2262.76806640625,2914767,-0.4166,1,0.0,0.5309,-0.4166,0.8715,0.253,0.2977,0.23596666666666666,0.2514,0.5269074112213644,1,0.04400318417491644,2250.078369140625,-0.005608041519597262,0.0,0,0
2026-04-09,ASIANPAINT,2255.431824787587,2269.9063412266696,2232.629656888636,2250.078369140625,1980060,-0.3541,0,0.0,0.0,-0.3541,-0.4166,0.8715,0.253,0.03360000000000002,0.13030000000000003,0.530612490429692,1,-0.005608041519597262,2340.394775390625,0.040139226921458215,1.0,1,1
2026-04-10,ASIANPAINT,2248.1946997294717,2356.4553853234625,2248.1946997294717,2340.394775390625,3018178,-0.301,0,0.0,0.0,-0.301,-0.3541,-0.4166,0.8715,-0.3572333333333333,0.010560000000000014,0.5505694897104271,0,0.040139226921458215,2332.166015625,-0.003515970831994175,0.0,0,1
2026-04-13,ASIANPAINT,2260.2896157134237,2342.1792384979185,2242.5436772411817,2332.166015625,1734562,-0.2558,0,0.0,0.0,-0.2558,-0.301,-0.3541,-0.4166,-0.30363333333333337,-0.09119999999999999,0.5415030147653843,0,-0.003515970831994175,2402.258056640625,0.030054481776178754,1.0,1,1
2026-04-15,ASIANPAINT,2379.8523513508994,2405.1330157789134,2360.520078553006,2402.258056640625,1182431,-0.2175,0,0.0,0.0,-0.2175,-0.2558,-0.301,-0.3541,-0.2581,-0.30900000000000005,0.07886421875603647,0,0.030054481776178754,2419.31005859375,0.007098322308041638,1.0,1,1
2026-04-16,ASIANPAINT,2414.0555975912685,2425.5559181989383,2390.8569671041973,2419.31005859375,1496210,-0.1848,0,0.0,0.0,-0.1848,-0.2175,-0.2558,-0.301,-0.21936666666666668,-0.26264000000000004,0.06704455980912977,0,0.007098322308041638,2442.80615234375,0.009711898508642403,1.0,1,1
2026-04-17,ASIANPAINT,2404.1416069129846,2464.7161582374533,2396.706117407068,2442.80615234375,1286575,-0.1571,0,0.0,0.0,-0.1571,-0.1848,-0.2175,-0.2558,-0.18646666666666667,-0.22323999999999997,0.05699090278281246,0,0.009711898508642403,2495.152099609375,0.02142861283340136,1.0,1,1
2026-04-20,ASIANPAINT,2448.7545957036955,2502.0918899615717,2435.3707143101733,2495.152099609375,1203157,0.2813,1,0.0,0.6787,0.2813,-0.1571,-0.1848,-0.2175,-0.020199999999999996,-0.10678000000000001,0.2200518052641241,0,0.02142861283340136,2521.7216796875,0.010648481141604327,1.0,1,1
2026-04-21,ASIANPAINT,2494.656448384103,2559.7912906799447,2492.0787151016143,2521.7216796875,1681872,0.2391,0,0.0,0.0,0.2391,0.2813,-0.1571,-0.1848,0.12109999999999999,-0.00779999999999999,0.24603455041924496,1,0.010648481141604327,2540.85546875,0.0075875895490857825,1.0,1,1
2026-04-22,ASIANPAINT,2478.496591328449,2549.8772931587087,2478.496591328449,2540.85546875,1126584,0.2032,0,0.0,0.0,0.2032,0.2391,0.2813,-0.1571,0.2412,0.07634,0.2276407322954308,0,0.0075875895490857825,2499.71240234375,-0.016192603991950327,0.0,0,1
2026-04-23,ASIANPAINT,2508.238527355777,2519.837842888377,2488.41055480751,2499.71240234375,1378614,0.1728,0,0.0,0.0,0.1728,0.2032,0.2391,0.2813,0.20503333333333332,0.14786000000000002,0.1752256345401551,0,-0.016192603991950327,2463.724853515625,-0.014396675711326967,0.0,0,0
2026-04-24,ASIANPAINT,2499.7124304630092,2517.061906637907,2449.4485678958704,2463.724853515625,436871,0.1468,0,0.0,0.0,0.1468,0.1728,0.2032,0.2391,0.17426666666666668,0.20864000000000002,0.05325779755115676,0,-0.014396675711326967,2463.82373046875,4.013311510164819e-05,1.0,1,0
2026-04-27,ASIANPAINT,2481.470673800435,2498.1262185409096,2454.20721254214,2463.82373046875,452134,0.1248,0,0.0,0.0,0.1248,0.1468,0.1728,0.2032,0.14813333333333334,0.17734,0.045268068215906856,0,4.013311510164819e-05,2441.41845703125,-0.009093699829426205,0.0,0,0
2026-04-28,ASIANPAINT,2453.711703700179,2477.5052717360595,2434.974365688199,2441.41845703125,556571,0.1061,0,0.0,0.0,0.1061,0.1248,0.1468,0.1728,0.1259,0.15074,0.038470222250462684,0,-0.009093699829426205,2426.25,-0.0062129689351553274,0.0,0,0
2026-04-29,ASIANPAINT,2448.6554645929264,2456.586653908799,2417.6248800271264,2426.25,603585,0.0902,0,0.0,0.0,0.0902,0.1061,0.1248,0.1468,0.10703333333333333,0.12814,0.032707308051871095,0,-0.0062129689351553274,2423.473876953125,-0.0011442032135496882,0.0,0,0
2026-04-30,ASIANPAINT,2405.8269334704287,2434.7757241733725,2364.9813595711516,2423.473876953125,823684,0.0767,0,0.0,0.0,0.0767,0.0902,0.1061,0.1248,0.09100000000000001,0.10892000000000002,0.027765031964685168,0,-0.0011442032135496882,2423.473876953125,0.0,0.0,0,0
2026-05-01,ASIANPAINT,2423.473876953125,2423.473876953125,2423.473876953125,2423.473876953125,0,0.0652,0,0.0,0.0,0.0652,0.0767,0.0902,0.1061,0.07736666666666667,0.0926,0.023603071833979295,0,0.0,2427.04296875,0.001472717255513567,1.0,1,0
2026-05-04,ASIANPAINT,2438.8405150757653,2485.4362484938797,2421.292808558354,2427.04296875,581159,0.0554,0,0.0,0.0,0.0554,0.0652,0.0767,0.0902,0.06576666666666667,0.07872000000000001,0.020075781429373673,0,0.001472717255513567,2409.0986328125,-0.007393497424045159,0.0,0,0
2026-05-05,ASIANPAINT,2409.0986328125,2433.7843614929498,2394.227653597608,2409.0986328125,327682,0.0471,0,0.0,0.0,0.0471,0.0554,0.0652,0.0767,0.0559,0.06692000000000001,0.017074161765661677,0,-0.007393497424045159,2497.333251953125,0.036625573539766476,1.0,1,0
2026-05-06,ASIANPAINT,2438.840730371055,2507.24723866195,2419.4092196054808,2497.333251953125,1395987,0.04,0,0.0,0.0,0.04,0.0471,0.0554,0.0652,0.04750000000000001,0.05688000000000001,0.014532962533495413,0,0.036625573539766476,2508.83349609375,0.004605009816623706,1.0,1,1
2026-05-07,ASIANPAINT,2512.799090655162,2533.8166934225105,2489.699453926799,2508.83349609375,1053513,0.034,0,0.0,0.0,0.034,0.04,0.0471,0.0554,0.04036666666666667,0.04834000000000001,0.012357507839365508,0,0.004605009816623706,2577.537109375,0.02738468431174157,1.0,1,1
2026-05-08,ASIANPAINT,2518.1524303726387,2584.972598834762,2493.7639281283514,2577.537109375,2327900,0.0289,0,0.0,0.0,0.0289,0.034,0.04,0.0471,0.034300000000000004,0.041080000000000005,0.010499380934130305,0,0.02738468431174157,2544.028076171875,-0.01300040766871835,0.0,0,0
2026-05-11,ASIANPAINT,2556.7177847784324,2585.468344538891,2533.0234547576356,2544.028076171875,1271257,0.0246,0,0.0,0.0,0.0246,0.0289,0.034,0.04,0.029166666666666664,0.03492000000000001,0.008912743685306906,0,-0.01300040766871835,2483.94921875,-0.023615642446949137,0.0,0,0
2026-05-12,ASIANPAINT,2524.2990937915256,2533.717380591815,2478.496526391938,2483.94921875,628802,0.0209,0,0.0,0.0,0.0209,0.0246,0.0289,0.034,0.0248,0.029680000000000005,0.0075608861914445834,0,-0.023615642446949137,2595.085205078125,0.0447416499054083,1.0,1,1
2026-05-13,ASIANPAINT,2532.0321540727255,2619.6716979847315,2532.0321540727255,2595.085205078125,3515018,0.9227,1,0.0,0.9432,0.9227,0.0209,0.0246,0.0289,0.3227333333333333,0.20622,0.40055431217251924,0,0.0447416499054083,2599.6455078125,0.001757284394921399,1.0,1,1
2026-05-14,ASIANPAINT,2597.464479177054,2642.7713493560886,2587.5504926153094,2599.6455078125,1040916,0.7843,0,0.0,0.0,0.7843,0.9227,0.0209,0.0246,0.5759666666666666,0.35628000000000004,0.45653635342653714,1,0.001757284394921399,2583.1884765625,-0.006330490522858945,0.0,0,0
2026-05-15,ASIANPAINT,2599.6455492931773,2617.2924940627995,2570.498525152845,2583.1884765625,796240,0.6667,0,0.0,0.0,0.6667,0.7843,0.9227,0.0209,0.7912333333333333,0.48384,0.4305597844666871,0,-0.006330490522858945,2591.51611328125,0.003223782079514237,1.0,1,1
2026-05-18,ASIANPAINT,2557.907795315493,2596.869569262112,2534.0149906453235,2591.51611328125,898479,0.5667,0,0.0,0.0,0.5667,0.6667,0.7843,0.9227,0.6725666666666666,0.59226,0.3459468282843478,0,0.003223782079514237,2578.330322265625,-0.00508806059435607,0.0,0,1
2026-05-19,ASIANPAINT,2606.3869513982067,2623.240727805118,2572.7786352618723,2578.330322265625,688639,0.4817,0,0.0,0.0,0.4817,0.5667,0.6667,0.7843,0.5717,0.68442,0.174657355985942,0,-0.00508806059435607,2576.24853515625,-0.0008074167578131508,0.0,0,1
2026-05-20,ASIANPAINT,2539.963249067585,2591.5159769955762,2539.963249067585,2576.24853515625,586190,0.4094,0,0.0,0.0,0.4094,0.4817,0.5667,0.6667,0.4859333333333333,0.58176,0.14847898167754273,0,-0.0008074167578131508,2576.44677734375,7.694994671303412e-05,1.0,1,0
2026-05-21,ASIANPAINT,2602.4213727320252,2625.5210089438397,2568.515588398281,2576.44677734375,1031843,0.348,0,0.0,0.0,0.348,0.4094,0.4817,0.5667,0.41303333333333336,0.49450000000000005,0.1262277505146949,0,7.694994671303412e-05,2617.09423828125,0.015776557581137496,1.0,1,1
2026-05-22,ASIANPAINT,2583.684151755406,2641.7799681669367,2577.8347544208896,2617.09423828125,1556434,0.2958,0,0.0,0.0,0.2958,0.348,0.4094,0.4817,0.35106666666666664,0.42031999999999997,0.10729546588742718,0,0.015776557581137496,2634.939453125,0.006818713129516318,1.0,1,0
2026-05-25,ASIANPAINT,2649.0172659355308,2661.013286747998,2630.378922392816,2634.939453125,815621,0.2514,0,0.0,0.0,0.2514,0.2958,0.348,0.4094,0.2984,0.35726,0.09120486829111721,0,0.006818713129516318,2624.232177734375,-0.004063575494277938,0.0,0,0
2026-05-26,ASIANPAINT,2627.2063736290493,2641.383422468467,2613.227556107807,2624.232177734375,486267,0.2137,0,0.0,0.0,0.2137,0.2514,0.2958,0.348,0.2536333333333333,0.30366,0.07751237320583097,0,-0.004063575494277938,2648.91796875,0.009406862405344496,1.0,1,0
2026-05-27,ASIANPAINT,2622.0512104312984,2666.4659185712258,2619.275245789924,2648.91796875,858457,0.1817,0,0.0,0.0,0.1817,0.2137,0.2514,0.2958,0.2156,0.25812,0.06587205021858679,0,0.009406862405344496,2648.91796875,0.0,0.0,0,0
2026-05-28,ASIANPAINT,2648.91796875,2648.91796875,2648.91796875,2648.91796875,0,0.1544,0,0.0,0.0,0.1544,0.1817,0.2137,0.2514,0.1832666666666667,0.21939999999999998,0.05599049026397266,0,0.0,2648.62060546875,-0.00011225839560080608,0.0,0,0
2026-05-29,ASIANPAINT,2653.081899183728,2724.56159325931,2608.964661335609,2648.62060546875,5062328,0.5064,4,0.513807343920527,0.8024,0.5064,0.1544,0.1817,0.2137,0.2808333333333333,0.26152,0.14159917725749685,0,-0.00011225839560080608,2609.757568359375,-0.014672934669892834,0.0,0,0
2026-06-01,ASIANPAINT,2709.095901351661,2754.8984680974218,2604.106644768003,2609.757568359375,2224344,0.4414666666666667,3,0.44222824800473043,0.7948,0.4415,0.5064,0.1544,0.1817,0.36743333333333333,0.29954000000000003,0.16222214090561132,4,-0.014672934669892834,2637.814208984375,0.010750669320843453,1.0,1,0
2026-06-02,ASIANPAINT,2603.511962617927,2649.1162982589444,2585.468314449159,2637.814208984375,1026319,0.3752,0,0.0,0.0,0.3752,0.4415,0.5064,0.1544,0.44103333333333333,0.33183999999999997,0.15684671816777046,3,0.010750669320843453,2639.49951171875,0.0006389012268699368,1.0,1,0
2026-06-03,ASIANPAINT,2629.288299864542,2652.982629371886,2602.1238332482144,2639.49951171875,958774,0.319,0,0.0,0.0,0.319,0.3752,0.4415,0.5064,0.37856666666666666,0.35929999999999995,0.1344025297380969,0,0.0006389012268699368,2638.706787109375,-0.00030033140974472516,0.0,0,0
2026-06-04,ASIANPAINT,2640.9868104093725,2675.5867690885616,2622.15023574918,2638.706787109375,1840743,0.2711,0,0.0,0.0,0.2711,0.319,0.3752,0.4415,0.3217666666666667,0.38264,0.0939782049200772,0,-0.00030033140974472516,2663.590576171875,0.009430297138000476,1.0,1,1
2026-06-05,ASIANPAINT,2643.0686735140903,2676.577994677205,2642.077274911872,2663.590576171875,1615011,0.2304,0,0.0,0.0,0.2304,0.2711,0.319,0.3752,0.2735,0.32744,0.08359559198905175,0,0.009430297138000476,2636.3271484375,-0.010235592503694102,0.0,0,0
2026-06-08,ASIANPAINT,2620.5640072762417,2651.9912949616705,2607.477593967183,2636.3271484375,1262904,0.1959,0,0.0,0.0,0.1959,0.2304,0.2711,0.319,0.23246666666666668,0.27832,0.07103187312749118,0,-0.010235592503694102,2684.806640625,0.01838902740740389,1.0,1,0
2026-06-09,ASIANPAINT,2643.2668941356555,2695.6127885292044,2638.6073691322094,2684.806640625,1416560,0.1665,0,0.0,0.0,0.1665,0.1959,0.2304,0.2711,0.1976,0.23658,0.06039235878817777,0,0.01838902740740389,2691.74658203125,0.0025848943090496235,1.0,1,0
2026-06-10,ASIANPAINT,2687.7809874156337,2720.397906312803,2676.7763655410236,2691.74658203125,1395772,0.1415,0,0.0,0.0,0.1415,0.1665,0.1959,0.2304,0.16796666666666668,0.20108,0.05131970381831898,0,0.0025848943090496235,2667.75439453125,-0.008913241558533014,0.0,0,0
2026-06-11,ASIANPAINT,2670.7285903296975,2683.4185408112085,2648.0256592178175,2667.75439453125,771558,0.1203,0,0.0,0.0,0.1203,0.1415,0.1665,0.1959,0.14276666666666668,0.17092,0.043615731107021195,0,-0.008913241558533014,2723.7685546875,0.020996745529152205,1.0,1,0
2026-06-12,ASIANPAINT,2702.255252386737,2729.320483944781,2686.0954059806704,2723.7685546875,1078025,0.1023,0,0.0,0.0,0.1023,0.1203,0.1415,0.1665,0.12136666666666666,0.1453,0.03707505900197557,0,0.020996745529152205,2715.73828125,-0.0029482216555001273,0.0,0,0
2026-06-15,ASIANPAINT,2796.041569265256,2808.3348153056413,2706.518225699372,2715.73828125,2752021,0.8604,1,0.0,0.9006,0.8604,0.1023,0.1203,0.1415,0.361,0.2782,0.3263410179551446,0,-0.0029482216555001273,2724.462646484375,0.003212520622701387,1.0,1,0
2026-06-16,ASIANPAINT,2717.423619460817,2747.1655780831534,2711.4752277363496,2724.462646484375,962931,0.7313,0,0.0,0.0,0.7313,0.8604,0.1023,0.1203,0.5646666666666667,0.39116,0.37249723220448233,1,0.003212520622701387,2714.449462890625,-0.0036752875311654165,0.0,0,0
2026-06-17,ASIANPAINT,2740.2258274031,2745.083583898793,2708.9967703976017,2714.449462890625,557209,0.6216,0,0.0,0.0,0.6216,0.7313,0.8604,0.1023,0.7377666666666668,0.48718000000000006,0.35344378195124615,0,-0.0036752875311654165,2731.30322265625,0.006208905340119086,1.0,1,1
2026-06-18,ASIANPAINT,2721.3892363671166,2741.2172089453834,2704.7336909932365,2731.30322265625,600888,0.5284,0,0.0,0.0,0.5284,0.6216,0.7313,0.8604,0.6271,0.5688000000000001,0.288738229197313,0,0.006208905340119086,2709.393310546875,-0.008021779466897527,0.0,0,0
2026-06-19,ASIANPAINT,2729.2212838160262,2729.2212838160262,2695.4147346165373,2709.393310546875,838991,0.0385,1,0.0,0.924,0.0385,0.5284,0.6216,0.7313,0.3961666666666666,0.5560400000000001,0.31474625176481463,0,-0.008021779466897527,2651.0,-0.02155217196394743,0.0,0,0
2026-06-22,ASIANPAINT,2719.1090391012117,2732.790388930441,2647.034405385191,2651.0,1033475,0.0327,0,0.0,0.0,0.0327,0.0385,0.5284,0.6216,0.19986666666666666,0.39049999999999996,0.33184827105169623,1,-0.02155217196394743,2661.199951171875,0.003847586258723057,1.0,1,1
2026-06-23,ASIANPAINT,2669.0,2695.39990234375,2650.10009765625,2661.199951171875,1182151,0.0278,0,0.0,0.0,0.0278,0.0327,0.0385,0.5284,0.033,0.24980000000000002,0.2987127801082506,0,0.003847586258723057,2667.5,0.002367371465398893,1.0,1,1
2026-06-24,ASIANPAINT,2662.0,2687.60009765625,2653.60009765625,2667.5,1264476,0.0236,0,0.0,0.0,0.0236,0.0278,0.0327,0.0385,0.02803333333333333,0.1302,0.22266999124264594,0,0.002367371465398893,2645.199951171875,-0.008359905839971926,0.0,0,0
2026-06-25,ASIANPAINT,2690.0,2690.699951171875,2637.10009765625,2645.199951171875,2050810,0.05,1,0.0,0.9013,0.05,0.0236,0.0278,0.0327,0.0338,0.03452,0.010285766864946038,0,-0.008359905839971926,2645.199951171875,0.0,0.0,0,0
2026-06-26,ASIANPAINT,2645.199951171875,2645.199951171875,2645.199951171875,2645.199951171875,0,0.0425,0,0.0,0.0,0.0425,0.05,0.0236,0.0278,0.038700000000000005,0.035320000000000004,0.01081466596802795,1,0.0,2656.89990234375,0.004423087625830213,1.0,1,0
2026-06-29,ASIANPAINT,2631.300048828125,2687.800048828125,2630.0,2656.89990234375,4752587,0.0361,0,0.0,0.0,0.0361,0.0425,0.05,0.0236,0.042866666666666664,0.036000000000000004,0.01071517615347606,0,0.004423087625830213,2635.699951171875,-0.007979205822987057,0.0,0,1
2026-06-30,ASIANPAINT,2658.0,2672.10009765625,2630.300048828125,2635.699951171875,1821479,0.0307,0,0.0,0.0,0.0307,0.0361,0.0425,0.05,0.03643333333333333,0.03658,0.010227756352202669,0,-0.007979205822987057,2716.39990234375,0.030618034171907338,1.0,1,0
2026-07-01,ASIANPAINT,2648.0,2723.0,2624.0,2716.39990234375,1097512,0.0261,0,0.0,0.0,0.0261,0.0307,0.0361,0.0425,0.03096666666666667,0.03708,0.009467417810576549,0,0.030618034171907338,2744.5,0.010344610022995804,1.0,1,0
2026-07-02,ASIANPAINT,2720.0,2759.89990234375,2711.0,2744.5,1629567,0.0222,0,0.0,0.0,0.0222,0.0261,0.0307,0.0361,0.026333333333333334,0.031520000000000006,0.008038158993203702,0,0.010344610022995804,2737.800048828125,-0.0024412283373564936,0.0,0,0
2026-07-03,ASIANPAINT,2744.0,2762.39990234375,2730.0,2737.800048828125,472124,0.0189,0,0.0,0.0,0.0189,0.0222,0.0261,0.0307,0.0224,0.0268,0.006814690014961877,0,-0.0024412283373564936,2754.89990234375,0.006245837245471675,1.0,1,0
2026-07-06,ASIANPAINT,2724.0,2758.0,2722.0,2754.89990234375,504943,0.0065,1,0.0,0.9453,0.0065,0.0189,0.0222,0.0261,0.015866666666666664,0.020880000000000003,0.009166896966805102,0,0.006245837245471675,2731.39990234375,-0.008530255484058502,0.0,0,0
2026-07-07,ASIANPAINT,2750.0,2751.800048828125,2726.39990234375,2731.39990234375,489066,0.0055,0,0.0,0.0,0.0055,0.0065,0.0189,0.0222,0.010299999999999998,0.01584,0.009343874999164968,1,-0.008530255484058502,2665.89990234375,-0.023980377221144322,0.0,0,0
2026-07-08,ASIANPAINT,2676.60009765625,2713.10009765625,2653.300048828125,2665.89990234375,1481672,0.0047,0,0.0,0.0,0.0047,0.0055,0.0065,0.0189,0.005566666666666664,0.01156,0.008313723594155616,0,-0.023980377221144322,2673.800048828125,0.0029634070196820073,1.0,1,0
2026-07-09,ASIANPAINT,2658.0,2722.800048828125,2656.0,2673.800048828125,918568,0.004,0,0.0,0.0,0.004,0.0047,0.0055,0.0065,0.004733333333333332,0.00792,0.0062082203569154525,0,0.0029634070196820073,2677.800048828125,0.0014959981774826936,1.0,1,0
2026-07-10,ASIANPAINT,2695.0,2728.199951171875,2672.89990234375,2677.800048828125,982095,0.0034,0,0.0,0.0,0.0034,0.004,0.0047,0.0055,0.004033333333333331,0.00482,0.0012235195135424533,0,0.0014959981774826936,2652.10009765625,-0.009597412317294607,0.0,0,0
2026-07-13,ASIANPAINT,2650.5,2664.39990234375,2630.10009765625,2652.10009765625,1107802,-0.37655,2,0.8252643243228196,0.7089000000000001,-0.3766,0.0034,0.004,0.0047,-0.12306666666666666,-0.0718,0.1703901845764597,0,-0.009597412317294607,2641.0,-0.004185399211010021,0.0,0,0
2026-07-14,ASIANPAINT,2604.0,2655.89990234375,2579.89990234375,2641.0,975301,-0.3201,0,0.0,0.0,-0.3201,-0.3766,0.0034,0.004,-0.2311,-0.13692,0.1940398077714983,2,-0.004185399211010021,2670.0,0.010980689132904287,1.0,1,0
2026-07-15,ASIANPAINT,2644.89990234375,2684.0,2644.89990234375,2670.0,809114,-0.2721,0,0.0,0.0,-0.2721,-0.3201,-0.3766,0.0034,-0.3229333333333333,-0.19228,0.1826879497941777,0,0.010980689132904287,2674.699951171875,0.0017602813377808335,1.0,1,0
2026-07-16,ASIANPAINT,2688.0,2693.10009765625,2660.10009765625,2674.699951171875,455037,-0.2312,0,0.0,0.0,-0.2312,-0.2721,-0.3201,-0.3766,-0.2744666666666667,-0.23932000000000003,0.1461374934778888,0,0.0017602813377808335,2689.0,0.005346412341264539,1.0,1,1
2026-07-17,ASIANPAINT,2665.0,2700.0,2665.0,2689.0,452284,-0.1966,0,0.0,0.0,-0.1966,-0.2312,-0.2721,-0.3201,-0.23330000000000004,-0.27931999999999996,0.07130334494257604,0,0.005346412341264539,2691.39990234375,0.0008924887853292152,1.0,1,1
2026-07-20,ASIANPAINT,2689.0,2708.5,2666.699951171875,2691.39990234375,571087,-0.1671,0,0.0,0.0,-0.1671,-0.1966,-0.2312,-0.2721,-0.1983,-0.23742000000000002,0.0605981600380737,0,0.0008924887853292152,2692.39990234375,0.0003715538516328998,1.0,1,1
2026-07-21,ASIANPAINT,2695.0,2720.0,2680.5,2692.39990234375,1000078,-0.142,0,0.0,0.0,-0.142,-0.1671,-0.1966,-0.2312,-0.16856666666666667,-0.20179999999999998,0.05151121237167694,0,0.0003715538516328998,2692.800048828125,0.00014862074687593818,1.0,1,1
2026-07-22,ASIANPAINT,2683.0,2700.0,2665.60009765625,2692.800048828125,528096,-0.1207,0,0.0,0.0,-0.1207,-0.142,-0.1671,-0.1966,-0.14326666666666668,-0.17151999999999998,0.043773131028063454,0,0.00014862074687593818,2668.800048828125,-0.008912655809867664,0.0,0,1
2026-07-23,ASIANPAINT,2671.10009765625,2693.39990234375,2656.0,2668.800048828125,584245,0.7295,1,0.0,0.8346,0.7295,-0.1207,-0.142,-0.1671,0.15560000000000002,0.020620000000000017,0.3972879270755658,0,-0.008912655809867664,2637.89990234375,-0.011578292085966946,0.0,0,1
2026-07-24,ASIANPAINT,2620.10009765625,2657.10009765625,2620.10009765625,2637.89990234375,645563,0.6201,0,0.0,0.0,0.6201,0.7295,-0.1207,-0.142,0.4096333333333333,0.18396,0.450039651586391,1,-0.011578292085966946,2710.199951171875,0.027408185111151173,1.0,1,0
2026-07-27,ASIANPAINT,2665.800048828125,2723.89990234375,2664.300048828125,2710.199951171875,715239,0.5271,0,0.0,0.0,0.5271,0.6201,0.7295,-0.1207,0.6255666666666667,0.3228,0.42079150419180306,0,0.027408185111151173,2736.199951171875,0.009593388114687906,1.0,1,1
2026-07-28,ASIANPAINT,2712.0,2749.800048828125,2706.300048828125,2736.199951171875,1282146,0.9388,1,0.0,0.9544,0.9388,0.5271,0.6201,0.7295,0.6953333333333332,0.53896,0.39939115914101087,0,0.009593388114687906,2758.39990234375,0.008113424299407423,1.0,1,0
2026-07-29,ASIANPAINT,2746.199951171875,2864.0,2718.5,2758.39990234375,3803474,0.57619,10,0.4364745823069197,0.87058,0.5762,0.9388,0.5271,0.6201,0.6807,0.67834,0.1636725175464723,1,0.008113424299407423,2746.199951171875,-0.004422836283277443,0.0,0,0
2026-07-30,ASIANPAINT,2758.10009765625,2767.89990234375,2666.199951171875,2746.199951171875,2387024,-0.16547499999999998,4,0.8905372250314227,0.8968499999999999,-0.1655,0.5762,0.9388,0.5271,0.4498333333333333,0.49934,0.40509207965597177,10,-0.004422836283277443,2747.300048828125,0.00040058905972251146,1.0,1,0
2026-07-31,ASIANPAINT,2773.89990234375,2774.89990234375,2732.39990234375,2747.300048828125,891738,-0.1407,0,0.0,0.0,-0.1407,-0.1655,0.5762,0.9388,0.09000000000000001,0.34718000000000004,0.4836587815805685,4,0.00040058905972251146,2810.0,0.022822389275834576,1.0,1,0
2026-08-03,ASIANPAINT,2770.89990234375,2810.0,2762.10009765625,2810.0,1040453,-0.1196,0,0.0,0.0,-0.1196,-0.1407,-0.1655,0.5762,-0.14193333333333333,0.21784000000000003,0.5093062565883124,0,0.022822389275834576,2775.0,-0.01245551601423489,0.0,0,1
2026-08-04,ASIANPAINT,2774.89990234375,2807.300048828125,2732.39990234375,2775.0,820097,-0.1016,0,0.0,0.0,-0.1016,-0.1196,-0.1407,-0.1655,-0.12063333333333331,0.009760000000000033,0.3175466942041751,0,-0.01245551601423489,2760.0,-0.00540540540540535,0.0,0,1
2026-08-05,ASIANPAINT,2787.0,2787.0,2748.699951171875,2760.0,688876,-0.0864,0,0.0,0.0,-0.0864,-0.1016,-0.1196,-0.1407,-0.10253333333333332,-0.12275999999999998,0.03133820352221483,0,-0.00540540540540535,2755.0,-0.0018115942028985588,0.0,0,1
2026-08-06,ASIANPAINT,2788.0,2788.0,2741.60009765625,2755.0,797083,-0.0734,0,0.0,0.0,-0.0734,-0.0864,-0.1016,-0.1196,-0.08713333333333334,-0.10433999999999999,0.026653104884792837,0,-0.0018115942028985588,2735.0,-0.007259528130671544,0.0,0,1
2026-08-07,ASIANPAINT,2755.0,2755.0,2695.0,2735.0,1067986,-0.0624,0,0.0,0.0,-0.0624,-0.0734,-0.0864,-0.1016,-0.07406666666666667,-0.08867999999999997,0.022651092688869924,0,-0.007259528130671544,2750.0,0.005484460694698434,1.0,1,1
2026-08-10,ASIANPAINT,2724.699951171875,2761.5,2713.5,2750.0,977656,-0.053,0,0.0,0.0,-0.053,-0.0624,-0.0734,-0.0864,-0.06293333333333334,-0.07535999999999997,0.0192496233729334,0,0.005484460694698434,2735.5,-0.005272727272727318,0.0,0,1
2026-08-11,ASIANPAINT,2742.10009765625,2747.60009765625,2720.0,2735.5,951134,0.0496,1,0.0,0.9268,0.0496,-0.053,-0.0624,-0.0734,-0.021933333333333332,-0.04511999999999998,0.054397536708933804,0,-0.005272727272727318,2740.0,0.001645037470297872,1.0,1,1
2026-08-12,ASIANPAINT,2733.199951171875,2748.39990234375,2698.199951171875,2740.0,648174,0.0422,0,0.0,0.0,0.0422,0.0496,-0.053,-0.0624,0.012933333333333333,-0.019399999999999973,0.06010307812416778,1,0.001645037470297872,2755.5,0.005656934306569328,1.0,1,1
2026-08-13,ASIANPAINT,2725.0,2755.5,2720.0,2755.5,579435,0.0358,0,0.0,0.0,0.0358,0.0422,0.0496,-0.053,0.04253333333333333,0.0024400000000000255,0.05521691769738534,0,0.005656934306569328,2696.300048828125,-0.021484286398793295,0.0,0,1
2026-08-14,ASIANPAINT,2751.0,2751.0,2690.300048828125,2696.300048828125,667311,0.0305,0,0.0,0.0,0.0305,0.0358,0.0422,0.0496,0.036166666666666666,0.021020000000000025,0.04199014170016383,0,-0.021484286398793295,2687.5,-0.0032637498307911406,0.0,0,1
2026-08-17,ASIANPAINT,2694.5,2714.60009765625,2687.5,2687.5,312900,0.0259,0,0.0,0.0,0.0259,0.0305,0.0358,0.0422,0.030733333333333335,0.03680000000000003,0.009387491677751094,0,-0.0032637498307911406,2628.39990234375,-0.021990734011627877,0.0,0,0
2026-08-18,ASIANPAINT,2663.10009765625,2670.10009765625,2610.10009765625,2628.39990234375,1017022,0.022,0,0.0,0.0,0.022,0.0259,0.0305,0.0358,0.02613333333333333,0.03128000000000002,0.007989806005144498,0,-0.021990734011627877,2630.800048828125,0.0009131587937720731,1.0,1,0
2026-08-19,ASIANPAINT,2625.0,2634.89990234375,2601.0,2630.800048828125,742443,0.0187,0,0.0,0.0,0.0187,0.022,0.0259,0.0305,0.022199999999999998,0.026580000000000027,0.006780634188616908,0,0.0009131587937720731,2625.199951171875,-0.002128667155356201,0.0,0,0
2026-08-20,ASIANPAINT,2635.10009765625,2641.800048828125,2607.0,2625.199951171875,476939,0.0159,0,0.0,0.0,0.0159,0.0187,0.022,0.0259,0.018866666666666667,0.022600000000000026,0.005782732917906404,0,-0.002128667155356201,2640.0,0.0056376844062937526,1.0,1,0
2026-08-21,ASIANPAINT,2620.199951171875,2644.0,2615.5,2640.0,330334,0.0135,0,0.0,0.0,0.0135,0.0159,0.0187,0.022,0.016033333333333333,0.019200000000000026,0.004908156476706553,0,0.0056376844062937526,2640.800048828125,0.0003030487985322683,1.0,1,0
2026-08-24,ASIANPAINT,2640.39990234375,2642.699951171875,2622.0,2640.800048828125,355289,0.0115,0,0.0,0.0,0.0115,0.0135,0.0159,0.0187,0.013633333333333332,0.016320000000000025,0.0041619706870465725,0,0.0003030487985322683,2639.800048828125,-0.00037867312235306816,0.0,0,0
2026-08-25,ASIANPAINT,2631.0,2640.0,2605.199951171875,2639.800048828125,479480,0.0098,0,0.0,0.0,0.0098,0.0115,0.0135,0.0159,0.0116,0.013880000000000026,0.0035273219302799116,0,-0.00037867312235306816,2626.5,-0.005038278877989022,0.0,0,0
2026-08-26,ASIANPAINT,2660.89990234375,2678.699951171875,2626.5,2626.5,339110,0.0083,0,0.0,0.0,0.0083,0.0098,0.0115,0.0135,0.009866666666666668,0.011800000000000024,0.0030016662039328208,0,-0.005038278877989022,2631.0,0.0017133066818959541,1.0,1,0
2026-08-27,ASIANPAINT,2637.89990234375,2655.89990234375,2627.89990234375,2631.0,525106,0.0071,0,0.0,0.0,0.0071,0.0083,0.0098,0.0115,0.0084,0.010040000000000025,0.0025412595301998403,0,0.0017133066818959541,2608.699951171875,-0.00847588324900228,0.0,0,0
2026-08-28,ASIANPAINT,2645.0,2645.0,2583.800048828125,2608.699951171875,482544,0.006,0,0.0,0.0,0.006,0.0071,0.0083,0.0098,0.007133333333333334,0.008540000000000025,0.002175545908463138,0,-0.00847588324900228,2653.60009765625,0.017211694455012028,1.0,1,1
2026-08-31,ASIANPAINT,2590.0,2653.60009765625,2561.10009765625,2653.60009765625,1381178,0.0051,0,0.0,0.0,0.0051,0.006,0.0071,0.0083,0.006066666666666667,0.007260000000000025,0.0018582249594249892,0,0.017211694455012028,2575.5,-0.029431751123777383,0.0,0,0
2026-09-01,ASIANPAINT,2645.300048828125,2645.300048828125,2545.199951171875,2575.5,1046523,0.0043,0,0.0,0.0,0.0043,0.0051,0.006,0.0071,0.0051333333333333335,0.006160000000000025,0.0015868207207587772,0,-0.029431751123777383,2527.5,-0.01863715783343045,0.0,0,0
2026-09-02,ASIANPAINT,2548.0,2548.0,2510.699951171875,2527.5,497889,-0.9363,1,0.0,0.945,-0.9363,0.0043,0.0051,0.006,-0.30896666666666667,-0.18275999999999998,0.4212429560241925,0,-0.01863715783343045,2541.60009765625,0.005578673652324451,1.0,1,0
2026-09-03,ASIANPAINT,2530.0,2544.0,2515.10009765625,2541.60009765625,589499,-0.7959,0,0.0,0.0,-0.7959,-0.9363,0.0043,0.0051,-0.5759666666666666,-0.34336,0.47976935917167496,1,0.005578673652324451,2527.300048828125,-0.005626396080686269,0.0,0,0
2026-09-04,ASIANPAINT,2540.0,2553.89990234375,2519.800048828125,2527.300048828125,399368,-0.6765,0,0.0,0.0,-0.6765,-0.7959,-0.9363,0.0043,-0.8029000000000001,-0.47986000000000006,0.45179728640176625,0,-0.005626396080686269,2500.89990234375,-0.0104459881985981,0.0,0,0
2026-09-07,ASIANPAINT,2511.10009765625,2523.5,2489.699951171875,2500.89990234375,240336,-0.575,0,0.0,0.0,-0.575,-0.6765,-0.7959,-0.9363,-0.6824666666666666,-0.59588,0.3616093776438873,0,-0.0104459881985981,2481.60009765625,-0.007717144004609322,0.0,0,0
2026-09-08,ASIANPAINT,2499.0,2499.0,2474.10009765625,2481.60009765625,373248,-0.4888,0,0.0,0.0,-0.4888,-0.575,-0.6765,-0.7959,-0.5801,-0.6944999999999999,0.17724696048169478,0,-0.007717144004609322,2489.0,0.002981907661407268,1.0,1,0
2026-09-09,ASIANPAINT,2459.10009765625,2489.0,2457.39990234375,2489.0,432840,-0.4154,0,0.0,0.0,-0.4154,-0.4888,-0.575,-0.6765,-0.4930666666666667,-0.59032,0.15068854302832546,0,0.002981907661407268,2498.10009765625,0.0036561260169747367,1.0,1,0
2026-09-10,ASIANPAINT,2485.10009765625,2498.10009765625,2468.60009765625,2498.10009765625,549332,-0.3531,0,0.0,0.0,-0.3531,-0.4154,-0.4888,-0.575,-0.41910000000000003,-0.5017599999999999,0.1280858813452892,0,0.0036561260169747367,2472.5,-0.010247827010722355,0.0,0,1
2026-09-11,ASIANPAINT,2453.199951171875,2472.5,2442.800048828125,2472.5,653006,-0.3002,0,0.0,0.0,-0.3002,-0.3531,-0.4154,-0.4888,-0.35623333333333335,-0.4265,0.10885311203635623,0,-0.010247827010722355,2472.5,0.0,0.0,0,0
2026-09-14,ASIANPAINT,2472.5,2472.5,2472.5,2472.5,0,-0.2551,0,0.0,0.0,-0.2551,-0.3002,-0.3531,-0.4154,-0.3028,-0.36252,0.09253986708440606,0,0.0,2402.800048828125,-0.028190071252527815,0.0,0,0
2026-09-15,ASIANPAINT,2472.5,2473.0,2402.800048828125,2402.800048828125,539643,-0.2169,0,0.0,0.0,-0.2169,-0.2551,-0.3002,-0.3531,-0.2574,-0.30813999999999997,0.07862431557730441,0,-0.028190071252527815,2416.60009765625,0.005743319688567228,1.0,1,1
2026-09-16,ASIANPAINT,2405.10009765625,2444.5,2397.39990234375,2416.60009765625,591671,-0.1843,0,0.0,0.0,-0.1843,-0.2169,-0.2551,-0.3002,-0.21876666666666666,-0.26192,0.06685306275706121,0,0.005743319688567228,2454.0,0.015476247965073853,1.0,1,1
2026-09-17,ASIANPAINT,2424.0,2454.0,2421.0,2454.0,486007,-0.1567,0,0.0,0.0,-0.1567,-0.1843,-0.2169,-0.2551,-0.1859666666666667,-0.22264,0.05683351124116451,0,0.015476247965073853,2451.300048828125,-0.001100224601416011,0.0,0,1
2026-09-18,ASIANPAINT,2455.699951171875,2474.0,2438.0,2451.300048828125,1000730,-0.9508,1,0.0,0.958,-0.9508,-0.1567,-0.1843,-0.2169,-0.4305999999999999,-0.35275999999999996,0.3363277984348001,0,-0.001100224601416011,2440.300048828125,-0.004487414751718655,0.0,0,0
2026-09-21,ASIANPAINT,2450.0,2463.800048828125,2440.300048828125,2440.300048828125,268147,0.0,1,0.0,0.9294,0.0,-0.9508,-0.1567,-0.1843,-0.36916666666666664,-0.30173999999999995,0.372274257772411,1,-0.004487414751718655,2448.5,0.003360222516822331,1.0,1,1
2026-09-22,ASIANPAINT,2475.10009765625,2475.10009765625,2435.60009765625,2448.5,414715,0.0,0,0.0,0.0,0.0,0.0,-0.9508,-0.1567,-0.31693333333333334,-0.25836,0.39648221019359686,1,0.003360222516822331,2455.0,0.002654686542781226,1.0,1,0
2026-09-23,ASIANPAINT,2469.0,2471.89990234375,2448.199951171875,2455.0,398823,0.0,0,0.0,0.0,0.0,0.0,0.0,-0.9508,0.0,-0.22149999999999997,0.4132990079833238,0,0.002654686542781226,2392.699951171875,-0.02537680196664971,0.0,0,0
2026-09-24,ASIANPAINT,2430.0,2437.800048828125,2391.0,2392.699951171875,259577,-0.9251,1,0.0,0.9335,-0.9251,0.0,0.0,0.0,-0.3083666666666666,-0.37517999999999996,0.5138167202417604,0,-0.02537680196664971,2444.0,0.02144023482885915,1.0,1,0
2026-09-25,ASIANPAINT,2401.89990234375,2451.0,2397.0,2444.0,426982,0.2886,3,0.5057534082930139,0.9227,0.2886,-0.9251,0.0,0.0,-0.21216666666666661,-0.12729999999999997,0.46316128940143464,1,0.02144023482885915,2420.0,-0.009819967266775809,0.0,0,1
2026-04-02,AXISBANK,1173.694834782652,1201.3735624884298,1149.4136334255566,1196.9769287109375,9501543,0.0,0,0.0,0.0,0.0,0.0,0.0,0.0,0.0,0.0,0.0,0,0.0,1244.34033203125,0.039569186493276565,1.0,1,0
2026-04-06,AXISBANK,1201.1735518383607,1248.8368640111612,1195.4779934543012,1244.34033203125,7847086,0.0,0,0.0,0.0,0.0,0.0,0.0,0.0,0.0,0.0,0.0,0,0.039569186493276565,1249.1365966796875,0.003854463706571387,1.0,1,0
2026-04-07,AXISBANK,1236.846148755743,1254.5324596108962,1220.0590467422576,1249.1365966796875,9248545,0.0858,1,0.0,0.8934,0.0858,0.0,0.0,0.0,0.0286,0.0286,0.04953665309646989,0,0.003854463706571387,1331.9727783203125,0.0663147504130539,1.0,1,0
2026-04-08,AXISBANK,1299.0981069582683,1334.5707503418926,1299.0981069582683,1331.9727783203125,13519723,0.0729,0,0.0,0.0,0.0729,0.0858,0.0,0.0,0.0529,0.039675,0.046114450012984004,1,0.0663147504130539,1317.48388671875,-0.01087776855307343,0.0,0,0
2026-04-09,AXISBANK,1321.281007006804,1337.5683720869056,1311.788328262907,1317.48388671875,6542529,0.062,0,0.0,0.0,0.062,0.0729,0.0858,0.0,0.07356666666666667,0.04414,0.041165373798861586,0,-0.01087776855307343,1349.759033203125,0.02449756449375462,1.0,1,1
2026-04-10,AXISBANK,1327.775987854385,1357.552948822845,1325.077995466752,1349.759033203125,6755589,0.0527,0,0.0,0.0,0.0527,0.062,0.0729,0.0858,0.06253333333333334,0.05467999999999999,0.03296903092297376,0,0.02449756449375462,1352.556884765625,0.0020728526304880646,1.0,1,0
2026-04-13,AXISBANK,1316.9843426965365,1365.846684510496,1314.286472120357,1352.556884765625,8974851,0.0448,0,0.0,0.0,0.0448,0.0527,0.062,0.0729,0.05316666666666667,0.06364,0.01623369951674603,0,0.0020728526304880646,1354.4554443359375,0.0014036818648417437,1.0,1,0
2026-04-15,AXISBANK,1365.946582373461,1383.4330967783883,1347.9604532712501,1354.4554443359375,6789879,0.0381,0,0.0,0.0,0.0381,0.0448,0.0527,0.062,0.0452,0.0541,0.013786769019607178,0,0.0014036818648417437,1348.5599365234375,-0.004352677555510498,0.0,0,1
2026-04-16,AXISBANK,1360.950405135781,1363.448478566647,1341.9650470611996,1348.5599365234375,5232398,0.0324,0,0.0,0.0,0.0324,0.0381,0.0448,0.0527,0.03843333333333333,0.046,0.0117228409526019,0,-0.004352677555510498,1358.0526123046875,0.007039120415902378,1.0,1,1
2026-04-17,AXISBANK,1351.957337543237,1363.248678214176,1343.0641717554277,1358.0526123046875,4062181,0.0275,0,0.0,0.0,0.0275,0.0324,0.0381,0.0448,0.03266666666666667,0.0391,0.009973715456137705,0,0.007039120415902378,1353.656005859375,-0.00323743454817349,0.0,0,0
2026-04-20,AXISBANK,1358.4523557219322,1372.941181877113,1346.9612177367892,1353.656005859375,4878641,0.0234,0,0.0,0.0,0.0234,0.0275,0.0324,0.0381,0.027766666666666665,0.033240000000000006,0.008481332442488039,0,-0.00323743454817349,1376.6383056640625,0.016977946912071662,1.0,1,0
2026-04-21,AXISBANK,1359.9512233524406,1379.236399704072,1353.656029295873,1376.6383056640625,5145338,0.0199,0,0.0,0.0,0.0199,0.0234,0.0275,0.0324,0.0236,0.028259999999999997,0.007212003882417155,0,0.016977946912071662,1378.536865234375,0.0013791273731822429,1.0,1,1
2026-04-22,AXISBANK,1368.944287324286,1389.928104867213,1364.947369697062,1378.536865234375,3997911,0.0169,0,0.0,0.0,0.0169,0.0199,0.0234,0.0275,0.020066666666666667,0.02402,0.006131639258795327,0,0.0013791273731822429,1368.5445556640625,-0.00724848919336929,0.0,0,0
2026-04-23,AXISBANK,1367.945042422019,1383.1332804429271,1364.347840993514,1368.5445556640625,5671255,0.0144,0,0.0,0.0,0.0144,0.0169,0.0199,0.0234,0.017066666666666664,0.02042,0.005193938775149368,0,-0.00724848919336929,1364.847412109375,-0.0027015149337930033,0.0,0,0
2026-04-24,AXISBANK,1367.9449987412254,1373.9403749227063,1348.9596408332025,1364.847412109375,3648313,-0.4958,1,0.0,0.5246,-0.4958,0.0144,0.0169,0.0199,-0.15483333333333335,-0.08424000000000001,0.23009361790366983,0,-0.0027015149337930033,1323.179443359375,-0.030529397191442875,0.0,0,0
2026-04-27,AXISBANK,1323.9788756219436,1326.2771518946506,1298.8982435808812,1323.179443359375,10768267,-0.4725,2,0.678963931295323,0.955,-0.4725,-0.4958,0.0144,0.0169,-0.3179666666666667,-0.18342,0.2746581457011607,1,-0.030529397191442875,1288.0067138671875,-0.02658197999425438,0.0,0,0
2026-04-28,AXISBANK,1310.9889903752908,1320.3817712564608,1284.5094109203021,1288.0067138671875,9939787,-0.4016,0,0.0,0.0,-0.4016,-0.4725,-0.4958,0.0144,-0.4566333333333333,-0.26772,0.26099781033564246,2,-0.02658197999425438,1295.4010009765625,0.005740876215756696,1.0,1,1
2026-04-29,AXISBANK,1294.0020554402972,1308.1910639372534,1278.014385257251,1295.4010009765625,6228275,-0.3414,0,0.0,0.0,-0.3414,-0.4016,-0.4725,-0.4958,-0.4051666666666667,-0.33937999999999996,0.20689601736137891,0,0.005740876215756696,1267.3226318359375,-0.02167542646598053,0.0,0,1
2026-04-30,AXISBANK,1287.0074012162179,1287.0074012162179,1256.3311089994636,1267.3226318359375,16481853,-0.2902,0,0.0,0.0,-0.2902,-0.3414,-0.4016,-0.4725,-0.34440000000000004,-0.4003,0.08649566463124038,0,-0.02167542646598053,1267.3226318359375,0.0,0.0,0,1
2026-05-01,AXISBANK,1267.3226318359375,1267.3226318359375,1267.3226318359375,1267.3226318359375,0,-0.2466,0,0.0,0.0,-0.2466,-0.2902,-0.3414,-0.4016,-0.29273333333333335,-0.35046000000000005,0.08945573206899606,0,0.0,1274.1173095703125,0.005361442748427647,1.0,1,1
2026-05-04,AXISBANK,1267.3226232305547,1293.4024846611255,1263.525502940515,1274.1173095703125,9759479,-0.2097,0,0.0,0.0,-0.2097,-0.2466,-0.2902,-0.3414,-0.24883333333333332,-0.2979,0.07601999736911341,0,0.005361442748427647,1258.729248046875,-0.012077429140827767,0.0,0,1
2026-05-05,AXISBANK,1267.0229010000714,1272.7184598875697,1251.0352303249917,1258.729248046875,10163714,-0.1782,0,0.0,0.0,-0.1782,-0.2097,-0.2466,-0.2902,-0.21150000000000002,-0.25322,0.06463174142787743,0,-0.012077429140827767,1293.20263671875,0.027387453437954346,1.0,1,1
2026-05-06,AXISBANK,1274.0174810881558,1299.9974454083847,1254.2326902384063,1293.20263671875,7277673,-0.1515,0,0.0,0.0,-0.1515,-0.1782,-0.2097,-0.2466,-0.1798,-0.21524000000000001,0.0549269787991294,0,0.027387453437954346,1291.7037353515625,-0.0011590614839687152,0.0,0,1
2026-05-07,AXISBANK,1297.9989290636138,1307.0918917772797,1280.212597796342,1291.7037353515625,6785048,-0.1288,0,0.0,0.0,-0.1288,-0.1515,-0.1782,-0.2097,-0.15283333333333332,-0.18296,0.046665758324493246,0,-0.0011590614839687152,1267.3226318359375,-0.01887515135890605,0.0,0,1
2026-05-08,AXISBANK,1279.0135664260551,1281.0120251235958,1263.625410059744,1267.3226318359375,6358595,-0.1094,0,0.0,0.0,-0.1094,-0.1288,-0.1515,-0.1782,-0.1299,-0.15552000000000002,0.0397083996151949,0,-0.01887515135890605,1271.319580078125,0.0031538521776395267,1.0,1,1
2026-05-11,AXISBANK,1257.7299630241207,1282.011285578894,1250.735357413012,1271.319580078125,7341360,-0.093,0,0.0,0.0,-0.093,-0.1094,-0.1288,-0.1515,-0.1104,-0.13218000000000002,0.033751029613924524,0,0.0031538521776395267,1259.12890625,-0.009588992428934295,0.0,0,1
2026-05-12,AXISBANK,1269.421017563825,1273.0182189048855,1255.9314210526663,1259.12890625,5727828,-0.0791,0,0.0,0.0,-0.0791,-0.093,-0.1094,-0.1288,-0.09383333333333332,-0.11235999999999999,0.028688028862227707,0,-0.009588992428934295,1254.7322998046875,-0.0034917842196210414,0.0,0,1
2026-05-13,AXISBANK,1255.1320159570741,1274.3172934854406,1246.538667573858,1254.7322998046875,6045406,-0.0672,0,0.0,0.0,-0.0672,-0.0791,-0.093,-0.1094,-0.07976666666666667,-0.0955,0.02438339598989463,0,-0.0034917842196210414,1253.6331787109375,-0.0008759805529203746,0.0,0,1
2026-05-14,AXISBANK,1255.631637507536,1268.022106441695,1234.8477392086593,1253.6331787109375,5822618,-0.0571,0,0.0,0.0,-0.0571,-0.0672,-0.0791,-0.093,-0.0678,-0.08116,0.020710456296277234,0,-0.0008759805529203746,1243.8408203125,-0.007811183179202819,0.0,0,1
2026-05-15,AXISBANK,1258.6293424179842,1262.4264629724478,1241.0429291696062,1243.8408203125,4805485,-0.0486,0,0.0,0.0,-0.0486,-0.0571,-0.0672,-0.0791,-0.057633333333333335,-0.06899999999999999,0.01759985795397251,0,-0.007811183179202819,1236.946044921875,-0.005543133235402897,0.0,0,1
2026-05-18,AXISBANK,1238.0451728188796,1241.0428608886589,1221.1581722972078,1236.946044921875,6052023,-0.0413,0,0.0,0.0,-0.0413,-0.0486,-0.0571,-0.0672,-0.048999999999999995,-0.058660000000000004,0.014964391066796185,0,-0.005543133235402897,1237.3458251953125,0.0003231994435639596,1.0,1,1
2026-05-19,AXISBANK,1237.5456222864914,1248.8369633917555,1230.351219336608,1237.3458251953125,9200314,-0.0351,0,0.0,0.0,-0.0351,-0.0413,-0.0486,-0.0571,-0.041666666666666664,-0.04986,0.012706415702313909,0,0.0003231994435639596,1248.8369140625,0.00928688539064959,1.0,1,1
2026-05-20,AXISBANK,1233.0490412431207,1253.1335271630967,1225.6547195178894,1248.8369140625,3562641,-0.0298,0,0.0,0.0,-0.0298,-0.0351,-0.0413,-0.0486,-0.035399999999999994,-0.042379999999999994,0.01081420362301402,0,0.00928688539064959,1252.334228515625,0.0028004573005038225,1.0,1,1
2026-05-21,AXISBANK,1255.9314298819743,1261.726887089914,1243.8407788007414,1252.334228515625,5171528,-0.0253,0,0.0,0.0,-0.0253,-0.0298,-0.0351,-0.0413,-0.03006666666666666,-0.03602,0.009227513207793827,0,0.0028004573005038225,1284.409423828125,0.02561232822847792,1.0,1,1
2026-05-22,AXISBANK,1253.1334965544734,1287.8068279947058,1253.1334965544734,1284.409423828125,5016900,-0.0215,0,0.0,0.0,-0.0215,-0.0253,-0.0298,-0.0351,-0.025533333333333335,-0.0306,0.007846655338423467,0,0.02561232822847792,1310.189453125,0.020071504318333933,1.0,1,1
2026-05-25,AXISBANK,1299.39784951034,1313.4869587156177,1292.9028588434312,1310.189453125,5671455,-0.0183,0,0.0,0.0,-0.0183,-0.0215,-0.0253,-0.0298,-0.021699999999999997,-0.026000000000000002,0.006657326790838002,0,0.020071504318333933,1298.298828125,-0.009075500471812714,0.0,0,0
2026-05-26,AXISBANK,1308.7907369859347,1315.985139985791,1290.50478989495,1298.298828125,6455265,-0.0156,0,0.0,0.0,-0.0156,-0.0183,-0.0215,-0.0253,-0.018466666666666662,-0.0221,0.005625388875447574,0,-0.009075500471812714,1303.094970703125,0.0036941746185288338,1.0,1,0
2026-05-27,AXISBANK,1295.3010549602839,1313.4869803364859,1292.103447855121,1303.094970703125,7243174,-0.0132,0,0.0,0.0,-0.0132,-0.0156,-0.0183,-0.0215,-0.015700000000000002,-0.018779999999999998,0.004779853554242979,0,0.0036941746185288338,1303.094970703125,0.0,0.0,0,0
2026-05-28,AXISBANK,1303.094970703125,1303.094970703125,1303.094970703125,1303.094970703125,0,-0.0112,0,0.0,0.0,-0.0112,-0.0132,-0.0156,-0.0183,-0.013333333333333334,-0.01596,0.004079583312056415,0,0.0,1285.6085205078125,-0.013419167895243445,0.0,0,0
2026-05-29,AXISBANK,1295.1011997994176,1311.5884848848368,1276.4156588264402,1285.6085205078125,15215715,-0.0096,0,0.0,0.0,-0.0096,-0.0112,-0.0132,-0.0156,-0.011333333333333334,-0.013579999999999998,0.003464390278246541,0,-0.013419167895243445,1274.916748046875,-0.008316507156248654,0.0,0,0
2026-06-01,AXISBANK,1288.0066280954209,1292.2033425617142,1266.0235824646225,1274.916748046875,4311076,-0.9563,1,0.0,0.964,-0.9563,-0.0096,-0.0112,-0.0132,-0.32570000000000005,-0.20118,0.4221308825471077,0,-0.008316507156248654,1250.1358642578125,-0.019437256453824103,0.0,0,0
2026-06-02,AXISBANK,1262.0267183828762,1274.8169033533427,1243.9406908361375,1250.1358642578125,11884695,-0.8129,0,0.0,0.0,-0.8129,-0.9563,-0.0096,-0.0112,-0.5929333333333333,-0.36063999999999996,0.4809890570480788,1,-0.019437256453824103,1254.232666015625,0.003277085215249498,1.0,1,1
2026-06-03,AXISBANK,1244.1404736967706,1263.8253656219047,1229.3519520935338,1254.232666015625,7953326,-0.6909,0,0.0,0.0,-0.6909,-0.8129,-0.9563,-0.0096,-0.8200333333333333,-0.49618,0.4532944815459372,0,0.003277085215249498,1252.334228515625,-0.0015136246658531416,0.0,0,0
2026-06-04,AXISBANK,1245.0398052641103,1258.929118016639,1243.1412450502407,1252.334228515625,6392593,-0.5873,0,0.0,0.0,-0.5873,-0.6909,-0.8129,-0.9563,-0.6970333333333333,-0.6113999999999999,0.3635321718912922,0,-0.0015136246658531416,1271.319580078125,0.015159971779261427,1.0,1,1
2026-06-05,AXISBANK,1259.0290099995375,1275.0166799677856,1251.1350735574667,1271.319580078125,7825303,-0.4992,0,0.0,0.0,-0.4992,-0.5873,-0.6909,-0.8129,-0.5924666666666666,-0.70932,0.18104317717053045,0,0.015159971779261427,1267.1226806640625,-0.003301215115246281,0.0,0,0
2026-06-08,AXISBANK,1261.0274061863013,1278.2141017590434,1261.0274061863013,1267.1226806640625,5034388,-0.4243,0,0.0,0.0,-0.4243,-0.4992,-0.5873,-0.6909,-0.5036,-0.6029199999999999,0.15389851201359958,0,-0.003301215115246281,1291.404052734375,0.019162605516292563,1.0,1,0
2026-06-09,AXISBANK,1274.916768250008,1297.3994289105083,1270.520134658929,1291.404052734375,7533504,-0.3607,0,0.0,0.0,-0.3607,-0.4243,-0.4992,-0.5873,-0.42806666666666665,-0.5124799999999999,0.1307870100583389,0,0.019162605516292563,1313.487060546875,0.017099998846791697,1.0,1,1
2026-06-10,AXISBANK,1282.5109488108894,1325.477813476934,1282.5109488108894,1313.487060546875,12262606,-0.3066,0,0.0,0.0,-0.3066,-0.3607,-0.4243,-0.4992,-0.3638666666666667,-0.43562,0.1111716555602193,0,0.017099998846791697,1316.284912109375,0.002130094499244617,1.0,1,1
2026-06-11,AXISBANK,1307.7914623726329,1338.4677555724868,1306.2926183014429,1316.284912109375,8196686,-0.2606,0,0.0,0.0,-0.2606,-0.3066,-0.3607,-0.4243,-0.30929999999999996,-0.37028000000000005,0.09449225894220131,0,0.002130094499244617,1355.2548828125,0.029606030081036794,1.0,1,0
2026-06-12,AXISBANK,1330.9735596234657,1357.4531387000588,1317.4839627353902,1355.2548828125,8535670,-0.2215,0,0.0,0.0,-0.2215,-0.2606,-0.3066,-0.3607,-0.26289999999999997,-0.31474,0.08032249373618837,0,0.029606030081036794,1367.24560546875,0.008847577535648687,1.0,1,1
2026-06-15,AXISBANK,1370.9427053735023,1376.9380816360685,1359.5514660793779,1367.24560546875,7522828,-0.1883,0,0.0,0.0,-0.1883,-0.2215,-0.2606,-0.3066,-0.22346666666666667,-0.26754,0.06828486655182109,0,0.008847577535648687,1364.6474609375,-0.0019002763811108991,0.0,0,1
2026-06-16,AXISBANK,1362.4492051798502,1370.4430399003772,1348.1601768264127,1364.6474609375,7709061,-0.16,0,0.0,0.0,-0.16,-0.1883,-0.2215,-0.2606,-0.18993333333333332,-0.2274,0.05805441413019346,0,-0.0019002763811108991,1349.8590087890625,-0.010836829710054174,0.0,0,1
2026-06-17,AXISBANK,1363.048787960663,1364.647530591123,1348.2602661586025,1349.8590087890625,4761917,-0.136,0,0.0,0.0,-0.136,-0.16,-0.1883,-0.2215,-0.16143333333333332,-0.19328,0.04935004559268412,0,-0.010836829710054174,1359.0518798828125,0.006810245391477343,1.0,1,1
2026-06-18,AXISBANK,1346.561512407277,1364.8474591819588,1343.9635403676145,1359.0518798828125,5186573,-0.1156,0,0.0,0.0,-0.1156,-0.136,-0.16,-0.1883,-0.13720000000000002,-0.16427999999999998,0.041949100109537486,0,0.006810245391477343,1356.8536376953125,-0.0016174821727111821,0.0,0,1
2026-06-19,AXISBANK,1355.7545097416184,1361.9496832815275,1349.4593156798994,1356.8536376953125,4640277,-0.2772,1,0.0,0.6767,-0.2772,-0.1156,-0.136,-0.16,-0.17626666666666668,-0.17542,0.06303809959064438,0,-0.0016174821727111821,1357.552978515625,0.0005154136016471966,1.0,1,1
2026-06-22,AXISBANK,1359.9511533650066,1365.0471986847929,1354.1555743103543,1357.552978515625,3153284,-0.2356,0,0.0,0.0,-0.2356,-0.2772,-0.1156,-0.136,-0.2094666666666667,-0.18488,0.06874497799839636,1,0.0005154136016471966,1362.44921875,0.00360666604682236,1.0,1,1
2026-06-23,AXISBANK,1357.5529705396623,1370.8427696854017,1355.0548971646165,1362.44921875,5745853,-0.2003,0,0.0,0.0,-0.2003,-0.2356,-0.2772,-0.1156,-0.23770000000000002,-0.19294,0.06744892882766931,0,0.00360666604682236,1383.43310546875,0.015401591802446823,1.0,1,1
2026-06-24,AXISBANK,1354.9550675446912,1385.0318481148515,1354.9550675446912,1383.43310546875,8343829,0.1016,1,0.0,0.8785,0.1016,-0.2003,-0.2356,-0.2772,-0.11143333333333334,-0.14542,0.1503482025166912,0,0.015401591802446823,1376.138671875,-0.005272704234787318,0.0,0,1
2026-06-25,AXISBANK,1385.831270177255,1399.021049380356,1371.6421396044548,1376.138671875,7995552,0.0864,0,0.0,0.0,0.0864,0.1016,-0.2003,-0.2356,-0.004100000000000002,-0.10502000000000003,0.18378575026372418,1,-0.005272704234787318,1376.138671875,0.0,0.0,0,0
2026-06-26,AXISBANK,1376.138671875,1376.138671875,1376.138671875,1376.138671875,0,0.0734,0,0.0,0.0,0.0734,0.0864,0.1016,-0.2003,0.08713333333333334,-0.0349,0.1678633968439814,0,0.0,1355.7545166015625,-0.01481257353640375,0.0,0,0
2026-06-29,AXISBANK,1391.5268564078813,1391.5268564078813,1351.1579637199086,1355.7545166015625,12602010,0.0624,0,0.0,0.0,0.0624,0.0734,0.0864,0.1016,0.07406666666666667,0.0247,0.12662788002647749,0,-0.01481257353640375,1344.6629638671875,-0.00818109222470298,0.0,0,1
2026-06-30,AXISBANK,1356.6537167481358,1373.9404342753348,1342.5646065082708,1344.6629638671875,7781221,0.053,0,0.0,0.0,0.053,0.0624,0.0734,0.0864,0.06293333333333333,0.07536,0.019249623372938226,0,-0.00818109222470298,1367.6451416015625,0.017091403832733887,1.0,1,0
2026-07-01,AXISBANK,1344.6628669036613,1376.6382056137847,1344.6628669036613,1367.6451416015625,3187785,0.0451,0,0.0,0.0,0.0451,0.053,0.0624,0.0734,0.0535,0.06406,0.016362090331005122,0,0.017091403832733887,1361.5499267578125,-0.004456722477449326,0.0,0,0
2026-07-02,AXISBANK,1372.941166068036,1374.440010135796,1357.053394554533,1361.5499267578125,4013561,0.0383,0,0.0,0.0,0.0383,0.0451,0.053,0.0624,0.04546666666666666,0.05444,0.013898309249688347,0,-0.004456722477449326,1341.065673828125,-0.015044804841248482,0.0,0,1
2026-07-03,AXISBANK,1371.941884852612,1371.941884852612,1337.3685740578373,1341.065673828125,3500465,0.0326,0,0.0,0.0,0.0326,0.0383,0.0451,0.053,0.03866666666666667,0.04628,0.01180283864161388,0,-0.015044804841248482,1338.567626953125,-0.0018627326936713207,0.0,0,1
2026-07-06,AXISBANK,1354.6551952621983,1369.9434532686023,1334.470810970254,1338.567626953125,5154081,0.0277,0,0.0,0.0,0.0277,0.0326,0.0383,0.0451,0.03286666666666666,0.03934,0.010022125523060206,0,-0.0018627326936713207,1339.966552734375,0.0010450915987221254,1.0,1,0
2026-07-07,AXISBANK,1345.762131730582,1355.8543237280394,1335.1702030839804,1339.966552734375,6198988,0.0235,0,0.0,0.0,0.0235,0.0277,0.0326,0.0383,0.027933333333333334,0.033440000000000004,0.008544471897079166,0,0.0010450915987221254,1308.4908447265625,-0.023489920657782326,0.0,0,0
2026-07-08,AXISBANK,1342.9642575887744,1342.9642575887744,1302.9950832557752,1308.4908447265625,6917968,0.02,0,0.0,0.0,0.02,0.0235,0.0277,0.0326,0.023733333333333332,0.02842,0.0072578922560187055,0,-0.023489920657782326,1296.5999755859375,-0.009087468352222072,0.0,0,1
2026-07-09,AXISBANK,1311.8882333774443,1320.5814799012492,1291.2041127197447,1296.5999755859375,5609851,0.017,0,0.0,0.0,0.017,0.02,0.0235,0.0277,0.020166666666666666,0.02416,0.006180048543496794,0,-0.009087468352222072,1323.699951171875,0.02090079908700515,1.0,1,0
2026-07-10,AXISBANK,1304.0,1326.5999755859375,1303.9000244140625,1323.699951171875,3549139,0.0145,0,0.0,0.0,0.0145,0.017,0.02,0.0235,0.017166666666666667,0.02054,0.0052280971681843615,0,0.02090079908700515,1319.4000244140625,-0.0032484149855908084,0.0,0,0
2026-07-13,AXISBANK,1315.9000244140625,1329.9000244140625,1313.5,1319.4000244140625,3674483,0.0123,0,0.0,0.0,0.0123,0.0145,0.017,0.02,0.014600000000000002,0.01746,0.0044309141269017775,0,-0.0032484149855908084,1317.5999755859375,-0.0013642934627990932,0.0,0,0
2026-07-14,AXISBANK,1320.0999755859375,1323.699951171875,1298.5999755859375,1317.5999755859375,6005505,0.0104,0,0.0,0.0,0.0104,0.0123,0.0145,0.017,0.0124,0.01484,0.0037938107490988636,0,-0.0013642934627990932,1312.300048828125,-0.004022409574996888,0.0,0,1
2026-07-15,AXISBANK,1328.0,1348.0,1303.300048828125,1312.300048828125,9442403,0.0089,0,0.0,0.0,0.0089,0.0104,0.0123,0.0145,0.010533333333333334,0.012620000000000001,0.003224437935513469,0,-0.004022409574996888,1307.5999755859375,-0.0035815538118623147,0.0,0,0
2026-07-16,AXISBANK,1315.0999755859375,1315.5,1299.4000244140625,1307.5999755859375,5001226,0.8921,1,0.0,0.9134,0.8921,0.0089,0.0104,0.0123,0.3038,0.18764,0.3938107007179972,0,-0.0035815538118623147,1328.5,0.015983500156228736,1.0,1,0
2026-07-17,AXISBANK,1307.0,1333.0,1305.0,1328.5,11192836,0.9161,1,0.0,0.9422,0.9161,0.8921,0.0089,0.0104,0.6057,0.36796,0.48950165270405366,1,0.015983500156228736,1256.0,-0.05457282649604822,0.0,0,0
2026-07-20,AXISBANK,1275.0,1284.0,1249.0999755859375,1256.0,25314148,-0.6436625,8,0.38613406974965125,0.8263125,-0.6437,0.9161,0.8921,0.0089,0.3881666666666666,0.23676000000000003,0.6650831136031045,1,-0.05457282649604822,1258.199951171875,0.0017515534807921451,1.0,1,1
2026-07-21,AXISBANK,1245.0,1267.699951171875,1244.5,1258.199951171875,15014867,-0.5471,0,0.0,0.0,-0.5471,-0.6437,0.9161,0.8921,-0.09156666666666669,0.12526,0.7533887761308898,8,0.0017515534807921451,1238.4000244140625,-0.015736709208557076,0.0,0,1
2026-07-22,AXISBANK,1258.199951171875,1258.199951171875,1230.5,1238.4000244140625,8358923,-0.465,0,0.0,0.0,-0.465,-0.5471,-0.6437,0.9161,-0.5519333333333334,0.030479999999999986,0.8000514933427724,0,-0.015736709208557076,1223.0,-0.012435419985839302,0.0,0,1
2026-07-23,AXISBANK,1230.0999755859375,1239.4000244140625,1219.199951171875,1223.0,8240787,-0.3953,0,0.0,0.0,-0.3953,-0.465,-0.5471,-0.6437,-0.4691333333333334,-0.227,0.6457068607348075,0,-0.012435419985839302,1227.300048828125,0.003515984323896104,1.0,1,1
2026-07-24,AXISBANK,1216.800048828125,1233.9000244140625,1210.5999755859375,1227.300048828125,8088828,-0.336,0,0.0,0.0,-0.336,-0.3953,-0.465,-0.5471,-0.39876666666666666,-0.47741999999999996,0.12186253320852981,0,0.003515984323896104,1227.5,0.00016291955016689563,1.0,1,1
2026-07-27,AXISBANK,1237.0,1237.0,1221.5999755859375,1227.5,5967502,-0.2856,0,0.0,0.0,-0.2856,-0.336,-0.3953,-0.465,-0.33896666666666664,-0.4058,0.10356237251048292,0,0.00016291955016689563,1223.5,-0.0032586558044807035,0.0,0,0
2026-07-28,AXISBANK,1222.5,1233.9000244140625,1219.699951171875,1223.5,6093182,-0.2428,0,0.0,0.0,-0.2428,-0.2856,-0.336,-0.3953,-0.2881333333333333,-0.34494,0.08801174921565887,0,-0.0032586558044807035,1235.4000244140625,0.009726215295514873,1.0,1,1
2026-07-29,AXISBANK,1229.5,1237.0999755859375,1214.4000244140625,1235.4000244140625,10110233,-0.2063,0,0.0,0.0,-0.2063,-0.2428,-0.2856,-0.336,-0.2449,-0.2932,0.07484280192510184,0,0.009726215295514873,1228.9000244140625,-0.005261453676174921,0.0,0,1
2026-07-30,AXISBANK,1229.0,1232.199951171875,1220.199951171875,1228.9000244140625,6878684,-0.1754,0,0.0,0.0,-0.1754,-0.2063,-0.2428,-0.2856,-0.2081666666666667,-0.24922,0.06361408649033662,0,-0.005261453676174921,1229.5,0.0004882216405062145,1.0,1,1
2026-07-31,AXISBANK,1226.199951171875,1239.699951171875,1226.0,1229.5,7487936,-0.1491,0,0.0,0.0,-0.1491,-0.1754,-0.2063,-0.2428,-0.1769333333333333,-0.21184000000000003,0.054069242643114815,0,0.0004882216405062145,1272.0,0.03456689711264738,1.0,1,1
2026-08-03,AXISBANK,1236.9000244140625,1272.0,1230.5,1272.0,6713421,-0.1267,0,0.0,0.0,-0.1267,-0.1491,-0.1754,-0.2063,-0.1504,-0.18006,0.04596839131403254,0,0.03456689711264738,1261.800048828125,-0.00801882953763755,0.0,0,1
2026-08-04,AXISBANK,1264.0,1264.0,1244.0,1261.800048828125,5694891,-0.8329,1,0.0,0.8454,-0.8329,-0.1267,-0.1491,-0.1754,-0.36956666666666665,-0.29808,0.3004465543154057,0,-0.00801882953763755,1253.9000244140625,-0.006260916237401881,0.0,0,1
2026-08-05,AXISBANK,1260.0,1263.0,1246.199951171875,1253.9000244140625,4295407,-0.708,0,0.0,0.0,-0.708,-0.8329,-0.1267,-0.1491,-0.5558666666666666,-0.39841999999999994,0.34290770915801827,1,-0.006260916237401881,1256.0,0.0016747551998164134,1.0,1,1
2026-08-06,AXISBANK,1256.0999755859375,1259.9000244140625,1248.300048828125,1256.0,4845792,-0.6018,0,0.0,0.0,-0.6018,-0.708,-0.8329,-0.1267,-0.7142333333333334,-0.48369999999999996,0.32619200633982437,0,0.0016747551998164134,1238.0,-0.014331210191082855,0.0,0,1
2026-08-07,AXISBANK,1252.0999755859375,1256.0,1238.0,1238.0,3628823,-0.5115,0,0.0,0.0,-0.5115,-0.6018,-0.708,-0.8329,-0.6071,-0.55618,0.26839980812213715,0,-0.014331210191082855,1247.300048828125,0.007512155757774641,1.0,1,0
2026-08-10,AXISBANK,1235.0,1250.0,1235.0,1247.300048828125,3661847,-0.4348,0,0.0,0.0,-0.4348,-0.5115,-0.6018,-0.708,-0.5160333333333333,-0.6178,0.15767747144091332,0,0.007512155757774641,1229.800048828125,-0.01403030491054802,0.0,0,1
2026-08-11,AXISBANK,1242.0,1243.0,1225.4000244140625,1229.800048828125,5843702,-0.3696,0,0.0,0.0,-0.3696,-0.4348,-0.5115,-0.6018,-0.4386333333333334,-0.5251399999999999,0.1340285342753551,0,-0.01403030491054802,1230.0,0.00016258835903082414,1.0,1,0
2026-08-12,AXISBANK,1230.0,1234.9000244140625,1216.9000244140625,1230.0,7218881,-0.3141,0,0.0,0.0,-0.3141,-0.3696,-0.4348,-0.5115,-0.37283333333333335,-0.44636000000000003,0.11393337087965068,0,0.00016258835903082414,1221.800048828125,-0.006666626969004108,0.0,0,1
2026-08-13,AXISBANK,1224.5,1224.800048828125,1215.5999755859375,1221.800048828125,5284300,0.0239,1,0.0,0.9397,0.0239,-0.3141,-0.3696,-0.4348,-0.21993333333333331,-0.32121999999999995,0.20652241282727649,0,-0.006666626969004108,1217.4000244140625,-0.003601263904255636,0.0,0,0
2026-08-14,AXISBANK,1216.0,1218.699951171875,1208.5999755859375,1217.4000244140625,5557745,0.0203,0,0.0,0.0,0.0203,0.0239,-0.3141,-0.3696,-0.08996666666666665,-0.21485999999999997,0.22049558498981334,1,-0.003601263904255636,1227.300048828125,0.008132104662004869,1.0,1,0
2026-08-17,AXISBANK,1220.0,1235.0,1213.5999755859375,1227.300048828125,6068014,0.0173,0,0.0,0.0,0.0173,0.0203,0.0239,-0.3141,0.0205,-0.12444000000000002,0.19944860992245594,0,0.008132104662004869,1243.0,0.012792268025138442,1.0,1,1
2026-08-18,AXISBANK,1223.9000244140625,1250.5,1223.4000244140625,1243.0,5064697,0.0147,0,0.0,0.0,0.0147,0.0173,0.0203,0.0239,0.017433333333333332,-0.04758,0.14902869522343667,0,0.012792268025138442,1235.0,-0.006436041834271933,0.0,0,0
2026-08-19,AXISBANK,1243.0999755859375,1245.0,1224.0,1235.0,3061937,0.0125,0,0.0,0.0,0.0125,0.0147,0.0173,0.0203,0.014833333333333336,0.01774,0.004510875746456717,0,-0.006436041834271933,1251.0,0.012955465587044523,1.0,1,0
2026-08-20,AXISBANK,1237.5,1253.9000244140625,1236.199951171875,1251.0,4163816,0.0106,0,0.0,0.0,0.0106,0.0125,0.0147,0.0173,0.0126,0.01508,0.003842134823242374,0,0.012955465587044523,1245.800048828125,-0.004156635628996819,0.0,0,1
2026-08-21,AXISBANK,1250.5999755859375,1256.4000244140625,1240.4000244140625,1245.800048828125,3690270,0.009,0,0.0,0.0,0.009,0.0106,0.0125,0.0147,0.010700000000000001,0.012819999999999998,0.0032874001885946206,0,-0.004156635628996819,1236.0,-0.00786647009473429,0.0,0,0
2026-08-24,AXISBANK,1245.800048828125,1248.699951171875,1231.800048828125,1236.0,3778588,0.0077,0,0.0,0.0,0.0077,0.009,0.0106,0.0125,0.009099999999999999,0.0109,0.0027811867970296686,0,-0.00786647009473429,1235.0,-0.0008090614886731018,0.0,0,0
2026-08-25,AXISBANK,1236.0999755859375,1240.5,1229.800048828125,1235.0,3606504,0.0065,0,0.0,0.0,0.0065,0.0077,0.009,0.0106,0.0077333333333333325,0.009260000000000001,0.002367065694055051,0,-0.0008090614886731018,1255.0,0.0161943319838056,1.0,1,0
2026-08-26,AXISBANK,1240.0999755859375,1257.699951171875,1238.199951171875,1255.0,3298266,0.035449999999999995,2,0.02100107140124046,0.91875,0.0354,0.0065,0.0077,0.009,0.016533333333333334,0.01384,0.012148374376844493,0,0.0161943319838056,1256.0,0.0007968127490038945,1.0,1,0
2026-08-27,AXISBANK,1260.0,1268.699951171875,1251.4000244140625,1256.0,7005789,0.0301,0,0.0,0.0,0.0301,0.0354,0.0065,0.0077,0.023999999999999997,0.01774,0.013857958002533107,2,0.0007968127490038945,1265.0,0.007165605095541316,1.0,1,0
2026-08-28,AXISBANK,1256.0,1265.4000244140625,1248.199951171875,1265.0,3243469,0.0256,0,0.0,0.0,0.0256,0.0301,0.0354,0.0065,0.030366666666666663,0.021060000000000002,0.013214121234496489,0,0.007165605095541316,1300.0,0.027667984189723382,1.0,1,0
2026-08-31,AXISBANK,1257.0,1300.0,1251.199951171875,1300.0,6093670,0.1592,1,0.0,0.823,0.1592,0.0256,0.0301,0.0354,0.07163333333333334,0.05136,0.061262084522157485,0,0.027667984189723382,1258.0,-0.03230769230769226,0.0,0,1
2026-09-01,AXISBANK,1274.9000244140625,1275.0999755859375,1255.0,1258.0,5588158,0.0288,1,0.0,0.9394,0.0288,0.1592,0.0256,0.0301,0.0712,0.05582,0.057899153707113606,1,-0.03230769230769226,1253.9000244140625,-0.0032591220873906535,0.0,0,0
2026-09-02,AXISBANK,1254.5999755859375,1266.9000244140625,1250.0,1253.9000244140625,6437250,0.0245,0,0.0,0.0,0.0245,0.0288,0.1592,0.0256,0.07083333333333335,0.05364,0.05905389910920335,1,-0.0032591220873906535,1267.0,0.010447384425292583,1.0,1,0
2026-09-03,AXISBANK,1265.0,1278.9000244140625,1260.199951171875,1267.0,3309215,0.0208,0,0.0,0.0,0.0208,0.0245,0.0288,0.1592,0.0247,0.05178000000000001,0.06011756814775501,0,0.010447384425292583,1273.0,0.0047355958958168465,1.0,1,1
2026-09-04,AXISBANK,1270.300048828125,1280.699951171875,1262.0,1273.0,3810611,0.0177,0,0.0,0.0,0.0177,0.0208,0.0245,0.0288,0.021,0.0502,0.06107384874068416,0,0.0047355958958168465,1266.0,-0.0054988216810683,0.0,0,0
2026-09-07,AXISBANK,1271.0,1271.9000244140625,1261.5999755859375,1266.0,1592707,0.015,0,0.0,0.0,0.015,0.0177,0.0208,0.0245,0.017833333333333333,0.02136,0.005462874701104843,0,-0.0054988216810683,1244.9000244140625,-0.016666647382257094,0.0,0,0
2026-09-08,AXISBANK,1262.800048828125,1264.9000244140625,1239.5,1244.9000244140625,3623260,-0.668,2,0.11129860735876257,0.68935,-0.668,0.015,0.0177,0.0208,-0.2117666666666667,-0.11800000000000002,0.3074797473005336,0,-0.016666647382257094,1238.5,-0.0051409946891717295,0.0,0,0
2026-09-09,AXISBANK,1236.0,1257.4000244140625,1234.699951171875,1238.5,6679663,-0.5678,0,0.0,0.0,-0.5678,-0.668,0.015,0.0177,-0.40693333333333337,-0.23645999999999998,0.350008968456524,2,-0.0051409946891717295,1246.0,0.006055712555510739,1.0,1,1
2026-09-10,AXISBANK,1242.0999755859375,1255.199951171875,1240.4000244140625,1246.0,4150654,-0.4826,0,0.0,0.0,-0.4826,-0.5678,-0.668,0.015,-0.5728,-0.33714,0.3292965957916966,0,0.006055712555510739,1246.0,0.0,0.0,0,1
2026-09-11,AXISBANK,1237.9000244140625,1252.800048828125,1229.800048828125,1246.0,4562285,-0.4102,0,0.0,0.0,-0.4102,-0.4826,-0.5678,-0.668,-0.4868666666666666,-0.42272,0.262940890695989,0,0.0,1246.0,0.0,0.0,0,0
2026-09-14,AXISBANK,1246.0,1246.0,1246.0,1246.0,0,-0.3487,0,0.0,0.0,-0.3487,-0.4102,-0.4826,-0.5678,-0.41383333333333333,-0.49546,0.12646765594411896,0,0.0,1222.9000244140625,-0.018539306248746,0.0,0,1
2026-09-15,AXISBANK,1254.0,1254.0,1219.9000244140625,1222.9000244140625,5698466,-0.2964,0,0.0,0.0,-0.2964,-0.3487,-0.4102,-0.4826,-0.3517666666666667,-0.42113999999999996,0.10748696665177616,0,-0.018539306248746,1241.0,0.014800862887062172,1.0,1,0
2026-09-16,AXISBANK,1230.0,1252.5,1223.699951171875,1241.0,5799541,-0.2519,0,0.0,0.0,-0.2519,-0.2964,-0.3487,-0.4102,-0.299,-0.35795999999999994,0.09136226245009499,0,0.014800862887062172,1240.0,-0.0008058017727639033,0.0,0,0
2026-09-17,AXISBANK,1238.0,1257.5999755859375,1233.0,1240.0,4413665,-0.0672,1,0.0,0.8959,-0.0672,-0.2519,-0.2964,-0.3487,-0.20516666666666664,-0.27487999999999996,0.1302718964320395,0,-0.0008058017727639033,1257.0,0.013709677419354804,1.0,1,0
2026-09-18,AXISBANK,1244.0,1257.0,1240.5,1257.0,5693016,-0.0571,0,0.0,0.0,-0.0571,-0.0672,-0.2519,-0.2964,-0.12539999999999998,-0.20425999999999997,0.13422348155222327,1,0.013709677419354804,1250.0,-0.005568814638027053,0.0,0,1
2026-09-21,AXISBANK,1248.0,1254.300048828125,1242.0,1250.0,3680283,-0.0486,0,0.0,0.0,-0.0486,-0.0571,-0.0672,-0.2519,-0.057633333333333335,-0.14423999999999998,0.11981119730642878,0,-0.005568814638027053,1242.699951171875,-0.005840039062499969,0.0,0,1
2026-09-22,AXISBANK,1245.199951171875,1255.5999755859375,1240.0999755859375,1242.699951171875,2689110,-0.0413,0,0.0,0.0,-0.0413,-0.0486,-0.0571,-0.0672,-0.048999999999999995,-0.09321999999999998,0.08922957469359584,0,-0.005840039062499969,1243.199951171875,0.0004023497381877572,1.0,1,1
2026-09-23,AXISBANK,1242.199951171875,1252.0,1238.9000244140625,1243.199951171875,2287837,-0.0002,1,0.0,0.9515,-0.0002,-0.0413,-0.0486,-0.0571,-0.030033333333333332,-0.04287999999999998,0.02574134806104736,0,0.0004023497381877572,1186.5,-0.04560807062325578,0.0,0,1
2026-09-24,AXISBANK,1225.199951171875,1225.199951171875,1175.0,1186.5,10890660,-0.31626666666666664,3,0.5429193525131825,0.9469333333333334,-0.3163,-0.0002,-0.0413,-0.0486,-0.11926666666666667,-0.09269999999999998,0.12689300611144808,1,-0.04560807062325578,1222.4000244140625,0.030257079152180788,1.0,1,0
2026-09-25,AXISBANK,1191.5,1225.0,1191.5,1222.4000244140625,6923162,0.1549,3,0.2840179043652002,0.7925333333333334,0.1549,-0.3163,-0.0002,-0.0413,-0.05386666666666667,-0.05029999999999999,0.1698947762587184,3,0.030257079152180788,1209.9000244140625,-0.0102257851360823,0.0,0,1
2026-04-02,BAJFINANCE,804.0572991582707,824.9786790496539,787.6084258753081,821.7982177734375,9113618,0.0,0,0.0,0.0,0.0,0.0,0.0,0.0,0.0,0.0,0.0,0,0.0,845.6515502929688,0.029025777865713698,1.0,1,0
2026-04-06,BAJFINANCE,823.8357064074843,847.7884387352203,809.2751890271433,845.6515502929688,12504591,0.0,0,0.0,0.0,0.0,0.0,0.0,0.0,0.0,0.0,0.0,0,0.029025777865713698,849.8756103515625,0.004995036143587095,1.0,1,0
2026-04-07,BAJFINANCE,842.8190131619239,857.5285781459786,839.2907145671045,849.8756103515625,11569047,-0.0034,1,0.0,0.9433,-0.0034,0.0,0.0,0.0,-0.0011333333333333332,-0.0011333333333333332,0.0019629909152447276,0,0.004995036143587095,909.4593505859375,0.07010877769480572,1.0,1,0
2026-04-08,BAJFINANCE,884.5624095069836,920.3424620263672,875.6173963771378,909.4593505859375,13826150,0.0233,1,0.0,0.9365,0.0233,-0.0034,0.0,0.0,0.006633333333333334,0.004975,0.012321356797582535,1,0.07010877769480572,897.7314453125,-0.012895469452132824,0.0,0,0
2026-04-09,BAJFINANCE,896.4890823934403,907.8194564801651,885.9538691047153,897.7314453125,9457820,0.0198,0,0.0,0.0,0.0198,0.0233,-0.0034,0.0,0.013233333333333333,0.00794,0.012562563432675675,1,-0.012895469452132824,918.9013061523438,0.02358150753255006,1.0,1,0
2026-04-10,BAJFINANCE,910.1550832505548,921.6345046005437,906.7261494285443,918.9013061523438,9491544,0.0168,0,0.0,0.0,0.0168,0.0198,0.0233,-0.0034,0.019966666666666667,0.011300000000000001,0.012147839314050874,0,0.02358150753255006,893.457763671875,-0.027689091646856845,0.0,0,1
2026-04-13,BAJFINANCE,890.6748827576488,900.365313902328,875.7167841019559,893.457763671875,10723313,0.0143,0,0.0,0.0,0.0143,0.0168,0.0198,0.0233,0.016966666666666668,0.01416,0.010376560123663335,0,-0.027689091646856845,907.5709838867188,0.01579618062396393,1.0,1,1
2026-04-15,BAJFINANCE,919.3485600943784,919.3485600943784,905.533460169681,907.5709838867188,5975197,0.0122,0,0.0,0.0,0.0122,0.0143,0.0168,0.0198,0.014433333333333333,0.01728,0.004401931394285923,0,0.01579618062396393,900.3652954101562,-0.007939531567772051,0.0,0,0
2026-04-16,BAJFINANCE,913.3852347747978,926.9021193161395,898.4768794737946,900.3652954101562,11805227,0.0103,0,0.0,0.0,0.0103,0.0122,0.0143,0.0168,0.012266666666666667,0.014680000000000002,0.0037479327635377914,0,-0.007939531567772051,902.700927734375,0.002594094126156632,1.0,1,1
2026-04-17,BAJFINANCE,896.6382207477712,904.887498678844,890.3269805066387,902.700927734375,6035241,0.0088,0,0.0,0.0,0.0088,0.0103,0.0122,0.0143,0.010433333333333334,0.012480000000000002,0.00317600377833529,0,0.002594094126156632,912.1428833007812,0.010459671942626647,1.0,1,0
2026-04-20,BAJFINANCE,902.7009248247721,915.2736622182542,892.5135485743411,912.1428833007812,6184179,0.0075,0,0.0,0.0,0.0075,0.0088,0.0103,0.0122,0.008866666666666667,0.010620000000000001,0.0027012959852633803,0,0.010459671942626647,933.1139526367188,0.022990991564884267,1.0,1,0
2026-04-21,BAJFINANCE,913.8821981797305,940.1706106839638,913.3852529931185,933.1139526367188,6713975,0.0063,0,0.0,0.0,0.0063,0.0075,0.0088,0.0103,0.007533333333333334,0.00902,0.0023188359148503947,0,0.022990991564884267,929.0390014648438,-0.004367045590048635,0.0,0,0
2026-04-22,BAJFINANCE,932.2691450912259,940.5681052202607,924.4671301354808,929.0390014648438,5759028,0.0054,0,0.0,0.0,0.0054,0.0063,0.0075,0.0088,0.0064,0.00766,0.0019526904516589613,0,-0.004367045590048635,912.7391967773438,-0.017544801307372015,0.0,0,1
2026-04-23,BAJFINANCE,920.4418471427572,924.1689360292474,903.7941834497668,912.7391967773438,9143598,0.0046,0,0.0,0.0,0.0046,0.0054,0.0063,0.0075,0.005433333333333334,0.006520000000000001,0.0016694310408040486,0,-0.017544801307372015,915.9196166992188,0.003484478296871929,1.0,1,0
2026-04-24,BAJFINANCE,914.3790988282084,919.050395487281,904.2414053826628,915.9196166992188,3982355,0.0039,0,0.0,0.0,0.0039,0.0046,0.0054,0.0063,0.004633333333333333,0.00554,0.0014152738250953756,0,0.003484478296871929,916.1680908203125,0.0002712837639500254,1.0,1,1
2026-04-27,BAJFINANCE,917.4104537284172,923.2744309195722,902.7505714127813,916.1680908203125,7813458,0.0033,0,0.0,0.0,0.0033,0.0039,0.0046,0.0054,0.003933333333333333,0.0047,0.0011895377253370752,0,0.0002712837639500254,918.0068359375,0.0020069953708397037,1.0,1,0
2026-04-28,BAJFINANCE,916.1681024128881,924.2186505566239,908.7636072544419,918.0068359375,7119135,0.9305,1,0.0,0.9452,0.9305,0.0033,0.0039,0.0046,0.31256666666666666,0.18954,0.41420997452982705,0,0.0020069953708397037,924.3179931640625,0.006874847745678592,1.0,1,0
2026-04-29,BAJFINANCE,919.3485415879115,931.2752253706736,910.9998386750779,924.3179931640625,5438997,0.6429,5,0.30959038260256083,0.77142,0.6429,0.9305,0.0033,0.0039,0.5255666666666666,0.31704,0.4406319643421253,1,0.006874847745678592,931.2752685546875,0.007526928440297231,1.0,1,1
2026-04-30,BAJFINANCE,939.2263914452292,969.0431022847603,928.194232699504,931.2752685546875,27364272,0.5465,0,0.0,0.0,0.5465,0.6429,0.9305,0.0033,0.7066333333333333,0.42542,0.4101609830298342,5,0.007526928440297231,931.2752685546875,0.0,0.0,0,0
2026-05-01,BAJFINANCE,931.2752685546875,931.2752685546875,931.2752685546875,931.2752685546875,0,0.4645,0,0.0,0.0,0.4645,0.5465,0.6429,0.9305,0.5513,0.51754,0.33702588624614577,0,0.0,944.3945922851562,0.014087482158556153,1.0,1,1
2026-05-04,BAJFINANCE,932.3684830401445,960.0980471769249,932.3684830401445,944.3945922851562,7503756,0.3948,0,0.0,0.0,0.3948,0.4645,0.5465,0.6429,0.46859999999999996,0.59584,0.20875444426406825,0,0.014087482158556153,952.7432861328125,0.00884026011569472,1.0,1,0
2026-05-05,BAJFINANCE,944.3946434071306,955.2280120622871,927.4488247005652,952.7432861328125,7290077,0.3356,0,0.0,0.0,0.3356,0.3948,0.4645,0.5465,0.39830000000000004,0.47686,0.12171689693711385,0,0.00884026011569472,974.7579345703125,0.023106589947075262,1.0,1,1
2026-05-06,BAJFINANCE,959.1041619784364,977.988078121017,959.1041619784364,974.7579345703125,7771237,0.2853,0,0.0,0.0,0.2853,0.3356,0.3948,0.4645,0.3385666666666667,0.40534,0.10345338563817039,0,0.023106589947075262,966.8068237304688,-0.008157010636029027,0.0,0,0
2026-05-07,BAJFINANCE,986.1876852701698,986.1876852701698,963.079734972834,966.8068237304688,7873561,0.2425,0,0.0,0.0,0.2425,0.2853,0.3356,0.3948,0.2878,0.34454,0.08791747835328312,0,-0.008157010636029027,949.5131225585938,-0.01788744219361882,0.0,0,0
2026-05-08,BAJFINANCE,965.0675308165735,966.0117387824698,945.1897237966647,949.5131225585938,5555386,0.2061,0,0.0,0.0,0.2061,0.2425,0.2853,0.3356,0.24463333333333334,0.29286,0.07473127190139349,0,-0.01788744219361882,930.3310546875,-0.02020200396957661,0.0,0,0
2026-05-11,BAJFINANCE,940.2202758524367,950.1591794026738,927.8463287999407,930.3310546875,5581022,0.1752,0,0.0,0.0,0.1752,0.2061,0.2425,0.2853,0.20793333333333333,0.24894,0.06353410894944547,0,-0.02020200396957661,898.6756591796875,-0.03402594737466391,0.0,0,0
2026-05-12,BAJFINANCE,922.330237181858,926.9518515360861,896.2406157098496,898.6756591796875,7174645,0.1489,0,0.0,0.0,0.1489,0.1752,0.2061,0.2425,0.17673333333333333,0.2116,0.0540208293161074,0,-0.03402594737466391,890.6748657226562,-0.00890287099167053,0.0,0,0
2026-05-13,BAJFINANCE,896.4891000333595,901.8561322142032,884.612098160999,890.6748657226562,7422952,0.1266,0,0.0,0.0,0.1266,0.1489,0.1752,0.2061,0.15023333333333333,0.17986,0.0459052611363884,0,-0.00890287099167053,906.5770874023438,0.017854126451390506,1.0,1,0
2026-05-14,BAJFINANCE,897.3836018637576,909.4096505736561,883.5685020327653,906.5770874023438,6815238,0.1076,0,0.0,0.0,0.1076,0.1266,0.1489,0.1752,0.1277,0.15288,0.03901060112328458,0,0.017854126451390506,904.887451171875,-0.0018637535119160331,0.0,0,0
2026-05-15,BAJFINANCE,907.4218593475697,915.9692918081777,901.8063547920738,904.887451171875,5012279,0.1248,2,0.16206887424795668,0.8482000000000001,0.1248,0.1076,0.1266,0.1489,0.11966666666666666,0.13662000000000002,0.026083941419962065,0,-0.0018637535119160331,915.4723510742188,0.01169747672888577,1.0,1,1
2026-05-18,BAJFINANCE,894.5012895507624,919.3485475938392,885.2581216911881,915.4723510742188,6387223,0.1061,0,0.0,0.0,0.1061,0.1248,0.1076,0.1266,0.11283333333333334,0.12279999999999999,0.01738950833117523,2,0.01169747672888577,917.9074096679688,0.0026598931042458585,1.0,1,0
2026-05-19,BAJFINANCE,921.9326534050346,924.3180144815005,914.4784758688934,917.9074096679688,8313548,0.0902,0,0.0,0.0,0.0902,0.1061,0.1248,0.1076,0.10703333333333333,0.11106,0.015016590824818155,0,0.0026598931042458585,917.4601440429688,-0.0004872666025887984,0.0,0,0
2026-05-20,BAJFINANCE,904.4402049183851,920.6406052476597,902.8996870314689,917.4601440429688,5864990,0.0766,0,0.0,0.0,0.0766,0.0902,0.1061,0.1248,0.09096666666666668,0.10106,0.018357505277134284,0,-0.0004872666025887984,902.1046142578125,-0.01673699929621908,0.0,0,0
2026-05-21,BAJFINANCE,927.2997107512654,929.1881267100869,897.7314723859383,902.1046142578125,9713326,0.0651,0,0.0,0.0,0.0651,0.0766,0.0902,0.1061,0.0773,0.09256,0.0236489534652173,0,-0.01673699929621908,910.9501953125,0.00980549363663874,1.0,1,0
2026-05-22,BAJFINANCE,902.5518096566084,918.354690610588,902.5518096566084,910.9501953125,4811990,0.0554,0,0.0,0.0,0.0554,0.0651,0.0766,0.0902,0.0657,0.07868,0.020095198431466507,0,0.00980549363663874,936.1453247070312,0.02765807562716205,1.0,1,0
2026-05-25,BAJFINANCE,920.4418089864607,938.232470132043,918.8019263417376,936.1453247070312,7065528,0.0471,0,0.0,0.0,0.0471,0.0554,0.0651,0.0766,0.05586666666666667,0.06688,0.017062444139103114,0,0.02765807562716205,924.5167846679688,-0.012421725272944828,0.0,0,0
2026-05-26,BAJFINANCE,938.1827765217242,942.605600563208,922.4295786056811,924.5167846679688,8489543,0.04,0,0.0,0.0,0.04,0.0471,0.0554,0.0651,0.04750000000000001,0.05684,0.014484578005589749,0,-0.012421725272944828,925.4609985351562,0.0010213052730314587,1.0,1,1
2026-05-27,BAJFINANCE,926.3057810448138,930.2316599531514,917.3607681377288,925.4609985351562,5349669,0.034,0,0.0,0.0,0.034,0.04,0.0471,0.0554,0.04036666666666667,0.04832,0.012323432963262082,0,0.0010213052730314587,925.4609985351562,0.0,0.0,0,1
2026-05-28,BAJFINANCE,925.4609985351562,925.4609985351562,925.4609985351562,925.4609985351562,0,0.0289,0,0.0,0.0,0.0289,0.034,0.04,0.0471,0.034300000000000004,0.04108,0.010499380934132,0,0.0,902.700927734375,-0.024593225254015527,0.0,0,0
2026-05-29,BAJFINANCE,909.509052497803,932.0703760088064,889.8300353220891,902.700927734375,46752428,0.0246,0,0.0,0.0,0.0246,0.0289,0.034,0.04,0.029166666666666664,0.03492,0.008912743685308954,0,-0.024593225254015527,883.6182250976562,-0.02113956245133486,0.0,0,0
2026-06-01,BAJFINANCE,905.8813937458372,912.3913635647469,882.5746523371408,883.6182250976562,6887616,0.0229,1,0.0,0.9376,0.0229,0.0246,0.0289,0.034,0.025466666666666665,0.030080000000000003,0.00701334442331294,0,-0.02113956245133486,876.6112670898438,-0.00792984776546235,0.0,0,0
2026-06-02,BAJFINANCE,868.6601444858543,878.9966281359411,855.1929427077972,876.6112670898438,15697997,0.0195,0,0.0,0.0,0.0195,0.0229,0.0246,0.0289,0.022333333333333334,0.025980000000000003,0.0056175617486606015,1,-0.00792984776546235,871.4430541992188,-0.005895672443022915,0.0,0,0
2026-06-03,BAJFINANCE,876.6112961958627,876.6112961958627,858.2243245636365,871.4430541992188,14747769,0.0165,0,0.0,0.0,0.0165,0.0195,0.0229,0.0246,0.019633333333333332,0.02248,0.0047573101643696505,0,-0.005895672443022915,869.0577392578125,-0.0027372011629585025,0.0,0,0
2026-06-04,BAJFINANCE,864.8833876892113,873.7787183820307,862.6968168044914,869.0577392578125,9676279,0.0141,0,0.0,0.0,0.0141,0.0165,0.0195,0.0229,0.016700000000000003,0.019520000000000003,0.004351091817005801,0,-0.0027372011629585025,883.9661254882812,0.017154655619545656,1.0,1,0
2026-06-05,BAJFINANCE,868.660189418972,907.4219141184456,868.660189418972,883.9661254882812,13274646,0.012,0,0.0,0.0,0.012,0.0141,0.0165,0.0195,0.014199999999999999,0.017,0.004322036556996585,0,0.017154655619545656,865.77783203125,-0.02057578105380964,0.0,0,0
2026-06-08,BAJFINANCE,867.6662479009749,874.027170203179,861.2059608318382,865.77783203125,6203084,0.0102,0,0.0,0.0,0.0102,0.012,0.0141,0.0165,0.0121,0.01446,0.003670558540605904,0,-0.02057578105380964,881.4813842773438,0.01813808538993289,1.0,1,1
2026-06-09,BAJFINANCE,880.5868586887179,883.3200571778759,866.7717584240726,881.4813842773438,9183355,0.0086,0,0.0,0.0,0.0086,0.0102,0.012,0.0141,0.010266666666666667,0.012280000000000001,0.003125219992258944,0,0.01813808538993289,878.6984252929688,-0.0031571386917677025,0.0,0,0
2026-06-10,BAJFINANCE,884.6617673327235,889.2336992938868,874.7228639331322,878.6984252929688,6939714,0.0073,0,0.0,0.0,0.0073,0.0086,0.0102,0.012,0.008700000000000001,0.010440000000000001,0.0026987033923747605,0,-0.0031571386917677025,865.231201171875,-0.015326332372342155,0.0,0,0
2026-06-11,BAJFINANCE,874.6234767765276,881.5310265948833,863.1937381595617,865.231201171875,5191085,0.0062,0,0.0,0.0,0.0062,0.0073,0.0086,0.0102,0.007366666666666666,0.00886,0.002303909720456746,0,-0.015326332372342155,912.6895141601562,0.05485044104281411,1.0,1,0
2026-06-12,BAJFINANCE,875.8162057173853,915.3730302902005,875.716780283085,912.6895141601562,11729668,0.8459,1,0.0,0.8804,0.8459,0.0062,0.0073,0.0086,0.28646666666666665,0.17564,0.3746897022871058,0,0.05485044104281411,936.5428466796875,0.026135210440629164,1.0,1,1
2026-06-15,BAJFINANCE,936.2446917128663,953.1408273382576,933.26302072015,936.5428466796875,11989428,0.719,0,0.0,0.0,0.719,0.8459,0.0062,0.0073,0.5236999999999999,0.3174,0.42689568397911914,1,0.026135210440629164,953.786865234375,0.018412418199362124,1.0,1,1
2026-06-16,BAJFINANCE,940.2202381671683,958.010899073921,940.2202381671683,953.786865234375,9335988,0.6112,0,0.0,0.0,0.6112,0.719,0.8459,0.0062,0.7253666666666666,0.43792,0.40227333617827565,0,0.018412418199362124,952.5445556640625,-0.0013025022838905054,0.0,0,0
2026-06-17,BAJFINANCE,949.2646689105351,955.9237465275168,945.7363702265553,952.5445556640625,5682977,0.5195,0,0.0,0.0,0.5195,0.6112,0.719,0.8459,0.6165666666666666,0.54036,0.3225086401943365,0,-0.0013025022838905054,952.9917602539062,0.0004694841697268082,1.0,1,1
2026-06-18,BAJFINANCE,952.4948150672145,955.0789664353642,942.2080739675965,952.9917602539062,5750456,0.4416,0,0.0,0.0,0.4416,0.5195,0.6112,0.719,0.5240999999999999,0.62744,0.16012439851565405,0,0.0004694841697268082,955.9237060546875,0.003076569938023521,1.0,1,0
2026-06-19,BAJFINANCE,948.2210560069122,965.7632445741657,947.4259558763664,955.9237060546875,12941776,0.3753,0,0.0,0.0,0.3753,0.4416,0.5195,0.6112,0.4454666666666667,0.53332,0.13612147883416487,0,0.003076569938023521,962.384033203125,0.0067582037222413405,1.0,1,0
2026-06-22,BAJFINANCE,960.147779870475,967.0056476888367,955.6752732051749,962.384033203125,5680845,0.319,0,0.0,0.0,0.319,0.3753,0.4416,0.5195,0.3786333333333333,0.45332,0.11572837594989398,0,0.0067582037222413405,956.5200805664062,-0.006093152457238515,0.0,0,0
2026-06-23,BAJFINANCE,962.3839971326659,971.7265905260309,954.6316646691564,956.5200805664062,8202516,0.2712,0,0.0,0.0,0.2712,0.319,0.3753,0.4416,0.32183333333333336,0.38532,0.0983537340419773,0,-0.006093152457238515,984.8956298828125,0.02966539845102223,1.0,1,0
2026-06-24,BAJFINANCE,946.5811699790587,987.8276184745832,946.5811699790587,984.8956298828125,9873777,0.2305,0,0.0,0.0,0.2305,0.2712,0.319,0.3753,0.2735666666666667,0.32752000000000003,0.08359812796947075,0,0.02966539845102223,974.4100952148438,-0.010646340941949717,0.0,0,0
2026-06-25,BAJFINANCE,990.1135501580862,999.4560827804515,972.9192597329742,974.4100952148438,12807092,0.0763,1,0.0,0.8769,0.0763,0.2305,0.2712,0.319,0.19266666666666668,0.25446,0.11331704637873338,0,-0.010646340941949717,974.4100952148438,0.0,0.0,0,0
2026-06-26,BAJFINANCE,974.4100952148438,974.4100952148438,974.4100952148438,974.4100952148438,0,0.0649,0,0.0,0.0,0.0649,0.0763,0.2305,0.2712,0.12390000000000001,0.19238,0.11556823525519463,1,0.0,976.0499877929688,0.0016829593475871096,1.0,1,0
2026-06-29,BAJFINANCE,969.3412280561971,986.2373636895479,969.3412280561971,976.0499877929688,19875760,0.0551,0,0.0,0.0,0.0551,0.0649,0.0763,0.2305,0.06543333333333333,0.1396,0.10284527213246127,0,0.0016829593475871096,1004.75,0.02940424421491694,1.0,1,0
2026-06-30,BAJFINANCE,986.9000244140625,1010.9500122070312,977.7000122070312,1004.75,12445420,0.0469,0,0.0,0.0,0.0469,0.0551,0.0649,0.0763,0.05563333333333333,0.09474,0.07668316634046884,0,0.02940424421491694,1014.9000244140625,0.010102039725367051,1.0,1,0
2026-07-01,BAJFINANCE,1000.4000244140625,1025.4000244140625,998.9000244140625,1014.9000244140625,6834299,0.0398,0,0.0,0.0,0.0398,0.0469,0.0551,0.0649,0.04726666666666667,0.056600000000000004,0.014453027364535556,0,0.010102039725367051,1018.4000244140625,0.0034486155441968425,1.0,1,1
2026-07-02,BAJFINANCE,994.7000122070312,1025.699951171875,993.4000244140625,1018.4000244140625,8168339,0.806,1,0.0,0.8527,0.806,0.0398,0.0469,0.0551,0.2975666666666667,0.20254000000000003,0.3374742256824957,0,0.0034486155441968425,1031.4000244140625,0.012765121453605088,1.0,1,1
2026-07-03,BAJFINANCE,1035.0,1040.0,1017.5999755859375,1031.4000244140625,9399193,0.6851,0,0.0,0.0,0.6851,0.806,0.0398,0.0469,0.5103000000000001,0.32658000000000004,0.3848847840588142,1,0.012765121453605088,1029.0999755859375,-0.002230025958581572,0.0,0,0
2026-07-06,BAJFINANCE,1040.0,1040.199951171875,1024.800048828125,1029.0999755859375,4819952,0.5823,0,0.0,0.0,0.5823,0.6851,0.806,0.0398,0.6911333333333335,0.43201999999999996,0.3635411077168578,0,-0.002230025958581572,1042.5,0.013021110418774295,1.0,1,1
2026-07-07,BAJFINANCE,1024.0,1052.9000244140625,1024.0,1042.5,9101171,0.495,0,0.0,0.0,0.495,0.5823,0.6851,0.806,0.5874666666666667,0.52164,0.29331676222132286,0,0.013021110418774295,1010.4000244140625,-0.030791343487709844,0.0,0,1
2026-07-08,BAJFINANCE,1025.0,1034.699951171875,1004.0999755859375,1010.4000244140625,8313859,0.4207,0,0.0,0.0,0.4207,0.495,0.5823,0.6851,0.49933333333333335,0.59782,0.1525950752809541,0,-0.030791343487709844,1003.7999877929688,-0.006532102594634437,0.0,0,0
2026-07-09,BAJFINANCE,1000.0,1013.5,994.0999755859375,1003.7999877929688,11712515,0.3576,0,0.0,0.0,0.3576,0.4207,0.495,0.5823,0.4244333333333333,0.50814,0.12970664208127525,0,-0.006532102594634437,1020.5,0.0166367925982438,1.0,1,1
2026-07-10,BAJFINANCE,1010.0999755859375,1023.9000244140625,1004.2000122070312,1020.5,7039305,0.304,0,0.0,0.0,0.304,0.3576,0.4207,0.495,0.3607666666666667,0.43192,0.11023396482028598,0,0.0166367925982438,1022.5999755859375,0.002057790873040144,1.0,1,0
2026-07-13,BAJFINANCE,1014.0,1028.0,1003.7000122070312,1022.5999755859375,4874070,0.2584,0,0.0,0.0,0.2584,0.304,0.3576,0.4207,0.30666666666666664,0.36714,0.09370020277459408,0,0.002057790873040144,1006.5999755859375,-0.01564639192449835,0.0,0,0
2026-07-14,BAJFINANCE,1007.0,1022.0,995.2000122070312,1006.5999755859375,6458393,0.2196,0,0.0,0.0,0.2196,0.2584,0.304,0.3576,0.26066666666666666,0.31206,0.07963942491002839,0,-0.01564639192449835,1021.2999877929688,0.014603628614707986,1.0,1,0
2026-07-15,BAJFINANCE,1006.5999755859375,1037.300048828125,1006.5999755859375,1021.2999877929688,5538356,0.1867,0,0.0,0.0,0.1867,0.2196,0.2584,0.304,0.2215666666666667,0.26525999999999994,0.06769607078701131,0,0.014603628614707986,1037.5999755859375,0.01596003915381705,1.0,1,0
2026-07-16,BAJFINANCE,1024.0,1042.4000244140625,1021.2000122070312,1037.5999755859375,9079076,0.1587,0,0.0,0.0,0.1587,0.1867,0.2196,0.2584,0.18833333333333332,0.22547999999999999,0.05754812768457414,0,0.01596003915381705,1056.300048828125,0.018022430302802928,1.0,1,0
2026-07-17,BAJFINANCE,1044.9000244140625,1058.5,1037.5999755859375,1056.300048828125,12882360,0.1349,0,0.0,0.0,0.1349,0.1587,0.1867,0.2196,0.1601,0.19166,0.04890688090647421,0,0.018022430302802928,1064.0,0.007289549196194178,1.0,1,0
2026-07-20,BAJFINANCE,1057.0,1067.699951171875,1038.199951171875,1064.0,9348760,0.1146,0,0.0,0.0,0.1146,0.1349,0.1587,0.1867,0.13606666666666667,0.1629,0.041580824907642845,0,0.007289549196194178,1069.199951171875,0.004887172154017794,1.0,1,0
2026-07-21,BAJFINANCE,1064.0,1074.4000244140625,1060.9000244140625,1069.199951171875,6970658,0.0974,0,0.0,0.0,0.0974,0.1146,0.1349,0.1587,0.11563333333333332,0.13845999999999997,0.03537178253919434,0,0.004887172154017794,1060.300048828125,-0.008323889590525546,0.0,0,0
2026-07-22,BAJFINANCE,1064.0,1070.5999755859375,1056.0999755859375,1060.300048828125,6757716,0.0828,0,0.0,0.0,0.0828,0.0974,0.1146,0.1349,0.09826666666666667,0.11768,0.030068870946546283,0,-0.008323889590525546,1039.800048828125,-0.01933414982170112,0.0,0,0
2026-07-23,BAJFINANCE,1053.300048828125,1061.199951171875,1036.5,1039.800048828125,8016651,0.0704,0,0.0,0.0,0.0704,0.0828,0.0974,0.1146,0.08353333333333335,0.10002,0.02554372721432909,0,-0.01933414982170112,1012.7999877929688,-0.025966589504959003,0.0,0,0
2026-07-24,BAJFINANCE,1027.300048828125,1030.199951171875,1001.2999877929688,1012.7999877929688,18416962,0.0598,0,0.0,0.0,0.0598,0.0704,0.0828,0.0974,0.071,0.08499999999999999,0.02169654350351821,0,-0.025966589504959003,1048.300048828125,0.03505140349825231,1.0,1,0
2026-07-27,BAJFINANCE,1026.699951171875,1050.0,1026.5999755859375,1048.300048828125,7610916,0.0509,0,0.0,0.0,0.0509,0.0598,0.0704,0.0828,0.06036666666666666,0.07226,0.01842601421903444,0,0.03505140349825231,1048.4000244140625,9.536924666675439e-05,1.0,1,0
2026-07-28,BAJFINANCE,1049.0,1055.0,1042.4000244140625,1048.4000244140625,4726447,0.0432,0,0.0,0.0,0.0432,0.0509,0.0598,0.0704,0.051300000000000005,0.061419999999999995,0.015676479196556226,0,9.536924666675439e-05,1054.4000244140625,0.005723006352802429,1.0,1,0
2026-07-29,BAJFINANCE,1056.0,1065.9000244140625,1048.4000244140625,1054.4000244140625,6444368,0.9309,1,0.0,0.9518,0.9309,0.0432,0.0509,0.0598,0.3416666666666666,0.23104,0.3913651274704991,0,0.005723006352802429,1053.5,-0.0008535891438001819,0.0,0,1
2026-07-30,BAJFINANCE,1046.0,1068.0,1035.0999755859375,1053.5,9866564,0.5071,6,0.4212018993309503,0.8237333333333333,0.5071,0.9309,0.0432,0.0509,0.4937333333333333,0.31838,0.395262314166175,1,-0.0008535891438001819,1141.199951171875,0.08324627543604657,1.0,1,1
2026-07-31,BAJFINANCE,1095.0,1151.5,1083.5999755859375,1141.199951171875,40814590,0.431375,4,0.5654979597664346,0.887975,0.4314,0.5071,0.9309,0.0432,0.6231333333333334,0.39269999999999994,0.3685179032285949,6,0.08324627543604657,1153.0,0.010340036218900783,1.0,1,0
2026-08-03,BAJFINANCE,1176.300048828125,1176.4000244140625,1140.199951171875,1153.0,13758012,0.8731,1,0.0,0.895,0.8731,0.4314,0.5071,0.9309,0.6038666666666667,0.55714,0.3612395783963879,4,0.010340036218900783,1149.0,-0.003469210754553309,0.0,0,1
2026-08-04,BAJFINANCE,1164.0,1164.0,1139.5,1149.0,9437990,0.7421,0,0.0,0.0,0.7421,0.8731,0.4314,0.5071,0.6821999999999999,0.6969199999999999,0.22043126366284815,1,-0.003469210754553309,1158.800048828125,0.008529198283833805,1.0,1,1
2026-08-05,BAJFINANCE,1152.0,1166.0,1145.0999755859375,1158.800048828125,5154683,0.6308,0,0.0,0.0,0.6308,0.7421,0.8731,0.4314,0.7486666666666667,0.6369,0.17746336241602123,0,0.008529198283833805,1144.800048828125,-0.012081463073942755,0.0,0,1
2026-08-06,BAJFINANCE,1155.5,1160.199951171875,1144.5999755859375,1144.800048828125,6472397,0.5362,0,0.0,0.0,0.5362,0.6308,0.7421,0.8731,0.6363666666666666,0.64272,0.17255149086577054,0,-0.012081463073942755,1078.0,-0.058350843797137286,0.0,0,1
2026-08-07,BAJFINANCE,1113.0,1113.0,1074.5,1078.0,15614001,-0.0026,1,0.0,0.9488,-0.0026,0.5362,0.6308,0.7421,0.38813333333333344,0.55592,0.336603114958849,0,-0.058350843797137286,1102.199951171875,0.022448934296730005,1.0,1,0
2026-08-10,BAJFINANCE,1078.0,1106.0999755859375,1070.800048828125,1102.199951171875,7303098,-0.0022,0,0.0,0.0,-0.0022,-0.0026,0.5362,0.6308,0.17713333333333336,0.38086000000000003,0.35737633945184466,1,0.022448934296730005,1093.300048828125,-0.008074671328271665,0.0,0,1
2026-08-11,BAJFINANCE,1098.0,1101.5,1086.300048828125,1093.300048828125,6523358,-0.0019,0,0.0,0.0,-0.0019,-0.0022,-0.0026,0.5362,-0.0022333333333332964,0.23206,0.32255816219714567,0,-0.008074671328271665,1094.199951171875,0.0008231064699160129,1.0,1,1
2026-08-12,BAJFINANCE,1093.0,1094.699951171875,1080.0,1094.199951171875,7054842,-0.0016,0,0.0,0.0,-0.0016,-0.0019,-0.0022,-0.0026,-0.0018999999999999631,0.10557999999999998,0.24072418241630836,0,0.0008231064699160129,1090.800048828125,-0.0031072038891143405,0.0,0,1
2026-08-13,BAJFINANCE,1095.0,1095.300048828125,1083.0,1090.800048828125,2405186,-0.0014,0,0.0,0.0,-0.0014,-0.0016,-0.0019,-0.0022,-0.0016333333333332963,-0.0019400000000000222,0.0004774934555478557,0,-0.0031072038891143405,1087.0,-0.0034837263091502813,0.0,0,1
2026-08-14,BAJFINANCE,1090.800048828125,1098.5,1085.199951171875,1087.0,4225781,-0.0012,0,0.0,0.0,-0.0012,-0.0014,-0.0016,-0.0019,-0.0013999999999999631,-0.0016600000000000221,0.0003974921384015781,0,-0.0034837263091502813,1089.300048828125,0.0021159602834637248,1.0,1,1
2026-08-17,BAJFINANCE,1080.0,1100.4000244140625,1078.800048828125,1089.300048828125,2295675,-0.001,0,0.0,0.0,-0.001,-0.0012,-0.0014,-0.0016,-0.001199999999999963,-0.0014200000000000222,0.00034928498406184395,0,0.0021159602834637248,1094.300048828125,0.004590103530591971,1.0,1,1
2026-08-18,BAJFINANCE,1088.5999755859375,1100.0,1087.5999755859375,1094.300048828125,3374018,-0.0008,0,0.0,0.0,-0.0008,-0.001,-0.0012,-0.0014,-0.000999999999999963,-0.0012000000000000222,0.00031622776616088585,0,0.004590103530591971,1080.199951171875,-0.01288503794854956,0.0,0,1
2026-08-19,BAJFINANCE,1093.9000244140625,1093.9000244140625,1076.4000244140625,1080.199951171875,2877930,-0.0007,0,0.0,0.0,-0.0007,-0.0008,-0.001,-0.0012,-0.0008333333333332963,-0.0010200000000000222,0.00028635642142463177,0,-0.01288503794854956,1095.0,0.013701212272847263,1.0,1,1
2026-08-20,BAJFINANCE,1089.699951171875,1102.300048828125,1086.300048828125,1095.0,6741475,-0.0006,0,0.0,0.0,-0.0006,-0.0007,-0.0008,-0.001,-0.0006999999999999629,-0.0008600000000000222,0.00024083189176505836,0,0.013701212272847263,1095.0,0.0,0.0,0,1
2026-08-21,BAJFINANCE,1105.4000244140625,1105.5,1090.5999755859375,1095.0,3042594,0.4171,1,0.0,0.5256,0.4171,-0.0006,-0.0007,-0.0008,0.13860000000000003,0.08279999999999998,0.18687943974659196,0,0.0,1077.0,-0.016438356164383605,0.0,0,1
2026-08-24,BAJFINANCE,1086.0,1094.9000244140625,1076.9000244140625,1077.0,4342556,0.3545,0,0.0,0.0,0.3545,0.4171,-0.0006,-0.0007,0.25700000000000006,0.15389999999999998,0.2128485964247829,1,-0.016438356164383605,1087.4000244140625,0.009656475779073803,1.0,1,0
2026-08-25,BAJFINANCE,1077.0,1087.4000244140625,1066.300048828125,1087.4000244140625,2770499,0.3014,0,0.0,0.0,0.3014,0.3545,0.4171,-0.0006,0.35766666666666674,0.21433999999999997,0.20048521890653215,0,0.009656475779073803,1085.0,-0.002207121905625997,0.0,0,0
2026-08-26,BAJFINANCE,1083.300048828125,1095.0,1082.4000244140625,1085.0,3234877,0.2562,0,0.0,0.0,0.2562,0.3014,0.3545,0.4171,0.3040333333333334,0.26571999999999996,0.16053646626234216,0,-0.002207121905625997,1083.0,-0.0018433179723502668,0.0,0,0
2026-08-27,BAJFINANCE,1090.0,1107.0,1083.0,1083.0,5220239,0.2177,0,0.0,0.0,0.2177,0.2562,0.3014,0.3545,0.25843333333333335,0.30938,0.07895636136499788,0,-0.0018433179723502668,1079.9000244140625,-0.002862396662915545,0.0,0,0
2026-08-28,BAJFINANCE,1065.699951171875,1081.5,1065.699951171875,1079.9000244140625,4554311,0.1851,0,0.0,0.0,0.1851,0.2177,0.2562,0.3014,0.21966666666666668,0.26298,0.06710727978394089,0,-0.002862396662915545,1057.0,-0.02120568931970135,0.0,0,0
2026-08-31,BAJFINANCE,1069.4000244140625,1073.0,1052.0,1057.0,7002192,-0.8932,1,0.0,0.9056,-0.8932,0.1851,0.2177,0.2562,-0.16346666666666665,0.013439999999999985,0.5086842763443746,0,-0.02120568931970135,1053.9000244140625,-0.0029328056631385824,0.0,0,1
2026-09-01,BAJFINANCE,1065.0,1067.0,1047.0,1053.9000244140625,4813301,-0.7592,0,0.0,0.0,-0.7592,-0.8932,0.1851,0.2177,-0.4890999999999999,-0.19868000000000002,0.5753511771083814,1,-0.0029328056631385824,1055.9000244140625,0.0018977132115656214,1.0,1,1
2026-09-02,BAJFINANCE,1044.199951171875,1061.0,1034.800048828125,1055.9000244140625,6234288,-0.6453,0,0.0,0.0,-0.6453,-0.7592,-0.8932,0.1851,-0.7658999999999999,-0.37898000000000004,0.5371519961798522,0,0.0018977132115656214,1049.0,-0.006534732696773515,0.0,0,1
2026-09-03,BAJFINANCE,1057.0999755859375,1059.699951171875,1043.199951171875,1049.0,6626755,-0.5485,0,0.0,0.0,-0.5485,-0.6453,-0.7592,-0.8932,-0.6509999999999999,-0.53222,0.4211373255839476,0,-0.006534732696773515,1060.5,0.01096282173498575,1.0,1,0
2026-09-04,BAJFINANCE,1050.5999755859375,1063.5999755859375,1049.699951171875,1060.5,5952048,-0.4663,0,0.0,0.0,-0.4663,-0.5485,-0.6453,-0.7592,-0.5533666666666667,-0.6625,0.16908552569631688,0,0.01096282173498575,1060.0,-0.00047147571900052476,0.0,0,0
2026-09-07,BAJFINANCE,1064.0,1070.0,1054.300048828125,1060.0,3586860,0.0276,1,0.0,0.9353,0.0276,-0.4663,-0.5485,-0.6453,-0.3290666666666667,-0.47834000000000004,0.3032328527715951,0,-0.00047147571900052476,1054.0999755859375,-0.005566060767983494,0.0,0,0
2026-09-08,BAJFINANCE,1058.800048828125,1059.5999755859375,1050.0,1054.0999755859375,3608327,0.0235,0,0.0,0.0,0.0235,0.0276,-0.4663,-0.5485,-0.1384,-0.3218,0.323356552430904,1,-0.005566060767983494,1039.300048828125,-0.014040344465035881,0.0,0,1
2026-09-09,BAJFINANCE,1045.0999755859375,1060.0999755859375,1038.5,1039.300048828125,9244698,0.0199,0,0.0,0.0,0.0199,0.0235,0.0276,-0.4663,0.02366666666666667,-0.18876000000000004,0.2923381056242925,0,-0.014040344465035881,1043.5,0.004041134392912538,1.0,1,1
2026-09-10,BAJFINANCE,1042.5,1048.699951171875,1036.5,1043.5,3902988,0.0048,1,0.0,0.9485,0.0048,0.0199,0.0235,0.0276,0.016066666666666667,-0.07810000000000004,0.21718120314612877,0,0.004041134392912538,1034.5,-0.008624820316243453,0.0,0,0
2026-09-11,BAJFINANCE,1031.0,1035.0,1015.0999755859375,1034.5,5411299,0.0041,0,0.0,0.0,0.0041,0.0048,0.0199,0.0235,0.0096,0.015979999999999956,0.01087506321821063,1,-0.008624820316243453,1034.5,0.0,0.0,0,0
2026-09-14,BAJFINANCE,1034.5,1034.5,1034.5,1034.5,0,0.0035,0,0.0,0.0,0.0035,0.0041,0.0048,0.0199,0.0041333333333333335,0.011159999999999956,0.009716377925959661,0,0.0,1009.2000122070312,-0.024456247262415465,0.0,0,0
2026-09-15,BAJFINANCE,1035.0,1038.5999755859375,1005.5,1009.2000122070312,5792124,0.0029,0,0.0,0.0,0.0029,0.0035,0.0041,0.0048,0.0035,0.007039999999999956,0.007223434086366045,0,-0.024456247262415465,1006.2000122070312,-0.0029726515692753974,0.0,0,0
2026-09-16,BAJFINANCE,1010.5,1019.2999877929688,1006.2000122070312,1006.2000122070312,4190272,0.0025,0,0.0,0.0,0.0025,0.0029,0.0035,0.0041,0.0029666666666666665,0.0035599999999999556,0.0009208691546977447,0,-0.0029726515692753974,1015.0,0.008745763949720597,1.0,1,0
2026-09-17,BAJFINANCE,1010.0,1027.9000244140625,1010.0,1015.0,4816547,0.0021,0,0.0,0.0,0.0021,0.0025,0.0029,0.0035,0.0025,0.003019999999999956,0.00079498427662034,0,0.008745763949720597,1040.300048828125,0.024926156480911343,1.0,1,0
2026-09-18,BAJFINANCE,1025.9000244140625,1040.300048828125,1019.0999755859375,1040.300048828125,8201656,0.0018,0,0.0,0.0,0.0018,0.0021,0.0025,0.0029,0.0021333333333333334,0.0025599999999999555,0.0006693280212821042,0,0.024926156480911343,1021.2999877929688,-0.018264020132037317,0.0,0,0
2026-09-21,BAJFINANCE,1035.0,1037.699951171875,1021.2999877929688,1021.2999877929688,4170558,0.0119,1,0.0,0.9471,0.0119,0.0018,0.0021,0.0025,0.005266666666666667,0.004239999999999956,0.004302092514123094,0,-0.018264020132037317,1008.7999877929688,-0.012239302995599277,0.0,0,0
2026-09-22,BAJFINANCE,1025.300048828125,1029.199951171875,1005.0,1008.7999877929688,4581750,0.0101,0,0.0,0.0,0.0101,0.0119,0.0018,0.0021,0.007933333333333334,0.005679999999999956,0.004904283841711696,1,-0.012239302995599277,1043.199951171875,0.03409988480884674,1.0,1,0
2026-09-23,BAJFINANCE,1034.699951171875,1043.199951171875,1022.0,1043.199951171875,8618523,0.0086,0,0.0,0.0,0.0086,0.0101,0.0119,0.0018,0.0102,0.006899999999999955,0.004668511540102994,0,0.03409988480884674,982.0,-0.058665600111585725,0.0,0,0
2026-09-24,BAJFINANCE,1005.0,1015.0,974.0,982.0,13385656,0.0187,1,0.0,0.9183,0.0187,0.0086,0.0101,0.0119,0.012466666666666668,0.010219999999999955,0.0060882674054344825,0,-0.058665600111585725,996.9000244140625,0.015173140951183717,1.0,1,0
2026-09-25,BAJFINANCE,982.0,997.2000122070312,980.2000122070312,996.9000244140625,5467794,-0.0129,1,0.0,0.94,-0.0129,0.0187,0.0086,0.0101,0.004800000000000001,0.007279999999999955,0.011923590063402673,1,0.015173140951183717,985.0,-0.011937028912259118,0.0,0,0
2026-04-02,BHARTIARTL,1743.0630952863276,1777.035567259756,1725.1880814226272,1767.4560546875,10857093,0.0,0,0.0,0.0,0.0,0.0,0.0,0.0,0.0,0.0,0.0,0,0.0,1770.5177001953125,0.0017322328890116978,1.0,1,0
2026-04-06,BHARTIARTL,1789.577752073109,1791.7504810506462,1741.4830827290216,1770.5177001953125,8183498,0.0,0,0.0,0.0,0.0,0.0,0.0,0.0,0.0,0.0,0.0,0,0.0017322328890116978,1807.5516357421875,0.020917009495465377,1.0,1,0
2026-04-07,BHARTIARTL,1765.8760583054745,1817.1310282677834,1749.9761859187568,1807.5516357421875,10057628,0.0,0,0.0,0.0,0.0,0.0,0.0,0.0,0.0,0.0,0.0,0,0.020917009495465377,1838.4625244140625,0.017100971314262248,1.0,1,0
2026-04-08,BHARTIARTL,1840.8327194080457,1848.2395034185392,1817.3284765934955,1838.4625244140625,11587604,0.0,0,0.0,0.0,0.0,0.0,0.0,0.0,0.0,0.0,0.0,0,0.017100971314262248,1836.2899169921875,-0.001181752357213517,0.0,0,0
2026-04-09,BHARTIARTL,1846.6594146125253,1846.6594146125253,1823.155171785176,1836.2899169921875,10113053,0.0,0,0.0,0.0,0.0,0.0,0.0,0.0,0.0,0.0,0.0,0,-0.001181752357213517,1846.758056640625,0.005700700935930669,1.0,1,0
2026-04-10,BHARTIARTL,1844.7829143340575,1851.3008598351064,1836.783612103083,1846.758056640625,5857988,0.0,0,0.0,0.0,0.0,0.0,0.0,0.0,0.0,0.0,0.0,0,0.005700700935930669,1847.64697265625,0.0004813386422919397,1.0,1,0
2026-04-13,BHARTIARTL,1815.1558562332882,1870.1635235681833,1815.1558562332882,1847.64697265625,10371983,0.0,0,0.0,0.0,0.0,0.0,0.0,0.0,0.0,0.0,0.0,0,0.0004813386422919397,1832.6357421875,-0.008124512253100624,0.0,0,0
2026-04-15,BHARTIARTL,1857.127555027025,1867.398319138862,1830.561866874802,1832.6357421875,11049107,0.0,0,0.0,0.0,0.0,0.0,0.0,0.0,0.0,0.0,0.0,0,-0.008124512253100624,1817.7235107421875,-0.008137040603340417,0.0,0,0
2026-04-16,BHARTIARTL,1840.338915135399,1841.7215389139549,1800.5397479015621,1817.7235107421875,15871247,0.0,0,0.0,0.0,0.0,0.0,0.0,0.0,0.0,0.0,0.0,0,-0.008137040603340417,1823.9451904296875,0.00342278660683637,1.0,1,0
2026-04-17,BHARTIARTL,1814.266944888646,1828.389260627552,1806.958894230423,1823.9451904296875,7344787,0.0,0,0.0,0.0,0.0,0.0,0.0,0.0,0.0,0.0,0.0,0,0.00342278660683637,1823.1551513671875,-0.00043314846665643003,0.0,0,0
2026-04-20,BHARTIARTL,1841.8202709853854,1841.8202709853854,1816.3408860395123,1823.1551513671875,9243641,0.0,0,0.0,0.0,0.0,0.0,0.0,0.0,0.0,0.0,0.0,0,-0.00043314846665643003,1831.944580078125,0.004820998752819383,1.0,1,0
2026-04-21,BHARTIARTL,1807.2553000231637,1845.6718438993087,1807.2553000231637,1831.944580078125,10485373,0.0,0,0.0,0.0,0.0,0.0,0.0,0.0,0.0,0.0,0.0,0,0.004820998752819383,1806.2677001953125,-0.014016188132567553,0.0,0,0
2026-04-22,BHARTIARTL,1827.2041611288694,1834.808531597159,1802.6137350263361,1806.2677001953125,5687058,0.0,0,0.0,0.0,0.0,0.0,0.0,0.0,0.0,0.0,0.0,0,-0.014016188132567553,1818.3160400390625,0.006670295794165559,1.0,1,0
2026-04-23,BHARTIARTL,1799.1572552561386,1823.056430006809,1789.577742311552,1818.3160400390625,7489947,0.0,0,0.0,0.0,0.0,0.0,0.0,0.0,0.0,0.0,0.0,0,0.006670295794165559,1791.9478759765625,-0.014501419710257646,0.0,0,0
2026-04-24,BHARTIARTL,1822.0687964600484,1827.6979038701402,1784.8374118213812,1791.9478759765625,6306448,0.0,0,0.0,0.0,0.0,0.0,0.0,0.0,0.0,0.0,0.0,0,-0.014501419710257646,1797.478271484375,0.0030862479773852147,1.0,1,0
2026-04-27,BHARTIARTL,1793.5279867844245,1805.675160458021,1791.4541114275748,1797.478271484375,4413769,0.0,0,0.0,0.0,0.0,0.0,0.0,0.0,0.0,0.0,0.0,0,0.0030862479773852147,1820.8837890625,0.013021307656084558,1.0,1,0
2026-04-28,BHARTIARTL,1803.304973845387,1828.981824513503,1790.071495928887,1820.8837890625,10558455,0.8261,1,0.0,0.883,0.8261,0.0,0.0,0.0,0.27536666666666665,0.16521999999999998,0.36944315124251526,0,0.013021307656084558,1864.6331787109375,0.024026458970762832,1.0,1,0
2026-04-29,BHARTIARTL,1825.03159727464,1876.7803528231393,1822.4639362375847,1864.6331787109375,7713013,0.7022,0,0.0,0.0,0.7022,0.8261,0.0,0.0,0.5094333333333333,0.30566,0.420828311785222,1,0.024026458970762832,1863.349365234375,-0.0006885072577385021,0.0,0,1
2026-04-30,BHARTIARTL,1836.8824091819024,1882.310683817584,1836.8824091819024,1863.349365234375,12709188,0.5969,0,0.0,0.0,0.5969,0.7022,0.8261,0.0,0.7084,0.42504,0.3963964719822819,0,-0.0006885072577385021,1863.349365234375,0.0,0.0,0,0
2026-05-01,BHARTIARTL,1863.349365234375,1863.349365234375,1863.349365234375,1863.349365234375,0,0.5073,0,0.0,0.0,0.5073,0.5969,0.7022,0.8261,0.6021333333333333,0.5265,0.3174735028313386,0,0.0,1804.3912353515625,-0.03164094237121051,0.0,0,1
2026-05-04,BHARTIARTL,1849.9182415409805,1871.7436605351234,1799.0583269975498,1804.3912353515625,10707858,0.4312,0,0.0,0.0,0.4312,0.5073,0.5969,0.7022,0.5118,0.61274,0.1564056041195455,0,-0.03164094237121051,1783.65234375,-0.011493567024294382,0.0,0,0
2026-05-05,BHARTIARTL,1805.280177426069,1823.0564592606802,1778.6157546741522,1783.65234375,11407461,0.3665,0,0.0,0.0,0.3665,0.4312,0.5073,0.5969,0.435,0.5208200000000001,0.13296246462817984,0,-0.011493567024294382,1810.9091796875,0.015281473451375982,1.0,1,1
2026-05-06,BHARTIARTL,1794.416789611275,1818.6122829219387,1791.2566101348034,1810.9091796875,5507749,0.3116,0,0.0,0.0,0.3116,0.3665,0.4312,0.5073,0.36976666666666663,0.4427,0.11300077433362996,0,0.015281473451375982,1803.8974609375,-0.003871932854860205,0.0,0,0
2026-05-07,BHARTIARTL,1812.1930828114023,1820.9824902664523,1798.5645525504826,1803.8974609375,7914845,0.2648,0,0.0,0.0,0.2648,0.3116,0.3665,0.4312,0.31429999999999997,0.37628,0.09603305160203934,0,-0.003871932854860205,1811.6993408203125,0.004325012952098639,1.0,1,0
2026-05-08,BHARTIARTL,1797.379558622496,1817.9210875137167,1792.6391687081764,1811.6993408203125,4839183,0.2251,0,0.0,0.0,0.2251,0.2648,0.3116,0.3665,0.26716666666666666,0.31984,0.08162593337904282,0,0.004325012952098639,1737.9278564453125,-0.04071949617291204,0.0,0,0
2026-05-11,BHARTIARTL,1791.4541675863443,1797.1821288020824,1734.1750376414666,1737.9278564453125,15803791,0.1913,0,0.0,0.0,0.1913,0.2251,0.2648,0.3116,0.22706666666666667,0.27186000000000005,0.06939425768750555,0,-0.04071949617291204,1734.965087890625,-0.0017047707381522281,0.0,0,0
2026-05-12,BHARTIARTL,1729.7309124435978,1754.4201918104775,1729.7309124435978,1734.965087890625,11945399,-0.945,1,0.0,0.9548,-0.945,0.1913,0.2251,0.2648,-0.1762,0.009560000000000013,0.5355014780558498,0,-0.0017047707381522281,1766.9622802734375,0.018442556917219965,1.0,1,1
2026-05-13,BHARTIARTL,1718.8676127570984,1775.652954747063,1718.8676127570984,1766.9622802734375,9825413,-0.8368,2,0.17889801564019653,0.90795,-0.8368,-0.945,0.1913,0.2251,-0.5301666666666667,-0.22012,0.6140805948733438,1,0.018442556917219965,1860.09033203125,0.05270517248585582,1.0,1,1
2026-05-14,BHARTIARTL,1797.3795616123573,1865.7194395798856,1774.9617438728374,1860.09033203125,21279151,0.0342,1,0.0,0.931,0.0342,-0.8368,-0.945,0.1913,-0.5825333333333333,-0.26624,0.5760373017435587,2,0.05270517248585582,1881.7181396484375,0.011627288871271846,1.0,1,1
2026-05-15,BHARTIARTL,1859.7939872467946,1899.0006351989316,1857.0288602905885,1881.7181396484375,15807294,0.0291,0,0.0,0.0,0.0291,0.0342,-0.8368,-0.945,-0.2578333333333333,-0.30544000000000004,0.5397692590357474,1,0.011627288871271846,1914.01171875,0.017161751497807076,1.0,1,0
2026-05-18,BHARTIARTL,1881.1256701194588,1929.5166589230141,1866.904620727789,1914.01171875,13888648,0.0247,0,0.0,0.0,0.0247,0.0291,0.0342,-0.8368,0.029333333333333333,-0.33876,0.5054933461480968,0,0.017161751497807076,1889.7174072265625,-0.012692875015051452,0.0,0,0
2026-05-19,BHARTIARTL,1904.432241563304,1917.8631851758478,1884.0882998579534,1889.7174072265625,8962228,0.021,0,0.0,0.0,0.021,0.0247,0.0291,0.0342,0.024933333333333335,-0.14556,0.38644637791031206,0,-0.012692875015051452,1881.224365234375,-0.004494345006141542,0.0,0,0
2026-05-20,BHARTIARTL,1890.2112388633832,1890.2112388633832,1874.1137804052098,1881.224365234375,5778742,-0.6476,1,0.0,0.6835,-0.6476,0.021,0.0247,0.0291,-0.20063333333333333,-0.10772,0.3018423876793975,0,-0.004494345006141542,1861.8680419921875,-0.010289215683093711,0.0,0,0
2026-05-21,BHARTIARTL,1887.248573752857,1891.4951781578525,1857.423971567338,1861.8680419921875,6419014,-0.5505,0,0.0,0.0,-0.5505,-0.6476,0.021,0.0247,-0.3923666666666667,-0.22466,0.34350157641559614,1,-0.010289215683093711,1848.1407470703125,-0.007372861347996973,0.0,0,1
2026-05-22,BHARTIARTL,1867.7934378406026,1873.0274928100464,1846.0668716841888,1848.1407470703125,5099120,-0.4679,0,0.0,0.0,-0.4679,-0.5505,-0.6476,0.021,-0.5553333333333333,-0.32405999999999996,0.323010484349966,0,-0.007372861347996973,1851.49853515625,0.0018168465206236384,1.0,1,1
2026-05-25,BHARTIARTL,1868.9784971860931,1868.9784971860931,1839.9438797770422,1851.49853515625,5903841,-0.3977,0,0.0,0.0,-0.3977,-0.4679,-0.5505,-0.6476,-0.4720333333333333,-0.40854,0.2576082549143167,0,0.0018168465206236384,1823.9451904296875,-0.014881645436590762,0.0,0,0
2026-05-26,BHARTIARTL,1850.7083446217582,1850.7083446217582,1821.8713151146414,1823.9451904296875,5803034,-0.3381,0,0.0,0.0,-0.3381,-0.3977,-0.4679,-0.5505,-0.40123333333333333,-0.48035999999999995,0.12259146789234376,0,-0.014881645436590762,1829.1793212890625,0.002869675518123449,1.0,1,1
2026-05-27,BHARTIARTL,1817.5260535063592,1846.1656181947292,1817.5260535063592,1829.1793212890625,8653155,-0.2873,0,0.0,0.0,-0.2873,-0.3381,-0.3977,-0.4679,-0.3410333333333333,-0.4083,0.1042285949248074,0,0.002869675518123449,1829.1793212890625,0.0,0.0,0,0
2026-05-28,BHARTIARTL,1829.1793212890625,1829.1793212890625,1829.1793212890625,1829.1793212890625,0,-0.2442,0,0.0,0.0,-0.2442,-0.2873,-0.3381,-0.3977,-0.28986666666666666,-0.34704,0.0885980135217467,0,0.0,1806.2677001953125,-0.012525628748964679,0.0,0,1
2026-05-29,BHARTIARTL,1836.8824069782838,1836.8824069782838,1795.8982027365641,1806.2677001953125,52886264,-0.2076,0,0.0,0.0,-0.2076,-0.2442,-0.2873,-0.3381,-0.24636666666666665,-0.29498,0.07530535837508263,0,-0.012525628748964679,1788.0963134765625,-0.010060184720562249,0.0,0,1
2026-06-01,BHARTIARTL,1807.255218040733,1819.1060719295247,1781.4796349432352,1788.0963134765625,6391656,-0.1765,0,0.0,0.0,-0.1765,-0.2076,-0.2442,-0.2873,-0.20943333333333333,-0.25074,0.06399963281144386,0,-0.010060184720562249,1791.651611328125,0.0019883145134671487,1.0,1,1
2026-06-02,BHARTIARTL,1762.8145806943191,1802.3174284409706,1755.3090637330802,1791.651611328125,10791294,-0.15,0,0.0,0.0,-0.15,-0.1765,-0.2076,-0.2442,-0.17803333333333335,-0.21311999999999998,0.054369725031488375,0,0.0019883145134671487,1801.4285888671875,0.005456963550974692,1.0,1,1
2026-06-03,BHARTIARTL,1807.1565500072857,1812.686924576928,1782.4672701846632,1801.4285888671875,5832363,-0.1275,0,0.0,0.0,-0.1275,-0.15,-0.1765,-0.2076,-0.15133333333333335,-0.18116,0.04622004976197735,0,0.005456963550974692,1796.293212890625,-0.002850724146546302,0.0,0,1
2026-06-04,BHARTIARTL,1792.4416612434447,1807.057762680342,1776.0480040446246,1796.293212890625,6735759,-0.1084,0,0.0,0.0,-0.1084,-0.1275,-0.15,-0.1765,-0.12863333333333332,-0.154,0.03929637387851033,0,-0.002850724146546302,1775.8504638671875,-0.01138051899140713,0.0,0,1
2026-06-05,BHARTIARTL,1802.2186869457869,1805.0826675045578,1768.443679949568,1775.8504638671875,3926715,-0.0921,0,0.0,0.0,-0.0921,-0.1084,-0.1275,-0.15,-0.10933333333333334,-0.1309,0.03341938060466824,0,-0.01138051899140713,1790.7628173828125,0.008397302486354175,1.0,1,1
2026-06-08,BHARTIARTL,1753.0375270605523,1797.478228881691,1748.9885094496947,1790.7628173828125,6324919,0.0559,1,0.0,0.9198,0.0559,-0.0921,-0.1084,-0.1275,-0.0482,-0.08442000000000001,0.08136391706401365,0,0.008397302486354175,1776.6405029296875,-0.00788620040356025,0.0,0,1
2026-06-09,BHARTIARTL,1814.1682067158622,1814.1682067158622,1766.9622574162158,1776.6405029296875,10377475,0.8718,1,0.0,0.8944,0.8718,0.0559,-0.0921,-0.1084,0.27853333333333335,0.11994,0.4265328979105829,1,-0.00788620040356025,1753.1363525390625,-0.013229547762682703,0.0,0,0
2026-06-10,BHARTIARTL,1776.6405954077302,1785.232416658435,1748.9886017048862,1753.1363525390625,7999362,0.9064,1,0.0,0.9157,0.9064,0.8718,0.0559,-0.0921,0.6113666666666666,0.32672,0.517499803864697,1,-0.013229547762682703,1760.4443359375,0.004168519686362782,1.0,1,1
2026-06-11,BHARTIARTL,1750.9636768570203,1773.6778136690402,1746.61833961714,1760.4443359375,5020731,0.7704,0,0.0,0.0,0.7704,0.9064,0.8718,0.0559,0.8495333333333334,0.50248,0.48069970563752157,1,0.004168519686362782,1799.8485107421875,0.022383084770302153,1.0,1,1
2026-06-12,BHARTIARTL,1761.8270195687587,1802.3174387404622,1761.8270195687587,1799.8485107421875,5910557,0.6549,0,0.0,0.0,0.6549,0.7704,0.9064,0.8718,0.7772333333333333,0.65188,0.34727277031175346,0,0.022383084770302153,1818.3160400390625,0.010260602037701405,1.0,1,1
2026-06-15,BHARTIARTL,1818.118574020875,1833.9197131758635,1793.4292940912053,1818.3160400390625,5307277,0.5566,0,0.0,0.0,0.5566,0.6549,0.7704,0.9064,0.6606333333333333,0.75202,0.14674768141268835,0,0.010260602037701405,1829.9693603515625,0.006408853057386921,1.0,1,1
2026-06-16,BHARTIARTL,1817.3284012762938,1836.0922533252306,1814.365687794883,1829.9693603515625,5957732,0.4731,0,0.0,0.0,0.4731,0.5566,0.6549,0.7704,0.5615333333333333,0.67228,0.17160733375937018,0,0.006408853057386921,1852.38720703125,0.012250394550529897,1.0,1,0
2026-06-17,BHARTIARTL,1829.9693895521034,1854.6586689578253,1818.6123210254714,1852.38720703125,7653632,0.4022,0,0.0,0.0,0.4022,0.4731,0.5566,0.6549,0.47730000000000006,0.5714400000000001,0.14584564786101736,0,0.012250394550529897,1851.49853515625,-0.00047974412240958664,0.0,0,0
2026-06-18,BHARTIARTL,1855.448819958757,1855.448819958757,1838.6601095481026,1851.49853515625,4262944,0.3418,0,0.0,0.0,0.3418,0.4022,0.4731,0.5566,0.4057,0.48572000000000004,0.12398958423996706,0,-0.00047974412240958664,1887.051025390625,0.019202008297227513,1.0,1,1
2026-06-19,BHARTIARTL,1851.0046779619659,1893.6677039576514,1843.9928262662233,1887.051025390625,15918432,0.2906,0,0.0,0.0,0.2906,0.3418,0.4022,0.4731,0.34486666666666665,0.41286000000000006,0.10535738227575651,0,0.019202008297227513,1892.7789306640625,0.003035373816800746,1.0,1,0
2026-06-22,BHARTIARTL,1891.9889460389197,1900.5807672252354,1877.372844112846,1892.7789306640625,3798060,0.247,0,0.0,0.0,0.247,0.2906,0.3418,0.4022,0.29313333333333336,0.35094000000000003,0.0895525432358004,0,0.003035373816800746,1877.96533203125,-0.007826375490990523,0.0,0,0
2026-06-23,BHARTIARTL,1883.890759112051,1903.74091572211,1873.1262091379713,1877.96533203125,5155908,0.2099,0,0.0,0.0,0.2099,0.247,0.2906,0.3418,0.24916666666666668,0.2983,0.0761462408789817,0,-0.007826375490990523,1853.9674072265625,-0.012778683607929442,0.0,0,0
2026-06-24,BHARTIARTL,1867.694550058648,1870.5585305646887,1849.6220699642718,1853.9674072265625,8957457,0.1784,0,0.0,0.0,0.1784,0.2099,0.247,0.2906,0.21176666666666666,0.25354,0.0647234733307778,0,-0.012778683607929442,1827.6978759765625,-0.014169359799748538,0.0,0,0
2026-06-25,BHARTIARTL,1861.5716145852227,1865.521899178507,1825.031482097343,1827.6978759765625,8521503,0.0489,2,0.058972705550958064,0.90375,0.0489,0.1784,0.2099,0.247,0.14573333333333335,0.19496000000000002,0.09176891085765326,0,-0.014169359799748538,1827.6978759765625,0.0,0.0,0,0
2026-06-26,BHARTIARTL,1827.6978759765625,1827.6978759765625,1827.6978759765625,1827.6978759765625,0,0.0416,0,0.0,0.0,0.0416,0.0489,0.1784,0.2099,0.08963333333333334,0.14516,0.0944169105616145,2,0.0,1818.21728515625,-0.005187176143785166,0.0,0,0
2026-06-29,BHARTIARTL,1814.2670004150261,1826.809226800286,1810.316715673802,1818.21728515625,10940130,0.0353,0,0.0,0.0,0.0353,0.0416,0.0489,0.1784,0.04193333333333333,0.10282,0.08425062017575845,0,-0.005187176143785166,1828.9818115234375,0.005920374014188434,1.0,1,1
2026-06-30,BHARTIARTL,1829.9693826959665,1853.276038257023,1820.2911369839348,1828.9818115234375,7233634,0.03,0,0.0,0.0,0.03,0.0353,0.0416,0.0489,0.03563333333333333,0.06684000000000001,0.06276243303123231,0,0.005920374014188434,1847.7457275390625,0.010259214114324955,1.0,1,0
2026-07-01,BHARTIARTL,1822.661394780927,1863.546866844581,1822.661394780927,1847.7457275390625,4307333,0.0255,0,0.0,0.0,0.0255,0.03,0.0353,0.0416,0.030266666666666664,0.03626,0.009275936610387385,0,0.010259214114324955,1851.6959228515625,0.002137845729326182,1.0,1,0
2026-07-02,BHARTIARTL,1837.6724606170815,1860.3865972707272,1827.2041098907312,1851.6959228515625,5282404,0.0217,0,0.0,0.0,0.0217,0.0255,0.03,0.0353,0.02573333333333333,0.030819999999999997,0.007880799451827574,0,0.002137845729326182,1886.656005859375,0.01888003455447196,1.0,1,0
2026-07-03,BHARTIARTL,1866.5095296823379,1889.2236668160383,1861.5716737837074,1886.656005859375,5087043,0.0184,0,0.0,0.0,0.0184,0.0217,0.0255,0.03,0.021866666666666663,0.02618,0.006686329336783112,0,0.01888003455447196,1901.7657470703125,0.00800874200914814,1.0,1,1
2026-07-06,BHARTIARTL,1892.9764601311326,1908.6787452356762,1891.7913023994834,1901.7657470703125,2740217,0.0157,0,0.0,0.0,0.0157,0.0184,0.0217,0.0255,0.018600000000000002,0.02226,0.005671243249934451,0,0.00800874200914814,1901.8646240234375,5.199218319984489e-05,1.0,1,0
2026-07-07,BHARTIARTL,1899.5931620913436,1932.1830109860744,1893.1739494302603,1901.8646240234375,5767438,0.0133,0,0.0,0.0,0.0133,0.0157,0.0184,0.0217,0.015799999999999998,0.01892,0.004828250200634548,0,5.199218319984489e-05,1864.6331787109375,-0.0195762857367503,0.0,0,0
2026-07-08,BHARTIARTL,1887.2485835453665,1900.284475304649,1851.7947529725336,1864.6331787109375,6188780,-0.3573,1,0.0,0.584,-0.3573,0.0133,0.0157,0.0184,-0.10943333333333334,-0.057640000000000004,0.1675442269969334,0,-0.0195762857367503,1907.0986328125,0.02277415986500886,1.0,1,0
2026-07-09,BHARTIARTL,1878.360336320119,1941.564890223635,1875.2001568461908,1907.0986328125,11145066,-0.3037,0,0.0,0.0,-0.3037,-0.3573,0.0133,0.0157,-0.21589999999999998,-0.12272000000000001,0.1906291740526616,1,0.02277415986500886,1896.53173828125,-0.005540822246653532,0.0,0,0
2026-07-10,BHARTIARTL,1906.0123975990975,1906.0123975990975,1882.310689027917,1896.53173828125,6420887,-0.2581,0,0.0,0.0,-0.2581,-0.3037,-0.3573,0.0133,-0.3063666666666667,-0.17802,0.17922079120459197,0,-0.005540822246653532,1878.1629638671875,-0.009685455847266433,0.0,0,1
2026-07-13,BHARTIARTL,1890.2112843339596,1893.1739979457682,1873.1262542846123,1878.1629638671875,7862506,0.0131,1,0.0,0.9522,0.0131,-0.2581,-0.3037,-0.3573,-0.18289999999999998,-0.17854,0.17852060945448275,0,-0.009685455847266433,1912.431640625,0.018245848425874733,1.0,1,0
2026-07-14,BHARTIARTL,1861.5717235105217,1916.9744440624643,1861.5717235105217,1912.431640625,6964062,0.0111,0,0.0,0.0,0.0111,0.0131,-0.2581,-0.3037,-0.07796666666666667,-0.17898,0.17793131258999906,1,0.018245848425874733,1894.4578857421875,-0.009398377699366245,0.0,0,0
2026-07-15,BHARTIARTL,1929.417809863854,1929.417809863854,1892.7789423662703,1894.4578857421875,5763065,0.0095,0,0.0,0.0,0.0095,0.0111,0.0131,-0.2581,0.011233333333333333,-0.10562000000000002,0.16082323215257163,0,-0.009398377699366245,1897.914306640625,0.0018244907550866163,1.0,1,1
2026-07-16,BHARTIARTL,1904.037199621479,1911.9377689145142,1893.1739168435556,1897.914306640625,4644787,0.008,0,0.0,0.0,0.008,0.0095,0.0111,0.0131,0.009533333333333333,-0.04328,0.12010296415992382,0,0.0018244907550866163,1885.075927734375,-0.0067644671107276455,0.0,0,0
2026-07-17,BHARTIARTL,1894.1615344227657,1901.2719987394955,1879.0516470583107,1885.075927734375,4715613,0.0068,0,0.0,0.0,0.0068,0.008,0.0095,0.0111,0.008100000000000001,0.0097,0.002492990172450954,0,-0.0067644671107276455,1915.98681640625,0.016397688929711274,1.0,1,0
2026-07-20,BHARTIARTL,1877.570273509941,1918.3570113416981,1877.570273509941,1915.98681640625,6437294,0.0457,1,0.0,0.9318,0.0457,0.0068,0.008,0.0095,0.020166666666666666,0.016220000000000002,0.01655859293538966,0,0.016397688929711274,1924.1837158203125,0.0042781606553208285,1.0,1,0
2026-07-21,BHARTIARTL,1922.208573455593,1927.7389479661829,1914.6042030195495,1924.1837158203125,5061312,0.0388,0,0.0,0.0,0.0388,0.0457,0.0068,0.008,0.03043333333333333,0.02176,0.01888737673685617,1,0.0042781606553208285,1924.7762451171875,0.0003079380061286052,1.0,1,1
2026-07-22,BHARTIARTL,1918.2582993880105,1931.6892434321287,1915.3943188326245,1924.7762451171875,6589708,0.033,0,0.0,0.0,0.033,0.0388,0.0457,0.0068,0.03916666666666666,0.02646,0.017975761458139547,0,0.0003079380061286052,1907.0,-0.009235486546700034,0.0,0,1
2026-07-23,BHARTIARTL,1923.7887105126877,1924.6775487092787,1901.864677946781,1907.0,5612121,0.0281,0,0.0,0.0,0.0281,0.033,0.0388,0.0457,0.0333,0.03048,0.014778599392362413,0,-0.009235486546700034,1898.199951171875,-0.004614603475681656,0.0,0,0
2026-07-24,BHARTIARTL,1900.199951171875,1905.0,1878.0,1898.199951171875,4483600,0.0239,0,0.0,0.0,0.0239,0.0281,0.033,0.0388,0.028333333333333335,0.0339,0.00862699252346577,0,-0.004614603475681656,1905.300048828125,0.0037404371714722107,1.0,1,0
2026-07-27,BHARTIARTL,1892.0,1917.0,1890.0,1905.300048828125,5230299,0.0203,0,0.0,0.0,0.0203,0.0239,0.0281,0.033,0.0241,0.028820000000000002,0.00732099719983111,0,0.0037404371714722107,1901.800048828125,-0.00183698100577534,0.0,0,1
2026-07-28,BHARTIARTL,1901.0,1908.4000244140625,1892.4000244140625,1901.800048828125,6309089,0.0172,0,0.0,0.0,0.0172,0.0203,0.0239,0.0281,0.020466666666666664,0.0245,0.006254998001593241,0,-0.00183698100577534,1950.199951171875,0.02544952208491824,1.0,1,0
2026-07-29,BHARTIARTL,1915.199951171875,1957.0,1913.0999755859375,1950.199951171875,6315728,0.0147,0,0.0,0.0,0.0147,0.0172,0.0203,0.0239,0.0174,0.020839999999999997,0.0053224054712071546,0,0.02544952208491824,1956.800048828125,0.003384318439903611,1.0,1,0
2026-07-30,BHARTIARTL,1954.0,1963.199951171875,1943.9000244140625,1956.800048828125,5356472,0.0125,0,0.0,0.0,0.0125,0.0147,0.0172,0.0203,0.014799999999999999,0.017720000000000003,0.004513535199811364,0,0.003384318439903611,1972.0,0.007767758990489426,1.0,1,0
2026-07-31,BHARTIARTL,1969.0,1976.4000244140625,1947.4000244140625,1972.0,6529385,0.0106,0,0.0,0.0,0.0106,0.0125,0.0147,0.0172,0.0126,0.01506,0.0038279237191898826,0,0.007767758990489426,1970.5,-0.0007606490872210658,0.0,0,1
2026-08-03,BHARTIARTL,1987.4000244140625,1987.4000244140625,1943.0,1970.5,4361200,0.54325,2,0.5567051688281688,0.8887,0.5432,0.0106,0.0125,0.0147,0.18876666666666667,0.11964000000000001,0.2367900610245285,0,-0.0007606490872210658,1970.0999755859375,-0.000203006553698315,0.0,0,0
2026-08-04,BHARTIARTL,1980.0,1980.0,1936.0,1970.0999755859375,4977391,0.815525,4,0.18425463133030517,0.89105,0.8155,0.5432,0.0106,0.0125,0.4564333333333333,0.2793,0.37767338402381484,2,-0.000203006553698315,1978.0,0.004009961175555521,1.0,1,0
2026-08-05,BHARTIARTL,2020.0,2031.0,1951.800048828125,1978.0,14286999,0.0819,1,0.0,0.6615,0.0819,0.8155,0.5432,0.0106,0.4802,0.29274000000000006,0.36694658058087953,4,0.004009961175555521,1948.0,-0.015166835187057637,0.0,0,0
2026-08-06,BHARTIARTL,1969.0,1970.0,1944.300048828125,1948.0,5391645,0.0696,0,0.0,0.0,0.0696,0.0819,0.8155,0.5432,0.3223333333333333,0.30416,0.35679268910671347,1,-0.015166835187057637,1959.9000244140625,0.006108842101674838,1.0,1,1
2026-08-07,BHARTIARTL,1938.300048828125,1961.0,1938.300048828125,1959.9000244140625,3019876,-0.2309,1,0.0,0.6913,-0.2309,0.0696,0.0819,0.8155,-0.026466666666666666,0.25586000000000003,0.4176276367770695,0,0.006108842101674838,1943.0,-0.008622901272280492,0.0,0,1
2026-08-10,BHARTIARTL,1955.0,1959.0,1935.0,1943.0,3671000,-0.1963,0,0.0,0.0,-0.1963,-0.2309,0.0696,0.0819,-0.11920000000000001,0.10796000000000001,0.4213560584588762,1,-0.008622901272280492,1915.199951171875,-0.014307796617666013,0.0,0,1
2026-08-11,BHARTIARTL,1934.800048828125,1938.300048828125,1914.4000244140625,1915.199951171875,6798617,-0.1668,0,0.0,0.0,-0.1668,-0.1963,-0.2309,0.0696,-0.19799999999999998,-0.0885,0.1517079925382967,0,-0.014307796617666013,1945.0,0.015559758556745518,1.0,1,1
2026-08-12,BHARTIARTL,1908.5999755859375,1945.0,1901.300048828125,1945.0,10871157,-0.1418,0,0.0,0.0,-0.1418,-0.1668,-0.1963,-0.2309,-0.1683,-0.13324,0.11817111745261566,0,0.015559758556745518,1939.0999755859375,-0.003033431575353518,0.0,0,1
2026-08-13,BHARTIARTL,1965.0,1970.0,1930.5,1939.0999755859375,13019222,-0.1205,0,0.0,0.0,-0.1205,-0.1418,-0.1668,-0.1963,-0.14303333333333332,-0.17126,0.043727256945752725,0,-0.003033431575353518,1992.0999755859375,0.027332267890924467,1.0,1,1
2026-08-14,BHARTIARTL,1939.0999755859375,2005.800048828125,1932.0,1992.0999755859375,12282580,0.92,1,0.0,0.9471,0.92,-0.1205,-0.1418,-0.1668,0.21923333333333336,0.058920000000000014,0.48218917138401185,0,0.027332267890924467,1969.300048828125,-0.011445171947811694,0.0,0,1
2026-08-17,BHARTIARTL,1984.199951171875,1993.199951171875,1969.300048828125,1969.300048828125,5537411,0.782,0,0.0,0.0,0.782,0.92,-0.1205,-0.1418,0.5271666666666667,0.25458000000000003,0.5468818080719087,1,-0.011445171947811694,1934.199951171875,-0.017823641286728753,0.0,0,1
2026-08-18,BHARTIARTL,1956.699951171875,1959.699951171875,1923.199951171875,1934.199951171875,6710275,0.6647,0,0.0,0.0,0.6647,0.782,0.92,-0.1205,0.7888999999999999,0.42088000000000003,0.5120248304525865,0,-0.017823641286728753,1922.0,-0.006307492234442158,0.0,0,1
2026-08-19,BHARTIARTL,1924.800048828125,1941.800048828125,1922.0,1922.0,6252338,0.565,0,0.0,0.0,0.565,0.6647,0.782,0.92,0.6705666666666666,0.56224,0.40401926067948796,0,-0.006307492234442158,1941.699951171875,0.010249714449466651,1.0,1,1
2026-08-20,BHARTIARTL,1944.0,1952.199951171875,1933.0,1941.699951171875,4390604,0.4802,0,0.0,0.0,0.4802,0.565,0.6647,0.782,0.5699666666666666,0.68238,0.1741800849695511,0,0.010249714449466651,1946.0,0.002214579459369981,1.0,1,1
2026-08-21,BHARTIARTL,1950.0,1954.9000244140625,1940.5,1946.0,3016258,0.0667,1,0.0,0.8553,0.0667,0.4802,0.565,0.6647,0.3706333333333333,0.51172,0.2730976144165305,0,0.002214579459369981,1935.0,-0.00565262076053441,0.0,0,0
2026-08-24,BHARTIARTL,1950.0,1952.5,1932.5,1935.0,2277098,0.0567,0,0.0,0.0,0.0567,0.0667,0.4802,0.565,0.20120000000000002,0.36666,0.2859672760999061,1,-0.00565262076053441,1947.0,0.006201550387596955,1.0,1,1
2026-08-25,BHARTIARTL,1926.0,1947.0,1923.4000244140625,1947.0,3820206,0.0482,0,0.0,0.0,0.0482,0.0567,0.0667,0.4802,0.0572,0.24336000000000002,0.2567506630955408,0,0.006201550387596955,1902.0999755859375,-0.023061132210612456,0.0,0,1
2026-08-26,BHARTIARTL,1933.5,1942.9000244140625,1902.0999755859375,1902.0999755859375,4552921,0.041,0,0.0,0.0,0.041,0.0482,0.0567,0.0667,0.048633333333333334,0.13856000000000002,0.19122348966588773,0,-0.023061132210612456,1878.300048828125,-0.012512447854104547,0.0,0,1
2026-08-27,BHARTIARTL,1915.0,1915.0,1878.300048828125,1878.300048828125,8757645,0.0348,0,0.0,0.0,0.0348,0.041,0.0482,0.0567,0.04133333333333333,0.049480000000000024,0.012626440511872434,0,-0.012512447854104547,1882.4000244140625,0.002182811840150567,1.0,1,1
2026-08-28,BHARTIARTL,1875.699951171875,1894.300048828125,1867.5999755859375,1882.4000244140625,6106300,0.0296,0,0.0,0.0,0.0296,0.0348,0.041,0.0482,0.035133333333333336,0.04206000000000003,0.010736759287599382,0,0.002182811840150567,1811.9000244140625,-0.03745218820954099,0.0,0,0
2026-08-31,BHARTIARTL,1880.0,1895.5,1811.9000244140625,1811.9000244140625,16921326,-0.8206,1,0.0,0.8353,-0.8206,0.0296,0.0348,0.041,-0.25206666666666666,-0.13339999999999996,0.3842193383993052,0,-0.03745218820954099,1877.199951171875,0.036039475621139516,1.0,1,0
2026-09-01,BHARTIARTL,1852.0,1877.199951171875,1848.5,1877.199951171875,9900740,0.0276,1,0.0,0.9117,0.0276,-0.8206,0.0296,0.0348,-0.2544666666666667,-0.13751999999999998,0.38188858584670976,1,0.036039475621139516,1862.800048828125,-0.007670947537986361,0.0,0,0
2026-09-02,BHARTIARTL,1869.0,1873.0,1854.9000244140625,1862.800048828125,4125938,0.0235,0,0.0,0.0,0.0235,0.0276,-0.8206,0.0296,-0.2565,-0.14101999999999998,0.37991853337261633,1,-0.007670947537986361,1869.0,0.003328296655229046,1.0,1,0
2026-09-03,BHARTIARTL,1855.5999755859375,1869.0,1855.5999755859375,1869.0,3700992,0.0199,0,0.0,0.0,0.0199,0.0235,0.0276,-0.8206,0.02366666666666667,-0.14399999999999996,0.37824943489713214,0,0.003328296655229046,1840.0,-0.015516318887105363,0.0,0,1
2026-09-04,BHARTIARTL,1868.0999755859375,1870.699951171875,1840.0,1840.0,3614328,0.0169,0,0.0,0.0,0.0169,0.0199,0.0235,0.0276,0.0201,-0.14653999999999995,0.3768322345553785,0,-0.015516318887105363,1854.0,0.007608695652173925,1.0,1,0
2026-09-07,BHARTIARTL,1845.0,1855.5,1830.4000244140625,1854.0,5972458,0.0144,0,0.0,0.0,0.0144,0.0169,0.0199,0.0235,0.017066666666666664,0.020460000000000044,0.005242423103857883,0,0.007608695652173925,1844.0,-0.005393743257820938,0.0,0,0
2026-09-08,BHARTIARTL,1846.199951171875,1848.800048828125,1829.0,1844.0,4169706,0.0122,0,0.0,0.0,0.0122,0.0144,0.0169,0.0199,0.014499999999999999,0.017380000000000045,0.004465086785255393,0,-0.005393743257820938,1814.699951171875,-0.01588939741221529,0.0,0,0
2026-09-09,BHARTIARTL,1830.5,1834.800048828125,1813.0,1814.699951171875,5574027,0.0104,0,0.0,0.0,0.0104,0.0122,0.0144,0.0169,0.012333333333333333,0.014760000000000046,0.0037647045036578726,0,-0.01588939741221529,1839.0,0.013390670348799372,1.0,1,1
2026-09-10,BHARTIARTL,1815.0999755859375,1849.0,1814.0,1839.0,4588126,0.0088,0,0.0,0.0,0.0088,0.0104,0.0122,0.0144,0.010466666666666666,0.012540000000000046,0.0032074912314551166,0,0.013390670348799372,1831.0999755859375,-0.004295826217543541,0.0,0,0
2026-09-11,BHARTIARTL,1832.0,1852.0,1830.5,1831.0999755859375,4181325,0.0075,0,0.0,0.0,0.0075,0.0088,0.0104,0.0122,0.0089,0.010660000000000044,0.0027327641683579512,0,-0.004295826217543541,1831.0999755859375,0.0,0.0,0,0
2026-09-14,BHARTIARTL,1831.0999755859375,1831.0999755859375,1831.0999755859375,1831.0999755859375,0,0.0064,0,0.0,0.0,0.0064,0.0075,0.0088,0.0104,0.007566666666666667,0.009060000000000045,0.0023039097204232725,0,0.0,1830.4000244140625,-0.0003822572121716661,0.0,0,0
2026-09-15,BHARTIARTL,1844.0,1844.0,1819.5999755859375,1830.4000244140625,4066471,0.6787,1,0.0,0.6895,0.6787,0.0064,0.0075,0.0088,0.23086666666666666,0.14236000000000004,0.2998268883872824,0,-0.0003822572121716661,1835.0,0.0025130985164896202,1.0,1,1
2026-09-16,BHARTIARTL,1835.800048828125,1838.0,1818.5999755859375,1835.0,2925053,0.5769,0,0.0,0.0,0.5769,0.6787,0.0064,0.0075,0.4206666666666667,0.25566000000000005,0.34161812451917695,1,0.0025130985164896202,1836.0,0.0005449591280652921,1.0,1,0
2026-09-17,BHARTIARTL,1841.800048828125,1845.9000244140625,1827.5999755859375,1836.0,4368285,0.4904,0,0.0,0.0,0.4904,0.5769,0.6787,0.0064,0.582,0.35198,0.3219421795913047,0,0.0005449591280652921,1893.300048828125,0.031209176921636717,1.0,1,0
2026-09-18,BHARTIARTL,1843.0,1893.300048828125,1835.300048828125,1893.300048828125,14189780,0.09675,2,0.10811662684342312,0.8637,0.0968,0.4904,0.5769,0.6787,0.3880333333333333,0.36984000000000006,0.2997676316749357,0,0.031209176921636717,1830.199951171875,-0.03332810227058647,0.0,0,0
2026-09-21,BHARTIARTL,1854.800048828125,1854.800048828125,1822.0,1830.199951171875,9716580,0.0309,1,0.0,0.9434,0.0309,0.0968,0.4904,0.5769,0.20603333333333332,0.3747400000000001,0.29245263377169284,2,-0.03332810227058647,1817.199951171875,-0.007103049036623621,0.0,0,0
2026-09-22,BHARTIARTL,1833.9000244140625,1836.300048828125,1813.0,1817.199951171875,4134236,0.0263,0,0.0,0.0,0.0263,0.0309,0.0968,0.4904,0.051333333333333335,0.24426000000000006,0.26739847232173913,1,-0.007103049036623621,1833.199951171875,0.008804754804049963,1.0,1,1
2026-09-23,BHARTIARTL,1818.0999755859375,1836.699951171875,1818.0,1833.199951171875,3698253,0.0223,0,0.0,0.0,0.0223,0.0263,0.0309,0.0968,0.0265,0.13334000000000004,0.20193341229226994,0,0.008804754804049963,1795.800048828125,-0.020401431016754068,0.0,0,1
2026-09-24,BHARTIARTL,1829.699951171875,1829.9000244140625,1795.800048828125,1795.800048828125,4567379,-0.9651,1,0.0,0.9718,-0.9651,0.0223,0.0263,0.0309,-0.3055,-0.15775999999999996,0.45235244887145226,0,-0.020401431016754068,1785.4000244140625,-0.005791304227243499,0.0,0,0
2026-09-25,BHARTIARTL,1794.0,1801.699951171875,1785.0,1785.4000244140625,4766200,-0.48985,2,0.6677209334744568,0.95245,-0.4898,-0.9651,0.0223,0.0263,-0.4775333333333333,-0.27508,0.4458477340976399,1,-0.005791304227243499,1771.4000244140625,-0.00784137997566936,0.0,0,1
2026-04-02,HCLTECH,1308.3390820367895,1372.2505708873946,1302.7055032991818,1361.9547119140625,6509389,0.2977,1,0.0,0.6034,0.2977,0.0,0.0,0.0,0.2977,0.2977,0.0,0,0.0,1363.023193359375,0.0007845205394612087,1.0,1,0
2026-04-06,HCLTECH,1356.9039655583058,1381.4778643297457,1354.0871762758024,1363.023193359375,2134581,0.253,0,0.0,0.0,0.253,0.2977,0.0,0.0,0.27535,0.27535,0.03160767311903867,1,0.0007845205394612087,1400.223876953125,0.02729277372167327,1.0,1,0
2026-04-07,HCLTECH,1351.0761971608322,1404.98326325891,1348.2594078315547,1400.223876953125,3459049,0.2151,0,0.0,0.0,0.2151,0.253,0.2977,0.0,0.2552666666666667,0.2552666666666667,0.041346624207223154,0,0.02729277372167327,1419.067138671875,0.013457320667715544,1.0,1,0
2026-04-08,HCLTECH,1408.2857488059858,1423.9236312751325,1390.8023754342585,1419.067138671875,4239052,0.1828,0,0.0,0.0,0.1828,0.2151,0.253,0.2977,0.21696666666666667,0.23715,0.04952322687386191,0,0.013457320667715544,1422.855224609375,0.002669419814093743,1.0,1,0
2026-04-09,HCLTECH,1417.0274334936837,1426.837524825088,1394.784673688786,1422.855224609375,3101205,0.1554,0,0.0,0.0,0.1554,0.1828,0.2151,0.253,0.18443333333333334,0.22080000000000002,0.056356233018185285,0,0.002669419814093743,1409.5484619140625,-0.009352155064803358,0.0,0,0
2026-04-10,HCLTECH,1410.3255482102886,1415.7647965837057,1380.312398161064,1409.5484619140625,3450066,-0.3534,1,0.0,0.522,-0.3534,0.1554,0.1828,0.2151,-0.005066666666666664,0.09058,0.25085348711947375,0,-0.009352155064803358,1388.3741455078125,-0.015022056338167222,0.0,0,0
2026-04-13,HCLTECH,1399.6411847669165,1406.2460622119338,1376.8156692623902,1388.3741455078125,2252652,-0.3004,0,0.0,0.0,-0.3004,-0.3534,0.1554,0.1828,-0.16613333333333333,-0.020099999999999996,0.281489200503323,1,-0.015022056338167222,1409.6455078125,0.015321059077275878,1.0,1,0
2026-04-15,HCLTECH,1403.526280064429,1432.5681278427714,1395.8529984877596,1409.6455078125,3993858,-0.2553,0,0.0,0.0,-0.2553,-0.3004,-0.3534,0.1554,-0.3030333333333333,-0.11417999999999999,0.26109837609606074,0,0.015321059077275878,1408.5770263671875,-0.0007579788247404906,0.0,0,1
2026-04-16,HCLTECH,1418.0957990201716,1426.5460484780597,1393.9104428440883,1408.5770263671875,5229848,-0.217,0,0.0,0.0,-0.217,-0.2553,-0.3004,-0.3534,-0.25756666666666667,-0.19414,0.20192589729898433,0,-0.0007579788247404906,1400.90380859375,-0.005447496040189792,0.0,0,1
2026-04-17,HCLTECH,1401.8751070484177,1416.1531469053489,1388.9567901746564,1400.90380859375,3319268,-0.1845,0,0.0,0.0,-0.1845,-0.217,-0.2553,-0.3004,-0.21893333333333334,-0.26212,0.06690401333253448,0,-0.005447496040189792,1387.3056640625,-0.009706693955597201,0.0,0,1
2026-04-20,HCLTECH,1404.400493568223,1410.228284438359,1383.129033178886,1387.3056640625,2352656,-0.1568,0,0.0,0.0,-0.1568,-0.1845,-0.217,-0.2553,-0.18610000000000002,-0.22280000000000003,0.056865059570882025,0,-0.009706693955597201,1399.8353271484375,0.009031652800469692,1.0,1,1
2026-04-21,HCLTECH,1388.9568315587173,1413.2392936489045,1381.5749867966422,1399.8353271484375,3091487,-0.1333,0,0.0,0.0,-0.1333,-0.1568,-0.1845,-0.217,-0.1582,-0.18938000000000002,0.04831808150164874,0,0.009031652800469692,1248.4100341796875,-0.10817364730836876,0.0,0,1
2026-04-22,HCLTECH,1306.3965083504145,1319.0233891002697,1244.2334031203575,1248.4100341796875,33066256,-0.4385,2,0.6607205763407099,0.9208000000000001,-0.4385,-0.1333,-0.1568,-0.1845,-0.24286666666666668,-0.22601999999999997,0.12282246130085475,0,-0.10817364730836876,1240.9310302734375,-0.005990823288411273,0.0,0,0
2026-04-23,HCLTECH,1252.9751562640483,1257.15178754495,1235.4917819905966,1240.9310302734375,8304759,-0.3727,0,0.0,0.0,-0.3727,-0.4385,-0.1333,-0.1568,-0.3148333333333333,-0.25716,0.13867821746763243,2,-0.005990823288411273,1191.040283203125,-0.0402042868243202,0.0,0,1
2026-04-24,HCLTECH,1251.6218619302792,1252.0178436546378,1185.9918485183598,1191.040283203125,10903519,-0.3168,0,0.0,0.0,-0.3168,-0.3727,-0.4385,-0.1333,-0.37600000000000006,-0.28362000000000004,0.13388744153205687,0,-0.0402042868243202,1215.78759765625,0.020777898784893223,1.0,1,1
2026-04-27,HCLTECH,1196.7816837673115,1219.549242680999,1188.8625328408116,1215.78759765625,6066942,-0.2693,0,0.0,0.0,-0.2693,-0.3168,-0.3727,-0.4385,-0.3196,-0.30612,0.11542734511371185,0,0.020777898784893223,1183.9130859375,-0.02621717130541268,0.0,0,0
2026-04-28,HCLTECH,1215.4907250223948,1220.2421431663045,1180.2505268992788,1183.9130859375,6643295,-0.2289,0,0.0,0.0,-0.2289,-0.2693,-0.3168,-0.3727,-0.27166666666666667,-0.32524000000000003,0.08300932477740035,0,-0.02621717130541268,1188.0706787109375,0.003511738169652334,1.0,1,1
2026-04-29,HCLTECH,1187.8727482542276,1198.5636513231816,1180.0525618275544,1188.0706787109375,4777201,-0.1946,0,0.0,0.0,-0.1946,-0.2289,-0.2693,-0.3168,-0.23093333333333332,-0.27646,0.0705402934499138,0,0.003511738169652334,1186.9818115234375,-0.0009165003454857379,0.0,0,1
2026-04-30,HCLTECH,1187.8727402459547,1201.4342390290972,1172.0344370426753,1186.9818115234375,5070033,-0.1654,0,0.0,0.0,-0.1654,-0.1946,-0.2289,-0.2693,-0.1963,-0.23499999999999996,0.05996094562296337,0,-0.0009165003454857379,1186.9818115234375,0.0,0.0,0,1
2026-05-01,HCLTECH,1186.9818115234375,1186.9818115234375,1186.9818115234375,1186.9818115234375,0,-0.1406,0,0.0,0.0,-0.1406,-0.1654,-0.1946,-0.2289,-0.16686666666666664,-0.19976,0.050970805369348275,0,0.0,1188.36767578125,0.0011675530697761172,1.0,1,1
2026-05-04,HCLTECH,1195.7918803363182,1201.2362970100348,1179.359665088433,1188.36767578125,3318673,-0.1195,0,0.0,0.0,-0.1195,-0.1406,-0.1654,-0.1946,-0.14183333333333334,-0.1698,0.04332995499651478,0,0.0011675530697761172,1188.0706787109375,-0.00024992018578529063,0.0,0,1
2026-05-05,HCLTECH,1187.8727482542276,1193.2181997887046,1177.9738086854425,1188.0706787109375,2459953,-0.1016,0,0.0,0.0,-0.1016,-0.1195,-0.1406,-0.1654,-0.12056666666666667,-0.14433999999999997,0.03683514626005993,0,-0.00024992018578529063,1177.0828857421875,-0.009248433755365326,0.0,0,1
2026-05-06,HCLTECH,1195.7919057864779,1199.751481633453,1174.4102203801453,1177.0828857421875,3541520,-0.0863,0,0.0,0.0,-0.0863,-0.1016,-0.1195,-0.1406,-0.10246666666666666,-0.12267999999999998,0.031321350545594547,0,-0.009248433755365326,1171.4404296875,-0.004793592807298186,0.0,0,1
2026-05-07,HCLTECH,1182.9231744098379,1183.913068279637,1169.1636254523005,1171.4404296875,3725309,-0.0734,0,0.0,0.0,-0.0734,-0.0863,-0.1016,-0.1195,-0.0871,-0.10428,0.026621551419855748,0,-0.004793592807298186,1186.2889404296875,0.012675429638490998,1.0,1,1
2026-05-08,HCLTECH,1167.8769370248579,1190.644498001188,1164.90725515838,1186.2889404296875,2813749,-0.0624,0,0.0,0.0,-0.0624,-0.0734,-0.0863,-0.1016,-0.07403333333333334,-0.08864,0.02261952696234008,0,0.012675429638490998,1182.82421875,-0.0029206389452072212,0.0,0,1
2026-05-11,HCLTECH,1184.804006505599,1194.1090331242458,1179.0625736796997,1182.82421875,2505962,-0.053,0,0.0,0.0,-0.053,-0.0624,-0.0734,-0.0863,-0.06293333333333334,-0.07533999999999999,0.01923533207407752,0,-0.0029206389452072212,1134.220458984375,-0.041091278818241594,0.0,0,1
2026-05-12,HCLTECH,1171.0444630813495,1172.0343569639203,1131.0527260581548,1134.220458984375,3959561,-0.5366,1,0.0,0.58,-0.5366,-0.053,-0.0624,-0.0734,-0.2173333333333333,-0.16233999999999998,0.2095866121678577,0,-0.041091278818241594,1131.646728515625,-0.0022691624440054348,0.0,0,1
2026-05-13,HCLTECH,1134.7154964657793,1142.931543844691,1125.6083995174693,1131.646728515625,2635034,-0.4561,0,0.0,0.0,-0.4561,-0.5366,-0.053,-0.0624,-0.34856666666666664,-0.2363,0.23920108695405204,1,-0.0022691624440054348,1112.6407470703125,-0.016794977590084637,0.0,0,1
2026-05-14,HCLTECH,1127.4891556166244,1131.6466616749285,1092.2489568340422,1112.6407470703125,5837032,-0.3877,0,0.0,0.0,-0.3877,-0.4561,-0.5366,-0.053,-0.4601333333333333,-0.29916,0.22665904570521764,0,-0.016794977590084637,1121.15380859375,0.007651222145021341,1.0,1,1
2026-05-15,HCLTECH,1110.5619921830983,1140.3577744488487,1110.4630269602867,1121.15380859375,3729249,-0.3295,0,0.0,0.0,-0.3295,-0.3877,-0.4561,-0.5366,-0.3911,-0.35258,0.18445462043548794,0,0.007651222145021341,1135.0123291015625,0.012360944949377783,1.0,1,1
2026-05-18,HCLTECH,1117.5902205133277,1137.8830455979364,1110.0670509907557,1135.0123291015625,2588569,-0.2801,0,0.0,0.0,-0.2801,-0.3295,-0.3877,-0.4561,-0.33243333333333336,-0.39799999999999996,0.1015927162743467,0,0.012360944949377783,1167.48095703125,0.028606409901633878,1.0,1,0
2026-05-19,HCLTECH,1144.3174142705511,1186.1899769855322,1140.6548549643858,1167.48095703125,5756760,-0.2381,0,0.0,0.0,-0.2381,-0.2801,-0.3295,-0.3877,-0.2825666666666667,-0.3383,0.08634512146033459,0,0.028606409901633878,1157.9779052734375,-0.008139791660480289,0.0,0,1
2026-05-20,HCLTECH,1154.4141906480702,1169.0646683575774,1150.652666418684,1157.9779052734375,1415960,-0.2024,0,0.0,0.0,-0.2024,-0.2381,-0.2801,-0.3295,-0.2402,-0.28756,0.07338452152872534,0,-0.008139791660480289,1156.39404296875,-0.0013677828371979617,0.0,0,1
2026-05-21,HCLTECH,1161.8384595944722,1168.6687518922563,1151.4445733090024,1156.39404296875,2245247,-0.172,0,0.0,0.0,-0.172,-0.2024,-0.2381,-0.2801,-0.2041666666666667,-0.24442,0.06237376852491733,0,-0.0013677828371979617,1152.236572265625,-0.0035952024557751594,0.0,0,1
2026-05-22,HCLTECH,1158.0769708112805,1164.1152998147552,1148.1780311870052,1152.236572265625,2044782,-0.1462,0,0.0,0.0,-0.1462,-0.172,-0.2024,-0.2381,-0.17353333333333332,-0.20776,0.05303473390147234,0,-0.0035952024557751594,1153.9193115234375,0.0014604112543519232,1.0,1,1
2026-05-25,HCLTECH,1156.1961159082641,1166.0950552567938,1150.3557175252993,1153.9193115234375,1419803,-0.1243,0,0.0,0.0,-0.1243,-0.1462,-0.172,-0.2024,-0.1475,-0.1766,0.04507909715156228,0,0.0014604112543519232,1150.15771484375,-0.0032598437708103445,0.0,0,1
2026-05-26,HCLTECH,1153.9192390579726,1161.838390039478,1148.2768923183116,1150.15771484375,1196820,-0.1056,0,0.0,0.0,-0.1056,-0.1243,-0.1462,-0.172,-0.12536666666666665,-0.15009999999999998,0.038327535793473595,0,-0.0032598437708103445,1153.42431640625,0.0028401335924124194,1.0,1,1
2026-05-27,HCLTECH,1143.6244635296307,1157.9779249858127,1142.0405366306575,1153.42431640625,1004168,-0.0898,0,0.0,0.0,-0.0898,-0.1056,-0.1243,-0.1462,-0.10656666666666666,-0.12758,0.032561664576615364,0,0.0028401335924124194,1153.42431640625,0.0,0.0,0,1
2026-05-28,HCLTECH,1153.42431640625,1153.42431640625,1153.42431640625,1153.42431640625,0,-0.0763,0,0.0,0.0,-0.0763,-0.0898,-0.1056,-0.1243,-0.09056666666666667,-0.10844000000000001,0.027685068177629883,0,0.0,1171.83642578125,0.015962997409632473,1.0,1,1
2026-05-29,HCLTECH,1168.0747806951965,1179.6564907792917,1165.1050990493613,1171.83642578125,12446602,-0.0649,0,0.0,0.0,-0.0649,-0.0763,-0.0898,-0.1056,-0.077,-0.09218,0.023525666834332683,0,0.015962997409632473,1183.022216796875,0.009545522540116869,1.0,1,1
2026-06-01,HCLTECH,1178.072747125031,1200.5434119372007,1178.072747125031,1183.022216796875,5970435,-0.0551,0,0.0,0.0,-0.0551,-0.0649,-0.0763,-0.0898,-0.06543333333333333,-0.07834,0.019995824564144043,0,0.009545522540116869,1230.93310546875,0.04049872267115773,1.0,1,1
2026-06-02,HCLTECH,1197.7716587190891,1244.2966735618968,1190.0504377083842,1230.93310546875,7663067,-0.0469,0,0.0,0.0,-0.0469,-0.0551,-0.0649,-0.0763,-0.05563333333333333,-0.0666,0.016996764397967955,0,0.04049872267115773,1167.0849609375,-0.05186971107332117,0.0,0,1
2026-06-03,HCLTECH,1216.3817277239782,1217.5695521230916,1164.907242593571,1167.0849609375,4800922,-0.0398,0,0.0,0.0,-0.0398,-0.0469,-0.0551,-0.0649,-0.04726666666666667,-0.056600000000000004,0.014453027364536294,0,-0.05186971107332117,1156.4931640625,-0.009075429149983938,0.0,0,1
2026-06-04,HCLTECH,1154.6123413674918,1164.610246215695,1146.4951383776315,1156.4931640625,2025595,-0.0339,0,0.0,0.0,-0.0339,-0.0398,-0.0469,-0.0551,-0.04019999999999999,-0.048119999999999996,0.01228014657893131,0,-0.009075429149983938,1143.0303955078125,-0.011641027351511402,0.0,0,1
2026-06-05,HCLTECH,1167.0848647183482,1170.5494932395648,1135.4082610957976,1143.0303955078125,1971395,-0.0288,0,0.0,0.0,-0.0288,-0.0339,-0.0398,-0.0469,-0.034166666666666665,-0.040900000000000006,0.010419452960690464,0,-0.011641027351511402,1139.6649169921875,-0.002944347349686849,0.0,0,1
2026-06-08,HCLTECH,1130.3598899886003,1147.2870518319028,1120.856932535927,1139.6649169921875,1546444,-0.0245,0,0.0,0.0,-0.0245,-0.0288,-0.0339,-0.0398,-0.029066666666666668,-0.03478,0.008864366869666646,0,-0.002944347349686849,1134.7154541015625,-0.004342910637003428,0.0,0,1
2026-06-09,HCLTECH,1146.9900420972515,1147.2870586092952,1124.9154800807084,1134.7154541015625,2225582,-0.0208,0,0.0,0.0,-0.0208,-0.0245,-0.0288,-0.0339,-0.0247,-0.029559999999999996,0.007526818717097264,0,-0.004342910637003428,1120.658935546875,-0.012387703458059507,0.0,0,1
2026-06-10,HCLTECH,1129.2710855592654,1140.3578496517691,1118.5801823841139,1120.658935546875,1600595,-0.0177,0,0.0,0.0,-0.0177,-0.0208,-0.0245,-0.0288,-0.021,-0.025139999999999996,0.006417398226699618,0,-0.012387703458059507,1098.980224609375,-0.019344610790901218,0.0,0,0
2026-06-11,HCLTECH,1101.6530107998524,1102.7418699870848,1078.4894679990384,1098.980224609375,3435236,-0.9001,1,0.0,0.9191,-0.9001,-0.0177,-0.0208,-0.0245,-0.3128666666666667,-0.19838,0.3922953313512665,0,-0.019344610790901218,1098.38623046875,-0.0005404957498995611,0.0,0,0
2026-06-12,HCLTECH,1108.6811510385824,1111.155885750722,1089.3782202838927,1098.38623046875,2203987,-0.7651,0,0.0,0.0,-0.7651,-0.9001,-0.0177,-0.0208,-0.5609666666666667,-0.34564,0.4470931536044809,1,-0.0005404957498995611,1107.98828125,0.008741962084823474,1.0,1,0
2026-06-15,HCLTECH,1112.1457872602355,1116.6003097726264,1101.7519013979902,1107.98828125,2361006,-0.6503,0,0.0,0.0,-0.6503,-0.7651,-0.9001,-0.0177,-0.7718333333333334,-0.4708,0.4215835741581969,0,0.008741962084823474,1147.2869873046875,0.03546852139117562,1.0,1,1
2026-06-16,HCLTECH,1129.4688977693256,1150.1577036749375,1126.0042692485608,1147.2869873046875,8343470,-0.0021,1,0.0,0.949,-0.0021,-0.6503,-0.7651,-0.9001,-0.4725,-0.46706000000000003,0.4266264736276922,0,0.03546852139117562,1155.00830078125,0.006730062802073666,1.0,1,0
2026-06-17,HCLTECH,1157.1860191207213,1161.7395070902196,1147.58409621033,1155.00830078125,2263670,-0.0018,0,0.0,0.0,-0.0018,-0.0021,-0.6503,-0.7651,-0.21806666666666666,-0.46387999999999996,0.4308516241120601,1,0.006730062802073666,1150.058837890625,-0.004285218458843221,0.0,0,0
2026-06-18,HCLTECH,1140.3578288590681,1156.9880955312617,1124.6184909080034,1150.058837890625,3368037,-0.9454,1,0.0,0.9577,-0.9454,-0.0018,-0.0021,-0.6503,-0.31643333333333334,-0.47294,0.442632943871104,0,-0.004285218458843221,1120.262939453125,-0.025908151353499442,0.0,0,0
2026-06-19,HCLTECH,1098.7822889851088,1124.5195317901655,1080.370285607286,1120.262939453125,10014063,-0.8036,0,0.0,0.0,-0.8036,-0.9454,-0.0018,-0.0021,-0.5836,-0.48064,0.44927102399331287,1,-0.025908151353499442,1119.0750732421875,-0.0010603458965779966,0.0,0,0
2026-06-22,HCLTECH,1124.519489786046,1137.0910941981099,1115.6104445324595,1119.0750732421875,2312385,-0.6831,0,0.0,0.0,-0.6831,-0.8036,-0.9454,-0.0018,-0.8107000000000001,-0.48719999999999997,0.45259479117638984,0,-0.0010603458965779966,1098.287353515625,-0.018575804451024247,0.0,0,0
2026-06-23,HCLTECH,1110.2650463176826,1114.4226734702142,1094.3277776579753,1098.287353515625,3235632,-0.9613,1,0.0,0.9709,-0.9613,-0.6831,-0.8036,-0.9454,-0.816,-0.67904,0.395222738465286,0,-0.018575804451024247,1102.642822265625,0.0039656914340842064,1.0,1,1
2026-06-24,HCLTECH,1086.5075036113628,1110.1659916215428,1082.1519463516245,1102.642822265625,3503015,-0.8171,0,0.0,0.0,-0.8171,-0.9613,-0.6831,-0.8036,-0.8205,-0.8421000000000001,0.11431073877812076,1,0.0039656914340842064,1089.576171875,-0.011850301953425513,0.0,0,0
2026-06-25,HCLTECH,1121.5497933111187,1122.0447402631537,1086.4085597166397,1089.576171875,5877425,0.0125,1,0.0,0.9454,0.0125,-0.8171,-0.9613,-0.6831,-0.5886333333333335,-0.65052,0.38354385929121565,0,-0.011850301953425513,1089.576171875,0.0,0.0,0,0
2026-06-26,HCLTECH,1089.576171875,1089.576171875,1089.576171875,1089.576171875,0,0.0106,0,0.0,0.0,0.0106,0.0125,-0.8171,-0.9613,-0.26466666666666666,-0.48768,0.46623100711986104,1,0.0,1091.259033203125,0.0015445100320330418,1.0,1,0
2026-06-29,HCLTECH,1084.5277065108403,1097.0994312395699,1075.0247494674097,1091.259033203125,5186504,0.009,0,0.0,0.0,0.009,0.0106,0.0125,-0.8171,0.010700000000000001,-0.34926,0.49552673288128457,0,0.0015445100320330418,1060.9683837890625,-0.027757524558721602,0.0,0,0
2026-06-30,HCLTECH,1091.35807971494,1094.5256920198099,1057.8006506475288,1060.9683837890625,3794233,0.0077,0,0.0,0.0,0.0077,0.009,0.0106,0.0125,0.009099999999999999,-0.15546000000000001,0.369872360416401,0,-0.027757524558721602,1023.7482299804688,-0.03508130343683613,0.0,0,0
2026-07-01,HCLTECH,1059.1864801751997,1065.6207905687872,1019.5907239069678,1023.7482299804688,3819777,0.0065,0,0.0,0.0,0.0065,0.0077,0.009,0.0106,0.007733333333333334,0.009260000000000001,0.002367065694080712,0,-0.03508130343683613,1067.20458984375,0.04244828815392454,1.0,1,0
2026-07-02,HCLTECH,1038.3987015097157,1071.956128900288,1037.408807609325,1067.20458984375,3726609,0.0055,0,0.0,0.0,0.0055,0.0065,0.0077,0.009,0.006566666666666666,0.007859999999999999,0.0020156884680161504,0,0.04244828815392454,1127.4891357421875,0.056488274574665986,1.0,1,1
2026-07-03,HCLTECH,1115.7093743357589,1147.2870134549564,1103.8306477080976,1127.4891357421875,12768463,0.9019,1,0.0,0.9361,0.9019,0.0055,0.0065,0.0077,0.30463333333333337,0.18612,0.4001353296073719,0,0.056488274574665986,1122.7376708984375,-0.004214200113442534,0.0,0,1
2026-07-06,HCLTECH,1133.4285739039879,1136.2992905292433,1114.6205888348386,1122.7376708984375,2747815,0.7666,0,0.0,0.0,0.7666,0.9019,0.0055,0.0065,0.5579999999999999,0.33764,0.45585828719021904,1,-0.004214200113442534,1156.39404296875,0.029977057813852515,1.0,1,1
2026-07-07,HCLTECH,1123.529612762691,1163.1253700406712,1122.5397188307415,1156.39404296875,5179529,0.6516,0,0.0,0.0,0.6516,0.7666,0.9019,0.0055,0.7733666666666666,0.46641999999999995,0.42953933114442533,0,0.029977057813852515,1134.0224609375,-0.01934598519187858,0.0,0,0
2026-07-08,HCLTECH,1153.2264273281507,1164.6102075120768,1130.1618504469234,1134.0224609375,3091794,0.5539,0,0.0,0.0,0.5539,0.6516,0.7666,0.9019,0.6573666666666667,0.5759,0.3443156763785238,0,-0.01934598519187858,1138.77392578125,0.004189921282354403,1.0,1,1
2026-07-09,HCLTECH,1132.5375461008239,1150.1577052219316,1109.6710220003508,1138.77392578125,2033525,-0.5027,1,0.0,0.5772,-0.5027,0.5539,0.6516,0.7666,0.2342666666666666,0.47425999999999996,0.5613781016391718,0,0.004189921282354403,1152.33544921875,0.011908881236630142,1.0,1,1
2026-07-10,HCLTECH,1161.1455289767832,1179.4585658788042,1141.8425981881667,1152.33544921875,3979475,-0.9522,1,0.0,0.9647,-0.9522,-0.5027,0.5539,0.6516,-0.3003333333333334,0.10343999999999995,0.7786135581917387,1,0.011908881236630142,1208.8583984375,0.04905077706068228,1.0,1,1
2026-07-13,HCLTECH,1150.2567271120654,1224.4987706003656,1150.2567271120654,1208.8583984375,9028077,0.59408,10,0.3460352544659768,0.8373100000000001,0.5941,-0.9522,-0.5027,0.5539,-0.2869333333333334,0.06893999999999996,0.7449783708269658,1,0.04905077706068228,1154.9091796875,-0.044628236706409585,0.0,0,1
2026-07-14,HCLTECH,1187.8726953172163,1196.88070575604,1152.2365144577,1154.9091796875,9754723,-0.5524625000000001,8,0.44036929611893444,0.8604875,-0.5525,0.5941,-0.9522,-0.5027,-0.3035333333333334,-0.17188000000000003,0.7029748800632922,10,-0.044628236706409585,1156.196044921875,0.001114256650659895,1.0,1,1
2026-07-15,HCLTECH,1145.3072123070285,1169.6585774419905,1132.9335388810666,1156.196044921875,3253196,-0.4696,0,0.0,0.0,-0.4696,-0.5525,0.5941,-0.9522,-0.1426666666666667,-0.37658,0.57642537851833,8,0.001114256650659895,1175.4000244140625,0.01660962219731954,1.0,1,1
2026-07-16,HCLTECH,1163.521297781958,1191.8322387544756,1162.8282995597583,1175.4000244140625,5147444,-0.3992,0,0.0,0.0,-0.3992,-0.4696,-0.5525,0.5941,-0.47376666666666667,-0.35588000000000003,0.5726097772479963,0,0.01660962219731954,1203.9000244140625,0.024247064325362055,1.0,1,1
2026-07-17,HCLTECH,1197.800048828125,1223.5,1195.800048828125,1203.9000244140625,5037972,-0.3393,0,0.0,0.0,-0.3393,-0.3992,-0.4696,-0.5525,-0.4027,-0.2333,0.469328216709799,0,0.024247064325362055,1221.300048828125,0.014453047646154182,1.0,1,1
2026-07-20,HCLTECH,1205.0,1224.699951171875,1200.0999755859375,1221.300048828125,3612829,-0.2884,0,0.0,0.0,-0.2884,-0.3393,-0.3992,-0.4696,-0.3423,-0.4098,0.1045943354106713,0,0.014453047646154182,1239.5,0.014902112866808093,1.0,1,0
2026-07-21,HCLTECH,1219.0,1240.699951171875,1217.199951171875,1239.5,4642320,-0.2451,0,0.0,0.0,-0.2451,-0.2884,-0.3393,-0.3992,-0.2909333333333333,-0.34831999999999996,0.08891533613499998,0,0.014902112866808093,1237.300048828125,-0.0017748698441911737,0.0,0,1
2026-07-22,HCLTECH,1243.800048828125,1243.800048828125,1227.699951171875,1237.300048828125,2377718,-0.2084,0,0.0,0.0,-0.2084,-0.2451,-0.2884,-0.3393,-0.2473,-0.29608,0.07557682845952227,0,-0.0017748698441911737,1244.699951171875,0.005980685405095221,1.0,1,1
2026-07-23,HCLTECH,1236.0,1248.800048828125,1228.800048828125,1244.699951171875,1878476,-0.1771,0,0.0,0.0,-0.1771,-0.2084,-0.2451,-0.2884,-0.21020000000000003,-0.25166,0.06423443780403214,0,0.005980685405095221,1271.0,0.02112962951702846,1.0,1,1
2026-07-24,HCLTECH,1237.0,1276.0,1236.5999755859375,1271.0,3674904,0.1142,1,0.0,0.8496,0.1142,-0.1771,-0.2084,-0.2451,-0.09043333333333335,-0.16096,0.15933029529879153,0,0.02112962951702846,1295.9000244140625,0.019590892536634597,1.0,1,1
2026-07-27,HCLTECH,1284.5999755859375,1303.0,1277.300048828125,1295.9000244140625,3847049,0.0971,0,0.0,0.0,0.0971,0.1142,-0.1771,-0.2084,0.011399999999999999,-0.08385999999999999,0.1747687987027437,1,0.019590892536634597,1318.5999755859375,0.01751674569351036,1.0,1,1
2026-07-28,HCLTECH,1301.0,1342.0,1301.0,1318.5999755859375,5187064,0.0825,0,0.0,0.0,0.0825,0.0971,0.1142,-0.1771,0.09793333333333333,-0.018340000000000002,0.159991790414384,0,0.01751674569351036,1344.300048828125,0.019490424479014168,1.0,1,0
2026-07-29,HCLTECH,1344.0,1352.699951171875,1323.199951171875,1344.300048828125,3061520,0.0701,0,0.0,0.0,0.0701,0.0825,0.0971,0.1142,0.08323333333333334,0.03736,0.12101226384131569,0,0.019490424479014168,1352.699951171875,0.006248532350402458,1.0,1,0
2026-07-30,HCLTECH,1349.0,1369.9000244140625,1345.5999755859375,1352.699951171875,3747919,0.0596,0,0.0,0.0,0.0596,0.0701,0.0825,0.0971,0.07073333333333333,0.0847,0.021633423215021142,0,0.006248532350402458,1346.9000244140625,-0.004287666864176254,0.0,0,0
2026-07-31,HCLTECH,1317.699951171875,1356.5,1294.300048828125,1346.9000244140625,3369019,0.0507,0,0.0,0.0,0.0507,0.0596,0.0701,0.0825,0.06013333333333334,0.07200000000000001,0.018380152338873877,0,-0.004287666864176254,1377.0,0.0223475945061562,1.0,1,0
2026-08-03,HCLTECH,1352.0,1377.0,1343.5,1377.0,2314332,0.0431,0,0.0,0.0,0.0431,0.0507,0.0596,0.0701,0.051133333333333336,0.0612,0.015599038431910042,0,0.0223475945061562,1369.9000244140625,-0.0051561187987926305,0.0,0,0
2026-08-04,HCLTECH,1375.699951171875,1375.9000244140625,1347.4000244140625,1369.9000244140625,3013543,0.0366,0,0.0,0.0,0.0366,0.0431,0.0507,0.0596,0.043466666666666674,0.05202,0.013261108550954656,0,-0.0051561187987926305,1350.0,-0.014526625344483901,0.0,0,1
2026-08-05,HCLTECH,1370.0,1375.0,1337.0999755859375,1350.0,3215211,0.0311,0,0.0,0.0,0.0311,0.0366,0.0431,0.0507,0.03693333333333334,0.044219999999999995,0.01129145694763079,0,-0.014526625344483901,1335.0,-0.011111111111111072,0.0,0,0
2026-08-06,HCLTECH,1349.9000244140625,1363.199951171875,1332.5,1335.0,3821560,0.0265,0,0.0,0.0,0.0265,0.0311,0.0366,0.0431,0.031400000000000004,0.0376,0.009595832428726388,0,-0.011111111111111072,1356.5999755859375,0.016179756993211614,1.0,1,0
2026-08-07,HCLTECH,1329.0,1369.0,1328.0,1356.5999755859375,1725616,0.0225,0,0.0,0.0,0.0225,0.0265,0.0311,0.0366,0.0267,0.03196,0.00814972392171629,0,0.016179756993211614,1357.199951171875,0.00044226418747972396,1.0,1,0
2026-08-10,HCLTECH,1356.5999755859375,1367.5,1351.5999755859375,1357.199951171875,1321698,0.0191,0,0.0,0.0,0.0191,0.0225,0.0265,0.0311,0.0227,0.027159999999999997,0.006923727319890123,0,0.00044226418747972396,1365.4000244140625,0.006041905052462715,1.0,1,0
2026-08-11,HCLTECH,1360.0999755859375,1379.800048828125,1358.0,1365.4000244140625,1828636,0.0162,0,0.0,0.0,0.0162,0.0191,0.0225,0.0265,0.01926666666666667,0.02308,0.0059060985430477945,0,0.006041905052462715,1365.4000244140625,0.0,0.0,0,0
2026-08-12,HCLTECH,1370.0,1370.0,1340.4000244140625,1365.4000244140625,1418468,0.0138,0,0.0,0.0,0.0138,0.0162,0.0191,0.0225,0.01636666666666667,0.01962,0.005036566290657747,0,0.0,1370.0,0.0033689581834535076,1.0,1,0
2026-08-13,HCLTECH,1362.9000244140625,1372.9000244140625,1354.0,1370.0,778760,0.0117,0,0.0,0.0,0.0117,0.0138,0.0162,0.0191,0.013900000000000004,0.01666,0.004273523136732596,0,0.0033689581834535076,1360.0,-0.007299270072992692,0.0,0,0
2026-08-14,HCLTECH,1372.800048828125,1374.9000244140625,1346.5,1360.0,1033374,0.01,0,0.0,0.0,0.01,0.0117,0.0138,0.0162,0.01183333333333334,0.01416,0.0036073536006590566,0,-0.007299270072992692,1325.0,-0.02573529411764708,0.0,0,1
2026-08-17,HCLTECH,1355.0999755859375,1362.800048828125,1325.0,1325.0,970745,0.0085,0,0.0,0.0,0.0085,0.01,0.0117,0.0138,0.010066666666666672,0.01204,0.0030500819661423944,0,-0.02573529411764708,1298.0,-0.02037735849056599,0.0,0,0
2026-08-18,HCLTECH,1318.0,1320.0,1292.5,1298.0,3056990,0.0072,0,0.0,0.0,0.0072,0.0085,0.01,0.0117,0.008566666666666672,0.01024,0.002604419321112937,0,-0.02037735849056599,1324.800048828125,0.02064718707867863,1.0,1,0
2026-08-19,HCLTECH,1309.0,1324.800048828125,1301.4000244140625,1324.800048828125,1693632,0.0061,0,0.0,0.0,0.0061,0.0072,0.0085,0.01,0.007266666666666671,0.008700000000000001,0.0022214859891941225,0,0.02064718707867863,1318.4000244140625,-0.004830936124831653,0.0,0,1
2026-08-20,HCLTECH,1339.699951171875,1345.300048828125,1318.4000244140625,1318.4000244140625,1510868,0.0052,0,0.0,0.0,0.0052,0.0061,0.0072,0.0085,0.006166666666666671,0.0073999999999999995,0.0019065675965423566,0,-0.004830936124831653,1302.5,-0.012060091110153714,0.0,0,0
2026-08-21,HCLTECH,1319.9000244140625,1321.699951171875,1302.5,1302.5,1484443,0.0044,0,0.0,0.0,0.0044,0.0052,0.0061,0.0072,0.005233333333333337,0.006279999999999999,0.0016208022705391538,0,-0.012060091110153714,1322.0,0.01497120921305184,1.0,1,0
2026-08-24,HCLTECH,1302.5,1325.800048828125,1301.0,1322.0,1091648,-0.1608,1,0.0,0.4657,-0.1608,0.0044,0.0052,0.0061,-0.0504,-0.02758,0.07447954081491219,0,0.01497120921305184,1315.800048828125,-0.004689826907620986,0.0,0,0
2026-08-25,HCLTECH,1322.0,1322.9000244140625,1294.4000244140625,1315.800048828125,1314934,-0.1367,0,0.0,0.0,-0.1367,-0.1608,0.0044,0.0052,-0.09770000000000001,-0.05636,0.08477159311939442,1,-0.004689826907620986,1298.5,-0.013147931438011962,0.0,0,0
2026-08-26,HCLTECH,1319.5,1323.0,1296.5999755859375,1298.5,834925,-0.1162,0,0.0,0.0,-0.1162,-0.1367,-0.1608,0.0044,-0.1379,-0.08082,0.07973864809488654,0,-0.013147931438011962,1282.0,-0.012706969580284944,0.0,0,1
2026-08-27,HCLTECH,1295.0,1304.699951171875,1280.0,1282.0,1936771,0.0396,1,0.0,0.9356,0.0396,-0.1162,-0.1367,-0.1608,-0.07110000000000001,-0.07393999999999999,0.08985804360211808,0,-0.012706969580284944,1316.0999755859375,0.02659904491882803,1.0,1,1
2026-08-28,HCLTECH,1290.0,1334.199951171875,1290.0,1316.0999755859375,3459476,0.3519,1,0.0,0.6016,0.3519,0.0396,-0.1162,-0.1367,0.09176666666666666,-0.0044399999999999995,0.21409645723365014,1,0.02659904491882803,1312.199951171875,-0.0029633192663240937,0.0,0,1
2026-08-31,HCLTECH,1316.5999755859375,1322.5999755859375,1297.699951171875,1312.199951171875,3125051,0.2991,0,0.0,0.0,0.2991,0.3519,0.0396,-0.1162,0.23019999999999996,0.08753999999999999,0.2284379850200054,1,-0.0029633192663240937,1351.4000244140625,0.029873551822021893,1.0,1,0
2026-09-01,HCLTECH,1316.0999755859375,1368.0,1313.0999755859375,1351.4000244140625,4031856,0.2542,0,0.0,0.0,0.2542,0.2991,0.3519,0.0396,0.30173333333333335,0.16572,0.19727333068613265,0,0.029873551822021893,1331.5,-0.01472548768281301,0.0,0,0
2026-09-02,HCLTECH,1340.0999755859375,1349.300048828125,1317.4000244140625,1331.5,2739386,0.2161,0,0.0,0.0,0.2161,0.2542,0.2991,0.3519,0.2564666666666667,0.23218,0.11899755039495673,0,-0.01472548768281301,1319.0,-0.009387908374014264,0.0,0,0
2026-09-03,HCLTECH,1345.0,1345.0,1308.0,1319.0,1515496,0.1837,0,0.0,0.0,0.1837,0.2161,0.2542,0.2991,0.21799999999999997,0.261,0.06661824074531146,0,-0.009387908374014264,1293.4000244140625,-0.019408624401772157,0.0,0,0
2026-09-04,HCLTECH,1324.9000244140625,1331.4000244140625,1291.199951171875,1293.4000244140625,2210569,0.1561,0,0.0,0.0,0.1561,0.1837,0.2161,0.2542,0.1853,0.22183999999999998,0.05662515342142797,0,-0.019408624401772157,1282.800048828125,-0.008195434812009905,0.0,0,0
2026-09-07,HCLTECH,1271.699951171875,1286.800048828125,1263.0,1282.800048828125,2008363,0.1327,0,0.0,0.0,0.1327,0.1561,0.1837,0.2161,0.1575,0.18856,0.0481265830908474,0,-0.008195434812009905,1277.0,-0.004521397417643902,0.0,0,0
2026-09-08,HCLTECH,1281.4000244140625,1290.0,1268.199951171875,1277.0,2241262,-0.9555,2,0.0016970562748476843,0.96515,-0.9555,0.1327,0.1561,0.1837,-0.22223333333333337,-0.053380000000000004,0.5052609543592302,0,-0.004521397417643902,1229.800048828125,-0.0369615905809515,0.0,0,0
2026-09-09,HCLTECH,1248.800048828125,1264.800048828125,1222.699951171875,1229.800048828125,2099173,-0.7422,1,0.0,0.7575,-0.7422,-0.9555,0.1327,0.1561,-0.5216666666666666,-0.24504,0.556628303268887,2,-0.0369615905809515,1207.0,-0.01853963890296728,0.0,0,1
2026-09-10,HCLTECH,1224.800048828125,1237.0,1196.9000244140625,1207.0,2197859,-0.9494,1,0.0,0.9675,-0.9494,-0.7422,-0.9555,0.1327,-0.8823666666666666,-0.47165999999999997,0.5689600539580963,1,-0.01853963890296728,1206.0999755859375,-0.0007456705998860613,0.0,0,0
2026-09-11,HCLTECH,1196.0,1223.4000244140625,1195.699951171875,1206.0999755859375,2272845,0.9233,1,0.0,0.9405,0.9233,-0.9494,-0.7422,-0.9555,-0.25610000000000005,-0.31822,0.8259802945591378,1,-0.0007456705998860613,1206.0999755859375,0.0,0.0,0,1
2026-09-14,HCLTECH,1206.0999755859375,1206.0999755859375,1206.0999755859375,1206.0999755859375,0,0.9241,1,0.0,0.9477,0.9241,0.9233,-0.9494,-0.7422,0.2993333333333333,-0.15994000000000003,0.9929427390338278,1,0.0,1253.699951171875,0.03946602814813338,1.0,1,1
2026-09-15,HCLTECH,1252.0,1290.0,1250.0,1253.699951171875,4443984,0.1564,1,0.0,0.8177,0.1564,0.9241,0.9233,-0.9494,0.6679333333333334,0.06244000000000001,0.8893300978826706,1,0.03946602814813338,1253.0,-0.0005583083665439137,0.0,0,0
2026-09-16,HCLTECH,1262.5,1284.5999755859375,1244.9000244140625,1253.0,3049093,0.1329,0,0.0,0.0,0.1329,0.1564,0.9241,0.9233,0.4044666666666667,0.23746,0.7694139282596855,1,-0.0005583083665439137,1258.300048828125,0.004229887332900972,1.0,1,1
2026-09-17,HCLTECH,1242.199951171875,1258.300048828125,1235.300048828125,1258.300048828125,1386250,-0.4954,2,0.6610034190531846,0.9529,-0.4954,0.1329,0.1564,0.9241,-0.06870000000000004,0.32826000000000005,0.6031614816945795,0,0.004229887332900972,1249.300048828125,-0.007152507073636238,0.0,0,1
2026-09-18,HCLTECH,1258.300048828125,1260.800048828125,1235.5999755859375,1249.300048828125,2886447,-0.4211,0,0.0,0.0,-0.4211,-0.4954,0.1329,0.1564,-0.26120000000000004,0.05938000000000001,0.5703509068985517,2,-0.007152507073636238,1281.0,0.025374169481231057,1.0,1,1
2026-09-21,HCLTECH,1242.300048828125,1284.9000244140625,1237.300048828125,1281.0,2751906,-0.3579,0,0.0,0.0,-0.3579,-0.4211,-0.4954,0.1329,-0.42480000000000007,-0.19702,0.31578384537528226,0,0.025374169481231057,1270.4000244140625,-0.008274766265368827,0.0,0,1
2026-09-22,HCLTECH,1280.0,1286.0999755859375,1240.300048828125,1270.4000244140625,2680986,-0.3042,0,0.0,0.0,-0.3042,-0.3579,-0.4211,-0.4954,-0.3610666666666667,-0.28914,0.24648992474338605,0,-0.008274766265368827,1256.699951171875,-0.010784062483394807,0.0,0,1
2026-09-23,HCLTECH,1270.0,1279.800048828125,1250.0,1256.699951171875,2724431,-0.2586,0,0.0,0.0,-0.2586,-0.3042,-0.3579,-0.4211,-0.3069,-0.36744,0.09379447211856388,0,-0.010784062483394807,1243.5999755859375,-0.010424107658890014,0.0,0,0
2026-09-24,HCLTECH,1251.0,1263.300048828125,1242.800048828125,1243.5999755859375,822109,-0.0004,1,0.0,0.8711,-0.0004,-0.2586,-0.3042,-0.3579,-0.1877333333333334,-0.26843999999999996,0.1616548885743952,0,-0.010424107658890014,1258.0,0.011579305803120388,1.0,1,1
2026-09-25,HCLTECH,1241.0,1266.5,1234.5999755859375,1258.0,1568243,-0.6634,1,0.0,0.6838,-0.6634,-0.0004,-0.2586,-0.3042,-0.3074666666666667,-0.3169,0.2374213975192634,1,0.011579305803120388,1252.5999755859375,-0.0042925472289845334,0.0,0,0
2026-04-02,HDFCBANK,718.1226435138951,742.7158847301245,714.8271732077576,738.6826171875,49310300,0.0,0,0.0,0.0,0.0,0.0,0.0,0.0,0.0,0.0,0.0,0,0.0,758.45556640625,0.026767855041769595,1.0,1,0
2026-04-06,HDFCBANK,746.6508105088765,760.1770933079504,732.8785952952741,758.45556640625,42976659,0.0,0,0.0,0.0,0.0,0.0,0.0,0.0,0.0,0.0,0.0,0,0.026767855041769595,759.4392700195312,0.0012969825219191211,1.0,1,0
2026-04-07,HDFCBANK,753.5368922732654,761.4067292682865,748.6182441513773,759.4392700195312,51309793,0.0,0,0.0,0.0,0.0,0.0,0.0,0.0,0.0,0.0,0.0,0,0.0012969825219191211,802.82177734375,0.05712439300525385,1.0,1,0
2026-04-08,HDFCBANK,786.9837533249241,804.4941298279846,783.0488345582994,802.82177734375,70269512,0.0,0,0.0,0.0,0.0,0.0,0.0,0.0,0.0,0.0,0.0,0,0.05712439300525385,784.72119140625,-0.022546206951919445,0.0,0,0
2026-04-09,HDFCBANK,801.7397031581198,805.674621946626,780.1959987742106,784.72119140625,48879392,0.0,0,0.0,0.0,0.0,0.0,0.0,0.0,0.0,0.0,0.0,0,-0.022546206951919445,797.1161499023438,0.015795366089045526,1.0,1,0
2026-04-10,HDFCBANK,790.9186649096054,799.0344347920734,787.9674758614352,797.1161499023438,38156026,0.0,0,0.0,0.0,0.0,0.0,0.0,0.0,0.0,0.0,0.0,0,0.015795366089045526,781.7699584960938,-0.019252139613693764,0.0,0,0
2026-04-13,HDFCBANK,778.6220116333144,785.5081191272287,774.5395096022282,781.7699584960938,47549328,0.0,0,0.0,0.0,0.0,0.0,0.0,0.0,0.0,0.0,0.0,0,-0.019252139613693764,796.72265625,0.01912672339401622,1.0,1,0
2026-04-15,HDFCBANK,791.8531825431569,801.5428954413671,790.9186273804953,796.72265625,39769515,0.0,0,0.0,0.0,0.0,0.0,0.0,0.0,0.0,0.0,0.0,0,0.01912672339401622,782.5077514648438,-0.01784172280484997,0.0,0,0
2026-04-16,HDFCBANK,804.6908427624061,806.7074765090769,779.3106301457999,782.5077514648438,62861293,0.0,0,0.0,0.0,0.0,0.0,0.0,0.0,0.0,0.0,0.0,0,-0.01784172280484997,786.8853759765625,0.005594352903883548,1.0,1,0
2026-04-17,HDFCBANK,777.2447773125524,790.8694690755784,775.3757269911107,786.8853759765625,37282544,0.0,0,0.0,0.0,0.0,0.0,0.0,0.0,0.0,0.0,0.0,0,0.005594352903883548,782.5077514648438,-0.005563230230687499,0.0,0,0
2026-04-20,HDFCBANK,784.130869340026,796.7718311959621,777.146412936798,782.5077514648438,52148044,0.0,0,0.0,0.0,0.0,0.0,0.0,0.0,0.0,0.0,0.0,0,-0.005563230230687499,798.5425415039062,0.020491541469136454,1.0,1,0
2026-04-21,HDFCBANK,782.2618278432276,801.6413139109341,782.2618278432276,798.5425415039062,49135752,0.0,0,0.0,0.0,0.0,0.0,0.0,0.0,0.0,0.0,0.0,0,0.020491541469136454,786.8853759765625,-0.014598051977781523,0.0,0,0
2026-04-22,HDFCBANK,796.8210214869076,799.8213849297669,785.0162656130275,786.8853759765625,23876412,0.0,0,0.0,0.0,0.0,0.0,0.0,0.0,0.0,0.0,0.0,0,-0.014598051977781523,771.5883178710938,-0.01944000812886426,0.0,0,0
2026-04-23,HDFCBANK,779.1138736217773,783.6882404572269,769.7684420568696,771.5883178710938,37677616,0.0,0,0.0,0.0,0.0,0.0,0.0,0.0,0.0,0.0,0.0,0,-0.01944000812886426,772.0802001953125,0.0006374932238164543,1.0,1,0
2026-04-24,HDFCBANK,764.6530532653331,774.7854567622786,764.3579463755373,772.0802001953125,27720358,0.0,0,0.0,0.0,0.0,0.0,0.0,0.0,0.0,0.0,0.0,0,0.0006374932238164543,776.9496459960938,0.006306917078756191,1.0,1,0
2026-04-27,HDFCBANK,774.6870798664892,780.0975928052393,772.227755803421,776.9496459960938,18115375,0.0,0,0.0,0.0,0.0,0.0,0.0,0.0,0.0,0.0,0.0,0,0.006306917078756191,769.817626953125,-0.009179512571661053,0.0,0,0
2026-04-28,HDFCBANK,772.2277766082829,781.5732082997206,765.6367759332712,769.817626953125,35366803,0.0,0,0.0,0.0,0.0,0.0,0.0,0.0,0.0,0.0,0.0,0,-0.009179512571661053,766.3253784179688,-0.004536462160496746,0.0,0,0
2026-04-29,HDFCBANK,772.7196209849993,777.1464043006358,764.7022005187322,766.3253784179688,25799963,0.0,0,0.0,0.0,0.0,0.0,0.0,0.0,0.0,0.0,0.0,0,-0.004536462160496746,759.1441650390625,-0.009370971627915337,0.0,0,0
2026-04-30,HDFCBANK,757.4718126650201,766.1286213727735,749.847908057028,759.1441650390625,47998755,0.0,0,0.0,0.0,0.0,0.0,0.0,0.0,0.0,0.0,0.0,0,-0.009370971627915337,759.1441650390625,0.0,0.0,0,0
2026-05-01,HDFCBANK,759.1441650390625,759.1441650390625,759.1441650390625,759.1441650390625,0,0.0,0,0.0,0.0,0.0,0.0,0.0,0.0,0.0,0.0,0.0,0,0.0,766.7189331054688,0.009978036340457797,1.0,1,0
2026-05-04,HDFCBANK,760.0295232783589,773.8017387354295,760.0295232783589,766.7189331054688,29028060,0.0,0,0.0,0.0,0.0,0.0,0.0,0.0,0.0,0.0,0.0,0,0.009978036340457797,759.734375,-0.009109672141757286,0.0,0,0
2026-05-05,HDFCBANK,761.8002432312857,764.2595672860843,751.2743242683289,759.734375,38887657,0.0,0,0.0,0.0,0.0,0.0,0.0,0.0,0.0,0.0,0.0,0,-0.009109672141757286,783.58984375,0.031399749089936924,1.0,1,0
2026-05-06,HDFCBANK,762.5380651832903,785.9508189360297,760.9148872376333,783.58984375,35530831,0.0,0,0.0,0.0,0.0,0.0,0.0,0.0,0.0,0.0,0.0,0,0.031399749089936924,783.0979614257812,-0.0006277293256695682,0.0,0,0
2026-05-07,HDFCBANK,781.0813276889071,788.5084744009563,775.7199891869062,783.0979614257812,46137553,0.0,0,0.0,0.0,0.0,0.0,0.0,0.0,0.0,0.0,0.0,0,-0.0006277293256695682,768.145263671875,-0.019094287675940236,0.0,0,0
2026-05-08,HDFCBANK,771.2440360478325,775.9167518274592,764.5546865191014,768.145263671875,38016841,0.0,0,0.0,0.0,0.0,0.0,0.0,0.0,0.0,0.0,0.0,0,-0.019094287675940236,751.2251586914062,-0.022027220345781418,0.0,0,0
2026-05-11,HDFCBANK,759.3901026416063,762.2428825536997,749.5036318326614,751.2251586914062,41123422,0.0,0,0.0,0.0,0.0,0.0,0.0,0.0,0.0,0.0,0.0,0,-0.022027220345781418,738.2399291992188,-0.017285402840883424,0.0,0,0
2026-05-12,HDFCBANK,744.2898305325124,747.3394284783378,735.6330216051203,738.2399291992188,43937132,0.0,0,0.0,0.0,0.0,0.0,0.0,0.0,0.0,0.0,0.0,0,-0.017285402840883424,737.4037475585938,-0.001132669214373161,0.0,0,0
2026-05-13,HDFCBANK,739.7647228184694,747.5853858194506,735.1903557682459,737.4037475585938,28960919,0.0,0,0.0,0.0,0.0,0.0,0.0,0.0,0.0,0.0,0.0,0,-0.001132669214373161,757.0291748046875,0.026614222277917543,1.0,1,0
2026-05-14,HDFCBANK,738.7810009702333,765.6368096362314,734.846082190099,757.0291748046875,50992358,0.0,0,0.0,0.0,0.0,0.0,0.0,0.0,0.0,0.0,0.0,0,0.026614222277917543,755.0125122070312,-0.0026639166161285255,0.0,0,0
2026-05-15,HDFCBANK,760.4230253238243,769.1782432932904,752.9467039429112,755.0125122070312,24347873,0.0,0,0.0,0.0,0.0,0.0,0.0,0.0,0.0,0.0,0.0,0,-0.0026639166161285255,756.143798828125,0.0014983680439768499,1.0,1,0
2026-05-18,HDFCBANK,746.6507839481793,761.5050772404568,739.1252283144738,756.143798828125,29812079,0.0,0,0.0,0.0,0.0,0.0,0.0,0.0,0.0,0.0,0.0,0,0.0014983680439768499,750.044677734375,-0.008066086243387116,0.0,0,0
2026-05-19,HDFCBANK,754.2255287138954,758.2587962302428,747.8804605130283,750.044677734375,40307830,0.0,0,0.0,0.0,0.0,0.0,0.0,0.0,0.0,0.0,0.0,0,-0.008066086243387116,747.1427001953125,-0.003869072903534665,0.0,0,0
2026-05-20,HDFCBANK,747.2410491475586,749.8479568451309,742.8635000569833,747.1427001953125,24013451,0.0,0,0.0,0.0,0.0,0.0,0.0,0.0,0.0,0.0,0.0,0,-0.003869072903534665,746.7984008789062,-0.0004608213615903134,0.0,0,0
2026-05-21,HDFCBANK,754.5206547496631,755.7503168336749,742.8634822100684,746.7984008789062,34664725,0.0,0,0.0,0.0,0.0,0.0,0.0,0.0,0.0,0.0,0.0,0,-0.0004608213615903134,754.3239135742188,0.010077033756975995,1.0,1,0
2026-05-22,HDFCBANK,746.7984174780529,762.390509033052,746.7984174780529,754.3239135742188,25604071,0.0,0,0.0,0.0,0.0,0.0,0.0,0.0,0.0,0.0,0.0,0,0.010077033756975995,774.0476684570312,0.026147593265809732,1.0,1,0
2026-05-25,HDFCBANK,763.3742255318324,775.0313981291084,762.5872538025895,774.0476684570312,26043952,0.0,0,0.0,0.0,0.0,0.0,0.0,0.0,0.0,0.0,0.0,0,0.026147593265809732,766.22705078125,-0.01010353495589067,0.0,0,0
2026-05-26,HDFCBANK,771.2932224692265,777.9825721015808,764.1120080103449,766.22705078125,31528062,-0.9576,1,0.0,0.9663,-0.9576,0.0,0.0,0.0,-0.3192,-0.19152,0.4282517390507597,0,-0.01010353495589067,746.3065185546875,-0.025998210590779114,0.0,0,0
2026-05-27,HDFCBANK,756.9799611769273,761.3083956280444,744.584991677417,746.3065185546875,63680153,-0.814,0,0.0,0.0,-0.814,-0.9576,0.0,0.0,-0.5905333333333332,-0.35431999999999997,0.4878218035307565,1,-0.025998210590779114,746.3065185546875,0.0,0.0,0,0
2026-05-28,HDFCBANK,746.3065185546875,746.3065185546875,746.3065185546875,746.3065185546875,0,-0.6919,0,0.0,0.0,-0.6919,-0.814,-0.9576,0.0,-0.8211666666666666,-0.49269999999999997,0.45949780195339346,0,0.0,732.4359130859375,-0.01858566838678044,0.0,0,0
2026-05-29,HDFCBANK,733.9115075895189,748.1264133157719,725.7465633447872,732.4359130859375,101299431,-0.5881,0,0.0,0.0,-0.5881,-0.6919,-0.814,-0.9576,-0.698,-0.61032,0.3680110283673575,0,-0.01858566838678044,730.6160278320312,-0.0024847023765377507,0.0,0,1
2026-06-01,HDFCBANK,736.8135126590627,740.1089829912345,727.1729740345589,730.6160278320312,47996441,-0.4999,0,0.0,0.0,-0.4999,-0.5881,-0.6919,-0.814,-0.5932999999999999,-0.7102999999999999,0.1812805422542641,0,-0.0024847023765377507,736.0757446289062,0.007472758041013217,1.0,1,0
2026-06-02,HDFCBANK,725.0087855549667,741.3386744827858,721.2214502442791,736.0757446289062,47314447,-0.4249,0,0.0,0.0,-0.4249,-0.4999,-0.5881,-0.6919,-0.5043000000000001,-0.60376,0.15410430883009082,0,0.007472758041013217,741.3878784179688,0.007216830370820881,1.0,1,1
2026-06-03,HDFCBANK,732.3375535846441,744.5849997963322,730.5176176978582,741.3878784179688,36109480,-0.3612,0,0.0,0.0,-0.3612,-0.4249,-0.4999,-0.5881,-0.4286666666666667,-0.5132,0.13097850968765828,0,0.007216830370820881,741.9288940429688,0.0007297335723297493,1.0,1,0
2026-06-04,HDFCBANK,736.9610714527732,744.9784318589446,732.8785694984622,741.9288940429688,42673538,-0.307,0,0.0,0.0,-0.307,-0.3612,-0.4249,-0.4999,-0.36436666666666667,-0.43622000000000005,0.11132904832073244,0,0.0007297335723297493,734.8952026367188,-0.009480276968216628,0.0,0,1
2026-06-05,HDFCBANK,741.6829610502508,746.355676758121,732.5342875674706,734.8952026367188,22116568,-0.2609,0,0.0,0.0,-0.2609,-0.307,-0.3612,-0.4249,-0.30970000000000003,-0.37078,0.0946496539877456,0,-0.009480276968216628,726.6319580078125,-0.011244112901075853,0.0,0,0
2026-06-08,HDFCBANK,725.9925096938186,729.4355636015806,722.5494557860566,726.6319580078125,21550700,-0.2218,0,0.0,0.0,-0.2218,-0.2609,-0.307,-0.3612,-0.2632333333333334,-0.31516,0.08045087320843664,0,-0.011244112901075853,726.3367919921875,-0.0004062111669768109,0.0,0,1
2026-06-09,HDFCBANK,727.4189306755471,731.8457142768752,720.3852393810432,726.3367919921875,38539563,-0.8792,1,0.0,0.9056,-0.8792,-0.2218,-0.2609,-0.307,-0.4539666666666667,-0.40602,0.2695876147006757,0,-0.0004062111669768109,734.698486328125,0.011512144817837466,1.0,1,0
2026-06-10,HDFCBANK,724.5169081730804,743.6504624272108,724.418559222074,734.698486328125,44458159,-0.7473,0,0.0,0.0,-0.7473,-0.8792,-0.2218,-0.2609,-0.6161,-0.48324,0.30633253663298643,1,0.011512144817837466,732.485107421875,-0.003012635723958046,0.0,0,0
2026-06-11,HDFCBANK,730.9111639255492,743.699649970007,728.0583237911012,732.485107421875,32632007,-0.6352,0,0.0,0.0,-0.6352,-0.7473,-0.8792,-0.2218,-0.7538999999999999,-0.54888,0.2940436821290333,0,-0.003012635723958046,759.8819580078125,0.03740260424183384,1.0,1,0
2026-06-12,HDFCBANK,742.4207572291352,761.8494172504803,740.8467538097462,759.8819580078125,36088159,-0.5399,0,0.0,0.0,-0.5399,-0.6352,-0.7473,-0.8792,-0.6408,-0.60468,0.24871002593381716,0,0.03740260424183384,764.7022094726562,0.006343421388081083,1.0,1,0
2026-06-15,HDFCBANK,777.1464134002696,780.5894671305239,762.980682607529,764.7022094726562,39990334,-0.4589,0,0.0,0.0,-0.4589,-0.5399,-0.6352,-0.7473,-0.5446666666666667,-0.6521000000000001,0.16646181243756789,0,0.006343421388081083,772.1294555664062,0.009712599233722363,1.0,1,0
2026-06-16,HDFCBANK,767.8010209255166,774.8838866823837,766.7681167622869,772.1294555664062,27820970,-0.3901,0,0.0,0.0,-0.3901,-0.4589,-0.5399,-0.6352,-0.4629666666666667,-0.5542800000000001,0.141477885197652,0,0.009712599233722363,774.2935791015625,0.002802798830629616,1.0,1,0
2026-06-17,HDFCBANK,774.8346784396643,781.376444549763,770.3586605239058,774.2935791015625,32405604,-0.3316,0,0.0,0.0,-0.3316,-0.3901,-0.4589,-0.5399,-0.39353333333333335,-0.47114,0.12024176894906353,0,0.002802798830629616,786.0,0.015118840210480489,1.0,1,1
2026-06-18,HDFCBANK,773.7033792240301,789.8857441736253,773.4082723338255,786.0,41492071,0.0109,1,0.0,0.9465,0.0109,-0.3316,-0.3901,-0.4589,-0.23693333333333336,-0.34192,0.21200835360900275,0,0.015118840210480489,779.7999877929688,-0.00788805624304234,0.0,0,0
2026-06-19,HDFCBANK,788.7000122070312,789.0499877929688,776.2000122070312,779.7999877929688,33798761,0.0286,1,0.0,0.9397,0.0286,0.0109,-0.3316,-0.3901,-0.09736666666666671,-0.22822,0.2308899673004436,1,-0.00788805624304234,786.4000244140625,0.008463755737895706,1.0,1,0
2026-06-22,HDFCBANK,789.9000244140625,789.9000244140625,783.0999755859375,786.4000244140625,25194765,0.0243,0,0.0,0.0,0.0243,0.0286,0.0109,-0.3316,0.021266666666666628,-0.13158,0.2104146786704765,1,0.008463755737895706,774.6500244140625,-0.014941505131252697,0.0,0,0
2026-06-23,HDFCBANK,783.0499877929688,790.9000244140625,772.5499877929688,774.6500244140625,28289062,0.0207,0,0.0,0.0,0.0207,0.0243,0.0286,0.0109,0.024533333333333296,-0.049420000000000006,0.15787861476463444,0,-0.014941505131252697,793.2000122070312,0.02394628181545566,1.0,1,0
2026-06-24,HDFCBANK,773.0,794.9000244140625,772.6500244140625,793.2000122070312,34701292,0.7218,1,0.0,0.7511,0.7218,0.0207,0.0243,0.0286,0.2556,0.16126000000000001,0.3134194681253859,0,0.02394628181545566,796.2999877929688,0.003908189029538711,1.0,1,1
2026-06-25,HDFCBANK,798.5,804.4500122070312,794.75,796.2999877929688,46707966,0.6135,0,0.0,0.0,0.6135,0.7218,0.0207,0.0243,0.45199999999999996,0.28178000000000003,0.3543355006205274,1,0.003908189029538711,796.2999877929688,0.0,0.0,0,0
2026-06-26,HDFCBANK,796.2999877929688,796.2999877929688,796.2999877929688,796.2999877929688,0,0.5215,0,0.0,0.0,0.5215,0.6135,0.7218,0.0207,0.6189333333333333,0.38036000000000003,0.3342865806460075,0,0.0,798.9000244140625,0.0032651471316733627,1.0,1,1
2026-06-29,HDFCBANK,800.0,805.9000244140625,793.2999877929688,798.9000244140625,46695977,0.4433,0,0.0,0.0,0.4433,0.5215,0.6135,0.7218,0.5260999999999999,0.46416,0.26882177739163854,0,0.0032651471316733627,797.9500122070312,-0.0011891503041673301,0.0,0,0
2026-06-30,HDFCBANK,806.0999755859375,806.0999755859375,792.75,797.9500122070312,45778356,0.08134999999999999,2,0.09496444071335332,0.89,0.0813,0.4433,0.5215,0.6135,0.34869999999999995,0.4762799999999999,0.24405487497691922,0,-0.0011891503041673301,796.1500244140625,-0.0022557651048719096,0.0,0,0
2026-07-01,HDFCBANK,793.5,802.25,793.5,796.1500244140625,26094378,0.0691,0,0.0,0.0,0.0691,0.0813,0.4433,0.5215,0.19789999999999996,0.34574,0.2542455270009676,2,-0.0022557651048719096,795.9000244140625,-0.0003140111691687375,0.0,0,0
2026-07-02,HDFCBANK,795.0,805.4500122070312,794.0,795.9000244140625,34143823,0.0588,0,0.0,0.0,0.0588,0.0691,0.0813,0.4433,0.0697333333333333,0.23479999999999998,0.22785076256181316,0,-0.0003140111691687375,801.0499877929688,0.0064706159328209445,1.0,1,1
2026-07-03,HDFCBANK,803.0,807.0,798.5499877929688,801.0499877929688,25871958,0.05,0,0.0,0.0,0.05,0.0588,0.0691,0.0813,0.059299999999999964,0.1405,0.1696729059101653,0,0.0064706159328209445,829.8499755859375,0.03595279724342504,1.0,1,0
2026-07-06,HDFCBANK,805.0,831.5,805.0,829.8499755859375,63203327,0.4617,2,0.6020307135022266,0.91815,0.4617,0.05,0.0588,0.0691,0.19016666666666662,0.14418,0.17788301492835057,0,0.03595279724342504,829.2999877929688,-0.0006627556897623732,0.0,0,0
2026-07-07,HDFCBANK,843.0,843.0,826.0999755859375,829.2999877929688,57611729,0.3924,0,0.0,0.0,0.3924,0.4617,0.05,0.0588,0.3013666666666666,0.2064,0.20302222784709995,2,-0.0006627556897623732,810.2999877929688,-0.022910889038555315,0.0,0,0
2026-07-08,HDFCBANK,825.9000244140625,834.3499755859375,806.9500122070312,810.2999877929688,38754632,0.3336,0,0.0,0.0,0.3336,0.3924,0.4617,0.05,0.3959,0.2593,0.19248935035476575,0,-0.022910889038555315,817.5499877929688,0.008947303602641066,1.0,1,0
2026-07-09,HDFCBANK,813.0,822.8499755859375,812.2999877929688,817.5499877929688,39891798,0.2835,0,0.0,0.0,0.2835,0.3336,0.3924,0.4617,0.33649999999999997,0.30424,0.15692033966315438,0,0.008947303602641066,824.9500122070312,0.009051464160667821,1.0,1,1
2026-07-10,HDFCBANK,824.0,827.7000122070312,820.2999877929688,824.9500122070312,23595785,0.241,0,0.0,0.0,0.241,0.2835,0.3336,0.3924,0.2860333333333333,0.34243999999999997,0.08740865517784684,0,0.009051464160667821,817.9500122070312,-0.008485362623697035,0.0,0,0
2026-07-13,HDFCBANK,817.0,821.9500122070312,811.0,817.9500122070312,21741736,-0.6878,1,0.0,0.7082,-0.6878,0.241,0.2835,0.3336,-0.054433333333333334,0.11254,0.45096079430478186,0,-0.008485362623697035,809.4000244140625,-0.010452946592541479,0.0,0,1
2026-07-14,HDFCBANK,811.4000244140625,818.4000244140625,807.0,809.4000244140625,25605395,-0.5846,0,0.0,0.0,-0.5846,-0.6878,0.241,0.2835,-0.34380000000000005,-0.08286000000000002,0.5075035251109098,1,-0.010452946592541479,815.4500122070312,0.007474657289945563,1.0,1,1
2026-07-15,HDFCBANK,811.0,819.7000122070312,809.7000122070312,815.4500122070312,21488739,-0.4969,0,0.0,0.0,-0.4969,-0.5846,-0.6878,0.241,-0.5897666666666668,-0.24896000000000001,0.471774165252825,0,0.007474657289945563,808.2999877929688,-0.008768194625089043,0.0,0,1
2026-07-16,HDFCBANK,814.5,818.0,806.5,808.2999877929688,18698186,0.8423,1,0.0,0.9107,0.8423,-0.4969,-0.5846,-0.6878,-0.07973333333333332,-0.13720000000000002,0.6586286320833614,0,-0.008768194625089043,819.5999755859375,0.013979943045431487,1.0,1,1
2026-07-17,HDFCBANK,810.0,823.7000122070312,808.5,819.5999755859375,17415322,0.613,2,0.45778093014017085,0.808,0.613,0.8423,-0.4969,-0.5846,0.3194666666666666,-0.06280000000000001,0.7292555622002481,1,0.013979943045431487,777.5999755859375,-0.051244511043297525,0.0,0,1
2026-07-20,HDFCBANK,790.0,790.0,774.5499877929688,777.5999755859375,56061789,-0.47805,2,0.6801660128233401,0.9574499999999999,-0.478,0.613,0.8423,-0.4969,0.3257666666666666,-0.020840000000000015,0.6892418900502202,2,-0.051244511043297525,761.4500122070312,-0.020768986478860052,0.0,0,0
2026-07-21,HDFCBANK,769.1500244140625,772.5,760.0999755859375,761.4500122070312,42246009,-0.4063,0,0.0,0.0,-0.4063,-0.478,0.613,0.8423,-0.09043333333333337,0.01481999999999999,0.6566226899826108,2,-0.020768986478860052,753.1500244140625,-0.010900239884311769,0.0,0,1
2026-07-22,HDFCBANK,760.25,761.3499755859375,750.3499755859375,753.1500244140625,23385446,-0.3454,0,0.0,0.0,-0.3454,-0.4063,-0.478,0.613,-0.4099,0.04511999999999999,0.6300642959254236,0,-0.010900239884311769,747.25,-0.007833797016275179,0.0,0,1
2026-07-23,HDFCBANK,749.4000244140625,751.0,743.25,747.25,32532090,-0.8642,1,0.0,0.8784,-0.8642,-0.3454,-0.4063,-0.478,-0.5386333333333334,-0.29618,0.5470060621236293,0,-0.007833797016275179,742.7999877929688,-0.005955185288767151,0.0,0,1
2026-07-24,HDFCBANK,738.5,748.25,737.25,742.7999877929688,23837859,-0.7346,0,0.0,0.0,-0.7346,-0.8642,-0.3454,-0.4063,-0.6480666666666667,-0.5657,0.22319341388132394,1,-0.005955185288767151,739.5499877929688,-0.0043753366362545565,0.0,0,0
2026-07-27,HDFCBANK,746.0999755859375,747.9500122070312,738.0999755859375,739.5499877929688,29678752,-0.6244,0,0.0,0.0,-0.6244,-0.7346,-0.8642,-0.3454,-0.7410666666666668,-0.5949800000000001,0.21836266164342286,0,-0.0043753366362545565,735.4000244140625,-0.0056114710937809065,0.0,0,0
2026-07-28,HDFCBANK,732.0,740.25,732.0,735.4000244140625,33886037,-0.5307,0,0.0,0.0,-0.5307,-0.6244,-0.7346,-0.8642,-0.6299,-0.61986,0.19758903815748483,0,-0.0056114710937809065,748.2000122070312,0.017405476431915146,1.0,1,0
2026-07-29,HDFCBANK,743.0,751.25,740.7999877929688,748.2000122070312,20460659,-0.4511,0,0.0,0.0,-0.4511,-0.5307,-0.6244,-0.7346,-0.5354,-0.641,0.16361758768543191,0,0.017405476431915146,753.9500122070312,0.007685110807521545,1.0,1,0
2026-07-30,HDFCBANK,752.7999877929688,757.9000244140625,745.5,753.9500122070312,35844392,-0.3835,0,0.0,0.0,-0.3835,-0.4511,-0.5307,-0.6244,-0.45510000000000006,-0.54486,0.13906506750438796,0,0.007685110807521545,748.1500244140625,-0.007692801510793101,0.0,0,0
2026-07-31,HDFCBANK,753.9500122070312,757.5499877929688,747.2000122070312,748.1500244140625,25522483,-0.3259,0,0.0,0.0,-0.3259,-0.3835,-0.4511,-0.5307,-0.3868333333333334,-0.46312,0.11820686105298608,0,-0.007692801510793101,753.0,0.006482624377023738,1.0,1,1
2026-08-03,HDFCBANK,753.0499877929688,756.8499755859375,750.0499877929688,753.0,14827841,-0.948,1,0.0,0.9638,-0.948,-0.3259,-0.3835,-0.4511,-0.5524666666666668,-0.52784,0.24700477323323122,0,0.006482624377023738,742.0,-0.014608233731739695,0.0,0,0
2026-08-04,HDFCBANK,753.2000122070312,753.2000122070312,738.0,742.0,31559802,-0.8058,0,0.0,0.0,-0.8058,-0.948,-0.3259,-0.3835,-0.6932333333333335,-0.5828599999999999,0.27665999530109153,1,-0.014608233731739695,735.0,-0.009433962264150941,0.0,0,0
2026-08-05,HDFCBANK,733.7999877929688,741.9500122070312,732.5999755859375,735.0,60050538,0.6695,1,0.0,0.7732,0.6695,-0.8058,-0.948,-0.3259,-0.36143333333333344,-0.35874000000000006,0.6336519178539587,0,-0.009433962264150941,734.2999877929688,-0.0009523975605867374,0.0,0,1
2026-08-06,HDFCBANK,739.0,740.5,733.5499877929688,734.2999877929688,44772122,0.5691,0,0.0,0.0,0.5691,0.6695,-0.8058,-0.948,0.14426666666666663,-0.16821999999999998,0.755784967434521,1,-0.0009523975605867374,731.0,-0.0044940594414106805,0.0,0,0
2026-08-07,HDFCBANK,733.0,736.0,728.2000122070312,731.0,19382042,0.4837,0,0.0,0.0,0.4837,0.5691,0.6695,-0.8058,0.5740999999999999,-0.006299999999999972,0.7990447327903488,0,-0.0044940594414106805,731.0,0.0,0.0,0,0
2026-08-10,HDFCBANK,731.5,737.5499877929688,728.5,731.0,23660590,0.4112,0,0.0,0.0,0.4112,0.4837,0.5691,0.6695,0.488,0.26554,0.606611978945355,0,0.0,729.0,-0.002735978112175075,0.0,0,0
2026-08-11,HDFCBANK,730.5,730.8499755859375,726.5499877929688,729.0,29154365,0.3495,0,0.0,0.0,0.3495,0.4112,0.4837,0.5691,0.4147999999999999,0.49660000000000004,0.12673657719853315,0,-0.002735978112175075,729.0,0.0,0.0,0,1
2026-08-12,HDFCBANK,729.0,730.6500244140625,722.0,729.0,26993177,0.2971,0,0.0,0.0,0.2971,0.3495,0.4112,0.4837,0.35259999999999997,0.42211999999999994,0.1077243333699484,0,0.0,725.0,-0.005486968449931462,0.0,0,0
2026-08-13,HDFCBANK,726.9000244140625,729.0,724.5,725.0,22129893,0.2525,0,0.0,0.0,0.2525,0.2971,0.3495,0.4112,0.2996999999999999,0.3588,0.09156806211774812,0,-0.005486968449931462,727.0,0.0027586206896552667,1.0,1,0
2026-08-14,HDFCBANK,725.0,729.5999755859375,723.5,727.0,20364131,0.2146,0,0.0,0.0,0.2146,0.2525,0.2971,0.3495,0.25473333333333326,0.30498,0.07786126764958157,0,0.0027586206896552667,729.0,0.0027510316368637433,1.0,1,0
2026-08-17,HDFCBANK,727.0499877929688,732.0999755859375,724.5,729.0,14823722,0.1824,0,0.0,0.0,0.1824,0.2146,0.2525,0.2971,0.21649999999999991,0.25922,0.0661868340381966,0,0.0027510316368637433,723.0,-0.008230452674897082,0.0,0,0
2026-08-18,HDFCBANK,726.2999877929688,729.0,723.0,723.0,17916507,0.1551,0,0.0,0.0,0.1551,0.1824,0.2146,0.2525,0.18403333333333327,0.22034000000000004,0.05624724882160711,0,-0.008230452674897082,720.0,-0.004149377593360981,0.0,0,0
2026-08-19,HDFCBANK,724.0,725.4000244140625,715.0999755859375,720.0,21342651,0.1318,0,0.0,0.0,0.1318,0.1551,0.1824,0.2146,0.15643333333333326,0.18728,0.047794947431708555,0,-0.004149377593360981,725.0499877929688,0.007013871934678839,1.0,1,0
2026-08-20,HDFCBANK,725.5,728.2999877929688,724.2999877929688,725.0499877929688,17603805,0.112,0,0.0,0.0,0.112,0.1318,0.1551,0.1824,0.1329666666666666,0.15918,0.040628832126948795,0,0.007013871934678839,726.9500122070312,0.002620542646785129,1.0,1,0
2026-08-21,HDFCBANK,728.2999877929688,732.7999877929688,726.5999755859375,726.9500122070312,26029811,0.0952,0,0.0,0.0,0.0952,0.112,0.1318,0.1551,0.11299999999999993,0.1353,0.034545622009160414,0,0.002620542646785129,729.0,0.00281998453613741,1.0,1,0
2026-08-24,HDFCBANK,732.5,734.4000244140625,724.0999755859375,729.0,11408345,0.0809,0,0.0,0.0,0.0809,0.0952,0.112,0.1318,0.09603333333333326,0.11499999999999999,0.029385795888486492,0,0.00281998453613741,727.5,-0.002057613168724326,0.0,0,0
2026-08-25,HDFCBANK,726.5999755859375,728.7000122070312,722.0,727.5,17511874,0.0688,0,0.0,0.0,0.0688,0.0809,0.0952,0.112,0.08163333333333327,0.09774,0.024954919354704223,0,-0.002057613168724326,727.2000122070312,-0.0004123543545961894,0.0,0,0
2026-08-26,HDFCBANK,728.0,731.0,724.1500244140625,727.2000122070312,21156463,0.0585,0,0.0,0.0,0.0585,0.0688,0.0809,0.0952,0.06939999999999993,0.08308,0.02119025719522518,0,-0.0004123543545961894,711.0,-0.022277244135165297,0.0,0,0
2026-08-27,HDFCBANK,728.1500244140625,728.1500244140625,710.0,711.0,46515020,0.0497,0,0.0,0.0,0.0497,0.0585,0.0688,0.0809,0.058999999999999934,0.07062,0.01801185720573515,0,-0.022277244135165297,720.2999877929688,0.013080151607550938,1.0,1,0
2026-08-28,HDFCBANK,710.8499755859375,720.2999877929688,707.0,720.2999877929688,16494301,0.0423,0,0.0,0.0,0.0423,0.0497,0.0585,0.0688,0.05016666666666659,0.06004,0.015296012552289356,0,0.013080151607550938,709.0,-0.015687891134903986,0.0,0,0
2026-08-31,HDFCBANK,723.0499877929688,739.75,704.1500244140625,709.0,78157067,-0.03373333333333333,3,0.30614600002830894,0.6347,-0.0337,0.0423,0.0497,0.0585,0.01943333333333326,0.03712,0.04080835698726175,0,-0.015687891134903986,711.9000244140625,0.004090302417577574,1.0,1,0
2026-09-01,HDFCBANK,705.0499877929688,715.4500122070312,698.5,711.9000244140625,44417092,0.0245,1,0.0,0.9386,0.0245,-0.0337,0.0423,0.0497,0.011033333333333258,0.02826,0.036825371688549116,3,0.004090302417577574,700.7999877929688,-0.015592128445605535,0.0,0,0
2026-09-02,HDFCBANK,702.2999877929688,705.6500244140625,700.0,700.7999877929688,36950338,-0.8895,1,0.0,0.9013,-0.8895,0.0245,-0.0337,0.0423,-0.2995666666666667,-0.16133999999999998,0.408366438385918,1,-0.015592128445605535,706.6500244140625,0.008347655141258237,1.0,1,0
2026-09-03,HDFCBANK,705.0,712.5999755859375,705.0,706.6500244140625,27770641,-0.7561,0,0.0,0.0,-0.7561,-0.8895,0.0245,-0.0337,-0.5403666666666668,-0.32249999999999995,0.459997673907162,1,0.008347655141258237,712.0999755859375,0.007712376683767896,1.0,1,1
2026-09-04,HDFCBANK,708.3499755859375,716.5,708.3499755859375,712.0999755859375,14488024,-0.6427,0,0.0,0.0,-0.6427,-0.7561,-0.8895,0.0245,-0.7627666666666668,-0.45949999999999996,0.4248515740820549,0,0.007712376683767896,710.5,-0.0022468412312764974,0.0,0,1
2026-09-07,HDFCBANK,712.0999755859375,713.0,707.0499877929688,710.5,12180390,-0.5463,0,0.0,0.0,-0.5463,-0.6427,-0.7561,-0.8895,-0.6483666666666668,-0.56202,0.35201998806885915,0,-0.0022468412312764974,703.0,-0.010555946516537684,0.0,0,0
2026-09-08,HDFCBANK,707.0999755859375,708.9000244140625,703.0,703.0,19883515,-0.9006,1,0.0,0.938,-0.9006,-0.5463,-0.6427,-0.7561,-0.6965333333333334,-0.7470399999999999,0.15422466728769335,0,-0.010555946516537684,687.0999755859375,-0.02261738892469778,0.0,0,0
2026-09-09,HDFCBANK,698.0,700.0,687.0999755859375,687.0999755859375,39173990,-0.7655,0,0.0,0.0,-0.7655,-0.9006,-0.5463,-0.6427,-0.7374666666666667,-0.72224,0.13426811982000686,1,-0.02261738892469778,693.7999877929688,0.009751146041473424,1.0,1,0
2026-09-10,HDFCBANK,687.0999755859375,694.5,686.2000122070312,693.7999877929688,27108053,-0.6507,0,0.0,0.0,-0.6507,-0.7655,-0.9006,-0.5463,-0.7722666666666668,-0.70116,0.13588722530098157,0,0.009751146041473424,708.25,0.02082734572105993,1.0,1,1
2026-09-11,HDFCBANK,683.9000244140625,709.0,681.9000244140625,708.25,31411934,-0.883,1,0.0,0.9004,-0.883,-0.6507,-0.7655,-0.9006,-0.7664000000000001,-0.74922,0.15162515292655013,0,0.02082734572105993,708.25,0.0,0.0,0,0
2026-09-14,HDFCBANK,708.25,708.25,708.25,708.25,0,-0.7505,0,0.0,0.0,-0.7505,-0.883,-0.6507,-0.7655,-0.7614000000000001,-0.79006,0.10301253807182745,1,0.0,716.5499877929688,0.011719008532253827,1.0,1,0
2026-09-15,HDFCBANK,722.4000244140625,730.75,715.0499877929688,716.5499877929688,50387632,-0.638,0,0.0,0.0,-0.638,-0.7505,-0.883,-0.6507,-0.7571666666666667,-0.7375399999999999,0.09944562836042475,0,0.011719008532253827,721.5,0.006908118472345182,1.0,1,0
2026-09-16,HDFCBANK,714.9000244140625,725.4000244140625,710.8499755859375,721.5,27476943,-0.5423,0,0.0,0.0,-0.5423,-0.638,-0.7505,-0.883,-0.6436000000000001,-0.6929,0.12935511199794048,0,0.006908118472345182,713.0,-0.011781011781011763,0.0,0,0
2026-09-17,HDFCBANK,717.5,719.4000244140625,713.0,713.0,21543303,-0.4609,0,0.0,0.0,-0.4609,-0.5423,-0.638,-0.7505,-0.5470666666666668,-0.65494,0.16715960337354158,0,-0.011781011781011763,731.0,0.02524544179523147,1.0,1,0
2026-09-18,HDFCBANK,715.25,733.7999877929688,715.25,731.0,39400710,-0.3918,0,0.0,0.0,-0.3918,-0.4609,-0.5423,-0.638,-0.4650000000000001,-0.5567,0.14207844664128244,0,0.02524544179523147,739.5,0.011627906976744207,1.0,1,0
2026-09-21,HDFCBANK,731.0,742.6500244140625,729.0499877929688,739.5,35482683,-0.333,0,0.0,0.0,-0.333,-0.3918,-0.4609,-0.5423,-0.3952333333333334,-0.4732,0.12079646104087546,0,0.011627906976744207,738.5999755859375,-0.0012170715538371013,0.0,0,1
2026-09-22,HDFCBANK,738.8499755859375,749.2999877929688,738.5999755859375,738.5999755859375,35483669,-0.27896666666666664,3,0.3670411602713425,0.818,-0.279,-0.333,-0.3918,-0.4609,-0.33460000000000006,-0.40140000000000003,0.10385752259706438,0,-0.0012170715538371013,737.25,-0.0018277492967239128,0.0,0,0
2026-09-23,HDFCBANK,735.6500244140625,742.7999877929688,734.0,737.25,23197231,0.0194,1,0.0,0.9351,0.0194,-0.279,-0.333,-0.3918,-0.19753333333333345,-0.28906,0.18524577727980668,3,-0.0018277492967239128,728.9000244140625,-0.0113258400623093,0.0,0,0
2026-09-24,HDFCBANK,725.0,734.8499755859375,722.7000122070312,728.9000244140625,29575194,-0.5867,3,0.5247581252348552,0.9117666666666667,-0.5867,0.0194,-0.279,-0.333,-0.2821000000000001,-0.31422,0.21974954379929834,1,-0.0113258400623093,735.5999755859375,0.009191865753140682,1.0,1,0
2026-09-25,HDFCBANK,723.0,739.6500244140625,723.0,735.5999755859375,19853034,-0.012650000000000002,2,0.0030405591591021546,0.94,-0.0127,-0.5867,0.0194,-0.279,-0.19333333333333344,-0.23840000000000003,0.2496556328224936,3,0.009191865753140682,719.0499877929688,-0.022498624717579685,0.0,0,0
2026-04-02,HINDUNILVR,2034.3079361718803,2049.0578094497764,2002.13518292342,2044.5042724609375,1431905,0.1211,1,0.0,0.8304,0.1211,0.0,0.0,0.0,0.1211,0.1211,0.0,0,0.0,2063.807861328125,0.009441696516462761,1.0,1,1
2026-04-06,HINDUNILVR,2044.5042099690797,2071.727308039528,2021.3398041699922,2063.807861328125,1661298,0.1029,0,0.0,0.0,0.1029,0.1211,0.0,0.0,0.112,0.112,0.012869343417595162,1,0.009441696516462761,2089.34814453125,0.012375320242597132,1.0,1,0
2026-04-07,HINDUNILVR,2043.9101735971367,2098.1584324058085,2030.1502314824131,2089.34814453125,2709707,0.0875,0,0.0,0.0,0.0875,0.1029,0.1211,0.0,0.10383333333333333,0.10383333333333333,0.01681943320487743,0,0.012375320242597132,2123.995849609375,0.016583021440832457,1.0,1,0
2026-04-08,HINDUNILVR,2108.552830795398,2170.720540058606,2108.552830795398,2123.995849609375,3794437,0.0744,0,0.0,0.0,0.0744,0.0875,0.1029,0.1211,0.08826666666666667,0.096475,0.02012897993772495,0,0.016583021440832457,2111.720458984375,-0.005779385410408233,0.0,0,0
2026-04-09,HINDUNILVR,2123.896656880212,2141.1213571449207,2093.7037656964103,2111.720458984375,2506245,-0.4914,1,0.0,0.5154,-0.4914,0.0744,0.0875,0.1029,-0.10983333333333334,-0.021100000000000008,0.2634829880656434,0,-0.005779385410408233,2133.59814453125,0.010360123876148375,1.0,1,0
2026-04-10,HINDUNILVR,2111.7205746871014,2148.1500806118274,2100.039341580484,2133.59814453125,2144484,-0.4177,0,0.0,0.0,-0.4177,-0.4914,0.0744,0.0875,-0.27823333333333333,-0.12886000000000003,0.2986229947609527,1,0.010360123876148375,2105.781005859375,-0.013037665383790586,0.0,0,0
2026-04-13,HINDUNILVR,2109.5427916939393,2119.145073286812,2092.2190005842986,2105.781005859375,1994541,-0.355,0,0.0,0.0,-0.355,-0.4177,-0.4914,0.0744,-0.42136666666666667,-0.22044000000000002,0.2793720154202994,0,-0.013037665383790586,2135.875,0.014291131915848743,1.0,1,1
2026-04-15,HINDUNILVR,2119.342960674532,2146.1701846556675,2119.342960674532,2135.875,1552971,-0.3018,0,0.0,0.0,-0.3018,-0.355,-0.4177,-0.4914,-0.3581666666666667,-0.29830000000000007,0.22004340480914214,0,0.014291131915848743,2117.561279296875,-0.008574341056066026,0.0,0,0
2026-04-16,HINDUNILVR,2136.270876584757,2141.9134343634555,2107.6619703228953,2117.561279296875,1845734,-0.2565,0,0.0,0.0,-0.2565,-0.3018,-0.355,-0.4177,-0.30443333333333333,-0.36448,0.09303143017281845,0,-0.008574341056066026,2218.237060546875,0.04754326698088707,1.0,1,0
2026-04-17,HINDUNILVR,2120.4318458384037,2222.3947217120526,2111.522468334881,2218.237060546875,4882697,-0.218,0,0.0,0.0,-0.218,-0.2565,-0.3018,-0.355,-0.2587666666666667,-0.30979999999999996,0.07908473303994905,0,0.04754326698088707,2209.03076171875,-0.0041502772593003945,0.0,0,1
2026-04-20,HINDUNILVR,2218.2371672517165,2230.710151347242,2200.814287067127,2209.03076171875,1460822,-0.1853,0,0.0,0.0,-0.1853,-0.218,-0.2565,-0.3018,-0.21993333333333331,-0.26332,0.06721879945372439,0,-0.0041502772593003945,2287.43310546875,0.03549173923182436,1.0,1,1
2026-04-21,HINDUNILVR,2216.1580861785023,2312.1813760556415,2204.773881708532,2287.43310546875,3217281,0.8718,1,0.0,0.9124,0.8718,-0.1853,-0.218,-0.2565,0.15616666666666665,-0.017959999999999976,0.4992889974754101,0,0.03549173923182436,2344.9482421875,0.025143964464466206,1.0,1,1
2026-04-22,HINDUNILVR,2287.136135627566,2383.753483110979,2287.136135627566,2344.9482421875,5558325,0.741,0,0.0,0.0,0.741,0.8718,-0.1853,-0.218,0.47583333333333333,0.19060000000000002,0.5646075583978664,1,0.025143964464466206,2342.572265625,-0.001013231985147578,0.0,0,1
2026-04-23,HINDUNILVR,2312.478464472606,2375.8340388417187,2312.478464472606,2342.572265625,2063531,0.6299,0,0.0,0.0,0.6299,0.741,0.8718,-0.1853,0.7475666666666667,0.36788,0.527036969291529,0,-0.001013231985147578,2303.8662109375,-0.016522886083590316,0.0,0,0
2026-04-24,HINDUNILVR,2364.5490228916565,2364.5490228916565,2275.8511183860137,2303.8662109375,1676706,0.5354,0,0.0,0.0,0.5354,0.6299,0.741,0.8718,0.6354333333333333,0.51856,0.4130245549601139,0,-0.016522886083590316,2304.856201171875,0.00042970821381693725,1.0,1,1
2026-04-27,HINDUNILVR,2311.3896002112174,2339.0088177903613,2301.5893808110277,2304.856201171875,1099681,0.4551,0,0.0,0.0,0.4551,0.5354,0.6299,0.741,0.5401333333333332,0.64664,0.1650325513345782,0,0.00042970821381693725,2266.44677734375,-0.016664564066337983,0.0,0,0
2026-04-28,HINDUNILVR,2297.62960044326,2310.8945777237636,2258.131454523486,2266.44677734375,1629120,0.3868,0,0.0,0.0,0.3868,0.4551,0.5354,0.6299,0.4591,0.5496399999999999,0.14028343808162158,0,-0.016664564066337983,2291.095947265625,0.010875688839586894,1.0,1,1
2026-04-29,HINDUNILVR,2281.7906936045574,2326.0405558989446,2267.9316611922086,2291.095947265625,1778765,0.9267,1,0.0,0.9492,0.9267,0.3868,0.4551,0.5354,0.5895333333333332,0.5867800000000001,0.21058042881521577,0,0.010875688839586894,2228.2353515625,-0.02743691104606416,0.0,0,0
2026-04-30,HINDUNILVR,2288.720225829817,2344.948348918507,2189.331260792845,2228.2353515625,4434979,0.92085,2,0.0058689862838484045,0.9459,0.9208,0.9267,0.3868,0.4551,0.7447666666666666,0.64496,0.25988551902712886,1,-0.02743691104606416,2228.2353515625,0.0,0.0,0,0
2026-05-01,HINDUNILVR,2228.2353515625,2228.2353515625,2228.2353515625,2228.2353515625,0,0.7827,0,0.0,0.0,0.7827,0.9208,0.9267,0.3868,0.8767333333333331,0.6944199999999999,0.2573418873794162,2,0.0,2286.04736328125,0.02594519994407718,1.0,1,1
2026-05-04,HINDUNILVR,2245.955163802939,2341.978456380622,2245.955163802939,2286.04736328125,2554255,0.6653,0,0.0,0.0,0.6653,0.7827,0.9208,0.9267,0.7896,0.73646,0.2234034981821013,0,0.02594519994407718,2303.965087890625,0.00783786237204498,1.0,1,1
2026-05-05,HINDUNILVR,2278.3259741656116,2311.884535117792,2265.0609967330465,2303.965087890625,1741424,0.5655,0,0.0,0.0,0.5655,0.6653,0.7827,0.9208,0.6711666666666667,0.7722,0.1582837325817158,0,0.00783786237204498,2293.768798828125,-0.0044255397428071275,0.0,0,1
2026-05-06,HINDUNILVR,2306.5388097283676,2315.84406275992,2265.258742886433,2293.768798828125,1196175,0.4807,0,0.0,0.0,0.4807,0.5655,0.6653,0.7827,0.5704999999999999,0.683,0.17430846221569435,0,-0.0044255397428071275,2249.32080078125,-0.019377714994459505,0.0,0,1
2026-05-07,HINDUNILVR,2286.7402347777156,2304.4599000972157,2245.262229356629,2249.32080078125,1859012,0.4086,0,0.0,0.0,0.4086,0.4807,0.5655,0.6653,0.48493333333333327,0.5805600000000001,0.14816419270525574,0,-0.019377714994459505,2264.664794921875,0.006821612166346247,1.0,1,0
2026-05-08,HINDUNILVR,2249.3208664913536,2274.16822791307,2233.2840347907604,2264.664794921875,1104526,0.0074,1,0.0,0.9366,0.0074,0.4086,0.4807,0.5655,0.2989,0.4255,0.2526085410274169,0,0.006821612166346247,2283.968505859375,0.008523871162207097,1.0,1,0
2026-05-11,HINDUNILVR,2254.1717310173203,2293.7689667003274,2236.4518230397666,2283.968505859375,1903862,0.0063,0,0.0,0.0,0.0063,0.0074,0.4086,0.4807,0.14076666666666662,0.2937,0.2676811069164206,1,0.008523871162207097,2239.2236328125,-0.0195908450278911,0.0,0,0
2026-05-12,HINDUNILVR,2262.289070470158,2283.770522059433,2233.2840475795756,2239.2236328125,983506,0.0053,0,0.0,0.0,0.0053,0.0063,0.0074,0.4086,0.006333333333333296,0.18166000000000002,0.24142659961155943,0,-0.0195908450278911,2244.47021484375,0.0023430361998548754,1.0,1,1
2026-05-13,HINDUNILVR,2242.193325602698,2272.683243444049,2227.3443631814885,2244.47021484375,1308559,0.0045,0,0.0,0.0,0.0045,0.0053,0.0063,0.0074,0.00536666666666663,0.08642000000000002,0.18010737630646959,0,0.0023430361998548754,2226.057373046875,-0.00820364720150979,0.0,0,1
2026-05-14,HINDUNILVR,2245.1630860930386,2262.882750990242,2222.3946773716366,2226.057373046875,1380764,0.0039,0,0.0,0.0,0.0039,0.0045,0.0053,0.0063,0.0045666666666666295,0.005480000000000022,0.0014007141036802646,0,-0.00820364720150979,2249.32080078125,0.010450506809055682,1.0,1,1
2026-05-15,HINDUNILVR,2226.0574260984463,2275.7519058077983,2223.582599004531,2249.32080078125,1038522,0.0008,1,0.0,0.951,0.0008,0.0039,0.0045,0.0053,0.0030666666666666295,0.004160000000000022,0.0020827865949849516,0,0.010450506809055682,2231.502197265625,-0.00792177065602917,0.0,0,0
2026-05-18,HINDUNILVR,2240.312727327763,2242.193499373944,2202.299235574,2231.502197265625,1118204,0.0007,0,0.0,0.0,0.0007,0.0008,0.0039,0.0045,0.001799999999999963,0.0030400000000000223,0.002148953233611467,1,-0.00792177065602917,2210.41650390625,-0.009449102665107123,0.0,0,0
2026-05-19,HINDUNILVR,2219.424971337065,2259.022205437637,2207.0508356806363,2210.41650390625,1145022,0.0006,0,0.0,0.0,0.0006,0.0007,0.0008,0.0039,0.0006999999999999629,0.002100000000000022,0.0019300259066264685,0,-0.009449102665107123,2187.05419921875,-0.010569186687764076,0.0,0,1
2026-05-20,HINDUNILVR,2202.4969749325523,2204.4768365637315,2178.83772511289,2187.05419921875,1071994,0.0005,0,0.0,0.0,0.0005,0.0006,0.0007,0.0008,0.000599999999999963,0.001300000000000022,0.001457737973796884,0,-0.010569186687764076,2157.059326171875,-0.01371473695420522,0.0,0,0
2026-05-21,HINDUNILVR,2201.6062145049336,2206.5558687641624,2154.0895336163376,2157.059326171875,1581812,0.0004,0,0.0,0.0,0.0004,0.0005,0.0006,0.0007,0.000499999999999963,0.0006000000000000222,0.00015811388379757138,0,-0.01371473695420522,2181.411865234375,0.011289693689472413,1.0,1,0
2026-05-22,HINDUNILVR,2158.0493989217307,2202.101324725408,2153.4956200308816,2181.411865234375,1382889,0.0004,0,0.0,0.0,0.0004,0.0004,0.0005,0.0006,0.0004333333333332963,0.0005200000000000222,0.00013038404906108776,0,0.011289693689472413,2174.383056640625,-0.0032221373257245167,0.0,0,0
2026-05-25,HINDUNILVR,2192.696776899151,2215.56427562462,2170.8192089984664,2174.383056640625,780722,0.0003,0,0.0,0.0,0.0003,0.0004,0.0004,0.0005,0.0003666666666666297,0.00044000000000002224,0.00011401754360437861,0,-0.0032221373257245167,2187.153076171875,0.005872939219357054,1.0,1,0
2026-05-26,HINDUNILVR,2177.451947396857,2197.6464396286196,2167.9485147687737,2187.153076171875,2302703,0.0003,0,0.0,0.0,0.0003,0.0003,0.0004,0.0004,0.00033333333333329635,0.00038000000000002225,8.366600414496654e-05,0,0.005872939219357054,2176.263916015625,-0.004978691375049582,0.0,0,0
2026-05-27,HINDUNILVR,2182.8966461541704,2192.3009893676626,2164.9788008323703,2176.263916015625,616538,0.0002,0,0.0,0.0,0.0002,0.0003,0.0003,0.0004,0.00026666666666662965,0.0003200000000000222,8.366600414502137e-05,0,-0.004978691375049582,2176.263916015625,0.0,0.0,0,0
2026-05-28,HINDUNILVR,2176.263916015625,2176.263916015625,2176.263916015625,2176.263916015625,0,0.0002,0,0.0,0.0,0.0002,0.0002,0.0003,0.0003,0.00023333333333329636,0.0002800000000000222,8.366600414505792e-05,0,0.0,2131.816162109375,-0.020423880384703663,0.0,0,0
2026-05-29,HINDUNILVR,2112.017544397656,2185.569457533162,2096.77270543257,2131.816162109375,17701621,0.0002,0,0.0,0.0,0.0002,0.0002,0.0002,0.0003,0.0002,0.00024000000000002218,5.477225802910598e-05,0,-0.020423880384703663,2063.31298828125,-0.03213371539520693,0.0,0,0
2026-06-01,HINDUNILVR,2136.7658114814612,2145.6751894306544,2059.3532647482753,2063.31298828125,1470488,0.0001,0,0.0,0.0,0.0001,0.0002,0.0002,0.0002,0.00016666666666662966,0.0002000000000000222,7.071067988368575e-05,0,-0.03213371539520693,2072.6181640625,0.004509822714294565,1.0,1,0
2026-06-02,HINDUNILVR,2058.066228961863,2075.88498419097,2044.9001003727778,2072.6181640625,2148903,-0.9549,1,0.0,0.964,-0.9549,0.0001,0.0002,0.0002,-0.31820000000000004,-0.19083999999999995,0.42712252691704317,0,0.004509822714294565,2069.549560546875,-0.0014805445444955323,0.0,0,0
2026-06-03,HINDUNILVR,2070.9353670832684,2078.4589383211337,2051.334687643431,2069.549560546875,1544973,-0.8117,0,0.0,0.0,-0.8117,-0.9549,0.0001,0.0002,-0.5888333333333334,-0.35322,0.4865360079171944,1,-0.0014805445444955323,2058.462158203125,-0.005357398805573954,0.0,0,0
2026-06-04,HINDUNILVR,2067.9655912455964,2089.64498066566,2052.621662732285,2058.462158203125,2142735,-0.6899,0,0.0,0.0,-0.6899,-0.8117,-0.9549,0.0001,-0.8188333333333334,-0.49124,0.45827646459315396,0,-0.005357398805573954,2100.138427734375,0.02024631318344472,1.0,1,0
2026-06-05,HINDUNILVR,2065.688783694319,2106.07801320051,2056.284440039605,2100.138427734375,1822999,-0.5864,0,0.0,0.0,-0.5864,-0.6899,-0.8117,-0.9549,-0.6960000000000001,-0.60856,0.36701209516853844,0,0.02024631318344472,2088.853271484375,-0.005373529716407477,0.0,0,0
2026-06-08,HINDUNILVR,2084.101554867211,2103.603145099428,2070.440460223743,2088.853271484375,1601497,-0.4985,0,0.0,0.0,-0.4985,-0.5864,-0.6899,-0.8117,-0.5916,-0.70828,0.18077425701686717,0,-0.005373529716407477,2111.32470703125,0.010757785553269894,1.0,1,0
2026-06-09,HINDUNILVR,2098.3565153522595,2117.0663546833757,2088.8533235633454,2111.32470703125,1460636,0.043,1,0.0,0.9041,0.043,-0.4985,-0.5864,-0.6899,-0.3473,-0.5086999999999999,0.3298320254311281,0,0.010757785553269894,2147.655029296875,0.017207359031339742,1.0,1,0
2026-06-10,HINDUNILVR,2113.403324412981,2182.6984855334144,2112.017517863509,2147.655029296875,2325534,0.9061,1,0.0,0.9239,0.9061,0.043,-0.4985,-0.5864,0.15019999999999997,-0.16514,0.6623517441661948,1,0.017207359031339742,2118.254150390625,-0.013689758599580881,0.0,0,1
2026-06-11,HINDUNILVR,2142.2104294070446,2143.2003602893956,2113.7994614200466,2118.254150390625,1178896,0.7702,0,0.0,0.0,0.7702,0.9061,0.043,-0.4985,0.5730999999999999,0.12688000000000002,0.6942529776673632,1,-0.013689758599580881,2146.962158203125,0.013552673935375514,1.0,1,1
2026-06-12,HINDUNILVR,2129.539277901612,2157.455280606382,2123.40175473256,2146.962158203125,1156153,0.6547,0,0.0,0.0,0.6547,0.7702,0.9061,0.043,0.777,0.37510000000000004,0.5894294996010975,0,0.013552673935375514,2134.39013671875,-0.005855725698908909,0.0,0,0
2026-06-15,HINDUNILVR,2177.848007096508,2188.7372471319904,2128.351461480678,2134.39013671875,1439449,0.5565,0,0.0,0.0,0.5565,0.6547,0.7702,0.9061,0.6604666666666666,0.5861,0.3304665414228801,0,-0.005855725698908909,2177.748779296875,0.020314300479658876,1.0,1,1
2026-06-16,HINDUNILVR,2139.2405659215233,2186.7572467009,2138.3497248298445,2177.748779296875,1337309,0.473,0,0.0,0.0,0.473,0.5565,0.6547,0.7702,0.5614,0.6721,0.171527359333723,0,0.020314300479658876,2175.47216796875,-0.001045396672824661,0.0,0,0
2026-06-17,HINDUNILVR,2178.9369260000276,2202.2003013528906,2161.0190806510564,2175.47216796875,1511401,0.402,0,0.0,0.0,0.402,0.473,0.5565,0.6547,0.4771666666666666,0.57128,0.14582625620923048,0,-0.001045396672824661,2196.16162109375,0.00951032765650961,1.0,1,0
2026-06-18,HINDUNILVR,2186.460250293131,2199.2305034441215,2174.68016968817,2196.16162109375,1120482,0.3417,0,0.0,0.0,0.3417,0.402,0.473,0.5565,0.40556666666666663,0.48558,0.12397232352424524,0,0.00951032765650961,2172.50244140625,-0.010772968373665037,0.0,0,1
2026-06-19,HINDUNILVR,2187.3514048487905,2188.34133574496,2157.950263886682,2172.50244140625,1508994,-0.0086,1,0.0,0.9103,-0.0086,0.3417,0.402,0.473,0.2450333333333333,0.35292,0.2174255435775662,0,-0.010772968373665037,2162.89990234375,-0.004420036028260688,0.0,0,0
2026-06-22,HINDUNILVR,2181.5106513903265,2185.9653403900866,2160.524164883483,2162.89990234375,765860,-0.0073,0,0.0,0.0,-0.0073,-0.0086,0.3417,0.402,0.10859999999999996,0.24016,0.2312114897664044,1,-0.004420036028260688,2160.10009765625,-0.0012944679892333832,0.0,0,0
2026-06-23,HINDUNILVR,2160.10009765625,2179.699951171875,2156.0,2160.10009765625,710082,-0.0062,0,0.0,0.0,-0.0062,-0.0073,-0.0086,0.3417,-0.0073666666666667045,0.14432000000000003,0.2087985081364331,0,-0.0012944679892333832,2157.800048828125,-0.0010647880765435325,0.0,0,1
2026-06-24,HINDUNILVR,2160.0,2166.0,2140.0,2157.800048828125,942271,-0.0053,0,0.0,0.0,-0.0053,-0.0062,-0.0073,-0.0086,-0.006266666666666704,0.06286000000000003,0.1558811823152497,0,-0.0010647880765435325,2174.199951171875,0.007600288243879039,1.0,1,1
2026-06-25,HINDUNILVR,2161.0,2200.89990234375,2161.0,2174.199951171875,1898262,0.0012,1,0.0,0.9541,0.0012,-0.0053,-0.0062,-0.0073,-0.00343333333333337,-0.005239999999999978,0.003805653688936311,0,0.007600288243879039,2174.199951171875,0.0,0.0,0,0
2026-06-26,HINDUNILVR,2174.199951171875,2174.199951171875,2174.199951171875,2174.199951171875,0,0.001,0,0.0,0.0,0.001,0.0012,-0.0053,-0.0062,-0.0010333333333333704,-0.003319999999999978,0.004097194161876459,1,0.0,2151.300048828125,-0.010532565016114104,0.0,0,0
2026-06-29,HINDUNILVR,2172.0,2189.89990234375,2143.0,2151.300048828125,1423514,0.0009,0,0.0,0.0,0.0009,0.001,0.0012,-0.0053,0.0010333333333332963,-0.0016799999999999777,0.0037305495573862206,0,-0.010532565016114104,2118.199951171875,-0.015386090691663634,0.0,0,0
2026-06-30,HINDUNILVR,2151.0,2151.300048828125,2114.199951171875,2118.199951171875,2364422,0.0007,0,0.0,0.0,0.0007,0.0009,0.001,0.0012,0.0008666666666666297,-0.0002999999999999778,0.0028008927148526273,0,-0.015386090691663634,2182.0,0.030119936879815512,1.0,1,0
2026-07-01,HINDUNILVR,2133.5,2190.0,2120.199951171875,2182.0,2497576,0.0006,0,0.0,0.0,0.0006,0.0007,0.0009,0.001,0.0007333333333332963,0.000880000000000022,0.0002387467279660868,0,0.030119936879815512,2210.60009765625,0.013107285818629633,1.0,1,0
2026-07-02,HINDUNILVR,2186.0,2216.0,2179.199951171875,2210.60009765625,2585362,0.0005,0,0.0,0.0,0.0005,0.0006,0.0007,0.0009,0.000599999999999963,0.0007400000000000222,0.00020736441380939393,0,0.013107285818629633,2201.199951171875,-0.004252305287754776,0.0,0,0
2026-07-03,HINDUNILVR,2224.89990234375,2239.300048828125,2190.0,2201.199951171875,1536616,0.0005,0,0.0,0.0,0.0005,0.0005,0.0006,0.0007,0.0005333333333332963,0.0006400000000000223,0.00016733200564899176,0,-0.004252305287754776,2202.0,0.0003634603152244953,1.0,1,0
2026-07-06,HINDUNILVR,2202.10009765625,2221.39990234375,2190.300048828125,2202.0,2131061,0.0004,0,0.0,0.0,0.0004,0.0005,0.0005,0.0006,0.00046666666666662964,0.0005400000000000222,0.0001140175430120948,0,0.0003634603152244953,2208.800048828125,0.003088123900147677,1.0,1,0
2026-07-07,HINDUNILVR,2200.0,2219.39990234375,2193.699951171875,2208.800048828125,2552492,-0.0503,1,0.0,0.9119,-0.0503,0.0004,0.0005,0.0005,-0.016466666666666702,-0.009659999999999978,0.022718560693849303,0,0.003088123900147677,2135.800048828125,-0.03304961897240544,0.0,0,0
2026-07-08,HINDUNILVR,2199.0,2199.0,2130.0,2135.800048828125,1326689,-0.0428,0,0.0,0.0,-0.0428,-0.0503,0.0004,0.0005,-0.03090000000000004,-0.018339999999999978,0.02588827920121603,1,-0.03304961897240544,2144.5,0.004073392158900235,1.0,1,0
2026-07-09,HINDUNILVR,2139.0,2166.800048828125,2137.10009765625,2144.5,2201039,-0.0363,0,0.0,0.0,-0.0363,-0.0428,-0.0503,0.0004,-0.043133333333333364,-0.02569999999999998,0.02438021739033749,0,0.004073392158900235,2150.60009765625,0.002844531432151909,1.0,1,1
2026-07-10,HINDUNILVR,2151.5,2178.0,2145.0,2150.60009765625,1665179,-0.0309,0,0.0,0.0,-0.0309,-0.0363,-0.0428,-0.0503,-0.0366666666666667,-0.031979999999999974,0.019499923076774298,0,0.002844531432151909,2130.60009765625,-0.009299729885531183,0.0,0,1
2026-07-13,HINDUNILVR,2143.0,2143.0,2120.0,2130.60009765625,1833988,-0.0263,0,0.0,0.0,-0.0263,-0.0309,-0.0363,-0.0428,-0.031166666666666704,-0.03731999999999998,0.009515881462067237,0,-0.009299729885531183,2120.199951171875,-0.004881322635728602,0.0,0,1
2026-07-14,HINDUNILVR,2125.0,2145.0,2116.10009765625,2120.199951171875,2681897,-0.0223,0,0.0,0.0,-0.0223,-0.0263,-0.0309,-0.0363,-0.026500000000000037,-0.03171999999999998,0.008101357910876105,0,-0.004881322635728602,2102.60009765625,-0.00830103477075228,0.0,0,1
2026-07-15,HINDUNILVR,2121.0,2128.5,2091.0,2102.60009765625,2029614,-0.019,0,0.0,0.0,-0.019,-0.0223,-0.0263,-0.0309,-0.022533333333333374,-0.026959999999999977,0.006860612217587788,0,-0.00830103477075228,2098.39990234375,-0.001997619669656614,0.0,0,0
2026-07-16,HINDUNILVR,2104.89990234375,2123.0,2096.0,2098.39990234375,2143092,-0.0161,0,0.0,0.0,-0.0161,-0.019,-0.0223,-0.0263,-0.01913333333333337,-0.022919999999999975,0.005860204774588924,0,-0.001997619669656614,2143.800048828125,0.02163560264831621,1.0,1,0
2026-07-17,HINDUNILVR,2100.0,2154.5,2092.10009765625,2143.800048828125,1059832,-0.0137,0,0.0,0.0,-0.0137,-0.0161,-0.019,-0.0223,-0.016266666666666704,-0.019479999999999977,0.004988186043053608,0,0.02163560264831621,2139.699951171875,-0.0019125373462377526,0.0,0,0
2026-07-20,HINDUNILVR,2153.800048828125,2153.800048828125,2128.39990234375,2139.699951171875,689849,-0.0117,0,0.0,0.0,-0.0117,-0.0137,-0.0161,-0.019,-0.013833333333333371,-0.016559999999999978,0.004210463157434679,0,-0.0019125373462377526,2142.5,0.0013086175127459132,1.0,1,0
2026-07-21,HINDUNILVR,2139.699951171875,2147.699951171875,2127.5,2142.5,1032417,-0.0099,0,0.0,0.0,-0.0099,-0.0117,-0.0137,-0.0161,-0.011766666666666703,-0.014079999999999978,0.0035905431344177992,0,0.0013086175127459132,2154.60009765625,0.005647653515169271,1.0,1,0
2026-07-22,HINDUNILVR,2139.699951171875,2159.89990234375,2130.0,2154.60009765625,819175,-0.0084,0,0.0,0.0,-0.0084,-0.0099,-0.0117,-0.0137,-0.010000000000000037,-0.011959999999999978,0.0030476220238269034,0,0.005647653515169271,2161.800048828125,0.003341664738485406,1.0,1,0
2026-07-23,HINDUNILVR,2150.0,2166.0,2139.89990234375,2161.800048828125,833281,-0.0072,0,0.0,0.0,-0.0072,-0.0084,-0.0099,-0.0117,-0.008500000000000037,-0.010179999999999977,0.002589787636103544,0,0.003341664738485406,2145.0,-0.007771324104295374,0.0,0,1
2026-07-24,HINDUNILVR,2148.0,2163.0,2139.0,2145.0,1603494,-0.0061,0,0.0,0.0,-0.0061,-0.0072,-0.0084,-0.0099,-0.00723333333333337,-0.008659999999999977,0.002209751117233516,0,-0.007771324104295374,2174.60009765625,0.013799579326922995,1.0,1,1
2026-07-27,HINDUNILVR,2155.0,2181.300048828125,2152.39990234375,2174.60009765625,698681,-0.6565,2,0.4369919907732864,0.8160499999999999,-0.6565,-0.0061,-0.0072,-0.0084,-0.2232666666666667,-0.13761999999999996,0.2900661769320927,0,0.013799579326922995,2022.699951171875,-0.06985199101576911,0.0,0,0
2026-07-28,HINDUNILVR,2174.60009765625,2213.0,2016.0,2022.699951171875,9947304,-0.8726666666666666,3,0.13287672231558592,0.9218000000000001,-0.8727,-0.6565,-0.0061,-0.0072,-0.5117666666666667,-0.31018,0.42181126940848807,2,-0.06985199101576911,2117.800048828125,0.04701641368071052,1.0,1,0
2026-07-29,HINDUNILVR,2050.5,2123.0,2047.0,2117.800048828125,5183374,0.5453333333333333,3,0.4084561461568834,0.8475666666666667,0.5453,-0.8727,-0.6565,-0.0061,-0.3279666666666667,-0.19943999999999998,0.5681454725684261,3,0.04701641368071052,2107.89990234375,-0.004674731445895142,0.0,0,1
2026-07-30,HINDUNILVR,2120.0,2132.60009765625,2088.0,2107.89990234375,2602039,0.4635,0,0.0,0.0,0.4635,0.5453,-0.8727,-0.6565,0.04536666666666663,-0.10529999999999998,0.6421406855199258,3,-0.004674731445895142,2101.300048828125,-0.003131008976416161,0.0,0,0
2026-07-31,HINDUNILVR,2119.60009765625,2119.60009765625,2091.10009765625,2101.300048828125,1759019,0.394,0,0.0,0.0,0.394,0.4635,0.5453,-0.8727,0.4676,-0.02527999999999997,0.6813263696643482,0,-0.003131008976416161,2138.0,0.017465354932220345,1.0,1,0
2026-08-03,HINDUNILVR,2107.0,2138.0,2105.300048828125,2138.0,740649,0.3349,0,0.0,0.0,0.3349,0.394,0.4635,0.5453,0.39746666666666663,0.17300000000000001,0.5898174802428292,0,0.017465354932220345,2096.5,-0.01941066417212345,0.0,0,0
2026-08-04,HINDUNILVR,2119.10009765625,2119.10009765625,2070.199951171875,2096.5,1657094,0.2847,0,0.0,0.0,0.2847,0.3349,0.394,0.4635,0.3378666666666666,0.40448000000000006,0.10321347780207836,0,-0.01941066417212345,2085.300048828125,-0.005342213771464377,0.0,0,0
2026-08-05,HINDUNILVR,2085.300048828125,2097.800048828125,2074.199951171875,2085.300048828125,1150148,0.242,0,0.0,0.0,0.242,0.2847,0.3349,0.394,0.28719999999999996,0.34382,0.08772597676857256,0,-0.005342213771464377,2079.5,-0.002781397732851132,0.0,0,0
2026-08-06,HINDUNILVR,2081.0,2094.0,2075.199951171875,2079.5,1160270,0.2057,0,0.0,0.0,0.2057,0.242,0.2847,0.3349,0.2441333333333333,0.29226,0.07457387612294361,0,-0.002781397732851132,2096.0,0.007934599663380615,1.0,1,0
2026-08-07,HINDUNILVR,2083.10009765625,2099.39990234375,2077.199951171875,2096.0,1054665,0.1748,0,0.0,0.0,0.1748,0.2057,0.242,0.2847,0.20749999999999993,0.24842,0.063405733179265,0,0.007934599663380615,2087.199951171875,-0.004198496578303956,0.0,0,0
2026-08-10,HINDUNILVR,2096.0,2097.0,2076.0,2087.199951171875,1118008,0.1486,0,0.0,0.0,0.1486,0.1748,0.2057,0.242,0.17636666666666664,0.21116000000000001,0.0539093034642459,0,-0.004198496578303956,2064.89990234375,-0.010684193824173183,0.0,0,0
2026-08-11,HINDUNILVR,2086.0,2086.5,2063.800048828125,2064.89990234375,956661,0.1263,0,0.0,0.0,0.1263,0.1486,0.1748,0.2057,0.14989999999999995,0.17948000000000003,0.045825287778694435,0,-0.010684193824173183,2063.0,-0.00092009416126837,0.0,0,0
2026-08-12,HINDUNILVR,2065.0,2072.10009765625,2050.10009765625,2063.0,995523,0.1074,0,0.0,0.0,0.1074,0.1263,0.1486,0.1748,0.1274333333333333,0.15256000000000003,0.03893318635817222,0,-0.00092009416126837,2092.0,0.014057198254968428,1.0,1,0
2026-08-13,HINDUNILVR,2063.0,2092.0,2052.89990234375,2092.0,1186057,0.0913,0,0.0,0.0,0.0913,0.1074,0.1263,0.1486,0.1083333333333333,0.12968000000000005,0.03307048533058099,0,0.014057198254968428,2077.0,-0.0071701720841300665,0.0,0,0
2026-08-14,HINDUNILVR,2089.0,2090.89990234375,2066.39990234375,2077.0,1148419,0.0776,0,0.0,0.0,0.0776,0.0913,0.1074,0.1263,0.09209999999999996,0.11024000000000003,0.028113928932117893,0,-0.0071701720841300665,2055.0,-0.010592200288878195,0.0,0,0
2026-08-17,HINDUNILVR,2070.89990234375,2076.0,2055.0,2055.0,1024288,0.0659,0,0.0,0.0,0.0659,0.0776,0.0913,0.1074,0.07826666666666664,0.09370000000000003,0.023917880340870053,0,-0.010592200288878195,2035.0,-0.009732360097323589,0.0,0,0
2026-08-18,HINDUNILVR,2055.0,2060.0,2034.9000244140625,2035.0,1234596,0.056,0,0.0,0.0,0.056,0.0659,0.0776,0.0913,0.06649999999999996,0.07964000000000003,0.02036155691493607,0,-0.009732360097323589,2020.699951171875,-0.00702705102119161,0.0,0,0
2026-08-19,HINDUNILVR,2035.0,2041.699951171875,2008.300048828125,2020.699951171875,1449442,-0.8876,1,0.0,0.9071,-0.8876,0.056,0.0659,0.0776,-0.25523333333333337,-0.11935999999999995,0.4296614865216572,0,-0.00702705102119161,2028.0,0.003612633743021343,1.0,1,0
2026-08-20,HINDUNILVR,2022.9000244140625,2043.5999755859375,2018.199951171875,2028.0,1401471,-0.7545,0,0.0,0.0,-0.7545,-0.8876,0.056,0.0659,-0.5287000000000001,-0.28851999999999994,0.4884633118259756,1,0.003612633743021343,2015.0,-0.0064102564102563875,0.0,0,0
2026-08-21,HINDUNILVR,2028.0,2034.699951171875,2012.0,2015.0,857550,-0.6413,0,0.0,0.0,-0.6413,-0.7545,-0.8876,0.056,-0.7611333333333333,-0.43229999999999996,0.4586480295389922,0,-0.0064102564102563875,2030.0,0.007444168734491274,1.0,1,0
2026-08-24,HINDUNILVR,2019.9000244140625,2030.0,2006.199951171875,2030.0,891171,-0.5451,0,0.0,0.0,-0.5451,-0.6413,-0.7545,-0.8876,-0.6469666666666667,-0.5545,0.36444768486025575,0,0.007444168734491274,2024.199951171875,-0.0028571669104063835,0.0,0,0
2026-08-25,HINDUNILVR,2024.0,2029.199951171875,2012.0,2024.199951171875,1019583,-0.4633,0,0.0,0.0,-0.4633,-0.5451,-0.6413,-0.7545,-0.5499,-0.65836,0.16804846919862232,0,-0.0028571669104063835,2021.0,-0.0015808473713392335,0.0,0,0
2026-08-26,HINDUNILVR,2030.300048828125,2051.89990234375,2021.0,2021.0,765343,-0.3938,0,0.0,0.0,-0.3938,-0.4633,-0.5451,-0.6413,-0.46740000000000004,-0.5596,0.14285874141962862,0,-0.0015808473713392335,2009.0,-0.005937654626422595,0.0,0,0
2026-08-27,HINDUNILVR,2020.0,2028.0,2004.300048828125,2009.0,989046,-0.3348,0,0.0,0.0,-0.3348,-0.3938,-0.4633,-0.5451,-0.3973,-0.47565999999999986,0.12140211283169794,0,-0.005937654626422595,2010.4000244140625,0.0006968762638439596,1.0,1,1
2026-08-28,HINDUNILVR,2018.0,2018.0,1997.5,2010.4000244140625,933212,-0.0041,1,0.0,0.9427,-0.0041,-0.3348,-0.3938,-0.4633,-0.24423333333333333,-0.34822,0.20777472656702092,0,0.0006968762638439596,1967.4000244140625,-0.0213887780928238,0.0,0,0
2026-08-31,HINDUNILVR,2001.0999755859375,2008.5999755859375,1967.4000244140625,1967.4000244140625,1800025,-0.0035,0,0.0,0.0,-0.0035,-0.0041,-0.3348,-0.3938,-0.11413333333333336,-0.23989999999999995,0.22027561145074662,1,-0.0213887780928238,1994.800048828125,0.01392702250383615,1.0,1,0
2026-09-01,HINDUNILVR,1987.0,2003.0,1980.0,1994.800048828125,922778,-0.003,0,0.0,0.0,-0.003,-0.0035,-0.0041,-0.3348,-0.0035333333333333705,-0.14784,0.19869839707456194,0,0.01392702250383615,1975.0,-0.009925831333198909,0.0,0,0
2026-09-02,HINDUNILVR,1983.0,1983.800048828125,1962.300048828125,1975.0,1497019,-0.0025,0,0.0,0.0,-0.0025,-0.003,-0.0035,-0.0041,-0.0030000000000000374,-0.06957999999999998,0.14826367390564782,0,-0.009925831333198909,1962.0,-0.006582278481012671,0.0,0,0
2026-09-03,HINDUNILVR,1978.9000244140625,1978.9000244140625,1959.9000244140625,1962.0,1638341,-0.0021,0,0.0,0.0,-0.0021,-0.0025,-0.003,-0.0035,-0.0025333333333333705,-0.0030399999999999776,0.0007924645104162457,0,-0.006582278481012671,1973.4000244140625,0.005810409996973798,1.0,1,1
2026-09-04,HINDUNILVR,1967.0,1984.199951171875,1950.4000244140625,1973.4000244140625,2247162,-0.0018,0,0.0,0.0,-0.0018,-0.0021,-0.0025,-0.003,-0.0021333333333333703,-0.0025799999999999773,0.0006833739827277657,0,0.005810409996973798,1960.0,-0.006790323425703404,0.0,0,1
2026-09-07,HINDUNILVR,1972.0,1974.199951171875,1958.0,1960.0,713057,-0.0015,0,0.0,0.0,-0.0015,-0.0018,-0.0021,-0.0025,-0.001800000000000037,-0.002179999999999978,0.0005890670592293918,0,-0.006790323425703404,1980.0,0.010204081632652962,1.0,1,1
2026-09-08,HINDUNILVR,1967.0,1990.800048828125,1956.699951171875,1980.0,1256067,-0.1026,1,0.0,0.737,-0.1026,-0.0015,-0.0018,-0.0021,-0.03530000000000003,-0.022099999999999977,0.04500238882548649,0,0.010204081632652962,1945.0,-0.017676767676767624,0.0,0,1
2026-09-09,HINDUNILVR,1973.0,1979.5999755859375,1936.0,1945.0,1455307,-0.0872,0,0.0,0.0,-0.0872,-0.1026,-0.0015,-0.0018,-0.06376666666666671,-0.03903999999999998,0.051283262376727486,1,-0.017676767676767624,1942.300048828125,-0.0013881497027634637,0.0,0,1
2026-09-10,HINDUNILVR,1940.0,1950.0,1936.0,1942.300048828125,1232506,-0.0741,0,0.0,0.0,-0.0741,-0.0872,-0.1026,-0.0015,-0.0879666666666667,-0.053439999999999974,0.04834183488450014,0,-0.0013881497027634637,1927.0,-0.007877283861139839,0.0,0,1
2026-09-11,HINDUNILVR,1930.5,1946.5999755859375,1926.199951171875,1927.0,1100313,-0.063,0,0.0,0.0,-0.063,-0.0741,-0.0872,-0.1026,-0.0747666666666667,-0.06567999999999997,0.03880511564214538,0,-0.007877283861139839,1927.0,0.0,0.0,0,1
2026-09-14,HINDUNILVR,1927.0,1927.0,1927.0,1927.0,0,-0.0536,0,0.0,0.0,-0.0536,-0.063,-0.0741,-0.0872,-0.0635666666666667,-0.07609999999999997,0.019412109622611286,0,0.0,1938.0999755859375,0.005760236422385878,1.0,1,1
2026-09-15,HINDUNILVR,1944.0,1969.4000244140625,1933.800048828125,1938.0999755859375,1715702,-0.4517,1,0.0,0.5043,-0.4517,-0.0536,-0.063,-0.0741,-0.18943333333333337,-0.14592,0.17139593635789702,0,0.005760236422385878,1962.0,0.012331677785010431,1.0,1,1
2026-09-16,HINDUNILVR,1944.0999755859375,1977.0,1943.5,1962.0,1013304,-0.3839,0,0.0,0.0,-0.3839,-0.4517,-0.0536,-0.063,-0.29640000000000005,-0.20526,0.1956313701838238,1,0.012331677785010431,1942.199951171875,-0.010091768006179946,0.0,0,1
2026-09-17,HINDUNILVR,1962.0,1968.9000244140625,1942.199951171875,1942.199951171875,1171388,-0.3264,0,0.0,0.0,-0.3264,-0.3839,-0.4517,-0.0536,-0.38733333333333336,-0.25572,0.18562558282736866,0,-0.010091768006179946,1932.0,-0.005251751327519427,0.0,0,1
2026-09-18,HINDUNILVR,1950.0,1959.5999755859375,1932.0,1932.0,1994635,-0.2774,0,0.0,0.0,-0.2774,-0.3264,-0.3839,-0.4517,-0.3292333333333334,-0.2986,0.1516269929794834,0,-0.005251751327519427,1947.0,0.007763975155279601,1.0,1,0
2026-09-21,HINDUNILVR,1940.0,1966.5999755859375,1939.0,1947.0,864547,-0.2358,0,0.0,0.0,-0.2358,-0.2774,-0.3264,-0.3839,-0.2798666666666667,-0.33503999999999995,0.08550212278066731,0,0.007763975155279601,1933.800048828125,-0.006779635938302553,0.0,0,1
2026-09-22,HINDUNILVR,1952.0,1956.800048828125,1933.800048828125,1933.800048828125,1023040,-0.2004,0,0.0,0.0,-0.2004,-0.2358,-0.2774,-0.3264,-0.2378666666666667,-0.28478,0.07268164830272014,0,-0.006779635938302553,1950.0,0.008377262779412975,1.0,1,1
2026-09-23,HINDUNILVR,1938.0,1954.0,1936.0,1950.0,870342,-0.0111,1,0.0,0.9483,-0.0111,-0.2004,-0.2358,-0.2774,-0.14910000000000007,-0.21022,0.12084130916205889,0,0.008377262779412975,1933.5,-0.00846153846153841,0.0,0,0
2026-09-24,HINDUNILVR,1940.0,1953.0,1925.5,1933.5,1257687,0.0275,1,0.0,0.9339,0.0275,-0.0111,-0.2004,-0.2358,-0.061333333333333385,-0.13943999999999995,0.13817964032374772,1,-0.00846153846153841,1942.9000244140625,0.004861662484645812,1.0,1,0
2026-09-25,HINDUNILVR,1933.5,1942.9000244140625,1915.0,1942.9000244140625,732074,-0.007700000000000001,3,0.01528037957643723,0.9403,-0.0077,0.0275,-0.0111,-0.2004,0.002899999999999944,-0.08549999999999998,0.12262677113909622,1,0.004861662484645812,1896.0,-0.024139185663043294,0.0,0,0
2026-04-02,ICICIBANK,1186.001465486272,1211.883245832491,1177.67166509731,1205.635986328125,20851722,-0.8087,1,0.0,0.8256,-0.8087,0.0,0.0,0.0,-0.8087,-0.8087,0.0,0,0.0,1221.10546875,0.012830972695986542,1.0,1,0
2026-04-06,ICICIBANK,1202.8592693089724,1224.0803886246306,1190.4637698313447,1221.10546875,10058414,-0.6874,0,0.0,0.0,-0.6874,-0.8087,0.0,0.0,-0.74805,-0.74805,0.08577205255792819,1,0.012830972695986542,1235.0875244140625,0.01145032597255935,1.0,1,0
2026-04-07,ICICIBANK,1218.7254656803555,1239.9465842479708,1206.429106422035,1235.0875244140625,25600557,-0.5843,0,0.0,0.0,-0.5843,-0.6874,-0.8087,0.0,-0.6934666666666667,-0.6934666666666667,0.11232294215044994,0,0.01145032597255935,1298.2550048828125,0.05114413288136577,1.0,1,0
2026-04-08,ICICIBANK,1299.048365281531,1322.3519046587187,1281.595525957938,1298.2550048828125,25148651,-0.4966,0,0.0,0.0,-0.4966,-0.5843,-0.6874,-0.8087,-0.5894333333333334,-0.64425,0.1345365501762749,0,0.05114413288136577,1270.58837890625,-0.02131062531822081,0.0,0,0
2026-04-09,ICICIBANK,1289.032858674316,1297.065118454786,1265.2334987026684,1270.58837890625,22923062,-0.4221,0,0.0,0.0,-0.4221,-0.4966,-0.5843,-0.6874,-0.501,-0.59982,0.15311821250262816,0,-0.02131062531822081,1310.848876953125,0.03168649951098401,1.0,1,0
2026-04-10,ICICIBANK,1278.2238983175278,1312.931296642674,1277.7280783414542,1310.848876953125,18174755,-0.3588,0,0.0,0.0,-0.3588,-0.4221,-0.4966,-0.5843,-0.4258333333333333,-0.50984,0.1301523453495941,0,0.03168649951098401,1339.8046875,0.022089358320372066,1.0,1,1
2026-04-13,ICICIBANK,1293.9909710757174,1345.655387306946,1285.8594510059597,1339.8046875,30572141,-0.305,0,0.0,0.0,-0.305,-0.3588,-0.4221,-0.4966,-0.3619666666666667,-0.43335999999999997,0.11061696524493893,0,0.022089358320372066,1336.829833984375,-0.0022203635674509226,0.0,0,1
2026-04-15,ICICIBANK,1346.647094004827,1353.3902942945808,1326.8142943876721,1336.829833984375,23827473,-0.2593,0,0.0,0.0,-0.2593,-0.305,-0.3588,-0.4221,-0.30770000000000003,-0.36835999999999997,0.0939859723575813,0,-0.0022203635674509226,1334.2515869140625,-0.001928627716684117,0.0,0,0
2026-04-16,ICICIBANK,1340.697246754227,1355.4727065977952,1328.995846624469,1334.2515869140625,24017236,-0.2204,0,0.0,0.0,-0.2204,-0.2593,-0.305,-0.3588,-0.26156666666666667,-0.31312,0.07987932773878388,0,-0.001928627716684117,1335.540771484375,0.0009662229994376048,1.0,1,1
2026-04-17,ICICIBANK,1335.7390510601572,1341.5897511433582,1322.8477313394578,1335.540771484375,18151993,-0.0019,1,0.0,0.9176,-0.0019,-0.2204,-0.2593,-0.305,-0.16053333333333333,-0.22908,0.1371044018257622,0,0.0009662229994376048,1344.862060546875,0.006979411831912863,1.0,1,0
2026-04-20,ICICIBANK,1353.2910001768837,1364.893260297481,1341.6888611060856,1344.862060546875,21551520,0.0087,1,0.0,0.9479,0.0087,-0.0019,-0.2204,-0.2593,-0.0712,-0.15558,0.1482323075446108,1,0.006979411831912863,1376.79296875,0.02374288720000073,1.0,1,0
2026-04-21,ICICIBANK,1356.5634890022861,1381.4536282235813,1348.6303691835594,1376.79296875,23312455,0.0917,1,0.0,0.796,0.0917,0.0087,-0.0019,-0.2204,0.03283333333333333,-0.07624,0.15430339594448367,1,0.02374288720000073,1356.166748046875,-0.01498135244099319,0.0,0,1
2026-04-22,ICICIBANK,1368.463107425001,1368.5622472083335,1353.588508431251,1356.166748046875,13613487,0.0779,0,0.0,0.0,0.0779,0.0917,0.0087,-0.0019,0.05943333333333334,-0.008800000000000002,0.12524531927381605,1,-0.01498135244099319,1336.730712890625,-0.014331596895618803,0.0,0,1
2026-04-23,ICICIBANK,1337.1273930984762,1342.680552858981,1332.268332914358,1336.730712890625,20111792,0.0663,0,0.0,0.0,0.0663,0.0779,0.0917,0.0087,0.07863333333333333,0.04854,0.042342744360753554,0,-0.014331596895618803,1315.1129150390625,-0.01617214121220789,0.0,0,1
2026-04-24,ICICIBANK,1325.1285758443225,1337.5240758015216,1312.931355466517,1315.1129150390625,14056743,0.0563,0,0.0,0.0,0.0563,0.0663,0.0779,0.0917,0.06683333333333334,0.06018,0.03166310155370332,0,-0.01617214121220789,1303.114013671875,-0.009123856385237494,0.0,0,0
2026-04-27,ICICIBANK,1316.7986931874252,1324.7318126631535,1299.9408143015023,1303.114013671875,15385625,0.0479,0,0.0,0.0,0.0479,0.0563,0.0663,0.0779,0.056833333333333326,0.06802,0.017345662281969265,0,-0.009123856385237494,1281.1988525390625,-0.016817531622625004,0.0,0,0
2026-04-28,ICICIBANK,1303.3124724850059,1306.6839515728986,1275.943112231791,1281.1988525390625,16774778,0.0407,0,0.0,0.0,0.0407,0.0479,0.0563,0.0663,0.0483,0.05782,0.014738792352161306,0,-0.016817531622625004,1270.290771484375,-0.008513964114992723,0.0,0,1
2026-04-29,ICICIBANK,1283.876190331697,1285.9587310592146,1265.5308513211887,1270.290771484375,11716030,0.0346,0,0.0,0.0,0.0346,0.0407,0.0479,0.0563,0.04106666666666667,0.049159999999999995,0.012549023866425885,0,-0.008513964114992723,1252.8380126953125,-0.013739184115041936,0.0,0,1
2026-04-30,ICICIBANK,1250.4580524616338,1261.5643721523936,1248.474772441869,1252.8380126953125,17740110,0.0294,0,0.0,0.0,0.0294,0.0346,0.0407,0.0479,0.0349,0.04178,0.01065678187822781,0,-0.013739184115041936,1252.8380126953125,0.0,0.0,0,0
2026-05-01,ICICIBANK,1252.8380126953125,1252.8380126953125,1252.8380126953125,1252.8380126953125,0,0.025,0,0.0,0.0,0.025,0.0294,0.0346,0.0407,0.029666666666666664,0.03552,0.0090701157655304,0,0.0,1260.1761474609375,0.0058572095444628935,1.0,1,0
2026-05-04,ICICIBANK,1253.7304875272214,1271.4807465048432,1253.7304875272214,1260.1761474609375,14597051,0.0212,0,0.0,0.0,0.0212,0.025,0.0294,0.0346,0.0252,0.030179999999999995,0.007718289966056074,0,0.0058572095444628935,1240.839111328125,-0.015344708889922787,0.0,0,1
2026-05-05,ICICIBANK,1253.4328902069624,1256.11026963796,1235.0875512284588,1240.839111328125,24447935,0.0181,0,0.0,0.0,0.0181,0.0212,0.025,0.0294,0.021433333333333335,0.02566,0.006545838372593754,0,-0.015344708889922787,1268.8033447265625,0.0225365505835049,1.0,1,1
2026-05-06,ICICIBANK,1251.449645209005,1272.0758050555082,1241.6323852719695,1268.8033447265625,22909586,0.0153,0,0.0,0.0,0.0153,0.0181,0.0212,0.025,0.018199999999999997,0.021800000000000003,0.005574495492878255,0,0.0225365505835049,1268.3074951171875,-0.00039080099483967956,0.0,0,0
2026-05-07,ICICIBANK,1273.9597944081108,1283.1820943562475,1262.5559349914981,1268.3074951171875,25028552,0.013,0,0.0,0.0,0.013,0.0153,0.0181,0.0212,0.015466666666666665,0.018520000000000002,0.0047483681407531194,0,-0.00039080099483967956,1254.226318359375,-0.011102336627374032,0.0,0,0
2026-05-08,ICICIBANK,1268.902517705381,1268.902517705381,1250.6563175253964,1254.226318359375,11137424,0.0111,0,0.0,0.0,0.0111,0.013,0.0153,0.0181,0.013133333333333332,0.01574,0.004019079496615933,0,-0.011102336627374032,1255.8128662109375,0.0012649613776545277,1.0,1,0
2026-05-11,ICICIBANK,1248.871386509416,1265.035045184508,1241.5332266149906,1255.8128662109375,18980488,0.0094,0,0.0,0.0,0.0094,0.0111,0.013,0.0153,0.011166666666666667,0.01338,0.003433220062873634,0,0.0012649613776545277,1229.93115234375,-0.02060953073787042,0.0,0,0
2026-05-12,ICICIBANK,1245.4998520747622,1249.3672723222166,1225.9645923052954,1229.93115234375,21110708,0.008,0,0.0,0.0,0.008,0.0094,0.0111,0.013,0.0095,0.011359999999999999,0.0028901557051684203,0,-0.02060953073787042,1225.2703857421875,-0.0037894532492172006,0.0,0,0
2026-05-13,ICICIBANK,1227.9478864287817,1238.7566658178762,1216.940585355795,1225.2703857421875,19490295,0.0068,0,0.0,0.0,0.0068,0.008,0.0094,0.0111,0.008066666666666666,0.00966,0.00246130046928797,0,-0.0037894532492172006,1235.5833740234375,0.00841690813820084,1.0,1,0
2026-05-14,ICICIBANK,1228.7410341788377,1246.193873036946,1225.6669745529443,1235.5833740234375,16535600,0.0058,0,0.0,0.0,0.0058,0.0068,0.008,0.0094,0.006866666666666667,0.00822,0.0020980943735010712,0,0.00841690813820084,1234.095947265625,-0.0012038254876876042,0.0,0,1
2026-05-15,ICICIBANK,1236.178367000428,1247.4830869105315,1231.616847331383,1234.095947265625,11745614,0.0049,0,0.0,0.0,0.0049,0.0058,0.0068,0.008,0.005833333333333333,0.00698,0.0017782013384643955,0,-0.0012038254876876042,1240.6407470703125,0.005303315207532133,1.0,1,0
2026-05-18,ICICIBANK,1225.171187688256,1243.218986792355,1221.7004477797907,1240.6407470703125,13918850,0.0042,0,0.0,0.0,0.0042,0.0049,0.0058,0.0068,0.004966666666666666,0.005939999999999999,0.0015093044756166094,0,0.005303315207532133,1230.4268798828125,-0.008232735553478587,0.0,0,1
2026-05-19,ICICIBANK,1240.6406985843882,1245.7972988767476,1219.518840596794,1230.4268798828125,38929053,0.0036,0,0.0,0.0,0.0036,0.0042,0.0049,0.0058,0.004233333333333333,0.00506,0.0012720062893382743,0,-0.008232735553478587,1226.9561767578125,-0.0028207309038392747,0.0,0,1
2026-05-20,ICICIBANK,1219.7171565954964,1229.3360158332805,1213.0732172518474,1226.9561767578125,14953103,0.003,0,0.0,0.0,0.003,0.0036,0.0042,0.0049,0.0036000000000000003,0.0043,0.0010954451150632558,0,-0.0028207309038392747,1232.41015625,0.0044451298224843505,1.0,1,0
2026-05-21,ICICIBANK,1234.8892560806848,1237.8641758775068,1224.0803566089394,1232.41015625,14394386,0.0026,0,0.0,0.0,0.0026,0.003,0.0036,0.0042,0.0030666666666666668,0.003659999999999999,0.0009208691547205834,0,0.0044451298224843505,1253.73046875,0.01729968906201962,1.0,1,0
2026-05-22,ICICIBANK,1231.6168488886804,1260.1761285871792,1231.6168488886804,1253.73046875,11601085,0.0022,0,0.0,0.0,0.0022,0.0026,0.003,0.0036,0.0026,0.0031200000000000004,0.0007949842766468259,0,0.01729968906201962,1281.0006103515625,0.021751199545107625,1.0,1,0
2026-05-25,ICICIBANK,1260.3744497717253,1282.6863499447102,1260.2753099809177,1281.0006103515625,13853923,0.0019,0,0.0,0.0,0.0019,0.0022,0.0026,0.003,0.0022333333333333333,0.00266,0.0006693280213135941,0,0.021751199545107625,1268.4066162109375,-0.00983137247465371,0.0,0,0
2026-05-26,ICICIBANK,1279.215515708668,1290.9169153575494,1265.5308361904704,1268.4066162109375,18400405,0.0016,0,0.0,0.0,0.0016,0.0019,0.0022,0.0026,0.0019,0.0022600000000000003,0.0005549774771245035,0,-0.00983137247465371,1262.0601806640625,-0.005003470863179094,0.0,0,0
2026-05-27,ICICIBANK,1275.2490410953124,1282.587201311576,1256.1103406589523,1262.0601806640625,18366272,0.0013,0,0.0,0.0,0.0013,0.0016,0.0019,0.0022,0.0016,0.0019200000000000003,0.0005069516743392812,0,-0.005003470863179094,1262.0601806640625,0.0,0.0,0,0
2026-05-28,ICICIBANK,1262.0601806640625,1262.0601806640625,1262.0601806640625,1262.0601806640625,0,0.0011,0,0.0,0.0,0.0011,0.0013,0.0016,0.0019,0.0013333333333333333,0.00162,0.0004438468205533659,0,0.0,1245.896484375,-0.01280738948641702,0.0,0,0
2026-05-29,ICICIBANK,1264.4401034217194,1277.0340036893715,1237.4675446174365,1245.896484375,31007884,0.001,0,0.0,0.0,0.001,0.0011,0.0013,0.0016,0.0011333333333333334,0.00138,0.00037013511062215733,0,-0.01280738948641702,1229.3360595703125,-0.013291974905118242,0.0,0,0
2026-06-01,ICICIBANK,1246.5906197801364,1251.3505402000205,1225.5679002002253,1229.3360595703125,9911975,-0.9563,1,0.0,0.964,-0.9563,0.001,0.0011,0.0013,-0.31806666666666666,-0.19026,0.4282294396699042,0,-0.013291974905118242,1216.3455810546875,-0.0105670686339141,0.0,0,0
2026-06-02,ICICIBANK,1222.692101166893,1227.3527606751832,1210.4948809348448,1216.3455810546875,17920892,-0.8129,0,0.0,0.0,-0.8129,-0.9563,0.001,0.0011,-0.5894,-0.35316000000000003,0.4877781442418265,1,-0.0105670686339141,1231.6168212890625,0.012555017646492583,1.0,1,0
2026-06-03,ICICIBANK,1209.7016025437176,1237.8642014111729,1203.5533622069204,1231.6168212890625,13934754,-0.6909,0,0.0,0.0,-0.6909,-0.8129,-0.9563,0.001,-0.8200333333333334,-0.4915999999999999,0.45943125709947075,0,0.012555017646492583,1241.2357177734375,0.00780997491923463,1.0,1,0
2026-06-04,ICICIBANK,1221.8987381131592,1251.7471984286103,1221.8987381131592,1241.2357177734375,19461560,-0.5873,0,0.0,0.0,-0.5873,-0.6909,-0.8129,-0.9563,-0.6970333333333333,-0.60928,0.36792343225187496,0,0.00780997491923463,1251.548828125,0.008308744426129167,1.0,1,1
2026-06-05,ICICIBANK,1246.4914883012805,1254.4246083541127,1239.5500082550523,1251.548828125,10166393,-0.4992,0,0.0,0.0,-0.4992,-0.5873,-0.6909,-0.8129,-0.5924666666666667,-0.70932,0.18104317717053026,0,0.008308744426129167,1239.748291015625,-0.009428746880817962,0.0,0,0
2026-06-08,ICICIBANK,1235.98013161075,1243.516571470306,1232.7076711606426,1239.748291015625,10714196,-0.4243,0,0.0,0.0,-0.4243,-0.4992,-0.5873,-0.6909,-0.5035999999999999,-0.60292,0.15389851201359944,0,-0.009428746880817962,1264.3409423828125,0.019836810056854892,1.0,1,0
2026-06-09,ICICIBANK,1244.5081432866116,1269.2000023713417,1242.2273229706288,1264.3409423828125,22368579,-0.3607,0,0.0,0.0,-0.3607,-0.4243,-0.4992,-0.5873,-0.42806666666666665,-0.5124799999999999,0.13078701005833882,0,0.019836810056854892,1282.488037109375,0.014353007261128425,1.0,1,1
2026-06-10,ICICIBANK,1260.6719575059049,1295.0818164605482,1260.6719575059049,1282.488037109375,25951584,-0.3066,0,0.0,0.0,-0.3066,-0.3607,-0.4243,-0.4992,-0.3638666666666667,-0.43562,0.11117165556021927,0,0.014353007261128425,1305.9898681640625,0.018325185401073085,1.0,1,1
2026-06-11,ICICIBANK,1275.7448484381675,1321.8561080202699,1275.7448484381675,1305.9898681640625,35919374,-0.2606,0,0.0,0.0,-0.2606,-0.3066,-0.3607,-0.4243,-0.30929999999999996,-0.37028,0.09449225894220134,0,0.018325185401073085,1329.5909423828125,0.018071406826400516,1.0,1,0
2026-06-12,ICICIBANK,1318.881182108178,1333.0616823357286,1307.6756018402702,1329.5909423828125,18339846,-0.2215,0,0.0,0.0,-0.2215,-0.2606,-0.3066,-0.3607,-0.26289999999999997,-0.31473999999999996,0.08032249373618844,0,0.018071406826400516,1316.501220703125,-0.009844923925420912,0.0,0,1
2026-06-15,ICICIBANK,1343.2755003149457,1351.3077599885314,1314.2205213660739,1316.501220703125,16172921,-0.1883,0,0.0,0.0,-0.1883,-0.2215,-0.2606,-0.3066,-0.22346666666666667,-0.26754,0.06828486655182121,0,-0.009844923925420912,1323.145263671875,0.005046742733137322,1.0,1,1
2026-06-16,ICICIBANK,1320.7653035280132,1326.1201835892518,1315.2121438922036,1323.145263671875,13069159,-0.16,0,0.0,0.0,-0.16,-0.1883,-0.2215,-0.2606,-0.18993333333333332,-0.2274,0.05805441413019366,0,0.005046742733137322,1325.6243896484375,0.001873661225739287,1.0,1,1
2026-06-17,ICICIBANK,1330.7808691866162,1334.7474291543856,1322.2527894658729,1325.6243896484375,8026424,-0.136,0,0.0,0.0,-0.136,-0.16,-0.1883,-0.2215,-0.16143333333333332,-0.19328,0.04935004559268441,0,0.001873661225739287,1331.078369140625,0.004114272138304509,1.0,1,1
2026-06-18,ICICIBANK,1322.4510288431072,1335.6398887549333,1320.2694693470728,1331.078369140625,13467985,-0.1156,0,0.0,0.0,-0.1156,-0.136,-0.16,-0.1883,-0.13720000000000002,-0.16427999999999998,0.041949100109537875,0,0.004114272138304509,1335.2431640625,0.0031288878389361674,1.0,1,1
2026-06-19,ICICIBANK,1329.293324489997,1340.994724069171,1320.8643850956182,1335.2431640625,9057322,-0.0983,0,0.0,0.0,-0.0983,-0.1156,-0.136,-0.16,-0.11663333333333335,-0.13964000000000001,0.035645799191489996,0,0.0031288878389361674,1341.0938720703125,0.004381754698531193,1.0,1,1
2026-06-22,ICICIBANK,1341.6888318212496,1351.307690769155,1337.1273123310036,1341.0938720703125,4814845,-0.0835,0,0.0,0.0,-0.0835,-0.0983,-0.1156,-0.136,-0.09913333333333334,-0.11868000000000001,0.030289387580471613,0,0.004381754698531193,1327.11181640625,-0.010425859035861351,0.0,0,1
2026-06-23,ICICIBANK,1346.647075338441,1357.654254763427,1320.3686162099664,1327.11181640625,11884879,-0.071,0,0.0,0.0,-0.071,-0.0835,-0.0983,-0.1156,-0.08426666666666667,-0.10088,0.025746980405477207,0,-0.010425859035861351,1362.11669921875,0.02637673960834097,1.0,1,1
2026-06-24,ICICIBANK,1329.3925787519856,1366.0832592753275,1329.3925787519856,1362.11669921875,16440708,0.6855,2,0.05133595231414335,0.7684500000000001,0.6855,-0.071,-0.0835,-0.0983,0.17699999999999996,0.06342,0.3481520027229486,0,0.02637673960834097,1375.9005126953125,0.01011940715833548,1.0,1,1
2026-06-25,ICICIBANK,1370.3473528540349,1392.2625728462838,1368.562352417643,1375.9005126953125,17173209,-0.4797,1,0.0,0.5007,-0.4797,0.6855,-0.071,-0.0835,0.044933333333333304,-0.009399999999999997,0.42463416018968614,2,0.01011940715833548,1375.9005126953125,0.0,0.0,0,0
2026-06-26,ICICIBANK,1375.9005126953125,1375.9005126953125,1375.9005126953125,1375.9005126953125,0,-0.4077,0,0.0,0.0,-0.4077,-0.4797,0.6855,-0.071,-0.06730000000000003,-0.07128,0.46174957715194503,1,0.0,1375.9996337890625,7.204088728474112e-05,1.0,1,1
2026-06-29,ICICIBANK,1378.379593988644,1390.2792739367474,1371.6363935981306,1375.9996337890625,13249405,0.002,1,0.0,0.9354,0.002,-0.4077,-0.4797,0.6855,-0.29513333333333336,-0.05417999999999999,0.4627659419188063,0,7.204088728474112e-05,1363.7032470703125,-0.008936329935560927,0.0,0,1
2026-06-30,ICICIBANK,1390.2792468566804,1390.2792468566804,1354.6793474953972,1363.7032470703125,18398057,0.0017,0,0.0,0.0,0.0017,0.002,-0.4077,-0.4797,-0.13466666666666668,-0.039639999999999995,0.4632471996677368,1,-0.008936329935560927,1368.264892578125,0.0033450426385743803,1.0,1,0
2026-07-01,ICICIBANK,1359.935092537661,1373.5205118412996,1356.2659519824388,1368.264892578125,11948034,0.0014,0,0.0,0.0,0.0014,0.0017,0.002,-0.4077,0.0016999999999999817,-0.17646,0.2452802336104563,0,0.0033450426385743803,1388.2960205078125,0.014639802598416685,1.0,1,0
2026-07-02,ICICIBANK,1370.347360452637,1393.2542205810548,1365.2900205878914,1388.2960205078125,15779429,0.0012,0,0.0,0.0,0.0012,0.0014,0.0017,0.002,0.001433333333333315,-0.08027999999999999,0.18303359527693275,0,0.014639802598416685,1399.6007080078125,0.00814285089995792,1.0,1,0
2026-07-03,ICICIBANK,1402.1789477753737,1408.128787723501,1394.1466880553623,1399.6007080078125,12901785,0.001,0,0.0,0.0,0.001,0.0012,0.0014,0.0017,0.0011999999999999815,0.0014600000000000166,0.0003974921383178525,0,0.00814285089995792,1414.9710693359375,0.010981961669627172,1.0,1,0
2026-07-06,ICICIBANK,1400.1956098660596,1419.6317286825692,1399.7989296759679,1414.9710693359375,12306949,0.0009,0,0.0,0.0,0.0009,0.001,0.0012,0.0014,0.0010333333333333147,0.0012400000000000167,0.0003209361307557884,0,0.010981961669627172,1402.873046875,-0.008550014006021511,0.0,0,0
2026-07-07,ICICIBANK,1419.6317869331858,1421.0201071305735,1398.212387337131,1402.873046875,15664178,0.0008,0,0.0,0.0,0.0008,0.0009,0.001,0.0012,0.0008999999999999815,0.0010600000000000167,0.0002408318916267002,0,-0.008550014006021511,1369.05810546875,-0.024104063786509533,0.0,0,0
2026-07-08,ICICIBANK,1398.5098849300493,1406.4430046152802,1364.397446073597,1369.05810546875,10573142,0.0006,0,0.0,0.0,0.0006,0.0008,0.0009,0.001,0.0007666666666666481,0.0009000000000000166,0.000223606797804747,0,-0.024104063786509533,1369.1572265625,7.240093999949515e-05,1.0,1,0
2026-07-09,ICICIBANK,1371.3389070760331,1391.8658055614053,1365.7857475821456,1369.1572265625,13948838,0.0005,0,0.0,0.0,0.0005,0.0006,0.0008,0.0009,0.0006333333333333149,0.0007600000000000167,0.0002073644135923315,0,7.240093999949515e-05,1389.48583984375,0.014847537512027387,1.0,1,0
2026-07-10,ICICIBANK,1378.081980498166,1396.4273194454097,1377.9828407138161,1389.48583984375,6409645,0.0005,0,0.0,0.0,0.0005,0.0005,0.0006,0.0008,0.0005333333333333148,0.0006600000000000167,0.00018165902131325726,0,0.014847537512027387,1397.716552734375,0.005923567304255917,1.0,1,0
2026-07-13,ICICIBANK,1381.850313043882,1401.1872926666704,1374.710553603081,1397.716552734375,10091437,0.0004,0,0.0,0.0,0.0004,0.0005,0.0005,0.0006,0.0004666666666666482,0.0005600000000000166,0.0001516575089617702,0,0.005923567304255917,1395.9315185546875,-0.0012771074193801413,0.0,0,0
2026-07-14,ICICIBANK,1388.2959393084109,1399.9973392167874,1380.36281965522,1395.9315185546875,14133017,0.0003,0,0.0,0.0,0.0003,0.0004,0.0005,0.0005,0.00039999999999998153,0.00046000000000001666,0.00011401754261730236,0,-0.0012771074193801413,1404.3604736328125,0.00603822964528522,1.0,1,0
2026-07-15,ICICIBANK,1401.0881343697583,1416.061873669893,1397.4189938599209,1404.3604736328125,12961648,0.0003,0,0.0,0.0,0.0003,0.0003,0.0004,0.0005,0.00033333333333331484,0.00040000000000001666,0.00010000000012243871,0,0.00603822964528522,1406.34375,0.0014122274191163964,1.0,1,0
2026-07-16,ICICIBANK,1408.2278901435363,1411.7977698077207,1394.4440704195183,1406.34375,10165264,0.0002,0,0.0,0.0,0.0002,0.0003,0.0003,0.0004,0.0002666666666666482,0.0003400000000000166,0.00011401754261729691,0,0.0014122274191163964,1432.2257080078125,0.018403721001933215,1.0,1,0
2026-07-17,ICICIBANK,1410.2112272612976,1442.935347434669,1407.8312670387277,1432.2257080078125,11112550,0.48424999999999996,2,0.5205013016314176,0.87635,0.4842,0.0002,0.0003,0.0003,0.16156666666666666,0.09708000000000003,0.21640667041475414,0,0.018403721001933215,1447.99267578125,0.011008717191209216,1.0,1,1
2026-07-20,ICICIBANK,1432.4239762420166,1467.6271961496604,1427.4657762550246,1447.99267578125,22236415,0.45615,4,0.49373337271581447,0.92205,0.4562,0.4842,0.0002,0.0003,0.3135333333333333,0.18824000000000002,0.2575833903806688,2,0.011008717191209216,1450.868408203125,0.001986013099357198,1.0,1,0
2026-07-21,ICICIBANK,1457.7107481698004,1461.5781682422519,1444.4227484323062,1450.868408203125,18269907,0.3877,0,0.0,0.0,0.3877,0.4562,0.4842,0.0002,0.44270000000000004,0.26572000000000007,0.24486930595728004,4,0.001986013099357198,1428.6556396484375,-0.01530998154560248,0.0,0,0
2026-07-22,ICICIBANK,1454.1408592092237,1454.1408592092237,1426.374940373995,1428.6556396484375,8345136,0.3296,0,0.0,0.0,0.3296,0.3877,0.4562,0.4842,0.39116666666666666,0.33158000000000004,0.19480059548163609,0,-0.01530998154560248,1422.606689453125,-0.004234015551011994,0.0,0,0
2026-07-23,ICICIBANK,1420.5242697074934,1433.9114094220142,1414.673569622298,1422.606689453125,12409328,0.2801,0,0.0,0.0,0.2801,0.3296,0.3877,0.4562,0.33246666666666663,0.38756,0.0850849164070813,0,-0.004234015551011994,1420.9208984375,-0.0011850014681662469,0.0,0,0
2026-07-24,ICICIBANK,1416.0618385071728,1427.9615178223592,1403.5671994361867,1420.9208984375,10870914,0.2381,0,0.0,0.0,0.2381,0.2801,0.3296,0.3877,0.28259999999999996,0.33834000000000003,0.08637669245809318,0,-0.0011850014681662469,1433.6138916015625,0.008932934393476977,1.0,1,0
2026-07-27,ICICIBANK,1423.6974916567503,1436.8863520032721,1416.8552725346733,1433.6138916015625,10608300,0.2024,0,0.0,0.0,0.2024,0.2381,0.2801,0.3296,0.2402,0.28758,0.07339882151642496,0,0.008932934393476977,1418.8385009765625,-0.010306394707499389,0.0,0,0
2026-07-28,ICICIBANK,1430.2423604987887,1433.8122401392648,1405.7487808950839,1418.8385009765625,19486209,0.172,0,0.0,0.0,0.172,0.2024,0.2381,0.2801,0.20416666666666664,0.24444000000000005,0.06240787610550454,0,-0.010306394707499389,1425.879150390625,0.004962262730547895,1.0,1,0
2026-07-29,ICICIBANK,1430.4406700852692,1436.3905099608405,1416.557710375603,1425.879150390625,10856166,0.1462,0,0.0,0.0,0.1462,0.172,0.2024,0.2381,0.17353333333333332,0.20776000000000003,0.05303473390147254,0,0.004962262730547895,1421.91259765625,-0.002781829535335012,0.0,0,0
2026-07-30,ICICIBANK,1419.13595728037,1430.143136895818,1410.7070174140658,1421.91259765625,14141173,0.1243,0,0.0,0.0,0.1243,0.1462,0.172,0.2024,0.14749999999999996,0.17660000000000003,0.04507909715156236,0,-0.002781829535335012,1423.4000244140625,0.0010460746745364347,1.0,1,0
2026-07-31,ICICIBANK,1422.309244666781,1429.8456841613988,1419.4334645695478,1423.4000244140625,8752440,0.1057,0,0.0,0.0,0.1057,0.1243,0.1462,0.172,0.12539999999999998,0.15012000000000003,0.038298524775766424,0,0.0010460746745364347,1460.0,0.02571306376154081,1.0,1,0
2026-08-03,ICICIBANK,1442.0,1460.0,1433.0,1460.0,7706747,0.0898,0,0.0,0.0,0.0898,0.1057,0.1243,0.1462,0.10659999999999999,0.12760000000000002,0.0325448152552752,0,0.02571306376154081,1454.5999755859375,-0.0036986468589469412,0.0,0,0
2026-08-04,ICICIBANK,1452.0,1454.5999755859375,1430.800048828125,1454.5999755859375,11458963,0.0763,0,0.0,0.0,0.0763,0.0898,0.1057,0.1243,0.09059999999999997,0.10846000000000003,0.02768253962337982,0,-0.0036986468589469412,1450.0999755859375,-0.003093634040649107,0.0,0,0
2026-08-05,ICICIBANK,1454.5999755859375,1454.5999755859375,1431.199951171875,1450.0999755859375,11723296,0.0649,0,0.0,0.0,0.0649,0.0763,0.0898,0.1057,0.07699999999999997,0.09220000000000003,0.023539966015268456,0,-0.003093634040649107,1457.5,0.005103113260223502,1.0,1,0
2026-08-06,ICICIBANK,1460.0,1460.0,1448.300048828125,1457.5,14954726,0.0552,0,0.0,0.0,0.0552,0.0649,0.0763,0.0898,0.06546666666666666,0.07838000000000002,0.020000924978610217,0,0.005103113260223502,1421.0,-0.025042881646655246,0.0,0,0
2026-08-07,ICICIBANK,1451.0,1455.0,1418.199951171875,1421.0,14395789,0.0469,0,0.0,0.0,0.0469,0.0552,0.0649,0.0763,0.05566666666666664,0.06662000000000003,0.016979899881919037,0,-0.025042881646655246,1431.800048828125,0.007600315853712125,1.0,1,0
2026-08-10,ICICIBANK,1428.0999755859375,1441.9000244140625,1415.5,1431.800048828125,12749354,0.0398,0,0.0,0.0,0.0398,0.0469,0.0552,0.0649,0.04729999999999998,0.056620000000000024,0.014450501721393411,0,0.007600315853712125,1429.5999755859375,-0.0015365785494896311,0.0,0,1
2026-08-11,ICICIBANK,1432.0999755859375,1434.0,1412.199951171875,1429.5999755859375,10471914,-0.5303,1,0.0,0.5568,-0.5303,0.0398,0.0469,0.0552,-0.14786666666666667,-0.06469999999999998,0.2604468947789549,0,-0.0015365785494896311,1431.699951171875,0.0014689253090374166,1.0,1,0
2026-08-12,ICICIBANK,1429.4000244140625,1435.0,1418.5999755859375,1431.699951171875,8201733,-0.4508,0,0.0,0.0,-0.4508,-0.5303,0.0398,0.0469,-0.3137666666666667,-0.16784,0.2959806125407541,1,0.0014689253090374166,1406.800048828125,-0.017391844096501408,0.0,0,0
2026-08-13,ICICIBANK,1429.0,1429.0,1406.4000244140625,1406.800048828125,11408206,-0.3831,0,0.0,0.0,-0.3831,-0.4508,-0.5303,0.0398,-0.4547333333333334,-0.25549999999999995,0.277752920776722,0,-0.017391844096501408,1417.0,0.007250462622866438,1.0,1,1
2026-08-14,ICICIBANK,1403.0,1417.800048828125,1401.0,1417.0,6097934,-0.3257,0,0.0,0.0,-0.3257,-0.3831,-0.4508,-0.5303,-0.3865333333333334,-0.33002,0.22039899500678306,0,0.007250462622866438,1415.300048828125,-0.0011996832546753433,0.0,0,1
2026-08-17,ICICIBANK,1418.0,1423.5999755859375,1407.0,1415.300048828125,5605603,-0.2768,0,0.0,0.0,-0.2768,-0.3257,-0.3831,-0.4508,-0.32853333333333334,-0.39333999999999997,0.10040081174970646,0,-0.0011996832546753433,1412.0,-0.002331695551665902,0.0,0,0
2026-08-18,ICICIBANK,1410.0,1416.5999755859375,1406.300048828125,1412.0,8345198,-0.2353,0,0.0,0.0,-0.2353,-0.2768,-0.3257,-0.3831,-0.2792666666666667,-0.33433999999999997,0.08534473035870459,0,-0.002331695551665902,1402.0,-0.007082152974504208,0.0,0,1
2026-08-19,ICICIBANK,1412.0,1416.0,1391.5,1402.0,10304210,-0.2,0,0.0,0.0,-0.2,-0.2353,-0.2768,-0.3257,-0.23736666666666673,-0.28418,0.07252425111643684,0,-0.007082152974504208,1411.9000244140625,0.007061358355251457,1.0,1,1
2026-08-20,ICICIBANK,1407.800048828125,1413.0,1403.300048828125,1411.9000244140625,8425049,-0.17,0,0.0,0.0,-0.17,-0.2,-0.2353,-0.2768,-0.20176666666666673,-0.24155999999999994,0.06166168178050277,0,0.007061358355251457,1420.0,0.005736932818100282,1.0,1,1
2026-08-21,ICICIBANK,1417.0,1420.0,1411.199951171875,1420.0,4565280,-0.1445,0,0.0,0.0,-0.1445,-0.17,-0.2,-0.2353,-0.17150000000000007,-0.20532,0.052400066793850425,0,0.005736932818100282,1415.0,-0.0035211267605633756,0.0,0,1
2026-08-24,ICICIBANK,1420.5,1425.5,1408.699951171875,1415.0,5307113,-0.1228,0,0.0,0.0,-0.1228,-0.1445,-0.17,-0.2,-0.1457666666666667,-0.17452,0.04455341737734586,0,-0.0035211267605633756,1422.699951171875,0.005441661605565473,1.0,1,1
2026-08-25,ICICIBANK,1408.0,1424.9000244140625,1408.0,1422.699951171875,7983249,0.034999999999999996,2,0.03634528855298854,0.9270499999999999,0.035,-0.1228,-0.1445,-0.17,-0.07743333333333335,-0.12045999999999998,0.09155876801268124,0,0.005441661605565473,1430.0,0.005131123271714388,1.0,1,1
2026-08-26,ICICIBANK,1423.0999755859375,1446.0,1423.0999755859375,1430.0,4177066,0.0297,0,0.0,0.0,0.0297,0.035,-0.1228,-0.1445,-0.019366666666666702,-0.07451999999999999,0.09899624740362625,2,0.005131123271714388,1443.0,0.009090909090909038,1.0,1,1
2026-08-27,ICICIBANK,1445.0,1453.800048828125,1433.0999755859375,1443.0,11539716,0.0253,0,0.0,0.0,0.0253,0.0297,0.035,-0.1228,0.02999999999999996,-0.035459999999999985,0.09002806784553345,0,0.009090909090909038,1422.800048828125,-0.013998580160689555,0.0,0,1
2026-08-28,ICICIBANK,1435.0,1439.800048828125,1418.9000244140625,1422.800048828125,8625738,0.0215,0,0.0,0.0,0.0215,0.0253,0.0297,0.035,0.025499999999999964,-0.00225999999999999,0.06757168785815529,0,-0.013998580160689555,1454.0,0.021928556438814084,1.0,1,1
2026-08-31,ICICIBANK,1422.800048828125,1454.0,1419.0,1454.0,15331697,0.0183,0,0.0,0.0,0.0183,0.0215,0.0253,0.0297,0.02169999999999996,0.02596000000000001,0.006608933348125664,0,0.021928556438814084,1438.0,-0.011004126547455306,0.0,0,1
2026-09-01,ICICIBANK,1442.9000244140625,1446.699951171875,1422.800048828125,1438.0,10627608,0.0155,0,0.0,0.0,0.0155,0.0183,0.0215,0.0253,0.018433333333333298,0.02206000000000001,0.005620320275568626,0,-0.011004126547455306,1426.5,-0.007997218358831715,0.0,0,0
2026-09-02,ICICIBANK,1425.0999755859375,1436.0,1420.699951171875,1426.5,8515824,0.0132,0,0.0,0.0,0.0132,0.0155,0.0183,0.0215,0.01566666666666663,0.01876000000000001,0.004796665508451476,0,-0.007997218358831715,1430.0,0.002453557658604888,1.0,1,0
2026-09-03,ICICIBANK,1438.300048828125,1452.0,1430.0,1430.0,10503351,0.0112,0,0.0,0.0,0.0112,0.0132,0.0155,0.0183,0.013299999999999963,0.015940000000000013,0.004082033806813493,0,0.002453557658604888,1423.199951171875,-0.004755278900786752,0.0,0,0
2026-09-04,ICICIBANK,1432.0999755859375,1438.300048828125,1421.4000244140625,1423.199951171875,6693889,0.0095,0,0.0,0.0,0.0095,0.0112,0.0132,0.0155,0.011299999999999963,0.01354000000000001,0.003478936619136435,0,-0.004755278900786752,1427.5,0.00302139472713181,1.0,1,0
2026-09-07,ICICIBANK,1428.0,1434.4000244140625,1422.5999755859375,1427.5,8035111,0.0506,1,0.0,0.897,0.0506,0.0095,0.0112,0.0132,0.02376666666666663,0.02000000000000001,0.017252101321287443,0,0.00302139472713181,1399.4000244140625,-0.01968474647000873,0.0,0,0
2026-09-08,ICICIBANK,1424.0,1424.9000244140625,1396.300048828125,1399.4000244140625,12123411,-0.08165,2,1.052104179727464,0.75545,-0.0816,0.0506,0.0095,0.0112,-0.007166666666666706,0.0005800000000000111,0.04900808096630564,1,-0.01968474647000873,1389.0999755859375,-0.007360332034035633,0.0,0,0
2026-09-09,ICICIBANK,1395.9000244140625,1402.5,1385.5,1389.0999755859375,14229080,0.0147,1,0.0,0.942,0.0147,-0.0816,0.0506,0.0095,-0.005433333333333371,0.0008800000000000103,0.04910913357003939,2,-0.007360332034035633,1384.5,-0.00331147913525609,0.0,0,0
2026-09-10,ICICIBANK,1385.9000244140625,1393.0,1373.9000244140625,1384.5,10580641,0.010700000000000001,2,0.004242640687119285,0.9437500000000001,0.0107,0.0147,-0.0816,0.0506,-0.01873333333333337,0.0007800000000000102,0.04908336785510922,1,-0.00331147913525609,1379.300048828125,-0.003755833276904985,0.0,0,0
2026-09-11,ICICIBANK,1371.5999755859375,1389.0,1367.5999755859375,1379.300048828125,7064417,0.0091,0,0.0,0.0,0.0091,0.0107,0.0147,-0.0816,0.011499999999999963,0.0007000000000000103,0.04906592503968482,2,-0.003755833276904985,1379.300048828125,0.0,0.0,0,1
2026-09-14,ICICIBANK,1379.300048828125,1379.300048828125,1379.300048828125,1379.300048828125,0,0.0131,1,0.0,0.9399,0.0131,0.0091,0.0107,0.0147,0.010966666666666632,-0.006799999999999989,0.041869917602020315,0,0.0,1350.4000244140625,-0.0209526741035182,0.0,0,0
2026-09-15,ICICIBANK,1379.300048828125,1390.0,1350.4000244140625,1350.4000244140625,10133488,0.0129,1,0.0,0.9405,0.0129,0.0131,0.0091,0.0107,0.011699999999999966,0.012100000000000012,0.0021999999999928956,1,-0.0209526741035182,1358.800048828125,0.006220397113593901,1.0,1,0
2026-09-16,ICICIBANK,1359.0,1361.4000244140625,1348.0,1358.800048828125,9625762,0.011,0,0.0,0.0,0.011,0.0129,0.0131,0.0091,0.012333333333333299,0.011360000000000012,0.0016637307474374576,1,0.006220397113593901,1347.5999755859375,-0.008242620576770499,0.0,0,0
2026-09-17,ICICIBANK,1352.0,1363.0,1347.5999755859375,1347.5999755859375,7867524,0.0104,1,0.0,0.9412,0.0104,0.011,0.0129,0.0131,0.011433333333333297,0.011300000000000011,0.0016985287751371202,0,-0.008242620576770499,1338.9000244140625,-0.006455885522031357,0.0,0,0
2026-09-18,ICICIBANK,1351.9000244140625,1359.800048828125,1338.9000244140625,1338.9000244140625,7509409,0.001,1,0.0,0.9399,0.001,0.0104,0.011,0.0129,0.007466666666666629,0.009680000000000012,0.004991693099537364,1,-0.006455885522031357,1345.0,0.004555960471064324,1.0,1,0
2026-09-21,ICICIBANK,1347.800048828125,1352.0,1340.4000244140625,1345.0,5705598,0.0122,2,0.0004242640687119284,0.9439,0.0122,0.001,0.0104,0.011,0.007866666666666631,0.009500000000000012,0.004851803788280081,1,0.004555960471064324,1339.5999755859375,-0.004014888040195119,0.0,0,0
2026-09-22,ICICIBANK,1343.0,1347.199951171875,1333.800048828125,1339.5999755859375,6433249,-0.02035,2,0.04914392129246506,0.92475,-0.0204,0.0122,0.001,0.0104,-0.0024000000000000362,0.002840000000000012,0.013737103042489325,2,-0.004014888040195119,1340.0,0.00029861482633086744,1.0,1,0
2026-09-23,ICICIBANK,1339.9000244140625,1344.5,1333.5,1340.0,4758314,0.17250000000000001,2,0.22485995641732212,0.78535,0.1725,-0.0204,0.0122,0.001,0.05476666666666663,0.03514000000000001,0.07787219015797595,2,0.00029861482633086744,1334.5,-0.004104477611940327,0.0,0,1
2026-09-24,ICICIBANK,1333.0999755859375,1347.800048828125,1330.0999755859375,1334.5,8653920,0.24080000000000001,3,0.4003840281529721,0.8657666666666667,0.2408,0.1725,-0.0204,0.0122,0.13096666666666665,0.08122,0.11760468528081677,2,-0.004104477611940327,1326.800048828125,-0.005769914703540602,0.0,0,1
2026-09-25,ICICIBANK,1332.9000244140625,1340.800048828125,1312.0,1326.800048828125,10841310,0.058,1,0.0,0.8911,0.058,0.2408,0.1725,-0.0204,0.15709999999999996,0.09262000000000001,0.11042822103067658,3,-0.005769914703540602,1302.0,-0.01869162489858911,0.0,0,0
2026-04-02,INFY,1233.3119397486187,1277.7503462365091,1233.116223742555,1273.247802734375,12873492,0.0,0,0.0,0.0,0.0,0.0,0.0,0.0,0.0,0.0,0.0,0,0.0,1278.5333251953125,0.004151212709408547,1.0,1,0
2026-04-06,INFY,1273.8350657038357,1292.041075138383,1271.4858762157266,1278.5333251953125,10208682,0.0,0,0.0,0.0,0.0,0.0,0.0,0.0,0.0,0.0,0.0,0,0.004151212709408547,1311.0301513671875,0.025417269563083655,1.0,1,0
2026-04-07,INFY,1274.4222980187042,1316.609371698259,1266.1023367797188,1311.0301513671875,15355792,0.0,0,0.0,0.0,0.0,0.0,0.0,0.0,0.0,0.0,0.0,0,0.025417269563083655,1317.68603515625,0.005076835023299475,1.0,1,0
2026-04-08,INFY,1320.4267760360608,1347.7358488962445,1302.8080347694565,1317.68603515625,16030133,0.0,0,0.0,0.0,0.0,0.0,0.0,0.0,0.0,0.0,0.0,0,0.005076835023299475,1303.395263671875,-0.010845353978939598,0.0,0,0
2026-04-09,INFY,1301.7313192842819,1309.170319257509,1286.1680743957882,1303.395263671875,14894607,0.0,0,0.0,0.0,0.0,0.0,0.0,0.0,0.0,0.0,0.0,0,-0.010845353978939598,1265.12353515625,-0.029363102339199365,0.0,0,0
2026-04-10,INFY,1290.0834192154255,1290.9643801968148,1256.1184483091881,1265.12353515625,19233369,-0.3534,1,0.0,0.522,-0.3534,0.0,0.0,0.0,-0.1178,-0.07067999999999999,0.15804528464968512,0,-0.029363102339199365,1249.756103515625,-0.012146981076221142,0.0,0,0
2026-04-13,INFY,1245.0577246851824,1261.6976471062894,1238.8911174058185,1249.756103515625,10366082,-0.3004,0,0.0,0.0,-0.3004,-0.3534,0.0,0.0,-0.2179333333333333,-0.13076,0.18002835332246972,1,-0.012146981076221142,1277.6524658203125,0.02232144514134693,1.0,1,0
2026-04-15,INFY,1278.631284802942,1294.4881045276459,1272.9540869097948,1277.6524658203125,12098912,-0.2553,0,0.0,0.0,-0.2553,-0.3004,-0.3534,0.0,-0.3030333333333333,-0.18182,0.16957096449569425,0,0.02232144514134693,1291.2579345703125,0.01064880248265676,1.0,1,1
2026-04-16,INFY,1294.0965334739733,1302.808046184627,1281.2740288923192,1291.2579345703125,18527029,-0.217,0,0.0,0.0,-0.217,-0.2553,-0.3004,-0.3534,-0.25756666666666667,-0.22522000000000003,0.13581105256936932,0,0.01064880248265676,1290.7685546875,-0.0003789946762072782,0.0,0,1
2026-04-17,INFY,1285.1893342368037,1300.165312581974,1278.4354593069281,1290.7685546875,12064048,-0.1845,0,0.0,0.0,-0.1845,-0.217,-0.2553,-0.3004,-0.21893333333333334,-0.26212,0.06690401333253485,0,-0.0003789946762072782,1284.7977294921875,-0.004625790714864464,0.0,0,1
2026-04-20,INFY,1292.0410136169874,1296.8372503675125,1280.3930442184933,1284.7977294921875,7172300,-0.1568,0,0.0,0.0,-0.1568,-0.1845,-0.217,-0.2553,-0.18610000000000002,-0.22280000000000003,0.05686505957088234,0,-0.004625790714864464,1285.385009765625,0.000457099401685257,1.0,1,1
2026-04-21,INFY,1282.2528368892558,1296.9351212811175,1271.7795218169556,1285.385009765625,10057440,-0.1333,0,0.0,0.0,-0.1333,-0.1568,-0.1845,-0.217,-0.1582,-0.18938000000000002,0.04831808150164899,0,0.000457099401685257,1241.729736328125,-0.033962799554866474,0.0,0,1
2026-04-22,INFY,1267.5705813427946,1270.2133447995752,1229.2987830540255,1241.729736328125,20088378,-0.1133,0,0.0,0.0,-0.1133,-0.1333,-0.1568,-0.1845,-0.13446666666666668,-0.16097999999999998,0.04107452982080246,0,-0.033962799554866474,1214.32275390625,-0.022071616407382866,0.0,0,1
2026-04-23,INFY,1227.438951608261,1238.891085420282,1200.0320212693207,1214.32275390625,14792854,-0.0963,0,0.0,0.0,-0.0963,-0.1133,-0.1333,-0.1568,-0.1143,-0.13684000000000002,0.03492861291262491,0,-0.022071616407382866,1130.144287109375,-0.06932132872095875,0.0,0,1
2026-04-24,INFY,1174.5826894228176,1197.9764852174349,1127.7950978335834,1130.144287109375,42078914,-0.9297,1,0.0,0.9382,-0.9297,-0.0963,-0.1133,-0.1333,-0.37976666666666664,-0.28588,0.36061438129947065,0,-0.06932132872095875,1145.5118408203125,0.013597868773237654,1.0,1,0
2026-04-27,INFY,1130.1443119385692,1154.9084786451926,1130.04645394258,1145.5118408203125,19579883,-0.7902,0,0.0,0.0,-0.7902,-0.9297,-0.0963,-0.1133,-0.6054,-0.41256000000000004,0.4115849948674028,1,0.013597868773237654,1127.697265625,-0.01555162902773255,0.0,0,1
2026-04-28,INFY,1138.0727223885278,1144.6308809119316,1125.4460537763027,1127.697265625,12720276,-0.6717,0,0.0,0.0,-0.6717,-0.7902,-0.9297,-0.0963,-0.7972,-0.52024,0.3901286044370497,0,-0.01555162902773255,1142.7711181640625,0.013366931887263345,1.0,1,1
2026-04-29,INFY,1133.961747660014,1153.2444330805374,1132.2978032475876,1142.7711181640625,8303109,-0.571,0,0.0,0.0,-0.571,-0.6717,-0.7902,-0.9297,-0.6776333333333332,-0.6117799999999999,0.31775771745152004,0,0.013366931887263345,1156.768310546875,0.012248465296620381,1.0,1,0
2026-04-30,INFY,1142.7711514334947,1164.5988623339997,1135.0384576467616,1156.768310546875,12205669,-0.4853,0,0.0,0.0,-0.4853,-0.571,-0.6717,-0.7902,-0.576,-0.68958,0.17599234926552929,0,0.012248465296620381,1156.768310546875,0.0,0.0,0,0
2026-05-01,INFY,1156.768310546875,1156.768310546875,1156.768310546875,1156.768310546875,0,-0.4125,0,0.0,0.0,-0.4125,-0.4853,-0.571,-0.6717,-0.4896,-0.58614,0.14959091884202083,0,0.0,1143.652099609375,-0.011338667231728716,0.0,0,0
2026-05-04,INFY,1169.6886601132755,1169.6886601132755,1140.5198072387318,1143.652099609375,7735811,-0.3506,0,0.0,0.0,-0.3506,-0.4125,-0.4853,-0.571,-0.4161333333333333,-0.49822,0.1271797428838416,0,-0.011338667231728716,1153.1466064453125,0.008301918773358175,1.0,1,1
2026-05-05,INFY,1144.728787187228,1160.0961972461241,1135.5278649580357,1153.1466064453125,8164108,-0.298,0,0.0,0.0,-0.298,-0.3506,-0.4125,-0.4853,-0.35369999999999996,-0.42347999999999997,0.10812163058333915,0,0.008301918773358175,1142.4774169921875,-0.009252240255914868,0.0,0,0
2026-05-06,INFY,1161.8580797644604,1166.2627649868193,1139.443102180398,1142.4774169921875,9856963,-0.2533,0,0.0,0.0,-0.2533,-0.298,-0.3506,-0.4125,-0.30063333333333336,-0.35994000000000004,0.09188793718437724,0,-0.009252240255914868,1138.07275390625,-0.0038553611830102197,0.0,0,0
2026-05-07,INFY,1148.1546369607545,1150.5038263553197,1134.6468875555572,1138.07275390625,12013987,-0.2153,0,0.0,0.0,-0.2153,-0.2533,-0.298,-0.3506,-0.25553333333333333,-0.30594,0.07810117156611708,0,-0.0038553611830102197,1154.2232666015625,0.01419110741372065,1.0,1,1
2026-05-08,INFY,1136.4088093734103,1158.4322359116547,1134.2554554613432,1154.2232666015625,7582770,-0.183,0,0.0,0.0,-0.183,-0.2153,-0.2533,-0.298,-0.21719999999999998,-0.26004,0.06637833230806613,0,0.01419110741372065,1152.0699462890625,-0.0018656012010918044,0.0,0,1
2026-05-11,INFY,1151.0911273032605,1161.8581361470833,1147.2737093616843,1152.0699462890625,7336288,-0.1556,0,0.0,0.0,-0.1556,-0.183,-0.2153,-0.2533,-0.18463333333333332,-0.22104,0.056404636334259385,0,-0.0018656012010918044,1116.1473388671875,-0.031180925722075647,0.0,0,1
2026-05-12,INFY,1137.3876630949442,1137.3876630949442,1099.2137225952,1116.1473388671875,16891948,-0.1322,0,0.0,0.0,-0.1322,-0.1556,-0.183,-0.2153,-0.15693333333333334,-0.18788,0.047952340923046226,0,-0.031180925722075647,1099.3115234375,-0.015083864686515902,0.0,0,1
2026-05-13,INFY,1112.5255790772605,1118.398492694932,1097.2560275682617,1099.3115234375,6664111,-0.1124,0,0.0,0.0,-0.1124,-0.1322,-0.1556,-0.183,-0.1334,-0.1597,0.04075720795147837,0,-0.015083864686515902,1071.8067626953125,-0.025019987652072695,0.0,0,1
2026-05-14,INFY,1096.0815207310736,1098.137016652994,1065.933848927119,1071.8067626953125,16914842,-0.0955,0,0.0,0.0,-0.0955,-0.1124,-0.1322,-0.1556,-0.11336666666666667,-0.13574,0.0346571493345897,0,-0.025019987652072695,1095.2984619140625,0.021917849407550483,1.0,1,1
2026-05-15,INFY,1078.658538900176,1109.1976439317652,1078.266987402901,1095.2984619140625,17482450,-0.0812,0,0.0,0.0,-0.0812,-0.0955,-0.1124,-0.1322,-0.09636666666666667,-0.11538,0.02946577675881041,0,0.021917849407550483,1118.3006591796875,0.021000848686875795,1.0,1,1
2026-05-18,INFY,1095.2984136735845,1121.8243835304838,1094.319594715878,1118.3006591796875,12096377,-0.069,0,0.0,0.0,-0.069,-0.0812,-0.0955,-0.1124,-0.0819,-0.09806000000000001,0.02503233908367439,0,0.021000848686875795,1171.5484619140625,0.04761492564390868,1.0,1,1
2026-05-19,INFY,1137.3876555901809,1173.0166903851343,1137.3876555901809,1171.5484619140625,32175705,-0.0587,0,0.0,0.0,-0.0587,-0.069,-0.0812,-0.0955,-0.06963333333333334,-0.08336,0.02127023742227746,0,0.04761492564390868,1168.4161376953125,-0.0026736616713510797,0.0,0,1
2026-05-20,INFY,1161.8580984968487,1181.3366195800531,1159.802602590221,1168.4161376953125,15121010,-0.0499,0,0.0,0.0,-0.0499,-0.0587,-0.069,-0.0812,-0.0592,-0.07086,0.01806026024175877,0,-0.0026736616713510797,1156.180908203125,-0.010471636857328326,0.0,0,1
2026-05-21,INFY,1170.7653346096859,1176.3446743746752,1152.0699163634372,1156.180908203125,10021033,-0.0424,0,0.0,0.0,-0.0424,-0.0499,-0.0587,-0.069,-0.050333333333333334,-0.06024,0.015359134090177503,0,-0.010471636857328326,1149.622802734375,-0.00567221394352746,0.0,0,1
2026-05-22,INFY,1157.4533539662823,1166.5564175672662,1147.6651649263981,1149.622802734375,8803066,-0.036,0,0.0,0.0,-0.036,-0.0424,-0.0499,-0.0587,-0.04276666666666667,-0.0512,0.013069621264598796,0,-0.00567221394352746,1143.75,-0.005108460549326788,0.0,0,1
2026-05-25,INFY,1157.9428754813864,1159.900513478819,1141.4008105061328,1143.75,5856136,-0.0306,0,0.0,0.0,-0.0306,-0.036,-0.0424,-0.0499,-0.036333333333333336,-0.043519999999999996,0.011134046883323832,0,-0.005108460549326788,1142.966796875,-0.0006847677595628321,0.0,0,1
2026-05-26,INFY,1141.5965459846338,1155.6914427435413,1138.2685377836078,1142.966796875,8005767,-0.026,0,0.0,0.0,-0.026,-0.0306,-0.036,-0.0424,-0.030866666666666664,-0.03698,0.009467417810578199,0,-0.0006847677595628321,1135.3321533203125,-0.0066796722140674,0.0,0,1
2026-05-27,INFY,1136.4088302961693,1142.5754376343073,1130.5359164445094,1135.3321533203125,6371871,-0.0221,0,0.0,0.0,-0.0221,-0.026,-0.0306,-0.036,-0.02623333333333333,-0.03142,0.008038158993205683,0,-0.0066796722140674,1135.3321533203125,0.0,0.0,0,1
2026-05-28,INFY,1135.3321533203125,1135.3321533203125,1135.3321533203125,1135.3321533203125,0,-0.0188,0,0.0,0.0,-0.0188,-0.0221,-0.026,-0.0306,-0.0223,-0.0267,0.006814690014964255,0,0.0,1136.3109130859375,0.0008620911182357638,1.0,1,0
2026-05-29,INFY,1156.96396849116,1184.370898370815,1129.1654871448488,1136.3109130859375,69085430,-0.016,0,0.0,0.0,-0.016,-0.0188,-0.0221,-0.026,-0.01896666666666667,-0.0227,0.005782732917925023,0,0.0008620911182357638,1177.02978515625,0.03583427000602346,1.0,1,0
2026-06-01,INFY,1150.1122640819906,1191.222659904496,1148.8397516554953,1177.02978515625,19439331,-0.0136,0,0.0,0.0,-0.0136,-0.016,-0.0188,-0.0221,-0.016133333333333333,-0.0193,0.004908156476728686,0,0.03583427000602346,1243.8831787109375,0.05679838726070363,1.0,1,0
2026-06-02,INFY,1206.3943648530496,1251.811588367994,1206.3943648530496,1243.8831787109375,36032600,-0.0116,0,0.0,0.0,-0.0116,-0.0136,-0.016,-0.0188,-0.013733333333333334,-0.01642,0.0041619706870728735,0,0.05679838726070363,1196.7039794921875,-0.037928963126298454,0.0,0,0
2026-06-03,INFY,1215.7909483013548,1223.425783618914,1190.2437985614154,1196.7039794921875,18534303,-0.0098,0,0.0,0.0,-0.0098,-0.0116,-0.0136,-0.016,-0.011666666666666665,-0.01396,0.003556402676870816,0,-0.037928963126298454,1175.855224609375,-0.01742181461756276,0.0,0,0
2026-06-04,INFY,1182.4132636253246,1189.4607121046952,1170.8631524946943,1175.855224609375,12755957,-0.0083,0,0.0,0.0,-0.0083,-0.0098,-0.0116,-0.0136,-0.009899999999999999,-0.01186,0.0030476220238169235,0,-0.01742181461756276,1172.1357421875,-0.003163214606722198,0.0,0,0
2026-06-05,INFY,1194.159169493737,1197.8787294549086,1169.0035692089534,1172.1357421875,8692290,-0.0071,0,0.0,0.0,-0.0071,-0.0083,-0.0098,-0.0116,-0.0084,-0.01008,0.0025897876360918104,0,-0.003163214606722198,1162.4453125,-0.00826732718636769,0.0,0,1
2026-06-08,INFY,1152.559265415463,1175.26781631171,1151.5804465064052,1162.4453125,8631711,-0.006,0,0.0,0.0,-0.006,-0.0071,-0.0083,-0.0098,-0.007133333333333334,-0.008560000000000002,0.0022097511172197767,0,-0.00826732718636769,1155.300048828125,-0.006146752535401534,0.0,0,1
2026-06-09,INFY,1168.3182691086097,1168.3182691086097,1142.5754025403635,1155.300048828125,10984054,-0.0051,0,0.0,0.0,-0.0051,-0.006,-0.0071,-0.0083,-0.006066666666666667,-0.00726,0.0018582249594852843,0,-0.006146752535401534,1145.300048828125,-0.00865576004272095,0.0,0,0
2026-06-10,INFY,1160.0999755859375,1171.4000244140625,1143.300048828125,1145.300048828125,8887626,-0.9406,1,0.0,0.9487,-0.9406,-0.0051,-0.006,-0.0071,-0.3172333333333333,-0.19341999999999998,0.4176880378943118,0,-0.00865576004272095,1114.5999755859375,-0.02680526668413219,0.0,0,0
2026-06-11,INFY,1129.699951171875,1133.699951171875,1109.0,1114.5999755859375,9372176,-0.7995,0,0.0,0.0,-0.7995,-0.9406,-0.0051,-0.006,-0.5817333333333333,-0.35166,0.4758458920701113,1,-0.02680526668413219,1116.4000244140625,0.0016149729656855794,1.0,1,0
2026-06-12,INFY,1120.0,1123.300048828125,1111.5,1116.4000244140625,8075333,-0.6796,0,0.0,0.0,-0.6796,-0.7995,-0.9406,-0.0051,-0.8065666666666665,-0.4861599999999999,0.4483550635378171,0,0.0016149729656855794,1134.9000244140625,0.016571121099455022,1.0,1,0
2026-06-15,INFY,1130.0,1151.0,1123.0,1134.9000244140625,7856192,-0.014400000000000001,2,0.014990663761154809,0.92655,-0.0144,-0.6796,-0.7995,-0.9406,-0.49783333333333335,-0.48784,0.4461162438199264,0,0.016571121099455022,1143.5999755859375,0.007665830456182077,1.0,1,1
2026-06-16,INFY,1136.9000244140625,1153.800048828125,1123.199951171875,1143.5999755859375,10456090,-0.0122,0,0.0,0.0,-0.0122,-0.0144,-0.6796,-0.7995,-0.23539999999999997,-0.48926,0.4442027217386224,2,0.007665830456182077,1157.699951171875,0.012329464748994212,1.0,1,0
2026-06-17,INFY,1149.0,1162.5,1148.0,1157.699951171875,5995119,-0.0104,0,0.0,0.0,-0.0104,-0.0122,-0.0144,-0.6796,-0.012333333333333333,-0.30322,0.4005648911225247,0,0.012329464748994212,1127.5,-0.02608616433066724,0.0,0,0
2026-06-18,INFY,1142.9000244140625,1142.9000244140625,1125.300048828125,1127.5,16781447,-0.9454,1,0.0,0.9577,-0.9454,-0.0104,-0.0122,-0.0144,-0.32266666666666666,-0.3324,0.4482334436429304,0,-0.02608616433066724,1051.4000244140625,-0.06749443510947895,0.0,0,0
2026-06-19,INFY,1062.300048828125,1066.0,1030.0,1051.4000244140625,45665442,-0.8937,1,0.0,0.9296,-0.8937,-0.9454,-0.0104,-0.0122,-0.6164999999999999,-0.37522,0.4972411306398537,1,-0.06749443510947895,1065.4000244140625,0.013315578918501547,1.0,1,1
2026-06-22,INFY,1055.0,1080.300048828125,1055.0,1065.4000244140625,10178505,-0.7596,0,0.0,0.0,-0.7596,-0.8937,-0.9454,-0.0104,-0.8662333333333333,-0.5242600000000001,0.47315094631628923,1,0.013315578918501547,1029.300048828125,-0.03388396354298129,0.0,0,0
2026-06-23,INFY,1053.800048828125,1055.300048828125,1026.0,1029.300048828125,19323064,-0.9613,1,0.0,0.9709,-0.9613,-0.7596,-0.8937,-0.9454,-0.8715333333333334,-0.71408,0.4012878106795669,0,-0.03388396354298129,1056.5999755859375,0.026522807211457833,1.0,1,1
2026-06-24,INFY,1040.9000244140625,1065.5,1037.699951171875,1056.5999755859375,12346266,0.0036,1,0.0,0.9466,0.0036,-0.9613,-0.7596,-0.8937,-0.5724333333333335,-0.71128,0.4074271309080925,1,0.026522807211457833,1041.199951171875,-0.014575075496781498,0.0,0,0
2026-06-25,INFY,1065.0,1068.0,1039.0999755859375,1041.199951171875,15866779,0.0031,0,0.0,0.0,0.0031,0.0036,-0.9613,-0.7596,-0.3182,-0.52158,0.4846606101180495,1,-0.014575075496781498,1041.199951171875,0.0,0.0,0,0
2026-06-26,INFY,1041.199951171875,1041.199951171875,1041.199951171875,1041.199951171875,0,0.0026,0,0.0,0.0,0.0026,0.0031,0.0036,-0.9613,0.0031,-0.34232,0.47833154506053654,0,0.0,1036.699951171875,-0.004321936430111473,0.0,0,0
2026-06-29,INFY,1037.0999755859375,1046.5999755859375,1029.0999755859375,1036.699951171875,15080892,0.0022,0,0.0,0.0,0.0022,0.0026,0.0031,0.0036,0.0026333333333333334,-0.18996000000000002,0.43119248949859984,0,-0.004321936430111473,1000.4000244140625,-0.03501488228756977,0.0,0,0
2026-06-30,INFY,1030.0,1030.4000244140625,996.0,1000.4000244140625,24128263,-0.8991,1,0.0,0.9267,-0.8991,0.0022,0.0026,0.0031,-0.2981,-0.17752,0.40337582599853467,0,-0.03501488228756977,985.2999877929688,-0.015093998653126661,0.0,0,0
2026-07-01,INFY,1006.0,1014.0,982.4000244140625,985.2999877929688,13037982,-0.7642,0,0.0,0.0,-0.7642,-0.8991,0.0022,0.0026,-0.5537,-0.33108000000000004,0.4594381971495187,1,-0.015093998653126661,1040.9000244140625,0.05642955172021824,1.0,1,0
2026-07-02,INFY,1006.4000244140625,1045.0,1006.0,1040.9000244140625,18741111,-0.6496,0,0.0,0.0,-0.6496,-0.7642,-0.8991,0.0022,-0.7709666666666667,-0.46162000000000003,0.43269766812406096,0,0.05642955172021824,1047.199951171875,0.006052384100345032,1.0,1,1
2026-07-03,INFY,1063.0,1068.699951171875,1042.0,1047.199951171875,11653534,-0.5522,0,0.0,0.0,-0.5522,-0.6496,-0.7642,-0.8991,-0.6553333333333333,-0.5725800000000001,0.34642928860014127,0,0.006052384100345032,1042.199951171875,-0.0047746373502067785,0.0,0,0
2026-07-06,INFY,1050.0999755859375,1053.0,1033.0,1042.199951171875,5559747,-0.4693,0,0.0,0.0,-0.4693,-0.5522,-0.6496,-0.7642,-0.5570333333333334,-0.66688,0.17020962663727324,0,-0.0047746373502067785,1071.800048828125,0.02840155348593809,1.0,1,0
2026-07-07,INFY,1040.5999755859375,1087.5,1040.5999755859375,1071.800048828125,18866296,-0.3989,0,0.0,0.0,-0.3989,-0.4693,-0.5522,-0.6496,-0.47346666666666665,-0.56684,0.144682766769232,0,0.02840155348593809,1069.300048828125,-0.0023325246184989767,0.0,0,0
2026-07-08,INFY,1071.9000244140625,1079.699951171875,1064.4000244140625,1069.300048828125,13022221,-0.3391,0,0.0,0.0,-0.3391,-0.3989,-0.4693,-0.5522,-0.40243333333333337,-0.48182,0.1229887677798262,0,-0.0023325246184989767,1050.800048828125,-0.017301037272255515,0.0,0,1
2026-07-09,INFY,1062.699951171875,1062.699951171875,1040.4000244140625,1050.800048828125,9003333,0.0703,1,0.0,0.8845,0.0703,-0.3391,-0.3989,-0.4693,-0.22256666666666666,-0.33784,0.24162994019781586,0,-0.017301037272255515,1068.0,0.01636843392903975,1.0,1,0
2026-07-10,INFY,1075.0,1091.300048828125,1064.699951171875,1068.0,9747266,0.0598,0,0.0,0.0,0.0598,0.0703,-0.3391,-0.3989,-0.06966666666666667,-0.21544000000000002,0.2601915986345449,1,0.01636843392903975,1102.5999755859375,0.03239698088570919,1.0,1,0
2026-07-13,INFY,1057.0999755859375,1114.9000244140625,1057.0999755859375,1102.5999755859375,20994760,0.0508,0,0.0,0.0,0.0508,0.0598,0.0703,-0.3391,0.0603,-0.11142,0.23618674179555493,0,0.03239698088570919,1092.9000244140625,-0.00879734390227993,0.0,0,0
2026-07-14,INFY,1107.800048828125,1113.5,1090.0,1092.9000244140625,14819413,-0.043,1,0.0,0.9191,-0.043,0.0508,0.0598,0.0703,0.022533333333333332,-0.040240000000000005,0.1730897830606999,0,-0.00879734390227993,1076.300048828125,-0.015188924160594919,0.0,0,0
2026-07-15,INFY,1079.0,1088.0999755859375,1073.0,1076.300048828125,8501933,-0.0366,0,0.0,0.0,-0.0366,-0.043,0.0508,0.0598,-0.0096,0.02026,0.05530594904709769,1,-0.015188924160594919,1082.4000244140625,0.0056675418649094755,1.0,1,1
2026-07-16,INFY,1082.5,1097.300048828125,1077.9000244140625,1082.4000244140625,8592146,-0.0311,0,0.0,0.0,-0.0311,-0.0366,-0.043,0.0508,-0.0369,-1.999999999999988e-05,0.05077511201366433,0,0.0056675418649094755,1096.5,0.013026584689491472,1.0,1,1
2026-07-17,INFY,1105.0,1116.800048828125,1092.0,1096.5,12547728,-0.0264,0,0.0,0.0,-0.0264,-0.0311,-0.0366,-0.043,-0.03136666666666667,-0.017259999999999998,0.038548125765076484,0,0.013026584689491472,1087.0999755859375,-0.008572753683595558,0.0,0,1
2026-07-20,INFY,1102.0,1103.800048828125,1083.199951171875,1087.0999755859375,6372645,-0.0224,0,0.0,0.0,-0.0224,-0.0264,-0.0311,-0.0366,-0.026633333333333332,-0.0319,0.008161494961105386,0,-0.008572753683595558,1073.5,-0.012510326456963816,0.0,0,1
2026-07-21,INFY,1080.0,1094.5,1067.199951171875,1073.5,9485229,0.9239,1,0.0,0.936,0.9239,-0.0224,-0.0264,-0.0311,0.2917,0.16148,0.42623870894136334,0,-0.012510326456963816,1052.0999755859375,-0.019934815476537082,0.0,0,0
2026-07-22,INFY,1064.0,1069.300048828125,1046.199951171875,1052.0999755859375,7517203,0.2338,4,0.445967330642055,0.92345,0.2338,0.9239,-0.0224,-0.0264,0.37843333333333334,0.21555999999999997,0.4117308016167849,1,-0.019934815476537082,1047.4000244140625,-0.004467209657768034,0.0,0,0
2026-07-23,INFY,1046.9000244140625,1058.5,1032.0,1047.4000244140625,13794578,-0.10790999999999999,10,0.6821284588208686,0.8667199999999999,-0.1079,0.2338,0.9239,-0.0224,0.3499333333333334,0.20020000000000002,0.42446866197635874,4,-0.004467209657768034,1040.9000244140625,-0.006205842895255054,0.0,0,1
2026-07-24,INFY,1028.0,1043.4000244140625,1013.9000244140625,1040.9000244140625,29036900,-0.4557,2,0.6540737725975565,0.94375,-0.4557,-0.1079,0.2338,0.9239,-0.10993333333333333,0.11434000000000002,0.5154347999504887,10,-0.006205842895255054,1079.199951171875,0.03679500995244189,1.0,1,1
2026-07-27,INFY,1065.0,1082.0,1057.4000244140625,1079.199951171875,15956349,-0.3873,0,0.0,0.0,-0.3873,-0.4557,-0.1079,0.2338,-0.3169666666666667,0.04136000000000002,0.5632509636032594,2,0.03679500995244189,1105.699951171875,0.0245552272043974,1.0,1,1
2026-07-28,INFY,1097.0,1118.5,1097.0,1105.699951171875,28100895,-0.3292,0,0.0,0.0,-0.3292,-0.3873,-0.4557,-0.1079,-0.3907333333333333,-0.20926,0.2799073650335056,0,0.0245552272043974,1155.5999755859375,0.045129806111663395,1.0,1,1
2026-07-29,INFY,1147.0,1164.5,1128.4000244140625,1155.5999755859375,34400369,0.7724,1,0.0,0.8515,0.7724,-0.3292,-0.3873,-0.4557,0.018633333333333352,-0.10154,0.5056502575891761,0,0.045129806111663395,1155.0999755859375,-0.00043267567546156904,0.0,0,1
2026-07-30,INFY,1168.0,1187.699951171875,1151.300048828125,1155.0999755859375,22630218,0.6565,0,0.0,0.0,0.6565,0.7724,-0.3292,-0.3873,0.36656666666666665,0.05133999999999998,0.6083690187706803,1,-0.00043267567546156904,1130.0999755859375,-0.0216431482368602,0.0,0,0
2026-07-31,INFY,1118.9000244140625,1139.300048828125,1107.199951171875,1130.0999755859375,14367075,0.5581,0,0.0,0.0,0.5581,0.6565,0.7724,-0.3292,0.6623333333333333,0.2541,0.5644930247576141,0,-0.0216431482368602,1180.0,0.04415540703661214,1.0,1,0
2026-08-03,INFY,1145.0999755859375,1180.0,1138.0999755859375,1180.0,8582270,0.4744,0,0.0,0.0,0.4744,0.5581,0.6565,0.7724,0.5630000000000001,0.42644000000000004,0.43681868435313115,0,0.04415540703661214,1167.5,-0.010593220338983023,0.0,0,0
2026-08-04,INFY,1168.0,1175.699951171875,1153.300048828125,1167.5,9243589,0.4032,0,0.0,0.0,0.4032,0.4744,0.5581,0.6565,0.47856666666666675,0.5729200000000001,0.14620925757283806,0,-0.010593220338983023,1174.0,0.005567451820128522,1.0,1,0
2026-08-05,INFY,1174.699951171875,1177.5,1162.300048828125,1174.0,9964155,0.8885,1,0.0,0.9046,0.8885,0.4032,0.4744,0.5581,0.5886999999999999,0.5961399999999999,0.188819498463481,0,0.005567451820128522,1165.0,-0.0076660988074956915,0.0,0,0
2026-08-06,INFY,1174.0999755859375,1185.800048828125,1163.0,1165.0,8521064,0.7552,0,0.0,0.0,0.7552,0.8885,0.4032,0.4744,0.6823,0.61588,0.20144455068330966,1,-0.0076660988074956915,1175.0999755859375,0.008669506940718774,1.0,1,1
2026-08-07,INFY,1160.0,1183.0,1155.5999755859375,1175.0999755859375,7581410,0.6419,0,0.0,0.0,0.6419,0.7552,0.8885,0.4032,0.7618666666666667,0.63264,0.19890553788168022,0,0.008669506940718774,1183.0,0.006722853015228125,1.0,1,0
2026-08-10,INFY,1178.0999755859375,1195.0,1175.199951171875,1183.0,9377001,0.5457,0,0.0,0.0,0.5457,0.6419,0.7552,0.8885,0.6476,0.6468999999999999,0.18691948801556388,0,0.006722853015228125,1190.699951171875,0.006508834464814095,1.0,1,1
2026-08-11,INFY,1188.0,1193.5,1182.0,1190.699951171875,10160091,0.4638,0,0.0,0.0,0.4638,0.5457,0.6419,0.7552,0.5504666666666665,0.6590199999999999,0.16819410512857025,0,0.006508834464814095,1176.0999755859375,-0.012261674800245315,0.0,0,0
2026-08-12,INFY,1185.5999755859375,1190.4000244140625,1163.300048828125,1176.0999755859375,7529777,0.3942,0,0.0,0.0,0.3942,0.4638,0.5457,0.6419,0.4678999999999999,0.56016,0.14296773412207556,0,-0.012261674800245315,1175.0,-0.0009352738787273829,0.0,0,0
2026-08-13,INFY,1170.0,1175.0,1157.0,1175.0,6234215,0.3351,0,0.0,0.0,0.3351,0.3942,0.4638,0.5457,0.39769999999999994,0.47614,0.12152540063707028,0,-0.0009352738787273829,1169.199951171875,-0.004936211768617027,0.0,0,1
2026-08-14,INFY,1170.4000244140625,1174.0999755859375,1158.9000244140625,1169.199951171875,5844763,0.2848,0,0.0,0.0,0.2848,0.3351,0.3942,0.4638,0.33803333333333335,0.40472,0.10332500665376412,0,-0.004936211768617027,1139.9000244140625,-0.025059808400133443,0.0,0,0
2026-08-17,INFY,1163.9000244140625,1166.5,1129.699951171875,1139.9000244140625,5817153,0.2421,0,0.0,0.0,0.2421,0.2848,0.3351,0.3942,0.2873333333333333,0.344,0.08780595082339451,0,-0.025059808400133443,1115.0,-0.02184404235525983,0.0,0,0
2026-08-18,INFY,1124.5,1131.9000244140625,1112.5,1115.0,8851110,-0.9539,2,0.0005656854249492542,0.9612,-0.9539,0.2421,0.2848,0.3351,-0.14233333333333334,0.06046000000000003,0.5698809638863191,0,-0.02184404235525983,1119.800048828125,0.004304976527466309,1.0,1,0
2026-08-19,INFY,1125.5999755859375,1134.699951171875,1113.800048828125,1119.800048828125,8408573,-0.8108,0,0.0,0.0,-0.8108,-0.9539,0.2421,0.2848,-0.5075333333333334,-0.18053999999999998,0.6434989999992231,2,0.004304976527466309,1130.0,0.00910872542160468,1.0,1,1
2026-08-20,INFY,1143.0,1144.699951171875,1125.699951171875,1130.0,8559841,-0.6892,0,0.0,0.0,-0.6892,-0.8108,-0.9539,0.2421,-0.8179666666666666,-0.3854,0.599870015086602,0,0.00910872542160468,1121.0,-0.007964601769911539,0.0,0,0
2026-08-21,INFY,1133.0,1133.5,1118.0,1121.0,6094967,-0.5858,0,0.0,0.0,-0.5858,-0.6892,-0.8108,-0.9539,-0.6952666666666666,-0.55952,0.468716168912488,0,-0.007964601769911539,1130.0,0.00802854594112401,1.0,1,0
2026-08-24,INFY,1126.5,1144.5,1122.0,1130.0,8565354,-0.4979,0,0.0,0.0,-0.4979,-0.5858,-0.6892,-0.8108,-0.5909666666666668,-0.7075199999999999,0.18059747229681808,0,0.00802854594112401,1144.0,0.012389380530973382,1.0,1,0
2026-08-25,INFY,1132.0,1144.0,1119.9000244140625,1144.0,8121237,-0.4233,0,0.0,0.0,-0.4233,-0.4979,-0.5858,-0.6892,-0.5023333333333334,-0.6014,0.1534864977774919,0,0.012389380530973382,1120.0,-0.020979020979020935,0.0,0,0
2026-08-26,INFY,1142.0,1142.0,1118.300048828125,1120.0,6323984,-0.3598,0,0.0,0.0,-0.3598,-0.4233,-0.4979,-0.5858,-0.42700000000000005,-0.5112,0.1304553755120887,0,-0.020979020979020935,1110.800048828125,-0.008214242117745574,0.0,0,1
2026-08-27,INFY,1120.0,1130.699951171875,1107.199951171875,1110.800048828125,6933998,-0.3058,0,0.0,0.0,-0.3058,-0.3598,-0.4233,-0.4979,-0.3629666666666667,-0.43452,0.11088334861465947,0,-0.008214242117745574,1144.0,0.02988832347180792,1.0,1,1
2026-08-28,INFY,1123.5999755859375,1145.0,1123.300048828125,1144.0,9621969,-0.2599,0,0.0,0.0,-0.2599,-0.3058,-0.3598,-0.4233,-0.30850000000000005,-0.36934000000000006,0.09426665900518663,0,0.02988832347180792,1133.800048828125,-0.008916041234156458,0.0,0,0
2026-08-31,INFY,1138.5999755859375,1143.9000244140625,1111.0999755859375,1133.800048828125,8808120,-0.52935,2,0.6168092452290254,0.92155,-0.5294,-0.2599,-0.3058,-0.3598,-0.3650333333333333,-0.37564000000000003,0.10540148480927643,0,-0.008916041234156458,1156.0,0.019580128960851928,1.0,1,0
2026-09-01,INFY,1128.0,1156.0,1125.5999755859375,1156.0,13516123,0.1298,1,0.0,0.846,0.1298,-0.5294,-0.2599,-0.3058,-0.21983333333333333,-0.26502,0.24313169682293623,2,0.019580128960851928,1140.0,-0.01384083044982698,0.0,0,1
2026-09-02,INFY,1137.699951171875,1147.800048828125,1118.5999755859375,1140.0,8564358,0.1103,0,0.0,0.0,0.1103,0.1298,-0.5294,-0.2599,-0.09643333333333336,-0.17099999999999999,0.284664337422165,1,-0.01384083044982698,1130.300048828125,-0.008508729098135936,0.0,0,0
2026-09-03,INFY,1144.0,1144.0,1122.5,1130.300048828125,5786250,0.0938,0,0.0,0.0,0.0938,0.1103,0.1298,-0.5294,0.11129999999999997,-0.09107999999999998,0.2933202635345882,0,-0.008508729098135936,1130.0,-0.00026545944896316787,0.0,0,0
2026-09-04,INFY,1133.0,1146.699951171875,1125.4000244140625,1130.0,5881388,0.0797,0,0.0,0.0,0.0797,0.0938,0.1103,0.1298,0.09459999999999998,-0.02315999999999999,0.28361377434814455,0,-0.00026545944896316787,1087.5,-0.03761061946902655,0.0,0,0
2026-09-07,INFY,1109.5,1109.9000244140625,1085.0,1087.5,7668346,-0.45775000000000005,2,0.6863885524977817,0.9445,-0.4578,0.0797,0.0938,0.1103,-0.09476666666666668,-0.008839999999999992,0.25167179619496555,0,-0.03761061946902655,1082.0,-0.005057471264367841,0.0,0,0
2026-09-08,INFY,1095.0,1095.0,1078.9000244140625,1082.0,6269037,-0.3891,0,0.0,0.0,-0.3891,-0.4578,0.0797,0.0938,-0.25573333333333337,-0.11261999999999998,0.2849912051274569,2,-0.005057471264367841,1035.0,-0.043438077634011085,0.0,0,1
2026-09-09,INFY,1059.0,1059.0,1026.5,1035.0,13530457,-0.9470666666666667,3,0.01701773584626741,0.9568,-0.9471,-0.3891,-0.4578,0.0797,-0.598,-0.32409999999999994,0.43241315313019807,0,-0.043438077634011085,1036.5,0.0014492753623187582,1.0,1,0
2026-09-10,INFY,1039.5999755859375,1046.5999755859375,1027.300048828125,1036.5,8998529,-0.805,0,0.0,0.0,-0.805,-0.9471,-0.3891,-0.4578,-0.7137333333333334,-0.5038600000000001,0.40093037176048424,3,0.0014492753623187582,1037.699951171875,0.0011576952936565021,1.0,1,0
2026-09-11,INFY,1032.0,1047.300048828125,1029.699951171875,1037.699951171875,6168088,-0.6843,0,0.0,0.0,-0.6843,-0.805,-0.9471,-0.3891,-0.8121333333333335,-0.65666,0.23359033156361586,0,0.0011576952936565021,1037.699951171875,0.0,0.0,0,0
2026-09-14,INFY,1037.699951171875,1037.699951171875,1037.699951171875,1037.699951171875,0,-0.5816,0,0.0,0.0,-0.5816,-0.6843,-0.805,-0.9471,-0.6903,-0.68142,0.21288564301051394,0,0.0,1077.0,0.03787226624010476,1.0,1,0
2026-09-15,INFY,1085.0,1097.699951171875,1071.699951171875,1077.0,14816117,-0.4944,0,0.0,0.0,-0.4944,-0.5816,-0.6843,-0.805,-0.5867666666666667,-0.7024800000000001,0.17929658948234337,0,0.03787226624010476,1060.0,-0.01578458681522743,0.0,0,0
2026-09-16,INFY,1082.5,1085.0999755859375,1053.5,1060.0,6230590,0.4317,1,0.0,0.5329,0.4317,-0.4944,-0.5816,-0.6843,-0.2147666666666667,-0.42672,0.4936842381522831,0,-0.01578458681522743,1058.5999755859375,-0.0013207777491155426,0.0,0,0
2026-09-17,INFY,1054.9000244140625,1063.5999755859375,1048.5999755859375,1058.5999755859375,5469865,0.3669,0,0.0,0.0,0.3669,0.4317,-0.4944,-0.5816,0.10139999999999995,-0.19233999999999996,0.5447392798394478,1,-0.0013207777491155426,1051.4000244140625,-0.0068013898903500625,0.0,0,0
2026-09-18,INFY,1061.9000244140625,1061.9000244140625,1038.0,1051.4000244140625,22124953,0.3119,0,0.0,0.0,0.3119,0.3669,0.4317,-0.4944,0.3701666666666666,0.006900000000000017,0.5001784631509041,0,-0.0068013898903500625,1038.5,-0.012269378081146254,0.0,0,0
2026-09-21,INFY,1041.5,1044.5,1030.300048828125,1038.5,6074358,0.2651,0,0.0,0.0,0.2651,0.3119,0.3669,0.4317,0.3146333333333333,0.17624,0.38002262827363376,0,-0.012269378081146254,1029.4000244140625,-0.008762614911831945,0.0,0,1
2026-09-22,INFY,1037.699951171875,1041.0,1019.2000122070312,1029.4000244140625,9341109,0.2254,0,0.0,0.0,0.2254,0.2651,0.3119,0.3669,0.26746666666666663,0.32020000000000004,0.08170844509596596,0,-0.008762614911831945,1020.5,-0.008645836606744228,0.0,0,0
2026-09-23,INFY,1021.7999877929688,1029.4000244140625,1015.0999755859375,1020.5,5108734,0.1915,0,0.0,0.0,0.1915,0.2254,0.2651,0.3119,0.2273333333333333,0.27216000000000007,0.06945738261697214,0,-0.008645836606744228,1014.5,-0.005879470847623747,0.0,0,0
2026-09-24,INFY,1015.0,1022.7999877929688,1005.2000122070312,1014.5,6891893,0.1628,0,0.0,0.0,0.1628,0.1915,0.2254,0.2651,0.19323333333333328,0.23134000000000005,0.05905483045442132,0,-0.005879470847623747,1000.2000122070312,-0.014095601570200844,0.0,0,0
2026-09-25,INFY,999.5,1004.2000122070312,991.5999755859375,1000.2000122070312,10240700,-0.6634,1,0.0,0.6838,-0.6634,0.1628,0.1915,0.2254,-0.10303333333333337,0.03628000000000002,0.3929941564451059,0,-0.014095601570200844,1003.2000122070312,0.002999400083369519,1.0,1,1
2026-04-02,ITC,282.5523525472668,285.86217605837106,280.75140999162466,285.0834045410156,18082775,0.0,0,0.0,0.0,0.0,0.0,0.0,0.0,0.0,0.0,0.0,0,0.0,287.0303649902344,0.006829441553616089,1.0,1,0
2026-04-06,ITC,285.2294224223722,287.51710461894146,282.552354464483,287.0303649902344,18047063,0.0,0,0.0,0.0,0.0,0.0,0.0,0.0,0.0,0.0,0.0,0,0.006829441553616089,290.5348815917969,0.012209567450056191,1.0,1,0
2026-04-07,ITC,286.3489031712945,291.0702832730548,284.98603822136056,290.5348815917969,26963485,0.0,0,0.0,0.0,0.0,0.0,0.0,0.0,0.0,0.0,0.0,0,0.012209567450056191,294.4288024902344,0.013402593441115496,1.0,1,0
2026-04-08,ITC,295.8403295367806,296.52177687527063,293.5526474241106,294.4288024902344,22310207,0.0654,1,0.0,0.912,0.0654,0.0,0.0,0.0,0.0218,0.01635,0.0327,0,0.013402593441115496,294.9642028808594,0.001818437551274421,1.0,1,0
2026-04-09,ITC,293.5039840547165,296.32706784361375,293.26061425035937,294.9642028808594,17691477,0.0556,0,0.0,0.0,0.0556,0.0654,0.0,0.0,0.04033333333333333,0.0242,0.033317863076734074,1,0.001818437551274421,296.1810607910156,0.004125442674980384,1.0,1,0
2026-04-10,ITC,294.96421173271233,297.30055598300885,294.57482597570106,296.1810607910156,17744386,0.0473,0,0.0,0.0,0.0473,0.0556,0.0654,0.0,0.056100000000000004,0.03366,0.03138802319356859,0,0.004125442674980384,290.72955322265625,-0.018405996500248656,0.0,0,0
2026-04-13,ITC,292.0437560666014,293.4553127708808,290.19415155315835,290.72955322265625,16522014,0.0402,0,0.0,0.0,0.0402,0.0473,0.0556,0.0654,0.0477,0.0417,0.02513662666309861,0,-0.018405996500248656,294.0393981933594,0.011384618226851773,1.0,1,1
2026-04-15,ITC,292.725224960759,295.9376946310278,292.57917930537735,294.0393981933594,18701403,0.0341,0,0.0,0.0,0.0341,0.0402,0.0473,0.0556,0.04053333333333333,0.048519999999999994,0.01238656530277865,0,0.011384618226851773,295.35357666015625,0.004469395852635616,1.0,1,1
2026-04-16,ITC,294.91552885499743,297.2518729405252,293.84469581756434,295.35357666015625,16512053,0.2812,1,0.0,0.6653,0.2812,0.0341,0.0402,0.0473,0.11850000000000001,0.09168,0.10624832704565283,0,0.004469395852635616,298.6634216308594,0.011206381883472227,1.0,1,1
2026-04-17,ITC,295.7916756720069,301.729905030981,295.7916756720069,298.6634216308594,35111203,0.239,0,0.0,0.0,0.239,0.2812,0.0341,0.0402,0.18476666666666666,0.12835999999999997,0.12127358739643188,1,0.011206381883472227,296.9111633300781,-0.005867000020333912,0.0,0,0
2026-04-20,ITC,298.8581217781442,299.7829389242669,296.37576164015127,296.9111633300781,13540471,0.2032,0,0.0,0.0,0.2032,0.239,0.2812,0.0341,0.24113333333333334,0.15954,0.11510698501828637,0,-0.005867000020333912,301.4378356933594,0.015245881335384182,1.0,1,0
2026-04-21,ITC,296.91116324455527,302.849392451092,296.4730857105753,301.4378356933594,24411865,0.1727,0,0.0,0.0,0.1727,0.2032,0.239,0.2812,0.20496666666666666,0.18603999999999998,0.09409884696424288,0,0.015245881335384182,297.39788818359375,-0.013402257551621055,0.0,0,0
2026-04-22,ITC,301.77854447435044,302.3139461377078,297.0085024549496,297.39788818359375,24500511,0.1468,0,0.0,0.0,0.1468,0.1727,0.2032,0.239,0.17423333333333332,0.20858,0.05322623413317908,0,-0.013402257551621055,297.20318603515625,-0.0006546857128901795,0.0,0,0
2026-04-23,ITC,295.93767496628874,298.22535701375915,295.2075655708127,297.20318603515625,10701849,0.1248,0,0.0,0.0,0.1248,0.1468,0.1727,0.2032,0.1481,0.1773,0.04523648969581968,0,-0.0006546857128901795,293.6013488769531,-0.012119106817976899,0.0,0,0
2026-04-24,ITC,298.5174072251711,298.5174072251711,293.114609250071,293.6013488769531,17011704,0.1061,0,0.0,0.0,0.1061,0.1248,0.1468,0.1727,0.1259,0.15072,0.03845590981890821,0,-0.012119106817976899,295.7916564941406,0.00746014153397323,1.0,1,0
2026-04-27,ITC,295.5969487737246,297.5439071449768,294.8181773085145,295.7916564941406,14382348,0.0901,0,0.0,0.0,0.0901,0.1061,0.1248,0.1468,0.107,0.1281,0.03270221705022463,0,0.00746014153397323,296.3757629394531,0.0019747225200184015,1.0,1,0
2026-04-28,ITC,296.32707115310103,297.6899361310764,294.526128639099,296.3757629394531,12907339,0.0766,0,0.0,0.0,0.0766,0.0901,0.1061,0.1248,0.09093333333333332,0.10888,0.027810915123382823,0,0.0019747225200184015,307.86279296875,0.038758331367479526,1.0,1,0
2026-04-29,ITC,297.00850597252486,309.0796419528162,297.00850597252486,307.86279296875,31199038,0.0651,0,0.0,0.0,0.0651,0.0766,0.0901,0.1061,0.07726666666666666,0.09254,0.02365149043929375,0,0.038758331367479526,306.548583984375,-0.004268813946959771,0.0,0,0
2026-04-30,ITC,307.86278680248944,309.07963576218305,304.99101137432183,306.548583984375,11541956,0.0554,0,0.0,0.0,0.0554,0.0651,0.0766,0.0901,0.0657,0.07866,0.020080911333901268,0,-0.004268813946959771,306.548583984375,0.0,0.0,0,0
2026-05-01,ITC,306.548583984375,306.548583984375,306.548583984375,306.548583984375,0,0.0471,0,0.0,0.0,0.0471,0.0554,0.0651,0.0766,0.05586666666666667,0.06686,0.01702829997386718,0,0.0,302.8493957519531,-0.012067216831803784,0.0,0,0
2026-05-04,ITC,309.4690426623296,309.4690426623296,302.26530226968964,302.8493957519531,20245091,0.04,0,0.0,0.0,0.04,0.0471,0.0554,0.0651,0.04750000000000001,0.05684,0.014484578005589457,0,-0.012067216831803784,303.19012451171875,0.0011250765712100819,1.0,1,1
2026-05-05,ITC,302.8494008323303,305.38045282577866,301.4378440355334,303.19012451171875,26795704,0.0106,1,0.0,0.9508,0.0106,0.04,0.0471,0.0554,0.03256666666666667,0.04364,0.02071045629627717,0,0.0011250765712100819,302.4599914550781,-0.0024081689923657335,0.0,0,0
2026-05-06,ITC,304.504273955316,305.28307511999276,301.04843476850743,302.4599914550781,20287609,0.009,0,0.0,0.0,0.009,0.0106,0.04,0.0471,0.019866666666666668,0.03242,0.02136380115990615,1,-0.0024081689923657335,299.24749755859375,-0.010621219292606843,0.0,0,0
2026-05-07,ITC,303.1901061095417,303.38478412292693,298.85811182359606,299.24749755859375,25718615,0.0077,0,0.0,0.0,0.0077,0.009,0.0106,0.04,0.009099999999999999,0.02288,0.019062974584256466,0,-0.010621219292606843,299.29620361328125,0.00016276177774199319,1.0,1,0
2026-05-08,ITC,300.70773068347654,300.70773068347654,297.59261494674206,299.29620361328125,17739844,0.0065,0,0.0,0.0,0.0065,0.0077,0.009,0.0106,0.007733333333333334,0.014759999999999999,0.01419165247601591,0,0.00016276177774199319,297.7386169433594,-0.005204164473580852,0.0,0,1
2026-05-11,ITC,298.85811207299713,299.83159126541733,297.05716962537434,297.7386169433594,14968661,0.0055,0,0.0,0.0,0.0055,0.0065,0.0077,0.009,0.006566666666666666,0.00786,0.0020156884679952162,0,-0.005204164473580852,292.7252197265625,-0.016838249832236585,0.0,0,1
2026-05-12,ITC,297.25189225671994,298.1280176321973,292.141126240168,292.7252197265625,15968338,0.0047,0,0.0,0.0,0.0047,0.0055,0.0065,0.0077,0.005566666666666667,0.00668,0.0017152259326423938,0,-0.016838249832236585,296.3757629394531,0.012470887258366758,1.0,1,0
2026-05-13,ITC,293.99072694682496,297.6899361310764,293.0659097966479,296.3757629394531,13024778,0.004,0,0.0,0.0,0.004,0.0047,0.0055,0.0065,0.004733333333333333,0.00568,0.0014635573101211405,0,0.012470887258366758,299.0528259277344,0.009032665025406006,1.0,1,1
2026-05-14,ITC,296.91115977719784,300.9997843525029,296.7651438369858,299.0528259277344,11113377,0.0034,0,0.0,0.0,0.0034,0.004,0.0047,0.0055,0.004033333333333333,0.00482,0.001223519513538333,0,0.009032665025406006,301.2431640625,0.007324251586557251,1.0,1,0
2026-05-15,ITC,299.0528357626027,303.77418633135375,298.17668067606064,301.2431640625,11954564,0.0029,0,0.0,0.0,0.0029,0.0034,0.004,0.0047,0.0034333333333333334,0.0040999999999999995,0.0010319883720319343,0,0.007324251586557251,301.924560546875,0.0022619483714945154,1.0,1,0
2026-05-18,ITC,301.24314294849347,304.01753483399096,298.371367495507,301.924560546875,14422870,0.0025,0,0.0,0.0,0.0025,0.0029,0.0034,0.004,0.002933333333333333,0.0035000000000000005,0.0008746427842320305,0,0.0022619483714945154,302.0705871582031,0.0004836526417846265,1.0,1,0
2026-05-19,ITC,303.67685162223455,305.91584192326644,300.17232052251813,302.0705871582031,17519355,0.0021,0,0.0,0.0,0.0021,0.0025,0.0029,0.0034,0.0025,0.00298,0.0007463243262879679,0,0.0004836526417846265,299.3935241699219,-0.00886237555753544,0.0,0,0
2026-05-20,ITC,300.8050809313701,301.43783648682927,298.07935098097914,299.3935241699219,12127920,0.0018,0,0.0,0.0,0.0018,0.0021,0.0025,0.0029,0.002133333333333333,0.0025399999999999997,0.0006348228099314134,0,-0.00886237555753544,299.8802490234375,0.0016257026763191185,1.0,1,0
2026-05-21,ITC,301.6325293694972,303.0440563532439,297.68992087203304,299.8802490234375,21868988,-0.9555,1,0.0,0.9665,-0.9555,0.0018,0.0021,0.0025,-0.3172,-0.18924000000000002,0.42835256273308325,0,0.0016257026763191185,293.6986999511719,-0.02061339182022126,0.0,0,0
2026-05-22,ITC,297.7872949531656,298.8581280637695,293.01725259672514,293.6986999511719,30751752,0.47725,2,0.6322241730588921,0.94215,0.4772,-0.9555,0.0018,0.0021,-0.15883333333333333,-0.09438,0.5234921365216483,1,-0.02061339182022126,295.8890075683594,0.007457668752199664,1.0,1,1
2026-05-25,ITC,295.8890075683594,297.3978884085819,294.33143494437775,295.8890075683594,15734247,0.4057,0,0.0,0.0,0.4057,0.4772,-0.9555,0.0018,-0.0242,-0.013740000000000007,0.5710420938950123,2,0.007457668752199664,293.6499938964844,-0.007567072836789035,0.0,0,0
2026-05-26,ITC,296.27839961224,296.32706168880947,293.1145922213104,293.6499938964844,37560542,0.3448,0,0.0,0.0,0.3448,0.4057,0.4772,-0.9555,0.40923333333333334,0.054799999999999995,0.5935418393003142,0,-0.007567072836789035,291.95001220703125,-0.005789142601012265,0.0,0,0
2026-05-27,ITC,295.6499938964844,296.3500061035156,291.04998779296875,291.95001220703125,25446093,0.2931,0,0.0,0.0,0.2931,0.3448,0.4057,0.4772,0.3478666666666667,0.11305999999999998,0.6012849598983829,0,-0.005789142601012265,291.95001220703125,0.0,0.0,0,1
2026-05-28,ITC,291.95001220703125,291.95001220703125,291.95001220703125,291.95001220703125,0,0.2491,0,0.0,0.0,0.2491,0.2931,0.3448,0.4057,0.2956666666666667,0.35398,0.0903446013882401,0,0.0,286.8999938964844,-0.017297544440469936,0.0,0,0
2026-05-29,ITC,292.0,292.3999938964844,285.8999938964844,286.8999938964844,31930439,0.0353,1,0.0,0.9125,0.0353,0.2491,0.2931,0.3448,0.1925,0.26559999999999995,0.14139239724963995,0,-0.017297544440469936,279.6499938964844,-0.025270129502393268,0.0,0,0
2026-06-01,ITC,287.79998779296875,288.54998779296875,278.29998779296875,279.6499938964844,23477875,-0.9388,1,0.0,0.9474,-0.9388,0.0353,0.2491,0.2931,-0.21813333333333332,-0.0032999999999999917,0.5360462993063192,1,-0.025270129502393268,283.25,0.012873256506660935,1.0,1,1
2026-06-02,ITC,279.5,283.6000061035156,277.1000061035156,283.25,20206131,-0.798,0,0.0,0.0,-0.798,-0.9388,0.0353,0.2491,-0.5671666666666667,-0.23186,0.5913033595372176,1,0.012873256506660935,277.0,-0.02206531332744921,0.0,0,1
2026-06-03,ITC,282.3500061035156,282.3500061035156,275.20001220703125,277.0,28001438,-0.8264,1,0.0,0.8409,-0.8264,-0.798,-0.9388,0.0353,-0.8544,-0.45576,0.5535786782382429,0,-0.02206531332744921,280.29998779296875,0.011913313332017061,1.0,1,0
2026-06-04,ITC,277.0,280.6499938964844,275.04998779296875,280.29998779296875,22017634,-0.7024,0,0.0,0.0,-0.7024,-0.8264,-0.798,-0.9388,-0.7756,-0.64606,0.3901059574013194,1,0.011913313332017061,280.70001220703125,0.0014271296164234393,1.0,1,1
2026-06-05,ITC,280.0,281.3999938964844,277.8500061035156,280.70001220703125,16065822,-0.5971,0,0.0,0.0,-0.5971,-0.7024,-0.8264,-0.798,-0.7086333333333333,-0.77254,0.12931580723175354,0,0.0014271296164234393,279.45001220703125,-0.004453152638547286,0.0,0,1
2026-06-08,ITC,279.0,283.45001220703125,276.95001220703125,279.45001220703125,15779677,-0.5075,0,0.0,0.0,-0.5075,-0.5971,-0.7024,-0.8264,-0.6023333333333333,-0.68628,0.13443417348278688,0,-0.004453152638547286,280.0,0.001968107958289389,1.0,1,0
2026-06-09,ITC,281.70001220703125,281.70001220703125,277.1499938964844,280.0,12302522,-0.4314,0,0.0,0.0,-0.4314,-0.5075,-0.5971,-0.7024,-0.512,-0.61296,0.15643971043184662,0,0.001968107958289389,283.6499938964844,0.013035692487444184,1.0,1,1
2026-06-10,ITC,280.0,285.8500061035156,278.6499938964844,283.6499938964844,19823743,-0.3667,0,0.0,0.0,-0.3667,-0.4314,-0.5075,-0.5971,-0.43520000000000003,-0.52102,0.13296246462817993,0,0.013035692487444184,282.3999938964844,-0.0044068395095970825,0.0,0,0
2026-06-11,ITC,283.0,283.25,281.20001220703125,282.3999938964844,12603100,-0.3117,0,0.0,0.0,-0.3117,-0.3667,-0.4314,-0.5075,-0.3699333333333333,-0.44288,0.11302978368554009,0,-0.0044068395095970825,285.1000061035156,0.009560949948252961,1.0,1,1
2026-06-12,ITC,283.54998779296875,285.8500061035156,283.0,285.1000061035156,12893433,-0.2649,0,0.0,0.0,-0.2649,-0.3117,-0.3667,-0.4314,-0.31443333333333334,-0.37644,0.09607891548097312,0,0.009560949948252961,287.8999938964844,0.009821072371188011,1.0,1,0
2026-06-15,ITC,287.0,288.8500061035156,286.70001220703125,287.8999938964844,11194950,-0.2252,0,0.0,0.0,-0.2252,-0.2649,-0.3117,-0.3667,-0.2672666666666667,-0.31998000000000004,0.08167433501412776,0,0.009821072371188011,291.6499938964844,0.013025356302537316,1.0,1,1
2026-06-16,ITC,288.1499938964844,292.1499938964844,287.5,291.6499938964844,14467499,-0.1914,0,0.0,0.0,-0.1914,-0.2252,-0.2649,-0.3117,-0.22716666666666666,-0.27198,0.06942835875922729,0,0.013025356302537316,290.75,-0.003085869759365756,0.0,0,1
2026-06-17,ITC,291.95001220703125,292.3500061035156,290.0,290.75,8626353,-0.1627,0,0.0,0.0,-0.1627,-0.1914,-0.2252,-0.2649,-0.19310000000000002,-0.23118,0.05900895694722938,0,-0.003085869759365756,291.1499938964844,0.0013757313722593256,1.0,1,1
2026-06-18,ITC,291.04998779296875,291.8999938964844,288.0,291.1499938964844,10409670,-0.1383,0,0.0,0.0,-0.1383,-0.1627,-0.1914,-0.2252,-0.16413333333333333,-0.1965,0.050144640790417194,0,0.0013757313722593256,292.5,0.004636806222965584,1.0,1,1
2026-06-19,ITC,289.79998779296875,294.54998779296875,288.3999938964844,292.5,13874008,-0.1175,0,0.0,0.0,-0.1175,-0.1383,-0.1627,-0.1914,-0.1395,-0.16702,0.042646887342454094,0,0.004636806222965584,291.25,-0.004273504273504258,0.0,0,1
2026-06-22,ITC,292.79998779296875,293.95001220703125,290.04998779296875,291.25,9947873,-0.0999,0,0.0,0.0,-0.0999,-0.1175,-0.1383,-0.1627,-0.11856666666666667,-0.14196,0.036246351540533996,0,-0.004273504273504258,290.0,-0.0042918454935622075,0.0,0,1
2026-06-23,ITC,291.25,293.1499938964844,289.6499938964844,290.0,9410364,-0.0849,0,0.0,0.0,-0.0849,-0.0999,-0.1175,-0.1383,-0.10076666666666667,-0.12066000000000002,0.030815061252575358,0,-0.0042918454935622075,290.3500061035156,0.0012069175983298042,1.0,1,1
2026-06-24,ITC,290.0,291.3999938964844,289.45001220703125,290.3500061035156,6218635,-0.0722,0,0.0,0.0,-0.0722,-0.0849,-0.0999,-0.1175,-0.08566666666666667,-0.10255999999999998,0.02617838803287877,0,0.0012069175983298042,290.0,-0.0012054627041779842,0.0,0,1
2026-06-25,ITC,290.3500061035156,292.25,289.20001220703125,290.0,11230239,-0.0614,0,0.0,0.0,-0.0614,-0.0722,-0.0849,-0.0999,-0.07283333333333335,-0.08718000000000001,0.02222221861111014,0,-0.0012054627041779842,290.0,0.0,0.0,0,1
2026-06-26,ITC,290.0,290.0,290.0,290.0,0,-0.0522,0,0.0,0.0,-0.0522,-0.0614,-0.0722,-0.0849,-0.06193333333333333,-0.07412,0.01888642369534184,0,0.0,290.70001220703125,0.0024138351966593863,1.0,1,1
2026-06-29,ITC,290.45001220703125,291.8999938964844,289.3500061035156,290.70001220703125,10110022,-0.0443,0,0.0,0.0,-0.0443,-0.0522,-0.0614,-0.0722,-0.05263333333333334,-0.063,0.01607124761802796,0,0.0024138351966593863,286.95001220703125,-0.012899896259135013,0.0,0,1
2026-06-30,ITC,291.5,291.6000061035156,285.5,286.95001220703125,18180676,-0.0377,0,0.0,0.0,-0.0377,-0.0443,-0.0522,-0.0614,-0.044733333333333326,-0.053559999999999997,0.013675269649991145,0,-0.012899896259135013,290.29998779296875,0.011674422176084498,1.0,1,1
2026-07-01,ITC,287.8500061035156,291.0,287.1000061035156,290.29998779296875,6551425,-0.032,0,0.0,0.0,-0.032,-0.0377,-0.0443,-0.0522,-0.038,-0.04552,0.011642894829034942,0,0.011674422176084498,289.8999938964844,-0.001377863979689975,0.0,0,1
2026-07-02,ITC,290.70001220703125,291.0,287.70001220703125,289.8999938964844,12722639,-0.0011,1,0.0,0.9425,-0.0011,-0.032,-0.0377,-0.0443,-0.023599999999999996,-0.033460000000000004,0.01959573933282355,0,-0.001377863979689975,289.95001220703125,0.00017253643187298273,1.0,1,1
2026-07-03,ITC,291.29998779296875,291.6000061035156,289.0,289.95001220703125,6517591,-0.0009,0,0.0,0.0,-0.0009,-0.0011,-0.032,-0.0377,-0.011333333333333334,-0.0232,0.020728000385950577,1,0.00017253643187298273,288.25,-0.00586312169498171,0.0,0,1
2026-07-06,ITC,289.95001220703125,290.3999938964844,287.6000061035156,288.25,27126124,-0.0008,0,0.0,0.0,-0.0008,-0.0009,-0.0011,-0.032,-0.0009333333333333333,-0.014499999999999999,0.018686224872883416,0,-0.00586312169498171,288.75,0.0017346053772766545,1.0,1,1
2026-07-07,ITC,288.29998779296875,290.70001220703125,286.54998779296875,288.75,18491160,-0.0007,0,0.0,0.0,-0.0007,-0.0008,-0.0009,-0.0011,-0.0008,-0.0071,0.013920308904617252,0,0.0017346053772766545,280.6499938964844,-0.02805196918966446,0.0,0,1
2026-07-08,ITC,286.8999938964844,287.8500061035156,280.0,280.6499938964844,21593793,-0.0006,0,0.0,0.0,-0.0006,-0.0007,-0.0008,-0.0009,-0.0007,-0.0008200000000000001,0.00019235384052822588,0,-0.02805196918966446,282.04998779296875,0.00498839810059204,1.0,1,1
2026-07-09,ITC,281.25,284.3999938964844,281.0,282.04998779296875,12512120,-0.0005,0,0.0,0.0,-0.0005,-0.0006,-0.0007,-0.0008,-0.0006,-0.0006999999999999999,0.00015811388290074476,0,0.00498839810059204,281.75,-0.0010635979647301008,0.0,0,1
2026-07-10,ITC,282.8500061035156,283.6499938964844,280.8500061035156,281.75,11774274,-0.0004,0,0.0,0.0,-0.0004,-0.0005,-0.0006,-0.0007,-0.0005,-0.0006000000000000001,0.00015811388290072444,0,-0.0010635979647301008,279.6499938964844,-0.007453437811945407,0.0,0,0
2026-07-13,ITC,281.3500061035156,281.5,279.5,279.6499938964844,12559492,-0.0004,0,0.0,0.0,-0.0004,-0.0004,-0.0005,-0.0006,-0.0004333333333333333,-0.00052,0.0001303840479734344,0,-0.007453437811945407,275.54998779296875,-0.014661205767926067,0.0,0,0
2026-07-14,ITC,279.25,280.6499938964844,275.0,275.54998779296875,15018851,-0.0003,0,0.0,0.0,-0.0003,-0.0004,-0.0004,-0.0005,-0.00036666666666666667,-0.00044,0.0001140175423605232,0,-0.014661205767926067,276.6499938964844,0.003992038295215217,1.0,1,0
2026-07-15,ITC,276.6499938964844,277.70001220703125,275.29998779296875,276.6499938964844,8523722,-0.0003,0,0.0,0.0,-0.0003,-0.0003,-0.0004,-0.0004,-0.0003333333333333333,-0.00038,8.366600244979947e-05,0,0.003992038295215217,279.3500061035156,0.009759668413517275,1.0,1,0
2026-07-16,ITC,277.0,280.45001220703125,276.0,279.3500061035156,11220653,-0.7589,1,0.0,0.8648,-0.7589,-0.0003,-0.0003,-0.0004,-0.2531666666666667,-0.15206,0.33923387655126663,0,0.009759668413517275,280.70001220703125,0.0048326689601552175,1.0,1,0
2026-07-17,ITC,279.3500061035156,281.95001220703125,277.79998779296875,280.70001220703125,15215868,-0.0344,1,0.0,0.9284,-0.0344,-0.7589,-0.0003,-0.0003,-0.26453333333333334,-0.15886,0.33575676165938934,1,0.0048326689601552175,282.70001220703125,0.007125044221675703,1.0,1,0
2026-07-20,ITC,280.70001220703125,283.70001220703125,279.5,282.70001220703125,9913943,-0.0292,0,0.0,0.0,-0.0292,-0.0344,-0.7589,-0.0003,-0.27416666666666667,-0.16462,0.33259084022263746,1,0.007125044221675703,281.0,-0.006013484731604013,0.0,0,1
2026-07-21,ITC,283.0,283.95001220703125,278.79998779296875,281.0,9858768,0.0215,2,0.03224406922210656,0.9365,0.0215,-0.0292,-0.0344,-0.7589,-0.014033333333333333,-0.16026,0.3354143750646355,0,-0.006013484731604013,280.79998779296875,-0.0007117872136342962,0.0,0,0
2026-07-22,ITC,280.5,282.20001220703125,278.5,280.79998779296875,12995017,0.0183,0,0.0,0.0,0.0183,0.0215,-0.0292,-0.0344,0.0035333333333333328,-0.15654,0.3377271428239074,2,-0.0007117872136342962,281.29998779296875,0.0017806268580347062,1.0,1,1
2026-07-23,ITC,279.95001220703125,284.0,279.6499938964844,281.29998779296875,21143589,0.1043,1,0.0,0.8744,0.1043,0.0183,0.0215,-0.0292,0.04803333333333334,0.0161,0.05571261078068344,0,0.0017806268580347062,283.45001220703125,0.007643172795460229,1.0,1,1
2026-07-24,ITC,279.54998779296875,284.8500061035156,279.54998779296875,283.45001220703125,24954082,0.0887,0,0.0,0.0,0.0887,0.1043,0.0183,0.0215,0.07043333333333333,0.04072,0.0550121986472084,1,0.007643172795460229,285.8500061035156,0.00846707988402362,1.0,1,1
2026-07-27,ITC,287.75,287.8999938964844,285.5,285.8500061035156,19312804,0.0754,0,0.0,0.0,0.0754,0.0887,0.1043,0.0183,0.08946666666666668,0.06164000000000001,0.039468443090650444,0,0.00846707988402362,284.6499938964844,-0.004198048561862455,0.0,0,0
2026-07-28,ITC,284.8999938964844,287.95001220703125,282.29998779296875,284.6499938964844,14843878,0.0641,0,0.0,0.0,0.0641,0.0754,0.0887,0.1043,0.07606666666666667,0.07016,0.03264548973441677,0,-0.004198048561862455,286.25,0.005620959556730254,1.0,1,0
2026-07-29,ITC,285.6000061035156,289.04998779296875,284.1499938964844,286.25,19030590,-0.8491,1,0.0,0.917,-0.8491,0.0641,0.0754,0.0887,-0.23653333333333335,-0.10332,0.4171737791376634,0,0.005620959556730254,285.04998779296875,-0.004192182382641962,0.0,0,0
2026-07-30,ITC,286.1000061035156,288.3999938964844,283.75,285.04998779296875,18283697,-0.6291,2,0.4671147396518333,0.7262500000000001,-0.6291,-0.8491,0.0641,0.0754,-0.47136666666666666,-0.25,0.4532933046053074,1,-0.004192182382641962,281.0,-0.014207991462572012,0.0,0,1
2026-07-31,ITC,285.54998779296875,285.79998779296875,280.04998779296875,281.0,16833813,-0.7632333333333333,6,0.37368300291378875,0.9434166666666667,-0.7632,-0.6291,-0.8491,0.0641,-0.7471333333333333,-0.42038000000000003,0.4542601424294234,2,-0.014207991462572012,287.0,0.021352313167259718,1.0,1,1
2026-08-03,ITC,284.45001220703125,292.54998779296875,283.0,287.0,45392755,0.77605,2,0.07686250711497773,0.8205,0.776,-0.7632,-0.6291,-0.8491,-0.20543333333333336,-0.28026,0.6915143404152947,6,0.021352313167259718,289.0,0.006968641114982521,1.0,1,1
2026-08-04,ITC,286.04998779296875,289.0,284.70001220703125,289.0,12689243,-0.2448,1,0.0,0.6079,-0.2448,0.776,-0.7632,-0.6291,-0.07733333333333335,-0.34204,0.6664004224188337,2,0.006968641114982521,286.95001220703125,-0.007093383366673867,0.0,0,0
2026-08-05,ITC,288.25,288.5,285.0,286.95001220703125,11771241,-0.2081,0,0.0,0.0,-0.2081,-0.2448,0.776,-0.7632,0.10769999999999996,-0.21383999999999997,0.603119385362467,1,-0.007093383366673867,285.8999938964844,-0.003659237727403508,0.0,0,0
2026-08-06,ITC,285.45001220703125,286.3500061035156,283.70001220703125,285.8999938964844,12447629,-0.1769,0,0.0,0.0,-0.1769,-0.2081,-0.2448,0.776,-0.2099333333333334,-0.1234,0.5574582271345541,0,-0.003659237727403508,286.1000061035156,0.0006995880073494831,1.0,1,1
2026-08-07,ITC,285.0,286.1000061035156,284.3999938964844,286.1000061035156,6128841,-0.1503,0,0.0,0.0,-0.1503,-0.1769,-0.2081,-0.2448,-0.17843333333333336,-0.0008199999999999929,0.4356859499685525,0,0.0006995880073494831,282.6499938964844,-0.012058763136771788,0.0,0,0
2026-08-10,ITC,286.1000061035156,286.1000061035156,281.3999938964844,282.6499938964844,9347929,-0.1278,0,0.0,0.0,-0.1278,-0.1503,-0.1769,-0.2081,-0.15166666666666673,-0.18158000000000002,0.04634843039413525,0,-0.012058763136771788,279.0,-0.012913475943046038,0.0,0,1
2026-08-11,ITC,282.0,282.6000061035156,278.0,279.0,13053722,-0.1086,0,0.0,0.0,-0.1086,-0.1278,-0.1503,-0.1769,-0.12890000000000004,-0.15434,0.03940790529830275,0,-0.012913475943046038,276.1499938964844,-0.01021507563984092,0.0,0,1
2026-08-12,ITC,279.0,279.54998779296875,275.3999938964844,276.1499938964844,12630816,-0.0923,0,0.0,0.0,-0.0923,-0.1086,-0.1278,-0.1503,-0.1095666666666667,-0.13118000000000002,0.03349935820280733,0,-0.01021507563984092,278.5,0.008509890115719232,1.0,1,1
2026-08-13,ITC,276.20001220703125,278.5,276.04998779296875,278.5,11335590,-0.0785,0,0.0,0.0,-0.0785,-0.0923,-0.1086,-0.1278,-0.09313333333333339,-0.1115,0.028448110657827402,0,0.008509890115719232,278.20001220703125,-0.0010771554505161207,0.0,0,1
2026-08-14,ITC,278.3500061035156,278.3500061035156,275.95001220703125,278.20001220703125,7338537,-0.0667,0,0.0,0.0,-0.0667,-0.0785,-0.0923,-0.1086,-0.0791666666666667,-0.09478,0.024191878802606294,0,-0.0010771554505161207,273.04998779296875,-0.018511948914761156,0.0,0,1
2026-08-17,ITC,278.20001220703125,278.20001220703125,273.0,273.04998779296875,12795275,-0.9434,1,0.0,0.9526,-0.9434,-0.0667,-0.0785,-0.0923,-0.3628666666666667,-0.2579,0.3835250643699835,0,-0.018511948914761156,270.0,-0.011170071156645922,0.0,0,0
2026-08-18,ITC,273.04998779296875,273.6499938964844,269.1499938964844,270.0,14561572,-0.8019,0,0.0,0.0,-0.8019,-0.9434,-0.0667,-0.0785,-0.604,-0.39656,0.4375724031517527,1,-0.011170071156645922,267.04998779296875,-0.010925971137152768,0.0,0,1
2026-08-19,ITC,270.0,270.95001220703125,265.8500061035156,267.04998779296875,13821291,-0.6816,0,0.0,0.0,-0.6816,-0.8019,-0.9434,-0.0667,-0.8089666666666666,-0.51442,0.41385298959896377,0,-0.010925971137152768,271.6499938964844,0.017225262362048133,1.0,1,1
2026-08-20,ITC,268.20001220703125,271.6499938964844,265.0,271.6499938964844,28272797,-0.5794,0,0.0,0.0,-0.5794,-0.6816,-0.8019,-0.9434,-0.6876333333333333,-0.6146,0.3350795353345233,0,0.017225262362048133,269.3999938964844,-0.008282716917186406,0.0,0,0
2026-08-21,ITC,271.6000061035156,271.6000061035156,269.0,269.3999938964844,8312928,-0.4925,0,0.0,0.0,-0.4925,-0.5794,-0.6816,-0.8019,-0.5845000000000001,-0.69976,0.17858195037573096,0,-0.008282716917186406,269.70001220703125,0.0011136537392133494,1.0,1,0
2026-08-24,ITC,270.6000061035156,270.6000061035156,267.0,269.70001220703125,8518400,-0.4186,0,0.0,0.0,-0.4186,-0.4925,-0.5794,-0.6816,-0.49683333333333346,-0.5948,0.1518004776013568,0,0.0011136537392133494,271.3999938964844,0.006303231785351748,1.0,1,0
2026-08-25,ITC,269.70001220703125,271.3999938964844,267.6499938964844,271.3999938964844,8414719,-0.3558,0,0.0,0.0,-0.3558,-0.4186,-0.4925,-0.5794,-0.42230000000000006,-0.50558,0.12903787041020176,0,0.006303231785351748,270.25,-0.004237265741881324,0.0,0,1
2026-08-26,ITC,271.8500061035156,273.95001220703125,270.25,270.25,11693367,-0.3024,0,0.0,0.0,-0.3024,-0.3558,-0.4186,-0.4925,-0.3589333333333334,-0.42974000000000007,0.10970828592225856,0,-0.004237265741881324,269.0,-0.0046253469010175685,0.0,0,0
2026-08-27,ITC,269.5,271.25,268.0,269.0,8834890,-0.2571,0,0.0,0.0,-0.2571,-0.3024,-0.3558,-0.4186,-0.30510000000000004,-0.36528,0.09323978228202832,0,-0.0046253469010175685,266.0,-0.01115241635687736,0.0,0,0
2026-08-28,ITC,269.0,269.0,264.79998779296875,266.0,15200847,-0.2185,0,0.0,0.0,-0.2185,-0.2571,-0.3024,-0.3558,-0.25933333333333336,-0.31048,0.07924466543559922,0,-0.01115241635687736,255.5,-0.03947368421052633,0.0,0,1
2026-08-31,ITC,266.0,266.54998779296875,255.5,255.5,24575845,-0.1857,0,0.0,0.0,-0.1857,-0.2185,-0.2571,-0.3024,-0.22043333333333337,-0.2639,0.06736189575717165,0,-0.03947368421052633,266.6000061035156,0.04344425089438597,1.0,1,1
2026-09-01,ITC,261.5,268.20001220703125,261.5,266.6000061035156,31258553,0.21219999999999997,6,0.45756723221839213,0.8027666666666667,0.2122,-0.1857,-0.2185,-0.2571,-0.06400000000000004,-0.15030000000000002,0.207274757266774,0,0.04344425089438597,266.29998779296875,-0.0011253499762876595,0.0,0,1
2026-09-02,ITC,266.0,269.0,262.79998779296875,266.29998779296875,14643482,0.1804,0,0.0,0.0,0.1804,0.2122,-0.1857,-0.2185,0.06896666666666663,-0.053740000000000024,0.2299240157095385,6,-0.0011253499762876595,263.0,-0.012391993782344013,0.0,0,0
2026-09-03,ITC,266.5,267.6000061035156,262.3500061035156,263.0,17813663,0.1533,0,0.0,0.0,0.1533,0.1804,0.2122,-0.1857,0.1819666666666666,0.028339999999999976,0.21171020995691286,0,-0.012391993782344013,264.1000061035156,0.004182532712987186,1.0,1,0
2026-09-04,ITC,264.0,266.25,262.6499938964844,264.1000061035156,9519153,0.1303,0,0.0,0.0,0.1303,0.1533,0.1804,0.2122,0.15466666666666662,0.09809999999999997,0.1615691957026467,0,0.004182532712987186,263.5,-0.002271889775271152,0.0,0,0
2026-09-07,ITC,264.1000061035156,264.95001220703125,262.95001220703125,263.5,6688002,-0.1384,1,0.0,0.812,-0.1384,0.1303,0.1533,0.1804,0.048399999999999964,0.10755999999999999,0.140855219995569,0,-0.002271889775271152,263.5,0.0,0.0,0,0
2026-09-08,ITC,263.5,265.8999938964844,262.70001220703125,263.5,7406617,-0.1176,0,0.0,0.0,-0.1176,-0.1384,0.1303,0.1533,-0.04190000000000003,0.041599999999999984,0.1560085414328335,1,0.0,260.79998779296875,-0.01024672564338236,0.0,0,1
2026-09-09,ITC,263.6499938964844,264.5,260.20001220703125,260.79998779296875,10065188,-0.1,0,0.0,0.0,-0.1,-0.1176,-0.1384,0.1303,-0.11866666666666671,-0.014480000000000024,0.14354001881008696,0,-0.01024672564338236,259.29998779296875,-0.005751534011538162,0.0,0,1
2026-09-10,ITC,261.0,263.8999938964844,259.1000061035156,259.29998779296875,17541602,-0.085,0,0.0,0.0,-0.085,-0.1,-0.1176,-0.1384,-0.1008666666666667,-0.06214000000000003,0.10940808014036305,0,-0.005751534011538162,259.8500061035156,0.002121165971616046,1.0,1,1
2026-09-11,ITC,258.0,261.6499938964844,257.70001220703125,259.8500061035156,11116049,-0.0722,0,0.0,0.0,-0.0722,-0.085,-0.1,-0.1176,-0.08573333333333338,-0.10264000000000002,0.026207403534117924,0,0.002121165971616046,259.8500061035156,0.0,0.0,0,1
2026-09-14,ITC,259.8500061035156,259.8500061035156,259.8500061035156,259.8500061035156,0,-0.0614,0,0.0,0.0,-0.0614,-0.0722,-0.085,-0.1,-0.0728666666666667,-0.08724000000000003,0.022268093766645142,0,0.0,258.0,-0.00711951533600752,0.0,0,1
2026-09-15,ITC,261.0,264.20001220703125,258.0,258.0,12133201,0.0193,1,0.0,0.894,0.0193,-0.0614,-0.0722,-0.085,-0.03810000000000004,-0.05986000000000004,0.046540820792075714,0,-0.00711951533600752,264.1499938964844,0.02383718564528836,1.0,1,1
2026-09-16,ITC,259.3999938964844,264.8999938964844,259.29998779296875,264.1499938964844,15199856,0.0164,0,0.0,0.0,0.0164,0.0193,-0.0614,-0.0722,-0.008566666666666703,-0.03658000000000002,0.05039535692898813,1,0.02383718564528836,266.20001220703125,0.007760811500719722,1.0,1,1
2026-09-17,ITC,264.79998779296875,268.5,264.1000061035156,266.20001220703125,13365227,0.0139,0,0.0,0.0,0.0139,0.0164,0.0193,-0.0614,0.0165333333333333,-0.016800000000000027,0.04584282931931794,0,0.007760811500719722,262.29998779296875,-0.0146507296589804,0.0,0,1
2026-09-18,ITC,266.6000061035156,266.6000061035156,262.29998779296875,262.29998779296875,14399150,0.0119,0,0.0,0.0,0.0119,0.0139,0.0164,0.0193,0.01406666666666663,1.99999999999749e-05,0.034446436680738414,0,-0.0146507296589804,267.0,0.01791846140206821,1.0,1,0
2026-09-21,ITC,263.54998779296875,267.95001220703125,263.54998779296875,267.0,8662786,0.0077,1,0.0,0.9478,0.0077,0.0119,0.0139,0.0164,0.01116666666666663,0.013839999999999974,0.004411122306185144,0,0.01791846140206821,265.79998779296875,-0.004494427741690066,0.0,0,0
2026-09-22,ITC,267.8999938964844,268.25,264.75,265.79998779296875,7177847,0.0065,0,0.0,0.0,0.0065,0.0077,0.0119,0.0139,0.008699999999999963,0.011279999999999974,0.004157162493832003,1,-0.004494427741690066,270.1499938964844,0.01636571220200289,1.0,1,0
2026-09-23,ITC,265.8500061035156,271.04998779296875,265.1499938964844,270.1499938964844,13142058,0.74525,2,0.10854089091213502,0.7874,0.7452,0.0065,0.0077,0.0119,0.25313333333333327,0.15703999999999999,0.3288052584737661,0,0.01636571220200289,268.0,-0.00795851913773582,0.0,0,1
2026-09-24,ITC,268.70001220703125,270.29998779296875,266.70001220703125,268.0,7398276,0.0091,1,0.0,0.9388,0.0091,0.7452,0.0065,0.0077,0.25359999999999994,0.15607999999999997,0.329334240552057,2,-0.00795851913773582,269.0,0.003731343283582156,1.0,1,0
2026-09-25,ITC,268.1000061035156,269.0,266.29998779296875,269.0,6240148,-0.2715,1,0.0,0.6914,-0.2715,0.0091,0.7452,0.0065,0.1609333333333333,0.09939999999999996,0.3807288536478423,1,0.003731343283582156,265.20001220703125,-0.014126348672746314,0.0,0,1
2026-04-02,KOTAKBANK,349.69625418438636,359.22981326793473,344.9045390549985,357.38299560546875,22056018,0.0,0,0.0,0.0,0.0,0.0,0.0,0.0,0.0,0.0,0.0,0,0.0,359.9285888671875,0.007122871801457986,1.0,1,0
2026-04-06,KOTAKBANK,357.38299591468177,360.77713000635,349.4966174609575,359.9285888671875,18320378,0.0,0,0.0,0.0,0.0,0.0,0.0,0.0,0.0,0.0,0.0,0,0.007122871801457986,362.3244934082031,0.0066566108253760525,1.0,1,0
2026-04-07,KOTAKBANK,356.3847356284031,363.3726716211169,356.3847356284031,362.3244934082031,23655155,0.0,0,0.0,0.0,0.0,0.0,0.0,0.0,0.0,0.0,0.0,0,0.0066566108253760525,379.49481201171875,0.04738933998638384,1.0,1,0
2026-04-08,KOTAKBANK,376.35024707477993,380.4930885291585,368.8132715541026,379.49481201171875,30162218,0.0,0,0.0,0.0,0.0,0.0,0.0,0.0,0.0,0.0,0.0,0,0.04738933998638384,371.259033203125,-0.021701953618115444,0.0,0,0
2026-04-09,KOTAKBANK,376.3502495688028,378.0473318456893,368.8132739981789,371.259033203125,12422256,0.0,0,0.0,0.0,0.0,0.0,0.0,0.0,0.0,0.0,0.0,0,-0.021701953618115444,373.9044494628906,0.007125526985678032,1.0,1,0
2026-04-10,KOTAKBANK,372.8562713278809,378.4965274383721,371.7082594502558,373.9044494628906,23751660,0.0,0,0.0,0.0,0.0,0.0,0.0,0.0,0.0,0.0,0.0,0,0.007125526985678032,371.259033203125,-0.007075113076524642,0.0,0,0
2026-04-13,KOTAKBANK,367.3158592120961,372.35714347258204,364.9699032875701,371.259033203125,30027087,0.0,0,0.0,0.0,0.0,0.0,0.0,0.0,0.0,0.0,0.0,0,-0.007075113076524642,381.7409362792969,0.02823339538902747,1.0,1,0
2026-04-15,KOTAKBANK,374.8528343640066,382.3399082860573,374.8528343640066,381.7409362792969,19100372,0.0,0,0.0,0.0,0.0,0.0,0.0,0.0,0.0,0.0,0.0,0,0.02823339538902747,378.4965515136719,-0.00849891760953636,0.0,0,0
2026-04-16,KOTAKBANK,382.489657752434,385.7839886784025,377.59810870294694,378.4965515136719,12060624,0.0,0,0.0,0.0,0.0,0.0,0.0,0.0,0.0,0.0,0.0,0,-0.00849891760953636,382.9388732910156,0.011736756278434068,1.0,1,0
2026-04-17,KOTAKBANK,378.6462660418718,384.5361217915114,376.0008393974469,382.9388732910156,11626179,0.0,0,0.0,0.0,0.0,0.0,0.0,0.0,0.0,0.0,0.0,0,0.011736756278434068,378.5464782714844,-0.011470224952046637,0.0,0,0
2026-04-20,KOTAKBANK,383.43802725185,385.3347465954633,377.34853423079045,378.5464782714844,11146713,0.0,0,0.0,0.0,0.0,0.0,0.0,0.0,0.0,0.0,0.0,0,-0.011470224952046637,381.4913635253906,0.007779454896405635,1.0,1,0
2026-04-21,KOTAKBANK,380.79258824495815,382.4896400388497,377.6979249602387,381.4913635253906,12323488,0.0,0,0.0,0.0,0.0,0.0,0.0,0.0,0.0,0.0,0.0,0,0.007779454896405635,376.2005310058594,-0.013868813360906174,0.0,0,0
2026-04-22,KOTAKBANK,377.4483767167286,382.1402583106071,375.6015589716455,376.2005310058594,14471487,0.0,0,0.0,0.0,0.0,0.0,0.0,0.0,0.0,0.0,0.0,0,-0.013868813360906174,369.7616271972656,-0.017115615949232832,0.0,0,0
2026-04-23,KOTAKBANK,369.4122243125531,375.30208031632253,367.0163666909259,369.7616271972656,27628052,0.0,0,0.0,0.0,0.0,0.0,0.0,0.0,0.0,0.0,0.0,0,-0.017115615949232832,370.2108459472656,0.0012148874219453099,1.0,1,0
2026-04-24,KOTAKBANK,369.96127682238074,372.1574668423793,367.0163489627464,370.2108459472656,19678907,0.0,0,0.0,0.0,0.0,0.0,0.0,0.0,0.0,0.0,0.0,0,0.0012148874219453099,376.15057373046875,0.016044175496817248,1.0,1,0
2026-04-27,KOTAKBANK,374.35368821303865,379.7943073343939,372.60670433471114,376.15057373046875,11559552,0.0,0,0.0,0.0,0.0,0.0,0.0,0.0,0.0,0.0,0.0,0,0.016044175496817248,377.2986145019531,0.0030520776828775187,1.0,1,0
2026-04-28,KOTAKBANK,371.35885715448444,382.5894677539144,371.35885715448444,377.2986145019531,12852733,0.0,0,0.0,0.0,0.0,0.0,0.0,0.0,0.0,0.0,0.0,0,0.0030520776828775187,381.3416442871094,0.010715729212239955,1.0,1,0
2026-04-29,KOTAKBANK,377.3485380642077,385.3846521518042,376.89930142813813,381.3416442871094,7913344,0.7856,1,0.0,0.8593,0.7856,0.0,0.0,0.0,0.26186666666666664,0.15711999999999998,0.3513310006247669,0,0.010715729212239955,382.6393737792969,0.0034030626123027208,1.0,1,1
2026-04-30,KOTAKBANK,375.95093944683924,386.18327366584316,374.65316170592797,382.6393737792969,24812228,0.6678,0,0.0,0.0,0.6678,0.7856,0.0,0.0,0.4844666666666666,0.29067999999999994,0.400203038469225,1,0.0034030626123027208,382.6393737792969,0.0,0.0,0,0
2026-05-01,KOTAKBANK,382.6393737792969,382.6393737792969,382.6393737792969,382.6393737792969,0,0.5676,0,0.0,0.0,0.5676,0.6678,0.7856,0.0,0.6736666666666666,0.4042,0.3769634465037691,0,0.0,371.00946044921875,-0.030393927355699013,0.0,0,0
2026-05-04,KOTAKBANK,378.24696517794484,381.39153010501576,362.37437469345906,371.00946044921875,74467483,-0.28683333333333333,3,0.553718848634696,0.7987666666666667,-0.2868,0.5676,0.6678,0.7856,0.3162,0.34684,0.4653112592663109,0,-0.030393927355699013,370.7099914550781,-0.0008071734714744094,0.0,0,0
2026-05-05,KOTAKBANK,370.3605885804022,374.8528329162831,368.11446641246175,370.7099914550781,19084772,-0.2438,0,0.0,0.0,-0.2438,-0.2868,0.5676,0.6678,0.012333333333333335,0.29808,0.5202711331603936,3,-0.0008071734714744094,375.9509582519531,0.014137646455936181,1.0,1,1
2026-05-06,KOTAKBANK,373.35543310528345,379.3450924599137,365.01981774375986,375.9509582519531,36195481,-0.2072,0,0.0,0.0,-0.2072,-0.2438,-0.2868,0.5676,-0.24593333333333334,0.09951999999999998,0.4751920580144412,0,0.014137646455936181,378.7461242675781,0.007434921907425451,1.0,1,1
2026-05-07,KOTAKBANK,375.4518237751584,381.79088608267705,373.65490767157956,378.7461242675781,27286751,-0.1762,0,0.0,0.0,-0.1762,-0.2072,-0.2438,-0.2868,-0.20906666666666665,-0.06928,0.3584139115603635,0,0.007434921907425451,380.1436767578125,0.0036899453240266666,1.0,1,1
2026-05-08,KOTAKBANK,378.3467912544696,380.8424824896574,373.35540878409404,380.1436767578125,16183126,-0.1497,0,0.0,0.0,-0.1497,-0.1762,-0.2072,-0.2438,-0.17769999999999997,-0.21273999999999998,0.05428975962370908,0,0.0036899453240266666,380.39324951171875,0.0006565221761276607,1.0,1,1
2026-05-11,KOTAKBANK,375.4517990978753,385.3347303905433,373.7547168557587,380.39324951171875,21347878,-0.1273,0,0.0,0.0,-0.1273,-0.1497,-0.1762,-0.2072,-0.15106666666666665,-0.18084,0.04614263754923536,0,0.0006565221761276607,375.35198974609375,-0.013252758223486039,0.0,0,1
2026-05-12,KOTAKBANK,379.54476351967634,380.3932742308924,373.90447653581367,375.35198974609375,13065308,-0.1082,0,0.0,0.0,-0.1082,-0.1273,-0.1497,-0.1762,-0.1284,-0.15372000000000002,0.03921641238053402,0,-0.013252758223486039,376.9991149902344,0.004388215033187537,1.0,1,1
2026-05-13,KOTAKBANK,377.2486841158025,383.33817687266134,376.2005059744088,376.9991149902344,16267456,-0.092,0,0.0,0.0,-0.092,-0.1082,-0.1273,-0.1497,-0.10916666666666665,-0.13068,0.033341970547646115,0,0.004388215033187537,382.5395812988281,0.014696231604515164,1.0,1,1
2026-05-14,KOTAKBANK,377.348531118611,384.3364668800667,374.95267352196544,382.5395812988281,10652514,-0.0782,0,0.0,0.0,-0.0782,-0.092,-0.1082,-0.1273,-0.0928,-0.11108000000000003,0.028319728106041213,0,0.014696231604515164,386.3829345703125,0.010046942746251508,1.0,1,1
2026-05-15,KOTAKBANK,382.5395941444389,392.6221631382673,379.84423521708914,386.3829345703125,19461437,-0.0664,0,0.0,0.0,-0.0664,-0.0782,-0.092,-0.1082,-0.07886666666666665,-0.09442000000000002,0.02410937576960674,0,0.010046942746251508,391.1247253417969,0.01227225725369463,1.0,1,1
2026-05-18,KOTAKBANK,381.3416277070331,392.322669342576,379.644545450093,391.1247253417969,14575831,-0.0565,0,0.0,0.0,-0.0565,-0.0664,-0.0782,-0.092,-0.06703333333333333,-0.08026000000000003,0.020489948755428856,0,0.01227225725369463,381.291748046875,-0.025140260018921112,0.0,0,1
2026-05-19,KOTAKBANK,387.8304473935137,391.12474788808305,379.594665692107,381.291748046875,22567886,-0.048,0,0.0,0.0,-0.048,-0.0565,-0.0664,-0.0782,-0.05696666666666666,-0.06822000000000002,0.01742561333210686,0,-0.025140260018921112,382.5395812988281,0.0032726468861312696,1.0,1,1
2026-05-20,KOTAKBANK,375.6514488191217,383.3880919835906,375.6514488191217,382.5395812988281,12342444,-0.0408,0,0.0,0.0,-0.0408,-0.048,-0.0565,-0.0664,-0.04843333333333333,-0.05798000000000001,0.01480445878781457,0,0.0032726468861312696,380.1936340332031,-0.006132560865100167,0.0,0,1
2026-05-21,KOTAKBANK,384.03700488284875,385.7839888631438,377.2487059947126,380.1936340332031,10133840,-0.0347,0,0.0,0.0,-0.0347,-0.0408,-0.048,-0.0565,-0.041166666666666664,-0.04928000000000001,0.012563319625007546,0,-0.006132560865100167,383.4879150390625,0.00866474530599759,1.0,1,1
2026-05-22,KOTAKBANK,380.3433501270712,385.63420344153394,380.3433501270712,383.4879150390625,10348359,-0.0295,0,0.0,0.0,-0.0295,-0.0347,-0.0408,-0.048,-0.034999999999999996,-0.04190000000000001,0.010690883967198386,0,0.00866474530599759,392.1729431152344,0.022647462242160188,1.0,1,1
2026-05-25,KOTAKBANK,387.63076659912866,394.46896696119046,386.58258842271005,392.1729431152344,15571552,-0.0251,0,0.0,0.0,-0.0251,-0.0295,-0.0347,-0.0408,-0.02976666666666666,-0.03562000000000001,0.009070115765529083,0,0.022647462242160188,387.98016357421875,-0.010691149439607361,0.0,0,1
2026-05-26,KOTAKBANK,392.17293714604006,394.26932393195074,386.3330134084967,387.98016357421875,15059212,-0.0213,0,0.0,0.0,-0.0213,-0.0251,-0.0295,-0.0347,-0.02529999999999999,-0.030280000000000012,0.007718289966054596,0,-0.010691149439607361,388.03009033203125,0.0001286837897911397,1.0,1,1
2026-05-27,KOTAKBANK,387.88032448404437,389.8269758580605,386.03353731867367,388.03009033203125,9326451,-0.0181,0,0.0,0.0,-0.0181,-0.0213,-0.0251,-0.0295,-0.02149999999999999,-0.025740000000000013,0.006574800377205295,0,0.0001286837897911397,388.03009033203125,0.0,0.0,0,0
2026-05-28,KOTAKBANK,388.03009033203125,388.03009033203125,388.03009033203125,388.03009033203125,0,-0.0154,0,0.0,0.0,-0.0154,-0.0181,-0.0213,-0.0251,-0.018266666666666657,-0.02188000000000001,0.005591243153369273,0,0.0,383.537841796875,-0.011577062313163133,0.0,0,0
2026-05-29,KOTAKBANK,388.1798214084353,391.8734261631799,380.5929139488522,383.537841796875,40109830,-0.0131,0,0.0,0.0,-0.0131,-0.0154,-0.0181,-0.0213,-0.015533333333333324,-0.018600000000000012,0.004750789408098268,0,-0.011577062313163133,376.7495422363281,-0.01769916503869262,0.0,0,0
2026-06-01,KOTAKBANK,383.4879085617731,386.33300265884606,375.0025583741757,376.7495422363281,12335552,-0.0111,0,0.0,0.0,-0.0111,-0.0131,-0.0154,-0.0181,-0.013199999999999991,-0.015800000000000012,0.0040336088060319636,0,-0.01769916503869262,378.3966979980469,0.0043720179510808865,1.0,1,0
2026-06-02,KOTAKBANK,372.3571373134064,380.8923892669035,371.5585282933648,378.3966979980469,14834956,-0.0094,0,0.0,0.0,-0.0094,-0.0111,-0.0131,-0.0154,-0.011199999999999993,-0.013420000000000012,0.0034448512304740427,0,0.0043720179510808865,380.3433532714844,0.005144482718101084,1.0,1,0
2026-06-03,KOTAKBANK,376.9492192040528,382.7891429260207,374.45352790962045,380.3433532714844,14844206,-0.008,0,0.0,0.0,-0.008,-0.0094,-0.0111,-0.0131,-0.009499999999999991,-0.01140000000000001,0.0029385370509997753,0,0.005144482718101084,380.8424987792969,0.0013123550169054088,1.0,1,0
2026-06-04,KOTAKBANK,377.84766916897473,383.33819012123195,377.2486971539139,380.8424987792969,13889236,-0.0068,0,0.0,0.0,-0.0068,-0.008,-0.0094,-0.0111,-0.008066666666666658,-0.009680000000000012,0.0024953957602148794,0,0.0013123550169054088,376.79949951171875,-0.010615935145203204,0.0,0,1
2026-06-05,KOTAKBANK,380.8425073910831,383.0387280076408,374.0043068665559,376.79949951171875,10129597,-0.0058,0,0.0,0.0,-0.0058,-0.0068,-0.008,-0.0094,-0.006866666666666657,-0.00822000000000001,0.0020980943734966602,0,-0.010615935145203204,376.4500732421875,-0.0009273533271250134,0.0,0,1
2026-06-08,KOTAKBANK,372.3571335100725,378.24695875141794,372.0576627468611,376.4500732421875,14460894,-0.0049,0,0.0,0.0,-0.0049,-0.0058,-0.0068,-0.008,-0.005833333333333323,-0.006980000000000011,0.0017782013384592588,0,-0.0009273533271250134,381.04217529296875,0.012198435801145324,1.0,1,0
2026-06-09,KOTAKBANK,379.0456221721567,381.7908827132733,376.64973405519595,381.04217529296875,13987913,-0.0042,0,0.0,0.0,-0.0042,-0.0049,-0.0058,-0.0068,-0.0049666666666666566,-0.00594000000000001,0.0015093044756106248,0,0.012198435801145324,387.4311218261719,0.016767032490014877,1.0,1,0
2026-06-10,KOTAKBANK,379.8442142140513,390.52578511775835,379.8442142140513,387.4311218261719,21427363,-0.0036,0,0.0,0.0,-0.0036,-0.0042,-0.0049,-0.0058,-0.004233333333333324,-0.005060000000000011,0.001272006289331241,0,0.016767032490014877,392.6720886230469,0.013527480116134027,1.0,1,0
2026-06-11,KOTAKBANK,385.3347498578859,399.2107878659894,383.8872366685407,392.6720886230469,16135289,-0.003,0,0.0,0.0,-0.003,-0.0036,-0.0042,-0.0049,-0.003599999999999991,-0.00430000000000001,0.001095445115055158,0,0.013527480116134027,402.60491943359375,0.025295484701694848,1.0,1,0
2026-06-12,KOTAKBANK,397.0644967807851,403.80286347662496,394.26933463368897,402.60491943359375,17227481,-0.0026,0,0.0,0.0,-0.0026,-0.003,-0.0036,-0.0042,-0.0030666666666666572,-0.0036600000000000105,0.0009208691547110198,0,0.025295484701694848,405.0506896972656,0.006074864328813323,1.0,1,0
2026-06-15,KOTAKBANK,407.29681182128,410.2916413199659,401.7563894347036,405.0506896972656,14269679,-0.0022,0,0.0,0.0,-0.0022,-0.0026,-0.003,-0.0036,-0.0025999999999999908,-0.0031200000000000112,0.0007949842766358155,0,0.006074864328813323,407.1470947265625,0.005175660929904069,1.0,1,1
2026-06-16,KOTAKBANK,405.05070789032584,407.84587002865305,403.8028622098258,407.1470947265625,9079548,-0.0019,0,0.0,0.0,-0.0019,-0.0022,-0.0026,-0.003,-0.002233333333333324,-0.002660000000000011,0.0006693280213005852,0,0.005175660929904069,403.8028564453125,-0.008213833095127354,0.0,0,1
2026-06-17,KOTAKBANK,407.14708891430837,408.04553169844615,401.85620502552894,403.8028564453125,11654415,-0.0016,0,0.0,0.0,-0.0016,-0.0019,-0.0022,-0.0026,-0.0018999999999999909,-0.002260000000000011,0.0005549774771088862,0,-0.008213833095127354,402.25555419921875,-0.003831825905628028,0.0,0,1
2026-06-18,KOTAKBANK,403.2538307645823,403.5533015481981,398.96122325452933,402.25555419921875,9342524,-0.0013,0,0.0,0.0,-0.0013,-0.0016,-0.0019,-0.0022,-0.001599999999999991,-0.0019200000000000113,0.0005069516743222512,0,-0.003831825905628028,398.5619201660156,-0.009182307104636855,0.0,0,1
2026-06-19,KOTAKBANK,401.8063190152067,402.85449722664447,397.3140744547883,398.5619201660156,17504009,-0.0011,0,0.0,0.0,-0.0011,-0.0013,-0.0016,-0.0019,-0.0013333333333333242,-0.001620000000000011,0.0004438468205339821,0,-0.009182307104636855,401.4569091796875,0.007263586577628933,1.0,1,1
2026-06-22,KOTAKBANK,398.56191327270693,402.405284089811,398.0627749968488,401.4569091796875,7158956,0.02275,2,0.022698127676088177,0.9371,0.0228,-0.0011,-0.0013,-0.0016,0.00680000000000001,0.0033799999999999893,0.0108603406944763,0,0.007263586577628933,400.957763671875,-0.0012433352033532907,0.0,0,0
2026-06-23,KOTAKBANK,397.31406041682766,404.30199615280196,397.31406041682766,400.957763671875,10077909,0.0193,0,0.0,0.0,0.0193,0.0228,-0.0011,-0.0013,0.013666666666666676,0.00761999999999999,0.012323432963265466,2,-0.0012433352033532907,405.2503662109375,0.010705872109201486,1.0,1,1
2026-06-24,KOTAKBANK,400.95775888820594,407.2469192545386,399.51027621058415,405.2503662109375,11768059,0.0164,0,0.0,0.0,0.0164,0.0193,0.0228,-0.0011,0.019500000000000014,0.011219999999999989,0.011562309457893685,0,0.010705872109201486,408.29510498046875,0.007513228915742465,1.0,1,1
2026-06-25,KOTAKBANK,408.79424325061603,413.08682018788966,406.4982193939315,408.29510498046875,16587414,0.014,0,0.0,0.0,0.014,0.0164,0.0193,0.0228,0.016566666666666677,0.01427999999999999,0.009204727046474417,0,0.007513228915742465,408.29510498046875,0.0,0.0,0,1
2026-06-26,KOTAKBANK,408.29510498046875,408.29510498046875,408.29510498046875,408.29510498046875,0,0.0119,0,0.0,0.0,0.0119,0.014,0.0164,0.0193,0.01410000000000001,0.01687999999999999,0.004307783652888985,0,0.0,394.818359375,-0.03300736511674174,0.0,0,0
2026-06-29,KOTAKBANK,401.8062949391593,404.1522508286948,393.42077835516443,394.818359375,37210245,-0.6833,4,0.4649330202656436,0.931475,-0.6833,0.0119,0.014,0.0164,-0.21913333333333332,-0.12434,0.3124803081795717,0,-0.03300736511674174,391.573974609375,-0.008217411091928195,0.0,0,0
2026-06-30,KOTAKBANK,394.81837337924236,396.3157881961042,389.2280186366283,391.573974609375,24824891,-0.009500000000000001,2,0.10677312395916869,0.69855,-0.0095,-0.6833,0.0119,0.014,-0.22696666666666665,-0.1301,0.30942109656582906,4,-0.008217411091928195,399.7598571777344,0.020905073113006045,1.0,1,0
2026-07-01,KOTAKBANK,396.6651937755247,400.7082016225359,392.572253821956,399.7598571777344,21723944,-0.11985,2,0.18207999615553597,0.8223,-0.1198,-0.0095,-0.6833,0.0119,-0.27086666666666664,-0.15733999999999998,0.2991234745050948,2,0.020905073113006045,398.61181640625,-0.002871826049742565,0.0,0,1
2026-07-02,KOTAKBANK,399.7598588170068,404.3020049583232,396.61526329534473,398.61181640625,12980945,-0.1019,0,0.0,0.0,-0.1019,-0.1198,-0.0095,-0.6833,-0.07706666666666667,-0.18051999999999999,0.28676168154061327,2,-0.002871826049742565,396.06622314453125,-0.00638614601210008,0.0,0,0
2026-07-03,KOTAKBANK,399.31062194785756,400.75813513841166,393.8700025378249,396.06622314453125,14747410,-0.0866,0,0.0,0.0,-0.0866,-0.1019,-0.1198,-0.0095,-0.10276666666666667,-0.20022,0.27330573905426886,0,-0.00638614601210008,380.642822265625,-0.038941469829094744,0.0,0,1
2026-07-06,KOTAKBANK,389.07827098745855,389.07827098745855,380.0438807297398,380.642822265625,34164881,-0.94485,2,0.008273149339882636,0.9592,-0.9448,-0.0866,-0.1019,-0.1198,-0.37776666666666664,-0.25251999999999997,0.389275207276292,0,-0.038941469829094744,381.04217529296875,0.0010491542306427792,1.0,1,0
2026-07-07,KOTAKBANK,380.8425077948944,382.2400888864662,377.9974135047407,381.04217529296875,23216875,-0.8031,0,0.0,0.0,-0.8031,-0.9448,-0.0866,-0.1019,-0.6114999999999999,-0.41124,0.4255173827236675,2,0.0010491542306427792,369.462158203125,-0.030390381539629585,0.0,0,1
2026-07-08,KOTAKBANK,377.8476751518066,381.09207394769396,368.4638816505443,369.462158203125,22517529,-0.6827,0,0.0,0.0,-0.6827,-0.8031,-0.9448,-0.0866,-0.8102,-0.52382,0.4030019069433793,0,-0.030390381539629585,376.5,0.019048884007778932,1.0,1,1
2026-07-09,KOTAKBANK,370.8597435066903,377.29863953014825,367.7650800654548,376.5,30720415,-0.5803,0,0.0,0.0,-0.5803,-0.6827,-0.8031,-0.9448,-0.6887,-0.6195,0.3275066182537387,0,0.019048884007778932,376.94921875,0.0011931440903054646,1.0,1,0
2026-07-10,KOTAKBANK,376.79948336551075,380.4930881978325,376.25041300240804,376.94921875,15468937,-0.4932,0,0.0,0.0,-0.4932,-0.5803,-0.6827,-0.8031,-0.5854,-0.70082,0.1788483351893446,0,0.0011931440903054646,383.987060546875,0.018670530264562224,1.0,1,0
2026-07-13,KOTAKBANK,375.15230717775006,384.48619881106305,374.4535318868759,383.987060546875,14167721,0.0043,1,0.0,0.9335,0.0043,-0.4932,-0.5803,-0.6827,-0.35640000000000005,-0.511,0.3104258043397812,0,0.018670530264562224,377.9974060058594,-0.015598584318141206,0.0,0,0
2026-07-14,KOTAKBANK,382.8390533207743,382.8390533207743,375.4518130133178,377.9974060058594,16237528,0.0037,0,0.0,0.0,0.0037,0.0043,-0.4932,-0.5803,-0.16173333333333334,-0.34964000000000006,0.3297215309924422,1,-0.015598584318141206,377.7478332519531,-0.000660249911615507,0.0,0,1
2026-07-15,KOTAKBANK,378.69620814243245,382.1402438955259,375.6015448032169,377.7478332519531,8082156,0.0031,0,0.0,0.0,0.0031,0.0037,0.0043,-0.4932,0.0037,-0.21248,0.297614418333521,0,-0.000660249911615507,376.5,-0.003303349859642535,0.0,0,1
2026-07-16,KOTAKBANK,376.8494028903784,380.5929400051835,375.9010279686346,376.5,10889356,0.0026,0,0.0,0.0,0.0026,0.0031,0.0037,0.0043,0.0031333333333333335,-0.09590000000000001,0.2220983678463216,0,-0.003303349859642535,389.95001220703125,0.035723804002739,1.0,1,0
2026-07-17,KOTAKBANK,377.5,391.79998779296875,375.70001220703125,389.95001220703125,17847316,0.0022,0,0.0,0.0,0.0022,0.0026,0.0031,0.0037,0.0026333333333333334,0.00318,0.0008408329203445262,0,0.035723804002739,382.04998779296875,-0.02025906953906753,0.0,0,0
2026-07-20,KOTAKBANK,382.0,383.75,376.1000061035156,382.04998779296875,32539419,-0.93475,2,0.021849599538664347,0.9437500000000001,-0.9348,0.0022,0.0026,0.0031,-0.31,-0.18463999999999997,0.419352564079439,0,-0.02025906953906753,385.95001220703125,0.010208152175562812,1.0,1,0
2026-07-21,KOTAKBANK,383.0,386.95001220703125,381.04998779296875,385.95001220703125,17152911,-0.7945,0,0.0,0.0,-0.7945,-0.9348,0.0022,0.0026,-0.5757,-0.34428000000000003,0.47761357497458135,2,0.010208152175562812,381.1499938964844,-0.012436891200231504,0.0,0,0
2026-07-22,KOTAKBANK,384.29998779296875,390.0,378.1499938964844,381.1499938964844,11688952,-0.6754,0,0.0,0.0,-0.6754,-0.7945,-0.9348,0.0022,-0.8015666666666666,-0.47997999999999996,0.4498205331018139,0,-0.012436891200231504,383.3500061035156,0.005772037891278892,1.0,1,0
2026-07-23,KOTAKBANK,379.70001220703125,386.1000061035156,378.8500061035156,383.3500061035156,12720546,-0.5741,0,0.0,0.0,-0.5741,-0.6754,-0.7945,-0.9348,-0.6813333333333333,-0.59532,0.36014323122890995,0,0.005772037891278892,384.75,0.003651999150109164,1.0,1,0
2026-07-24,KOTAKBANK,378.6000061035156,386.5,378.6000061035156,384.75,13308317,-0.4879,0,0.0,0.0,-0.4879,-0.5741,-0.6754,-0.7945,-0.5791333333333334,-0.69334,0.17697591079014158,0,0.003651999150109164,384.6499938964844,-0.00025992489542725483,0.0,0,0
2026-07-27,KOTAKBANK,386.0,388.75,383.54998779296875,384.6499938964844,16710096,-0.4148,0,0.0,0.0,-0.4148,-0.4879,-0.5741,-0.6754,-0.49226666666666663,-0.5893400000000001,0.15040237032706671,0,-0.00025992489542725483,385.29998779296875,0.0016898320727889438,1.0,1,0
2026-07-28,KOTAKBANK,383.04998779296875,387.29998779296875,383.04998779296875,385.29998779296875,14247981,-0.3525,0,0.0,0.0,-0.3525,-0.4148,-0.4879,-0.5741,-0.41839999999999994,-0.5009399999999999,0.12788007272440882,0,0.0016898320727889438,390.20001220703125,0.012717426860380243,1.0,1,1
2026-07-29,KOTAKBANK,387.0,392.25,385.1499938964844,390.20001220703125,9190194,-0.2997,0,0.0,0.0,-0.2997,-0.3525,-0.4148,-0.4879,-0.35566666666666663,-0.4258,0.10867888479368958,0,0.012717426860380243,389.3999938964844,-0.002050277512862797,0.0,0,0
2026-07-30,KOTAKBANK,385.70001220703125,390.20001220703125,385.70001220703125,389.3999938964844,12205963,-0.2547,0,0.0,0.0,-0.2547,-0.2997,-0.3525,-0.4148,-0.30229999999999996,-0.36192,0.09236266561766182,0,-0.002050277512862797,390.29998779296875,0.0023112324360323733,1.0,1,0
2026-07-31,KOTAKBANK,390.20001220703125,391.8500061035156,388.0,390.29998779296875,7014637,-0.2165,0,0.0,0.0,-0.2165,-0.2547,-0.2997,-0.3525,-0.2569666666666667,-0.30763999999999997,0.07853004520564072,0,0.0023112324360323733,397.5,0.018447380046679562,1.0,1,1
2026-08-03,KOTAKBANK,392.0,397.5,391.04998779296875,397.5,11247062,-0.184,0,0.0,0.0,-0.184,-0.2165,-0.2547,-0.2997,-0.2184,-0.26148000000000005,0.06674153129798527,0,0.018447380046679562,398.0,0.0012578616352201255,1.0,1,1
2026-08-04,KOTAKBANK,395.5,398.25,392.1000061035156,398.0,9131231,-0.1564,0,0.0,0.0,-0.1564,-0.184,-0.2165,-0.2547,-0.18563333333333332,-0.22225999999999999,0.05675352852466465,0,0.0012578616352201255,400.0,0.005025125628140614,1.0,1,1
2026-08-05,KOTAKBANK,397.0,400.0,393.8500061035156,400.0,11842327,-0.133,0,0.0,0.0,-0.133,-0.1564,-0.184,-0.2165,-0.1578,-0.18891999999999998,0.04820909665197952,0,0.005025125628140614,394.0,-0.015000000000000013,0.0,0,1
2026-08-06,KOTAKBANK,397.25,398.79998779296875,393.75,394.0,10378024,-0.113,0,0.0,0.0,-0.113,-0.133,-0.1564,-0.184,-0.13413333333333333,-0.16058,0.040980263542343,0,-0.015000000000000013,390.75,-0.008248730964466988,0.0,0,1
2026-08-07,KOTAKBANK,393.0,394.8500061035156,387.75,390.75,7315232,-0.0961,0,0.0,0.0,-0.0961,-0.113,-0.133,-0.1564,-0.11403333333333333,-0.1365,0.034817093503046376,0,-0.008248730964466988,393.5,0.00703774792066536,1.0,1,1
2026-08-10,KOTAKBANK,388.0,393.5,386.5,393.5,11662079,-0.0817,0,0.0,0.0,-0.0817,-0.0961,-0.113,-0.133,-0.09693333333333333,-0.11604,0.02959160353883958,0,0.00703774792066536,392.8999938964844,-0.001524793147434922,0.0,0,1
2026-08-11,KOTAKBANK,392.1000061035156,392.8999938964844,388.29998779296875,392.8999938964844,7853813,-0.0694,0,0.0,0.0,-0.0694,-0.0817,-0.0961,-0.113,-0.08240000000000001,-0.09864,0.02517544438535005,0,-0.001524793147434922,390.5,-0.006108409095869516,0.0,0,1
2026-08-12,KOTAKBANK,391.0,394.25,387.5,390.5,10733474,-0.059,0,0.0,0.0,-0.059,-0.0694,-0.0817,-0.0961,-0.07003333333333334,-0.08384,0.021393527058431602,0,-0.006108409095869516,392.3999938964844,0.0048655413482314724,1.0,1,1
2026-08-13,KOTAKBANK,390.3999938964844,392.3999938964844,388.54998779296875,392.3999938964844,5726518,-0.0501,0,0.0,0.0,-0.0501,-0.059,-0.0694,-0.0817,-0.0595,-0.07126,0.018217656270767598,0,0.0048655413482314724,391.1499938964844,-0.0031855250240644395,0.0,0,1
2026-08-14,KOTAKBANK,393.1000061035156,394.3500061035156,389.8500061035156,391.1499938964844,9519332,-0.0426,0,0.0,0.0,-0.0426,-0.0501,-0.059,-0.0694,-0.05056666666666667,-0.06056,0.015487511097649991,0,-0.0031855250240644395,392.70001220703125,0.003962721039840078,1.0,1,1
2026-08-17,KOTAKBANK,389.0,396.3500061035156,389.0,392.70001220703125,5105327,-0.0362,0,0.0,0.0,-0.0362,-0.0426,-0.0501,-0.059,-0.042966666666666674,-0.05145999999999999,0.013152110096856184,0,0.003962721039840078,387.6499938964844,-0.012859735557849916,0.0,0,1
2026-08-18,KOTAKBANK,391.0,392.8999938964844,387.6499938964844,387.6499938964844,5653147,-0.0308,0,0.0,0.0,-0.0308,-0.0362,-0.0426,-0.0501,-0.036533333333333334,-0.043739999999999994,0.011168169053153786,0,-0.012859735557849916,390.25,0.006707096980401062,1.0,1,1
2026-08-19,KOTAKBANK,387.0,393.1000061035156,386.75,390.25,6704930,-0.0262,0,0.0,0.0,-0.0262,-0.0308,-0.0362,-0.0426,-0.03106666666666667,-0.037180000000000005,0.009467417810565785,0,0.006707096980401062,397.3500061035156,0.01819348136711252,1.0,1,1
2026-08-20,KOTAKBANK,393.6000061035156,399.54998779296875,393.1499938964844,397.3500061035156,9258923,-0.0223,0,0.0,0.0,-0.0223,-0.0262,-0.0308,-0.0362,-0.026433333333333336,-0.03162,0.00803815899319086,0,0.01819348136711252,402.79998779296875,0.013715821330661626,1.0,1,1
2026-08-21,KOTAKBANK,398.8999938964844,406.0,398.29998779296875,402.79998779296875,15670257,-0.0189,0,0.0,0.0,-0.0189,-0.0223,-0.0262,-0.0308,-0.022466666666666666,-0.026880000000000005,0.006843756278522227,0,0.013715821330661626,401.45001220703125,-0.003351478716109968,0.0,0,0
2026-08-24,KOTAKBANK,403.5,405.6000061035156,398.20001220703125,401.45001220703125,14932117,-0.0161,0,0.0,0.0,-0.0161,-0.0189,-0.0223,-0.0262,-0.019100000000000002,-0.02286,0.005828636204105562,0,-0.003351478716109968,401.6000061035156,0.0003736303198991209,1.0,1,0
2026-08-25,KOTAKBANK,398.29998779296875,402.04998779296875,398.1499938964844,401.6000061035156,10154716,0.0607,1,0.0,0.9092,0.0607,-0.0161,-0.0189,-0.0223,0.008566666666666667,-0.00456,0.03667653200617255,0,0.0003736303198991209,416.70001220703125,0.03759961622018371,1.0,1,0
2026-08-26,KOTAKBANK,402.5,417.45001220703125,401.0,416.70001220703125,20168995,0.0728,2,0.14608826099314073,0.7827,0.0728,0.0607,-0.0161,-0.0189,0.03913333333333333,0.015239999999999998,0.047267197928370884,1,0.03759961622018371,424.20001220703125,0.017998559587931506,1.0,1,0
2026-08-27,KOTAKBANK,415.75,427.70001220703125,415.0,424.20001220703125,32914085,0.0619,0,0.0,0.0,0.0619,0.0728,0.0607,-0.0161,0.06513333333333333,0.03208,0.04551573354346581,2,0.017998559587931506,423.70001220703125,-0.0011786892635825552,0.0,0,1
2026-08-28,KOTAKBANK,424.6000061035156,426.20001220703125,421.0,423.70001220703125,18952918,0.0207,1,0.0,0.9406,0.0207,0.0619,0.0728,0.0607,0.051800000000000006,0.039999999999999994,0.037093260843443984,0,-0.0011786892635825552,419.3999938964844,-0.010148733034366253,0.0,0,0
2026-08-31,KOTAKBANK,421.0,425.04998779296875,419.3999938964844,419.3999938964844,18992797,0.0176,0,0.0,0.0,0.0176,0.0207,0.0619,0.0728,0.0334,0.04674,0.025646890649740964,1,-0.010148733034366253,425.0,0.013352422949481024,1.0,1,0
2026-09-01,KOTAKBANK,420.79998779296875,429.1000061035156,420.75,425.0,7669677,-0.0974,2,0.14481546878700494,0.7863,-0.0974,0.0176,0.0207,0.0619,-0.0197,0.015119999999999998,0.06747849286994922,0,0.013352422949481024,423.5,-0.003529411764705892,0.0,0,1
2026-09-02,KOTAKBANK,421.8999938964844,425.75,418.95001220703125,423.5,10022695,-0.0828,0,0.0,0.0,-0.0828,-0.0974,0.0176,0.0207,-0.0542,-0.016000000000000004,0.07005794030657628,2,-0.003529411764705892,421.1499938964844,-0.005549010870166793,0.0,0,0
2026-09-03,KOTAKBANK,425.0,426.8999938964844,421.1499938964844,421.1499938964844,5991118,0.0376,1,0.0,0.9207,0.0376,-0.0828,-0.0974,0.0176,-0.04753333333333334,-0.020860000000000007,0.06387274849260684,0,-0.005549010870166793,424.5,0.007954425150339839,1.0,1,1
2026-09-04,KOTAKBANK,421.6499938964844,425.95001220703125,421.6499938964844,424.5,9408316,0.032,0,0.0,0.0,0.032,0.0376,-0.0828,-0.0974,-0.0043999999999999985,-0.018600000000000005,0.06587928354194365,1,0.007954425150339839,422.1000061035156,-0.005653695869221154,0.0,0,1
2026-09-07,KOTAKBANK,421.79998779296875,425.70001220703125,421.0,422.1000061035156,7148641,0.0272,0,0.0,0.0,0.0272,0.032,0.0376,-0.0828,0.032266666666666666,-0.016680000000000004,0.06732215088661239,0,-0.005653695869221154,419.25,-0.00675196887539653,0.0,0,1
2026-09-08,KOTAKBANK,422.29998779296875,423.8500061035156,419.0,419.25,12406799,0.0231,0,0.0,0.0,0.0231,0.0272,0.032,0.0376,0.027433333333333337,0.007419999999999998,0.0507241756956167,0,-0.00675196887539653,414.0,-0.012522361359570633,0.0,0,0
2026-09-09,KOTAKBANK,418.20001220703125,420.6499938964844,413.95001220703125,414.0,10886349,0.0196,0,0.0,0.0,0.0196,0.0231,0.0272,0.032,0.0233,0.027899999999999998,0.007129516112596968,0,-0.012522361359570633,416.54998779296875,0.006159390804272302,1.0,1,1
2026-09-10,KOTAKBANK,413.70001220703125,416.54998779296875,412.79998779296875,416.54998779296875,7755254,0.0167,0,0.0,0.0,0.0167,0.0196,0.0231,0.0272,0.0198,0.023719999999999998,0.006068525356277433,0,0.006159390804272302,419.0,0.005881676338564512,1.0,1,0
2026-09-11,KOTAKBANK,412.6000061035156,420.0,409.25,419.0,15197483,0.0142,0,0.0,0.0,0.0142,0.0167,0.0196,0.0231,0.016833333333333336,0.020159999999999997,0.005148106447984945,0,0.005881676338564512,419.0,0.0,0.0,0,0
2026-09-14,KOTAKBANK,419.0,419.0,419.0,419.0,0,0.0121,0,0.0,0.0,0.0121,0.0142,0.0167,0.0196,0.014333333333333337,0.01714,0.004353504335565302,0,0.0,409.79998779296875,-0.02195706970651845,0.0,0,0
2026-09-15,KOTAKBANK,420.5,420.5,409.79998779296875,409.79998779296875,14367343,-0.0117,1,0.0,0.9226,-0.0117,0.0121,0.0142,0.0167,0.004866666666666669,0.010179999999999998,0.012548187120050045,0,-0.02195706970651845,415.0,0.012689146808023466,1.0,1,0
2026-09-16,KOTAKBANK,413.6000061035156,417.04998779296875,409.3500061035156,415.0,10898426,-0.0099,0,0.0,0.0,-0.0099,-0.0117,0.0121,0.0142,-0.003166666666666665,0.004279999999999998,0.013876671070533928,1,0.012689146808023466,416.5,0.0036144578313253017,1.0,1,0
2026-09-17,KOTAKBANK,415.0,417.6000061035156,412.5,416.5,11475105,-0.0085,0,0.0,0.0,-0.0085,-0.0099,-0.0117,0.0121,-0.010033333333333332,-0.0007600000000000017,0.01277019968519663,0,0.0036144578313253017,412.5,-0.009603841536614643,0.0,0,0
2026-09-18,KOTAKBANK,415.5,419.20001220703125,412.5,412.5,15461137,-0.0072,0,0.0,0.0,-0.0072,-0.0085,-0.0099,-0.0117,-0.00853333333333333,-0.005040000000000001,0.00972615031756134,0,-0.009603841536614643,414.79998779296875,0.00557572798295447,1.0,1,0
2026-09-21,KOTAKBANK,415.20001220703125,420.6000061035156,414.54998779296875,414.79998779296875,8470861,-0.0061,0,0.0,0.0,-0.0061,-0.0072,-0.0085,-0.0099,-0.007266666666666664,-0.008680000000000002,0.0022072607457662586,0,0.00557572798295447,412.6499938964844,-0.005183206267492579,0.0,0,1
2026-09-22,KOTAKBANK,416.5,417.79998779296875,412.54998779296875,412.6499938964844,3795161,-0.0052,0,0.0,0.0,-0.0052,-0.0061,-0.0072,-0.0085,-0.006166666666666664,-0.007380000000000002,0.0018726985875468253,0,-0.005183206267492579,413.25,0.0014540315337219223,1.0,1,0
2026-09-23,KOTAKBANK,414.6499938964844,417.25,411.3500061035156,413.25,8628172,-0.0044,0,0.0,0.0,-0.0044,-0.0052,-0.0061,-0.0072,-0.00523333333333333,-0.006280000000000003,0.0016208022704201897,0,0.0014540315337219223,405.0,-0.019963702359346636,0.0,0,0
2026-09-24,KOTAKBANK,407.0,410.0,404.29998779296875,405.0,12799846,-0.0038,0,0.0,0.0,-0.0038,-0.0044,-0.0052,-0.0061,-0.004466666666666664,-0.005340000000000002,0.0013520355024180027,0,-0.019963702359346636,404.0,-0.0024691358024691024,0.0,0,0
2026-09-25,KOTAKBANK,406.8999938964844,407.95001220703125,399.29998779296875,404.0,18175573,-0.01625,2,0.010818733752154178,0.9360999999999999,-0.0162,-0.0038,-0.0044,-0.0052,-0.008133333333333331,-0.007140000000000002,0.005137898403024308,0,-0.0024691358024691024,401.54998779296875,-0.006064386651067455,0.0,0,0
2026-04-02,LT,3505.0649310073672,3593.8972280231887,3436.435211143694,3578.151123046875,4121638,0.0,0,0.0,0.0,0.0,0.0,0.0,0.0,0.0,0.0,0.0,0,0.0,3691.642333984375,0.031717836121147425,1.0,1,0
2026-04-06,LT,3581.61713670185,3700.8524244991,3542.4000862813164,3691.642333984375,3353246,0.0,0,0.0,0.0,0.0,0.0,0.0,0.0,0.0,0.0,0.0,0,0.031717836121147425,3687.284912109375,-0.0011803477912490923,0.0,0,0
2026-04-07,LT,3644.4037006454223,3700.060034891855,3622.616504608955,3687.284912109375,3083714,0.0,0,0.0,0.0,0.0,0.0,0.0,0.0,0.0,0.0,0.0,0,-0.0011803477912490923,3967.1513671875,0.07590041500699285,1.0,1,0
2026-04-08,LT,3909.811522872209,3992.9990020822556,3892.975961603509,3967.1513671875,7368477,0.0,0,0.0,0.0,0.0,0.0,0.0,0.0,0.0,0.0,0.0,0,0.07590041500699285,3858.512451171875,-0.027384615801197443,0.0,0,0
2026-04-09,LT,3949.424528544847,3949.424528544847,3848.015128836471,3858.512451171875,4415151,0.0,0,0.0,0.0,0.0,0.0,0.0,0.0,0.0,0.0,0.0,0,-0.027384615801197443,3921.59619140625,0.016349238477956884,1.0,1,0
2026-04-10,LT,3893.9661619938656,3926.646956334099,3877.7248942455017,3921.59619140625,2822017,0.0,0,0.0,0.0,0.0,0.0,0.0,0.0,0.0,0.0,0.0,0,0.016349238477956884,3916.050537109375,-0.001414131906040672,0.0,0,0
2026-04-13,LT,3788.0011935064013,3933.2821321015367,3778.6922153895466,3916.050537109375,4897563,0.0,0,0.0,0.0,0.0,0.0,0.0,0.0,0.0,0.0,0.0,0,-0.001414131906040672,4036.87060546875,0.030852530429435587,1.0,1,0
2026-04-15,LT,4006.2693514998937,4064.302619137815,3992.107866693713,4036.87060546875,4562142,0.0,0,0.0,0.0,0.0,0.0,0.0,0.0,0.0,0.0,0.0,0,0.030852530429435587,4079.949462890625,0.010671349575464673,1.0,1,0
2026-04-16,LT,4088.0703386726873,4108.867208128145,4049.447581112553,4079.949462890625,5092608,0.0,0,0.0,0.0,0.0,0.0,0.0,0.0,0.0,0.0,0.0,0,0.010671349575464673,4056.47900390625,-0.005752634731839623,0.0,0,0
2026-04-17,LT,4094.0123049589974,4102.826119595728,4033.4043337058415,4056.47900390625,2796673,0.0,0,0.0,0.0,0.0,0.0,0.0,0.0,0.0,0.0,0.0,0,-0.005752634731839623,4011.815185546875,-0.0110104892238726,0.0,0,0
2026-04-20,LT,4060.3412146981454,4090.051028464229,3985.0763531573994,4011.815185546875,3545024,0.0,0,0.0,0.0,0.0,0.0,0.0,0.0,0.0,0.0,0.0,0,-0.0110104892238726,4035.97900390625,0.006023163391581043,1.0,1,0
2026-04-21,LT,3999.931193844929,4052.220513563709,3992.9989040809,4035.97900390625,2426718,0.0,0,0.0,0.0,0.0,0.0,0.0,0.0,0.0,0.0,0.0,0,0.006023163391581043,3982.20458984375,-0.013323759615809228,0.0,0,0
2026-04-22,LT,4030.6314906487546,4030.6314906487546,3972.202188941561,3982.20458984375,2178082,0.0,0,0.0,0.0,0.0,0.0,0.0,0.0,0.0,0.0,0.0,0,-0.013323759615809228,4014.88525390625,0.008206676308356586,1.0,1,0
2026-04-23,LT,3971.1126019970075,4024.6893956337844,3940.0164272955244,4014.88525390625,2229134,0.0,0,0.0,0.0,0.0,0.0,0.0,0.0,0.0,0.0,0.0,0,0.008206676308356586,3975.47021484375,-0.009817226787279032,0.0,0,0
2026-04-24,LT,4032.6120414365805,4048.5564048149936,3944.670944632933,3975.47021484375,2162213,0.0,0,0.0,0.0,0.0,0.0,0.0,0.0,0.0,0.0,0.0,0,-0.009817226787279032,4014.39013671875,0.009790017223542336,1.0,1,0
2026-04-27,LT,4018.7474793637457,4049.942783848703,3991.2163368910456,4014.39013671875,2000348,0.0,0,0.0,0.0,0.0,0.0,0.0,0.0,0.0,0.0,0.0,0,0.009790017223542336,3998.643798828125,-0.003922473241102509,0.0,0,0
2026-04-28,LT,4020.728142151919,4048.3581723284724,3984.977236097506,3998.643798828125,1750237,0.2178,1,0.0,0.7645,0.2178,0.0,0.0,0.0,0.0726,0.04356,0.09740312109989084,0,-0.003922473241102509,4056.47900390625,0.01446370519301432,1.0,1,1
2026-04-29,LT,4020.7280982422662,4086.089688016648,4012.112300673278,4056.47900390625,2175030,0.1851,0,0.0,0.0,0.1851,0.2178,0.0,0.0,0.1343,0.08058,0.11094274198882953,1,0.01446370519301432,3975.173095703125,-0.02004346827010084,0.0,0,0
2026-04-30,LT,4043.5056676023564,4060.341228794921,3951.40524460774,3975.173095703125,2569328,0.1574,0,0.0,0.0,0.1574,0.1851,0.2178,0.0,0.18676666666666666,0.11206,0.10450644956173757,0,-0.02004346827010084,3975.173095703125,0.0,0.0,0,0
2026-05-01,LT,3975.173095703125,3975.173095703125,3975.173095703125,3975.173095703125,0,0.1338,0,0.0,0.0,0.1338,0.1574,0.1851,0.2178,0.15876666666666667,0.13882,0.08369750294961015,0,0.0,4061.13330078125,0.02162426717242627,1.0,1,0
2026-05-04,LT,3987.0570248896283,4099.459154130804,3987.0570248896283,4061.13330078125,2173027,0.1137,0,0.0,0.0,0.1137,0.1338,0.1574,0.1851,0.13496666666666668,0.16155999999999998,0.04121762972321432,0,0.02162426717242627,4015.28125,-0.011290456969838769,0.0,0,0
2026-05-05,LT,4045.486226723394,4050.4378622518193,3985.0762732766066,4015.28125,3849402,-0.953,1,0.0,0.9666,-0.953,0.1137,0.1338,0.1574,-0.23516666666666663,-0.0726,0.49287982815286724,0,-0.011290456969838769,3969.726318359375,-0.011345389975017328,0.0,0,0
2026-05-06,LT,3935.5600322215682,3982.1054075397396,3862.2758242738087,3969.726318359375,9540104,0.0175,1,0.0,0.9427,0.0175,-0.953,0.1137,0.1338,-0.2739333333333333,-0.10612000000000002,0.47639607156230823,1,-0.011345389975017328,3984.0859375,0.0036172818952817654,1.0,1,1
2026-05-07,LT,3989.0375730176484,4026.471985886887,3952.3954701870493,3984.0859375,3477185,0.0149,0,0.0,0.0,0.0149,0.0175,-0.953,0.1137,-0.3068666666666667,-0.13462000000000002,0.4606936802258089,1,0.0036172818952817654,3936.05517578125,-0.012055654037645858,0.0,0,0
2026-05-08,LT,3971.21178887478,3975.173097392361,3921.6954324050193,3936.05517578125,1620273,0.0126,0,0.0,0.0,0.0126,0.0149,0.0175,-0.953,0.015000000000000036,-0.15885999999999997,0.44599361318296915,0,-0.012055654037645858,3902.0869140625,-0.008630026816635716,0.0,0,0
2026-05-11,LT,3909.811514041804,3915.258313263493,3848.510361331151,3902.0869140625,2027769,0.0107,0,0.0,0.0,0.0107,0.0126,0.0149,0.0175,0.012733333333333369,-0.17946,0.43242948904994893,0,-0.008630026816635716,3819.196533203125,-0.02124257677619923,0.0,0,0
2026-05-12,LT,3887.133070256449,3901.8888476132015,3809.788425575631,3819.196533203125,2255075,0.0091,0,0.0,0.0,0.0091,0.0107,0.0126,0.0149,0.010800000000000037,0.01296,0.0033358657047221556,0,-0.02124257677619923,3877.923095703125,0.015376679882652233,1.0,1,0
2026-05-13,LT,3810.7788666919755,3914.7632172643916,3810.7788666919755,3877.923095703125,2486330,0.0078,0,0.0,0.0,0.0078,0.0091,0.0107,0.0126,0.009200000000000036,0.011019999999999999,0.0028154928520493934,0,0.015376679882652233,3902.284912109375,0.0062821814164504275,1.0,1,0
2026-05-14,LT,3903.86953222323,3949.424580037098,3887.0339710746266,3902.284912109375,2982228,0.0066,0,0.0,0.0,0.0066,0.0078,0.0091,0.0107,0.007833333333333371,0.00936,0.002367065694048478,0,0.0062821814164504275,3871.188720703125,-0.007968713742493194,0.0,0,0
2026-05-15,LT,3911.197839728613,3911.197839728613,3855.3434867478295,3871.188720703125,1339185,-0.9507,1,0.0,0.962,-0.9507,0.0066,0.0078,0.0091,-0.3121,-0.1833,0.4289923484166121,0,-0.007968713742493194,3879.903564453125,0.0022512061226549474,1.0,1,0
2026-05-18,LT,3836.4280596540248,3886.7367247380407,3814.7399928548766,3879.903564453125,1771638,-0.8081,0,0.0,0.0,-0.8081,-0.9507,0.0066,0.0078,-0.5840666666666666,-0.34706000000000004,0.4885668050533109,1,0.0022512061226549474,3883.07275390625,0.0008168217071580219,1.0,1,0
2026-05-19,LT,3902.780167473302,3921.695512743879,3862.2758837629112,3883.07275390625,2318170,-0.6869,0,0.0,0.0,-0.6869,-0.8081,-0.9507,0.0066,-0.8152333333333334,-0.48625999999999997,0.4600402623684148,0,0.0008168217071580219,3872.872314453125,-0.0026268988761191103,0.0,0,0
2026-05-20,LT,3863.8604825083903,3905.3550931385853,3845.5394303407566,3872.872314453125,1972259,-0.5838,0,0.0,0.0,-0.5838,-0.6869,-0.8081,-0.9507,-0.6929333333333334,-0.60458,0.36809266088853215,0,-0.0026268988761191103,3890.5,0.004551579322946031,1.0,1,0
2026-05-21,LT,3931.5985745195367,3931.5985745195367,3874.8527835138552,3890.5,1624945,-0.4963,0,0.0,0.0,-0.4963,-0.5838,-0.6869,-0.8081,-0.589,-0.70516,0.1799796599618966,0,0.004551579322946031,3926.60009765625,0.009279038081544844,1.0,1,0
2026-05-22,LT,3907.0,3960.0,3900.10009765625,3926.60009765625,1330428,-0.4218,0,0.0,0.0,-0.4218,-0.4963,-0.5838,-0.6869,-0.5006333333333334,-0.5993799999999999,0.15299237562702242,0,0.009279038081544844,4033.39990234375,0.027199053132823003,1.0,1,0
2026-05-25,LT,3970.0,4038.39990234375,3961.5,4033.39990234375,2099927,-0.3586,0,0.0,0.0,-0.3586,-0.4218,-0.4963,-0.5838,-0.42556666666666665,-0.5094799999999999,0.13002652421717628,0,0.027199053132823003,4037.800048828125,0.0010909274039050398,1.0,1,1
2026-05-26,LT,4029.60009765625,4052.89990234375,4014.199951171875,4037.800048828125,1552847,-0.3048,0,0.0,0.0,-0.3048,-0.3586,-0.4218,-0.4963,-0.3617333333333333,-0.43306000000000006,0.11050288684011808,0,0.0010909274039050398,4047.5,0.0024022861594372724,1.0,1,1
2026-05-27,LT,4043.0,4069.89990234375,4017.89990234375,4047.5,1607028,-0.2591,0,0.0,0.0,-0.2591,-0.3048,-0.3586,-0.4218,-0.30749999999999994,-0.36812,0.09393756969391934,0,0.0024022861594372724,4047.5,0.0,0.0,0,0
2026-05-28,LT,4047.5,4047.5,4047.5,4047.5,0,-0.2202,0,0.0,0.0,-0.2202,-0.2591,-0.3048,-0.3586,-0.2613666666666666,-0.3129,0.07984522527991236,0,0.0,4076.5,0.007164916615194583,1.0,1,1
2026-05-29,LT,4045.800048828125,4128.0,4045.0,4076.5,4882940,-0.1872,0,0.0,0.0,-0.1872,-0.2202,-0.2591,-0.3048,-0.22216666666666662,-0.26598,0.0678875688178621,0,0.007164916615194583,4010.800048828125,-0.01611675485634123,0.0,0,1
2026-06-01,LT,4089.0,4105.7998046875,4002.10009765625,4010.800048828125,1409388,-0.1591,0,0.0,0.0,-0.1591,-0.1872,-0.2202,-0.2591,-0.1888333333333333,-0.22608,0.05770551966666595,0,-0.01611675485634123,4000.89990234375,-0.002468371986598439,0.0,0,1
2026-06-02,LT,3980.0,4017.0,3923.5,4000.89990234375,2085054,-0.1352,0,0.0,0.0,-0.1352,-0.1591,-0.1872,-0.2202,-0.16049999999999995,-0.19216,0.04906427417174308,0,-0.002468371986598439,3953.199951171875,-0.011922305565288505,0.0,0,1
2026-06-03,LT,4000.89990234375,4008.0,3894.0,3953.199951171875,1872929,-0.1149,0,0.0,0.0,-0.1149,-0.1352,-0.1591,-0.1872,-0.13639999999999997,-0.16332,0.041709195628781656,0,-0.011922305565288505,3942.10009765625,-0.0028078148468899666,0.0,0,1
2026-06-04,LT,3945.0,3974.89990234375,3930.10009765625,3942.10009765625,1398297,-0.0977,0,0.0,0.0,-0.0977,-0.1149,-0.1352,-0.1591,-0.11593333333333329,-0.13882,0.035454294521256265,0,-0.0028078148468899666,3953.199951171875,0.0028157208697527913,1.0,1,1
2026-06-05,LT,3960.0,3978.0,3923.89990234375,3953.199951171875,1278243,-0.083,0,0.0,0.0,-0.083,-0.0977,-0.1149,-0.1352,-0.09853333333333329,-0.11798,0.030131992964289377,0,0.0028157208697527913,3875.5,-0.019654950959119066,0.0,0,1
2026-06-08,LT,3901.10009765625,3916.699951171875,3863.10009765625,3875.5,1678709,-0.0706,0,0.0,0.0,-0.0706,-0.083,-0.0977,-0.1149,-0.08376666666666661,-0.10028,0.025589587726260594,0,-0.019654950959119066,3900.60009765625,0.006476608864985245,1.0,1,1
2026-06-09,LT,3924.89990234375,3924.89990234375,3885.0,3900.60009765625,1506501,-0.06,0,0.0,0.0,-0.06,-0.0706,-0.083,-0.0977,-0.07119999999999996,-0.08524000000000001,0.02174495343752175,0,0.006476608864985245,3917.5,0.004332641624529732,1.0,1,1
2026-06-10,LT,3904.0,3962.800048828125,3900.0,3917.5,2033070,-0.051,0,0.0,0.0,-0.051,-0.06,-0.0706,-0.083,-0.06053333333333329,-0.07246,0.0184891319428466,0,0.004332641624529732,3862.0,-0.014167198468410969,0.0,0,1
2026-06-11,LT,3900.0,3909.800048828125,3854.39990234375,3862.0,2224659,-0.0434,0,0.0,0.0,-0.0434,-0.051,-0.06,-0.0706,-0.051466666666666626,-0.0616,0.01569331067684547,0,-0.014167198468410969,4049.300048828125,0.048498200110855816,1.0,1,1
2026-06-12,LT,3930.0,4059.800048828125,3921.0,4049.300048828125,3065790,0.9021,1,0.0,0.9299,0.9021,-0.0434,-0.051,-0.06,0.2692333333333334,0.13542,0.4287074900208766,0,0.048498200110855816,4169.7998046875,0.029758169166606452,1.0,1,0
2026-06-15,LT,4130.0,4214.89990234375,4130.0,4169.7998046875,3978153,0.9302,1,0.0,0.9429,0.9302,0.9021,-0.0434,-0.051,0.5963000000000002,0.33558000000000004,0.530111150609002,1,0.029758169166606452,4186.39990234375,0.003981029889633669,1.0,1,1
2026-06-16,LT,4205.0,4235.39990234375,4177.10009765625,4186.39990234375,2647549,0.7907,0,0.0,0.0,0.7907,0.9302,0.9021,-0.0434,0.8743333333333334,0.50572,0.5074406142594423,1,0.003981029889633669,4207.7001953125,0.005087973787889943,1.0,1,1
2026-06-17,LT,4200.10009765625,4214.7001953125,4172.0,4207.7001953125,1312925,0.6721,0,0.0,0.0,0.6721,0.7907,0.9302,0.9021,0.7976666666666667,0.6503400000000001,0.4009845171574585,0,0.005087973787889943,4190.0,-0.0042066198851853365,0.0,0,1
2026-06-18,LT,4207.7001953125,4244.89990234375,4165.60009765625,4190.0,1485427,0.5713,0,0.0,0.0,0.5713,0.6721,0.7907,0.9302,0.6780333333333334,0.77328,0.15211447005462733,0,-0.0042066198851853365,4209.39990234375,0.004630048292064481,1.0,1,1
2026-06-19,LT,4190.0,4217.5,4161.60009765625,4209.39990234375,1397746,0.4856,0,0.0,0.0,0.4856,0.5713,0.6721,0.7907,0.5763333333333335,0.68998,0.17608661789017388,0,0.004630048292064481,4201.2998046875,-0.0019242879850260852,0.0,0,1
2026-06-22,LT,4228.0,4235.39990234375,4190.0,4201.2998046875,1169466,0.4127,0,0.0,0.0,0.4127,0.4856,0.5713,0.6721,0.48986666666666673,0.58648,0.14970244486981524,0,-0.0019242879850260852,4179.39990234375,-0.005212649266142733,0.0,0,0
2026-06-23,LT,4210.0,4242.39990234375,4166.0,4179.39990234375,2198497,0.3508,0,0.0,0.0,0.3508,0.4127,0.4856,0.5713,0.4163666666666668,0.49850000000000005,0.1272597147568705,0,-0.005212649266142733,4181.7001953125,0.0005503883386368535,1.0,1,1
2026-06-24,LT,4176.5,4215.0,4170.0,4181.7001953125,1367416,0.2982,0,0.0,0.0,0.2982,0.3508,0.4127,0.4856,0.35390000000000005,0.42372,0.10817003744105856,0,0.0005503883386368535,4216.39990234375,0.008297990150070156,1.0,1,0
2026-06-25,LT,4207.0,4272.2998046875,4187.10009765625,4216.39990234375,3104020,0.0304,1,0.0,0.9132,0.0304,0.2982,0.3508,0.4127,0.22646666666666673,0.31554000000000004,0.174075581285831,0,0.008297990150070156,4216.39990234375,0.0,0.0,0,0
2026-06-26,LT,4216.39990234375,4216.39990234375,4216.39990234375,4216.39990234375,0,0.0258,0,0.0,0.0,0.0258,0.0304,0.2982,0.3508,0.11813333333333342,0.22358000000000003,0.1829992404355819,1,0.0,4165.2001953125,-0.012142991228794475,0.0,0,0
2026-06-29,LT,4225.0,4252.0,4157.7998046875,4165.2001953125,2706906,0.8806,1,0.0,0.8951,0.8806,0.0258,0.0304,0.2982,0.31226666666666675,0.31716,0.34859636831154733,0,-0.012142991228794475,4143.39990234375,-0.0052339124043266905,0.0,0,1
2026-06-30,LT,4183.0,4193.7998046875,4134.10009765625,4143.39990234375,1539094,0.7485,0,0.0,0.0,0.7485,0.8806,0.0258,0.0304,0.5516333333333335,0.39670000000000005,0.3998022010944912,1,-0.0052339124043266905,4092.60009765625,-0.012260415572912686,0.0,0,1
2026-07-01,LT,4130.10009765625,4142.7998046875,4081.10009765625,4092.60009765625,1437109,0.6362,0,0.0,0.0,0.6362,0.7485,0.8806,0.0258,0.7551000000000001,0.46430000000000005,0.40748509175183334,0,-0.012260415572912686,4059.39990234375,-0.00811225004160876,0.0,0,0
2026-07-02,LT,4100.0,4110.0,4012.0,4059.39990234375,2481554,0.5408,0,0.0,0.0,0.5408,0.6362,0.7485,0.8806,0.6418333333333334,0.56638,0.3277414407730583,0,-0.00811225004160876,4026.60009765625,-0.008079963905148313,0.0,0,1
2026-07-03,LT,4080.0,4094.0,4019.0,4026.60009765625,1505428,0.4597,0,0.0,0.0,0.4597,0.5408,0.6362,0.7485,0.5455666666666666,0.65316,0.16670171864740957,0,-0.008079963905148313,4041.0,0.0035761938097929047,1.0,1,0
2026-07-06,LT,4027.699951171875,4068.0,4016.5,4041.0,1252054,0.3907,0,0.0,0.0,0.3907,0.4597,0.5408,0.6362,0.4637333333333334,0.55518,0.14169840154356034,0,0.0035761938097929047,3991.89990234375,-0.012150481973830729,0.0,0,0
2026-07-07,LT,4044.5,4046.300048828125,3975.0,3991.89990234375,2442514,0.3321,0,0.0,0.0,0.3321,0.3907,0.4597,0.5408,0.3941666666666667,0.47189999999999993,0.12044502895512135,0,-0.012150481973830729,3892.10009765625,-0.025000577952594694,0.0,0,1
2026-07-08,LT,3950.0,3988.0,3871.0,3892.10009765625,2252308,0.5915,1,0.0,0.6366,0.5915,0.3321,0.3907,0.4597,0.4381000000000001,0.46296,0.10599300920343767,0,-0.025000577952594694,3886.0,-0.0015673023568749667,0.0,0,1
2026-07-09,LT,3916.0,3947.300048828125,3867.800048828125,3886.0,5117653,0.5028,0,0.0,0.0,0.5028,0.5915,0.3321,0.3907,0.4754666666666667,0.45536000000000004,0.10022154458997337,1,-0.0015673023568749667,3945.800048828125,0.015388586934669268,1.0,1,0
2026-07-10,LT,3905.0,3953.800048828125,3905.0,3945.800048828125,1283990,0.4857,2,0.599909393158667,0.91615,0.4857,0.5028,0.5915,0.3321,0.5266666666666667,0.46055999999999997,0.10117301023494371,0,0.015388586934669268,3928.5,-0.004384421058858057,0.0,0,0
2026-07-13,LT,3895.0,3939.0,3875.60009765625,3928.5,1744547,0.4664,2,0.5962324378964968,0.91655,0.4664,0.4857,0.5028,0.5915,0.48496666666666677,0.47569999999999996,0.09347660135028461,2,-0.004384421058858057,3848.699951171875,-0.02031310903095962,0.0,0,0
2026-07-14,LT,3892.0,3897.89990234375,3843.0,3848.699951171875,2409089,-0.0224,1,0.0,0.9378,-0.0224,0.4664,0.4857,0.5028,0.30990000000000006,0.4048,0.24356729049689735,2,-0.02031310903095962,3783.89990234375,-0.016836866903171877,0.0,0,0
2026-07-15,LT,3868.0,3868.0,3778.60009765625,3783.89990234375,3602201,-0.019,0,0.0,0.0,-0.019,-0.0224,0.4664,0.4857,0.14166666666666675,0.2827,0.2772668389836764,1,-0.016836866903171877,3775.60009765625,-0.0021934524965523394,0.0,0,1
2026-07-16,LT,3795.0,3802.0,3762.300048828125,3775.60009765625,2936753,-0.0162,0,0.0,0.0,-0.0162,-0.019,-0.0224,0.4664,-0.019199999999999925,0.1789,0.2713542887075858,0,-0.0021934524965523394,3814.5,0.010302972067380178,1.0,1,1
2026-07-17,LT,3788.89990234375,3828.89990234375,3767.699951171875,3814.5,1942610,-0.0138,0,0.0,0.0,-0.0138,-0.0162,-0.019,-0.0224,-0.01633333333333326,0.07899999999999999,0.21658693404727758,0,0.010302972067380178,3838.800048828125,0.006370441428267037,1.0,1,0
2026-07-20,LT,3815.0,3850.0,3807.0,3838.800048828125,1450930,-0.0117,0,0.0,0.0,-0.0117,-0.0138,-0.0162,-0.019,-0.013899999999999926,-0.01662,0.004225162718726204,0,0.006370441428267037,3846.60009765625,0.0020318976578386216,1.0,1,0
2026-07-21,LT,3839.0,3859.5,3815.699951171875,3846.60009765625,1393919,-0.0099,0,0.0,0.0,-0.0099,-0.0117,-0.0138,-0.0162,-0.011799999999999927,-0.014119999999999999,0.0036023603372949114,0,0.0020318976578386216,3817.39990234375,-0.0075911700127839765,0.0,0,0
2026-07-22,LT,3835.0,3843.300048828125,3806.199951171875,3817.39990234375,1157406,-0.0084,0,0.0,0.0,-0.0084,-0.0099,-0.0117,-0.0138,-0.009999999999999926,-0.012,0.003095965116036832,0,-0.0075911700127839765,3792.39990234375,-0.006548960192682696,0.0,0,0
2026-07-23,LT,3800.0,3827.60009765625,3777.699951171875,3792.39990234375,1278355,-0.0072,0,0.0,0.0,-0.0072,-0.0084,-0.0099,-0.0117,-0.008499999999999926,-0.0102,0.0026239283526266846,0,-0.006548960192682696,3785.60009765625,-0.0017930083489606785,0.0,0,1
2026-07-24,LT,3751.0,3805.0,3720.0,3785.60009765625,1994087,-0.0061,0,0.0,0.0,-0.0061,-0.0072,-0.0084,-0.0099,-0.007233333333333259,-0.00866,0.0022097511171440187,0,-0.0017930083489606785,3806.0,0.0053888159915200795,1.0,1,1
2026-07-27,LT,3820.0,3837.300048828125,3798.699951171875,3806.0,1454211,-0.9617,1,0.0,0.9694,-0.9617,-0.0061,-0.0072,-0.0084,-0.3249999999999999,-0.19866,0.4265546658987563,0,0.0053888159915200795,3832.0,0.006831318970047295,1.0,1,0
2026-07-28,LT,3812.0,3837.0,3793.0,3832.0,1702441,0.6026,3,0.5369040789563813,0.9368333333333334,0.6026,-0.9617,-0.0061,-0.0072,-0.12173333333333325,-0.07615999999999998,0.5610596073502349,1,0.006831318970047295,3931.39990234375,0.02593943171809765,1.0,1,1
2026-07-29,LT,3895.39990234375,3978.199951171875,3891.10009765625,3931.39990234375,3115802,0.5417,3,0.4335498587244609,0.8660333333333333,0.5417,0.6026,-0.9617,-0.0061,0.060866666666666736,0.03386,0.6276521911058701,3,0.02593943171809765,3937.699951171875,0.0016024950360224999,1.0,1,1
2026-07-30,LT,3931.39990234375,3951.699951171875,3883.5,3937.699951171875,2141252,0.0985,1,0.0,0.3742,0.0985,0.5417,0.6026,-0.9617,0.4142666666666668,0.05500000000000001,0.6277035526424872,3,0.0016024950360224999,3938.89990234375,0.0003047340291932876,1.0,1,1
2026-07-31,LT,3962.89990234375,3973.10009765625,3923.199951171875,3938.89990234375,1753377,0.0837,0,0.0,0.0,0.0837,0.0985,0.5417,0.6026,0.24130000000000007,0.07296,0.6268023356689091,1,0.0003047340291932876,4025.0,0.02185891994996325,1.0,1,1
2026-08-03,LT,3974.0,4025.0,3962.5,4025.0,1890377,0.0712,0,0.0,0.0,0.0712,0.0837,0.0985,0.5417,0.08446666666666675,0.27954,0.2681557252791742,0,0.02185891994996325,3990.0,-0.008695652173912993,0.0,0,0
2026-08-04,LT,4007.199951171875,4042.39990234375,3988.199951171875,3990.0,1827982,0.0605,0,0.0,0.0,0.0605,0.0712,0.0837,0.0985,0.07180000000000007,0.17112,0.20764527926249574,0,-0.008695652173912993,4057.0,0.01679197994987458,1.0,1,0
2026-08-05,LT,4025.0,4074.0,4024.800048828125,4057.0,1910224,0.0514,0,0.0,0.0,0.0514,0.0605,0.0712,0.0837,0.061033333333333405,0.07306,0.018646527826911057,0,0.01679197994987458,4061.800048828125,0.0011831522869423239,1.0,1,0
2026-08-06,LT,4056.0,4070.0,4045.0,4061.800048828125,1401341,0.0437,0,0.0,0.0,0.0437,0.0514,0.0605,0.0712,0.05186666666666675,0.06210000000000001,0.015850709763280603,0,0.0011831522869423239,4056.0,-0.0014279503565909346,0.0,0,0
2026-08-07,LT,4040.10009765625,4062.0,4030.0,4056.0,901290,0.0371,0,0.0,0.0,0.0371,0.0437,0.0514,0.0605,0.04406666666666675,0.05278000000000001,0.013500999962956494,0,-0.0014279503565909346,4080.0,0.00591715976331364,1.0,1,1
2026-08-10,LT,4055.699951171875,4080.0,4025.800048828125,4080.0,1082855,0.0316,0,0.0,0.0,0.0316,0.0371,0.0437,0.0514,0.03746666666666674,0.04486000000000001,0.011453951283279694,0,0.00591715976331364,4037.39990234375,-0.010441200405943651,0.0,0,0
2026-08-11,LT,4075.10009765625,4075.5,4028.5,4037.39990234375,1401285,0.0268,0,0.0,0.0,0.0268,0.0316,0.0371,0.0437,0.03183333333333341,0.03812000000000001,0.00973637509547259,0,-0.010441200405943651,4020.0,-0.00430968018145772,0.0,0,0
2026-08-12,LT,4038.0,4044.10009765625,3990.0,4020.0,2226623,0.0228,0,0.0,0.0,0.0228,0.0268,0.0316,0.0371,0.027066666666666742,0.03240000000000001,0.008275566445853366,0,-0.00430968018145772,4070.699951171875,0.012611928152207685,1.0,1,0
2026-08-13,LT,4010.0,4070.699951171875,3990.0,4070.699951171875,2299928,0.6697,1,0.0,0.6891,0.6697,0.0228,0.0268,0.0316,0.2397666666666667,0.15760000000000002,0.2863225191981934,0,0.012611928152207685,4057.0,-0.0033655025760204182,0.0,0,1
2026-08-14,LT,4068.699951171875,4072.5,4033.10009765625,4057.0,934044,0.5692,0,0.0,0.0,0.5692,0.6697,0.0228,0.0268,0.42056666666666676,0.26402000000000003,0.32641636294769283,1,-0.0033655025760204182,4086.699951171875,0.007320668270119457,1.0,1,0
2026-08-17,LT,4041.0,4086.699951171875,4026.0,4086.699951171875,1066164,0.4839,0,0.0,0.0,0.4839,0.5692,0.6697,0.0228,0.5742666666666668,0.35448,0.3080599243653741,0,0.007320668270119457,4064.300048828125,-0.005481171265663054,0.0,0,0
2026-08-18,LT,4068.0,4085.0,4050.0,4064.300048828125,1355575,0.4113,0,0.0,0.0,0.4113,0.4839,0.5692,0.6697,0.4881333333333335,0.43138000000000004,0.24793645758540644,0,-0.005481171265663054,4041.300048828125,-0.005659031007474891,0.0,0,0
2026-08-19,LT,4064.0,4069.0,4024.800048828125,4041.300048828125,1190832,0.3496,0,0.0,0.0,0.3496,0.4113,0.4839,0.5692,0.4149333333333334,0.49673999999999996,0.12676814662997998,0,-0.005659031007474891,4081.0,0.009823559422019956,1.0,1,1
2026-08-20,LT,4050.5,4084.89990234375,4048.300048828125,4081.0,1056060,0.2971,0,0.0,0.0,0.2971,0.3496,0.4113,0.4839,0.35266666666666674,0.42222,0.10776765284629733,0,0.009823559422019956,4093.0,0.002940455770644501,1.0,1,0
2026-08-21,LT,4081.0,4100.0,4061.39990234375,4093.0,1258912,0.2526,0,0.0,0.0,0.2526,0.2971,0.3496,0.4113,0.29976666666666674,0.35890000000000005,0.09161902095089211,0,0.002940455770644501,4090.0,-0.0007329587099926815,0.0,0,0
2026-08-24,LT,4100.0,4107.10009765625,4077.699951171875,4090.0,1369496,0.7043250000000001,4,0.37756227190579655,0.8924,0.7043,0.2526,0.2971,0.3496,0.4180000000000001,0.40298,0.17856168962014232,0,-0.0007329587099926815,4119.0,0.007090464547677255,1.0,1,0
2026-08-25,LT,4085.0,4125.2998046875,4066.60009765625,4119.0,1316074,0.5987,0,0.0,0.0,0.5987,0.7043,0.2526,0.2971,0.5185333333333334,0.44046,0.19921750174118757,4,0.007090464547677255,4038.10009765625,-0.019640665779011912,0.0,0,0
2026-08-26,LT,4114.0,4124.89990234375,4038.10009765625,4038.10009765625,1384669,0.8089,1,0.0,0.886,0.8089,0.5987,0.7043,0.2526,0.7039666666666667,0.53232,0.24700791890139906,0,-0.019640665779011912,4027.0,-0.0027488416304223273,0.0,0,0
2026-08-27,LT,4058.0,4067.300048828125,4023.0,4027.0,1161440,0.6876,0,0.0,0.0,0.6876,0.8089,0.5987,0.7043,0.6984,0.6104200000000001,0.21350470018245546,1,-0.0027488416304223273,4045.800048828125,0.0046684998331574246,1.0,1,1
2026-08-28,LT,4045.0,4060.0,4021.300048828125,4045.800048828125,893956,0.5844,0,0.0,0.0,0.5844,0.6876,0.8089,0.5987,0.6936333333333334,0.67678,0.09077536560102775,0,0.0046684998331574246,4044.89990234375,-0.00022248911797695392,0.0,0,0
2026-08-31,LT,4035.10009765625,4044.89990234375,3976.0,4044.89990234375,1553171,0.3288,1,0.0,0.657,0.3288,0.5844,0.6876,0.8089,0.5336000000000001,0.60168,0.1768426899818033,0,-0.00022248911797695392,3980.10009765625,-0.016020125652541517,0.0,0,0
2026-09-01,LT,4038.0,4038.0,3980.10009765625,3980.10009765625,944703,0.2795,0,0.0,0.0,0.2795,0.3288,0.5844,0.6876,0.3975666666666668,0.53784,0.2283126650013094,1,-0.016020125652541517,3981.0,0.00022610043005699687,1.0,1,1
2026-09-02,LT,3966.0,4002.300048828125,3956.699951171875,3981.0,1307081,0.2376,0,0.0,0.0,0.2376,0.2795,0.3288,0.5844,0.28196666666666675,0.42358,0.19993779532644657,0,0.00022610043005699687,3975.0,-0.0015071590052750938,0.0,0,0
2026-09-03,LT,3999.800048828125,4027.699951171875,3975.0,3975.0,940768,0.2019,0,0.0,0.0,0.2019,0.2376,0.2795,0.3288,0.23966666666666678,0.32644,0.15178525290686168,0,-0.0015071590052750938,3964.10009765625,-0.0027421137971698206,0.0,0,0
2026-09-04,LT,3981.0,3994.89990234375,3964.10009765625,3964.10009765625,1319056,0.1716,0,0.0,0.0,0.1716,0.2019,0.2376,0.2795,0.20370000000000008,0.24388,0.062262243775822027,0,-0.0027421137971698206,3999.0,0.008803991191943972,1.0,1,0
2026-09-07,LT,3962.0,4004.89990234375,3960.89990234375,3999.0,1256683,0.1459,0,0.0,0.0,0.1459,0.1716,0.2019,0.2376,0.1731333333333334,0.20730000000000004,0.052925749876594645,0,0.008803991191943972,3946.10009765625,-0.013228282656601698,0.0,0,0
2026-09-08,LT,3988.699951171875,3988.699951171875,3946.10009765625,3946.10009765625,1200872,0.124,0,0.0,0.0,0.124,0.1459,0.1716,0.2019,0.14716666666666675,0.1762,0.04498483077660546,0,-0.013228282656601698,3922.60009765625,-0.0059552468053097884,0.0,0,0
2026-09-09,LT,3935.300048828125,4020.199951171875,3922.60009765625,3922.60009765625,2954721,0.1054,0,0.0,0.0,0.1054,0.124,0.1459,0.1716,0.12510000000000007,0.14976000000000003,0.038216004500729865,0,-0.0059552468053097884,3955.0,0.008259802563893581,1.0,1,0
2026-09-10,LT,3949.39990234375,3965.5,3910.0,3955.0,1376951,0.0896,0,0.0,0.0,0.0896,0.1054,0.124,0.1459,0.1063333333333334,0.12730000000000002,0.032481687148296114,0,0.008259802563893581,3930.699951171875,-0.006144133711283195,0.0,0,0
2026-09-11,LT,3926.0,3948.0,3880.699951171875,3930.699951171875,1195489,0.0762,0,0.0,0.0,0.0762,0.0896,0.1054,0.124,0.09040000000000008,0.10822000000000002,0.027607643869040466,0,-0.006144133711283195,3930.699951171875,0.0,0.0,0,0
2026-09-14,LT,3930.699951171875,3930.699951171875,3930.699951171875,3930.699951171875,0,0.0647,0,0.0,0.0,0.0647,0.0762,0.0896,0.1054,0.0768333333333334,0.09198000000000002,0.02347470979585803,0,0.0,3850.699951171875,-0.020352609202884953,0.0,0,0
2026-09-15,LT,3959.0,3959.0,3835.699951171875,3850.699951171875,1848703,0.055,0,0.0,0.0,0.055,0.0647,0.0762,0.0896,0.06530000000000007,0.07818000000000001,0.019964268080742156,0,-0.020352609202884953,3807.699951171875,-0.011166800983004155,0.0,0,0
2026-09-16,LT,3844.199951171875,3867.89990234375,3799.89990234375,3807.699951171875,2038640,0.0244,1,0.0,0.9434,0.0244,0.055,0.0647,0.0762,0.04803333333333341,0.06198000000000002,0.02466499543887501,0,-0.011166800983004155,3836.199951171875,0.007484833459954876,1.0,1,0
2026-09-17,LT,3811.0,3875.0,3811.0,3836.199951171875,1319415,-0.0057,1,0.0,0.8869,-0.0057,0.0244,0.055,0.0647,0.02456666666666674,0.04292000000000002,0.03329695181243634,1,0.007484833459954876,3885.0,0.01272093463564583,1.0,1,0
2026-09-18,LT,3846.0,3898.0,3846.0,3885.0,1547690,-0.0045,1,0.0,0.9499,-0.0045,-0.0057,0.0244,0.055,0.004733333333333408,0.02678000000000002,0.03268542488632652,1,0.01272093463564583,3904.800048828125,0.005096537664897038,1.0,1,0
2026-09-21,LT,3885.0,3908.699951171875,3883.0,3904.800048828125,947371,-0.0038,0,0.0,0.0,-0.0038,-0.0045,-0.0057,0.0244,-0.0046666666666665925,0.013080000000000022,0.026608776747525997,1,0.005096537664897038,3866.39990234375,-0.009834087790461687,0.0,0,0
2026-09-22,LT,3919.60009765625,3930.5,3866.0,3866.39990234375,1355288,-0.0033,0,0.0,0.0,-0.0033,-0.0038,-0.0045,-0.0057,-0.0038666666666665925,0.0014200000000000226,0.012877771546337879,0,-0.009834087790461687,3929.89990234375,0.016423546866299876,1.0,1,0
2026-09-23,LT,3870.0,3945.0,3870.0,3929.89990234375,945462,-0.0028,0,0.0,0.0,-0.0028,-0.0033,-0.0038,-0.0045,-0.003299999999999926,-0.004019999999999978,0.0011300442467728762,0,0.016423546866299876,3858.39990234375,-0.018193847623792725,0.0,0,0
2026-09-24,LT,3887.300048828125,3907.0,3849.0,3858.39990234375,1649308,0.0105,1,0.0,0.9439,0.0105,-0.0028,-0.0033,-0.0038,0.0014666666666667404,-0.0007799999999999775,0.006336955104753973,0,-0.018193847623792725,3876.199951171875,0.004613323988867046,1.0,1,0
2026-09-25,LT,3865.0,3887.5,3842.39990234375,3876.199951171875,1230579,-0.0026333333333333326,3,0.025706484266296185,0.9405333333333333,-0.0026,0.0105,-0.0028,-0.0033,0.001700000000000074,-0.00039999999999997763,0.006111055555275846,1,0.004613323988867046,3766.39990234375,-0.028326724681715598,0.0,0,0
2026-04-02,MARUTI,12265.813485067121,12546.989611450128,12117.30496761131,12505.4072265625,438227,0.0,0,0.0,0.0,0.0,0.0,0.0,0.0,0.0,0.0,0.0,0,0.0,12561.8408203125,0.0045127353893865685,1.0,1,0
2026-04-06,MARUTI,12505.407582074968,12593.522638270413,12296.50559491498,12561.8408203125,382650,0.0,0,0.0,0.0,0.0,0.0,0.0,0.0,0.0,0.0,0.0,0,0.0045127353893865685,12670.7470703125,0.008669609140715906,1.0,1,0
2026-04-07,MARUTI,12514.318094135802,12707.379172328561,12371.749913316533,12670.7470703125,359542,0.0,0,0.0,0.0,0.0,0.0,0.0,0.0,0.0,0.0,0.0,0,0.008669609140715906,13466.7529296875,0.06282233044017094,1.0,1,0
2026-04-08,MARUTI,13217.258609860912,13608.331055620842,13078.650654401696,13466.7529296875,1026292,0.0,0,0.0,0.0,0.0,0.0,0.0,0.0,0.0,0.0,0.0,0,0.06282233044017094,13453.8818359375,-0.0009557681660310458,0.0,0,0
2026-04-09,MARUTI,13435.070756764433,13636.052286876678,13197.457125104635,13453.8818359375,549914,0.0,0,0.0,0.0,0.0,0.0,0.0,0.0,0.0,0.0,0.0,0,-0.0009557681660310458,13572.6884765625,0.008830658844323214,1.0,1,0
2026-04-10,MARUTI,13514.27512620017,13659.813473713095,13454.871719052036,13572.6884765625,471921,0.0,0,0.0,0.0,0.0,0.0,0.0,0.0,0.0,0.0,0.0,0,0.008830658844323214,12945.982421875,-0.04617405429806365,0.0,0,0
2026-04-13,MARUTI,13268.740931322174,13286.56195331619,12837.076176356015,12945.982421875,1347910,0.0087,1,0.0,0.946,0.0087,0.0,0.0,0.0,0.0029,0.0017399999999999998,0.0038907582808496337,0,-0.04617405429806365,13156.865234375,0.01628944066412985,1.0,1,0
2026-04-15,MARUTI,13118.253017944822,13339.035691378913,13068.750176367672,13156.865234375,699458,0.0074,0,0.0,0.0,0.0074,0.0087,0.0,0.0,0.005366666666666666,0.0032199999999999998,0.004433057635537801,1,0.01628944066412985,13202.4072265625,0.003461462238627533,1.0,1,0
2026-04-16,MARUTI,13246.959781882733,13301.412905051908,13105.381661642881,13202.4072265625,527309,0.0063,0,0.0,0.0,0.0063,0.0074,0.0087,0.0,0.007466666666666667,0.00448,0.004176960617482525,0,0.003461462238627533,13319.234375,0.008848927807835638,1.0,1,0
2026-04-17,MARUTI,13167.755681818182,13511.305397727274,13124.193181818182,13319.234375,549308,0.8658,1,0.0,0.8929,0.8658,0.0063,0.0074,0.0087,0.2931666666666667,0.17764,0.38470765913872834,0,0.008848927807835638,13316.263671875,-0.00022303858024874668,0.0,0,0
2026-04-20,MARUTI,13340.025034560875,13398.43838449698,13196.466801667055,13316.263671875,348629,0.7359,0,0.0,0.0,0.7359,0.8658,0.0063,0.0074,0.536,0.32482,0.43697495008295384,1,-0.00022303858024874668,13327.154296875,0.0008178438988859504,1.0,1,1
2026-04-21,MARUTI,13322.204012981949,13408.338952721057,13287.552025730583,13327.154296875,292879,0.6255,0,0.0,0.0,0.6255,0.7359,0.8658,0.0063,0.7424,0.44817999999999997,0.4117573885190161,0,0.0008178438988859504,13204.3876953125,-0.009211764104155917,0.0,0,0
2026-04-22,MARUTI,13318.244228637906,13395.468659936876,13167.755593286065,13204.3876953125,434640,0.5317,0,0.0,0.0,0.5317,0.6255,0.7359,0.8658,0.6310333333333333,0.55304,0.33010872148430126,0,-0.009211764104155917,13029.1474609375,-0.013271363914678869,0.0,0,1
2026-04-23,MARUTI,13118.252572752423,13225.178706930328,12994.495473009474,13029.1474609375,541086,0.452,0,0.0,0.0,0.452,0.5317,0.6255,0.7359,0.5364,0.64218,0.16389160137115014,0,-0.013271363914678869,12918.26171875,-0.008510590775025362,0.0,0,0
2026-04-24,MARUTI,13068.75035925046,13121.22337205654,12848.957739572155,12918.26171875,464098,0.3842,0,0.0,0.0,0.3842,0.452,0.5317,0.6255,0.45596666666666663,0.54586,0.13928558073253663,0,-0.008510590775025362,13090.53125,0.013335349213428715,1.0,1,1
2026-04-27,MARUTI,13022.217329545456,13138.053977272728,12913.311079545456,13090.53125,312786,0.3265,0,0.0,0.0,0.3265,0.3842,0.452,0.5317,0.38756666666666667,0.46397999999999995,0.11841012203354906,0,0.013335349213428715,12763.8125,-0.024958402662229595,0.0,0,0
2026-04-28,MARUTI,13090.53125,13174.686079545456,12700.448863636364,12763.8125,836679,0.8764,1,0.0,0.8987,0.8764,0.3265,0.3842,0.452,0.5290333333333334,0.5141600000000001,0.21650358657537283,0,-0.024958402662229595,13125.18359375,0.02831215937636178,1.0,1,0
2026-04-29,MARUTI,12959.844100640228,13413.29013563589,12959.844100640228,13125.18359375,754798,0.7449,0,0.0,0.0,0.7449,0.8764,0.3265,0.3842,0.6492666666666667,0.5568000000000001,0.2404878687169063,1,0.02831215937636178,13181.6162109375,0.00429956783342611,1.0,1,1
2026-04-30,MARUTI,13003.40598726552,13227.158823653674,12841.036672364382,13181.6162109375,612975,0.068,1,0.0,0.8966,0.068,0.7449,0.8764,0.3265,0.5630999999999999,0.48,0.3277914199609257,0,0.00429956783342611,13181.6162109375,0.0,0.0,0,0
2026-05-01,MARUTI,13181.6162109375,13181.6162109375,13181.6162109375,13181.6162109375,0,0.0578,0,0.0,0.0,0.0578,0.068,0.7449,0.8764,0.29023333333333334,0.41472,0.379985745785286,1,0.0,13444.9716796875,0.01997899684952742,1.0,1,1
2026-05-04,MARUTI,13424.180486368396,13837.034182276326,13301.413440103208,13444.9716796875,722127,0.0165,1,0.0,0.941,0.0165,0.0578,0.068,0.7449,0.047433333333333334,0.35272,0.4210501953449256,0,0.01997899684952742,13292.5029296875,-0.011340206110686535,0.0,0,0
2026-05-05,MARUTI,13425.170544209928,13433.090998808282,13227.15917925108,13292.5029296875,419490,0.014,0,0.0,0.0,0.014,0.0165,0.0578,0.068,0.029433333333333336,0.18024,0.31657416666556987,1,-0.011340206110686535,13585.5595703125,0.02204676140943218,1.0,1,0
2026-05-06,MARUTI,13420.22008275659,13625.16184278098,13245.970083895272,13585.5595703125,435208,0.0119,0,0.0,0.0,0.0119,0.014,0.0165,0.0578,0.014133333333333333,0.03364,0.02700209251150819,0,0.02204676140943218,13633.08203125,0.003498012775369652,1.0,1,1
2026-05-07,MARUTI,13585.559305215142,13732.08771048929,13536.056465595499,13633.08203125,726199,0.0101,0,0.0,0.0,0.0101,0.0119,0.014,0.0165,0.012000000000000002,0.02206,0.02012145620972915,0,0.003498012775369652,13589.51953125,-0.0031953522981923443,0.0,0,0
2026-05-08,MARUTI,13536.056464465248,13651.893109165543,13490.513852018978,13589.51953125,270505,0.0086,0,0.0,0.0,0.0086,0.0101,0.0119,0.014,0.0102,0.01222,0.0031300159744079526,0,-0.0031953522981923443,13348.935546875,-0.017703641679292725,0.0,0,0
2026-05-11,MARUTI,13412.2991807102,13521.20542636445,13099.4412386489,13348.935546875,634354,0.0073,0,0.0,0.0,0.0073,0.0086,0.0101,0.0119,0.008666666666666668,0.01038,0.0026527344382823487,0,-0.017703641679292725,13041.0283203125,-0.023066050883329137,0.0,0,0
2026-05-12,MARUTI,13308.34365940181,13321.214397950553,13019.247070460779,13041.0283203125,302512,0.0062,0,0.0,0.0,0.0062,0.0073,0.0086,0.0101,0.007366666666666667,0.00882,0.00225543787324088,0,-0.023066050883329137,12972.71484375,-0.005238350449411677,0.0,0,0
2026-05-13,MARUTI,13055.879618753816,13152.905189591602,12856.878192851827,12972.71484375,307027,0.0053,0,0.0,0.0,0.0053,0.0062,0.0073,0.0086,0.006266666666666667,0.0075,0.0019065675965067406,0,-0.005238350449411677,12944.9931640625,-0.0021369219952334095,0.0,0,0
2026-05-14,MARUTI,13102.412201392208,13102.412201392208,12797.474695118308,12944.9931640625,286648,0.9379,1,0.0,0.9523,0.9379,0.0053,0.0062,0.0073,0.3164666666666666,0.19305999999999998,0.4163800463518875,0,-0.0021369219952334095,13089.541015625,0.011166313471975275,1.0,1,1
2026-05-15,MARUTI,12948.952949350229,13192.506923319199,12948.952949350229,13089.541015625,268206,0.7972,0,0.0,0.0,0.7972,0.9379,0.0053,0.0062,0.5801333333333333,0.35078,0.4743603661774453,1,0.011166313471975275,12886.5791015625,-0.015505655532170648,0.0,0,0
2026-05-18,MARUTI,12996.475404595185,13008.356086004125,12722.22967540551,12886.5791015625,373184,0.6776,0,0.0,0.0,0.6776,0.7972,0.9379,0.0053,0.8042333333333334,0.48484,0.44694614105057445,0,-0.015505655532170648,12827.17578125,-0.004609704394341385,0.0,0,1
2026-05-19,MARUTI,12904.400210930264,12973.704186284347,12771.732600966734,12827.17578125,342737,0.576,0,0.0,0.0,0.576,0.6776,0.7972,0.9379,0.6835999999999999,0.5988,0.35823278046543977,0,-0.004609704394341385,12873.708984375,0.0036277044860506535,1.0,1,1
2026-05-20,MARUTI,12722.230289103956,12942.022905771744,12626.19477641578,12873.708984375,300695,0.4896,0,0.0,0.0,0.4896,0.576,0.6776,0.7972,0.5810666666666666,0.69566,0.17754998732751281,0,0.0036277044860506535,12880.638671875,0.0005382821305353058,1.0,1,1
2026-05-21,MARUTI,12972.713952158196,13019.246620688413,12804.404300027623,12880.638671875,213095,0.0926,1,0.0,0.8856,0.0926,0.4896,0.576,0.6776,0.3860666666666666,0.5266,0.2684169890301283,0,0.0005382821305353058,12857.8681640625,-0.0017678089101450523,0.0,0,0
2026-05-22,MARUTI,12969.744586834431,13021.227542446293,12844.997425159534,12857.8681640625,387975,0.022,1,0.0,0.9417,0.022,0.0926,0.4896,0.576,0.2014,0.37156,0.29555055066773267,1,-0.0017678089101450523,13039.0478515625,0.014090958562352762,1.0,1,0
2026-05-25,MARUTI,13014.296431950575,13104.391599337985,12970.733933433585,13039.0478515625,276553,0.0187,0,0.0,0.0,0.0187,0.022,0.0926,0.4896,0.04443333333333333,0.23978000000000002,0.27084145177575764,1,0.014090958562352762,13076.669921875,0.0028853387717258094,1.0,1,1
2026-05-26,MARUTI,13056.868786317951,13196.466791995146,13003.40572031392,13076.669921875,256901,0.0159,0,0.0,0.0,0.0159,0.0187,0.022,0.0926,0.018866666666666667,0.12776,0.2047903391276065,0,0.0028853387717258094,13231.119140625,0.011811051259436711,1.0,1,1
2026-05-27,MARUTI,13076.670279061284,13283.592151284467,12971.72425774235,13231.119140625,322020,0.0135,0,0.0,0.0,0.0135,0.0159,0.0187,0.022,0.016033333333333333,0.03254,0.0337240715216906,0,0.011811051259436711,13231.119140625,0.0,0.0,0,1
2026-05-28,MARUTI,13231.119140625,13231.119140625,13231.119140625,13231.119140625,0,0.0115,0,0.0,0.0,0.0115,0.0135,0.0159,0.0187,0.013633333333333332,0.01632,0.004161970687079309,0,0.0,12996.4755859375,-0.01773421826178312,0.0,0,0
2026-05-29,MARUTI,13322.2042724442,13373.68722593462,12920.241212499763,12996.4755859375,963291,0.0098,0,0.0,0.0,0.0098,0.0115,0.0135,0.0159,0.0116,0.01388,0.0035273219303188176,0,-0.01773421826178312,12817.275390625,-0.013788368556349129,0.0,0,0
2026-06-01,MARUTI,13068.749818959524,13135.083624858788,12784.603516077601,12817.275390625,295359,0.0083,0,0.0,0.0,0.0083,0.0098,0.0115,0.0135,0.009866666666666668,0.0118,0.003001666203978819,0,-0.013788368556349129,12892.51953125,0.005870525391070025,1.0,1,0
2026-06-02,MARUTI,12573.721244576485,12921.231178186434,12573.721244576485,12892.51953125,586599,0.0071,0,0.0,0.0,0.0071,0.0083,0.0098,0.0115,0.0084,0.01004,0.002541259530254451,0,0.005870525391070025,12914.30078125,0.0016894486719376545,1.0,1,0
2026-06-03,MARUTI,12884.599077521274,13074.68998138512,12782.62322805265,12914.30078125,607808,0.006,0,0.0,0.0,0.006,0.0071,0.0083,0.0098,0.007133333333333334,0.00854,0.0021755459085272075,0,0.0016894486719376545,12934.1025390625,0.0015333201655989281,1.0,1,1
2026-06-04,MARUTI,12860.83833300841,13132.113906776256,12820.246002627091,12934.1025390625,465070,0.0051,0,0.0,0.0,0.0051,0.006,0.0071,0.0083,0.006066666666666667,0.00726,0.0018582249595002793,0,0.0015333201655989281,12920.2412109375,-0.0010716884362975687,0.0,0,0
2026-06-05,MARUTI,13020.236947512572,13043.998310659123,12786.583543238146,12920.2412109375,295703,0.0043,0,0.0,0.0,0.0043,0.0051,0.006,0.0071,0.0051333333333333335,0.0061600000000000005,0.0015868207208472253,0,-0.0010716884362975687,12783.61328125,-0.010574719732928783,0.0,0,0
2026-06-08,MARUTI,12771.73259976185,12899.449925759469,12713.319249111775,12783.61328125,372902,0.0037,0,0.0,0.0,0.0037,0.0043,0.0051,0.006,0.004366666666666667,0.00524,0.0013520355025332554,0,-0.010574719732928783,12989.544921875,0.01610903240690531,1.0,1,1
2026-06-09,MARUTI,12948.952593994141,13026.177022645532,12723.219648705459,12989.544921875,428323,0.0031,0,0.0,0.0,0.0031,0.0037,0.0043,0.0051,0.0037,0.0044399999999999995,0.0011436782764880015,0,0.01610903240690531,12943.0126953125,-0.003582283047047885,0.0,0,0
2026-06-10,MARUTI,12987.565251825088,13073.700194416091,12920.24138865051,12943.0126953125,203885,0.0027,0,0.0,0.0,0.0027,0.0031,0.0037,0.0043,0.0031666666666666666,0.00378,0.0009549869109630465,0,-0.003582283047047885,12967.763671875,0.0019123041246389416,1.0,1,0
2026-06-11,MARUTI,12940.042082104615,13085.580428399135,12839.056290798213,12967.763671875,308710,0.0023,0,0.0,0.0,0.0023,0.0027,0.0031,0.0037,0.0026999999999999997,0.0032199999999999998,0.0007949842766438156,0,0.0019123041246389416,13233.099609375,0.020461194714357145,1.0,1,0
2026-06-12,MARUTI,13100.431993958551,13284.582564611233,12999.446197149016,13233.099609375,559038,0.0019,0,0.0,0.0,0.0019,0.0023,0.0027,0.0031,0.0023,0.0027400000000000002,0.0006985699679423804,0,0.020461194714357145,13667.734375,0.03284451704097213,1.0,1,0
2026-06-15,MARUTI,13415.269886363638,13822.183238636364,13385.568181818182,13667.734375,613280,0.0016,0,0.0,0.0,0.0016,0.0019,0.0023,0.0027,0.0019333333333333336,0.00232,0.0006016643583520052,0,0.03284451704097213,13554.8681640625,-0.008257858094165682,0.0,0,0
2026-06-16,MARUTI,13723.177826460473,13736.048565349729,13525.166458933447,13554.8681640625,280511,0.0014,0,0.0,0.0,0.0014,0.0016,0.0019,0.0023,0.0016333333333333332,0.00198,0.0005263078947832921,0,-0.008257858094165682,13494.474609375,-0.004455488165323485,0.0,0,0
2026-06-17,MARUTI,13563.778587559611,13603.380860807962,13425.170631190389,13494.474609375,241534,0.0012,0,0.0,0.0,0.0012,0.0014,0.0016,0.0019,0.0014000000000000002,0.0016800000000000003,0.0004324349663374839,0,-0.004455488165323485,13349.92578125,-0.010711704776159126,0.0,0,0
2026-06-18,MARUTI,13510.314981529034,13577.638843374556,13299.43288486586,13349.92578125,373512,0.001,0,0.0,0.0,0.001,0.0012,0.0014,0.0016,0.0012,0.00142,0.00034928498409088544,0,-0.010711704776159126,13261.810546875,-0.006600428782814527,0.0,0,0
2026-06-19,MARUTI,13349.925600153974,13372.69690605753,13220.228162181551,13261.810546875,719756,0.0009,0,0.0,0.0,0.0009,0.001,0.0012,0.0014,0.0010333333333333332,0.00122,0.00028635642146008063,0,-0.006600428782814527,13287.552734375,0.0019410764019749394,1.0,1,0
2026-06-22,MARUTI,13316.264382485935,13360.816939899458,13246.960404287123,13287.552734375,254533,0.0007,0,0.0,0.0,0.0007,0.0009,0.001,0.0012,0.0008666666666666666,0.00104,0.00027018512192841267,0,0.0019410764019749394,13317.25390625,0.0022352627657433732,1.0,1,0
2026-06-23,MARUTI,13286.562145704782,13414.279471844566,13104.391696017026,13317.25390625,398558,0.0006,0,0.0,0.0,0.0006,0.0007,0.0009,0.001,0.0007333333333333332,0.0008799999999999999,0.00023874672795980636,0,0.0022352627657433732,13116.2724609375,-0.015091808470977353,0.0,0,0
2026-06-24,MARUTI,13306.363366168478,13306.363366168478,13069.739791427834,13116.2724609375,327495,0.0005,0,0.0,0.0,0.0005,0.0006,0.0007,0.0009,0.0006,0.00074,0.0002073644138022507,0,-0.015091808470977353,13608.3310546875,0.03751512445440852,1.0,1,0
2026-06-25,MARUTI,13225.179063551519,13778.620828525714,13193.497245163015,13608.3310546875,981556,0.0004,0,0.0,0.0,0.0004,0.0005,0.0006,0.0007,0.0004999999999999999,0.00062,0.0001923538409067596,0,0.03751512445440852,13608.3310546875,0.0,0.0,0,0
2026-06-26,MARUTI,13608.3310546875,13608.3310546875,13608.3310546875,13608.3310546875,0,0.0004,0,0.0,0.0,0.0004,0.0004,0.0005,0.0006,0.0004333333333333333,0.00052,0.00013038404853205627,0,0.0,13278.6416015625,-0.024227030618235612,0.0,0,0
2026-06-29,MARUTI,13603.38022707044,13702.38590557896,13238.049273374007,13278.6416015625,1358592,-0.9318,1,0.0,0.9518,-0.9318,0.0004,0.0004,0.0005,-0.3103333333333333,-0.18597999999999998,0.41692606298959073,0,-0.024227030618235612,13974.65234375,0.05241580901660914,1.0,1,0
2026-06-30,MARUTI,13607.341254870706,14059.797232277277,13375.667953529048,13974.65234375,1511415,0.8537,1,0.0,0.8715,0.8537,-0.9318,0.0004,0.0004,-0.02589999999999996,-0.015359999999999995,0.6316398997846796,1,0.05241580901660914,14251.8681640625,0.019837045923827956,1.0,1,1
2026-07-01,MARUTI,14010.294295911666,14404.336916911796,13930.099692140282,14251.8681640625,1397790,0.7256,0,0.0,0.0,0.7256,0.8537,-0.9318,0.0004,0.21583333333333335,0.12966000000000003,0.7140539251345097,1,0.019837045923827956,14205.3349609375,-0.0032650598917507434,0.0,0,0
2026-07-02,MARUTI,14287.5096753059,14345.923026483439,14133.060814565293,14205.3349609375,327088,0.6168,0,0.0,0.0,0.6168,0.7256,0.8537,-0.9318,0.7320333333333333,0.25294000000000005,0.7389349551888853,0,-0.0032650598917507434,14223.15625,0.0012545490205972953,1.0,1,1
2026-07-03,MARUTI,14306.321022727274,14375.625,14190.484375,14223.15625,384188,0.5243,0,0.0,0.0,0.5243,0.6168,0.7256,0.8537,0.6222333333333333,0.35772000000000004,0.7312771410347789,0,0.0012545490205972953,14312.26171875,0.006264816836980103,1.0,1,1
2026-07-06,MARUTI,14205.335579733328,14381.565697742286,14148.902339696751,14312.26171875,214686,0.4456,0,0.0,0.0,0.4456,0.5243,0.6168,0.7256,0.5289,0.6332000000000001,0.16161678440063065,0,0.006264816836980103,14393.4462890625,0.00567237882508409,1.0,1,0
2026-07-07,MARUTI,14319.192026324868,14452.849699252605,14270.679241336282,14393.4462890625,524759,0.3788,0,0.0,0.0,0.3788,0.4456,0.5243,0.6168,0.44956666666666667,0.5382200000000001,0.13736179235871943,0,0.00567237882508409,13812.2822265625,-0.04037699178004528,0.0,0,0
2026-07-08,MARUTI,14331.071982617173,14355.82340227627,13741.988194730664,13812.2822265625,481076,0.0449,1,0.0,0.9293,0.0449,0.3788,0.4456,0.5243,0.2897666666666667,0.40208000000000005,0.21854971288015912,0,-0.04037699178004528,13591.5,-0.015984485615122446,0.0,0,0
2026-07-09,MARUTI,13860.795454545456,13897.427556818182,13563.77840909091,13591.5,576451,0.0382,0,0.0,0.0,0.0382,0.0449,0.3788,0.4456,0.15396666666666667,0.28636,0.22934923806282856,1,-0.015984485615122446,13716.2470703125,0.009178315146415095,1.0,1,1
2026-07-10,MARUTI,13662.784002476721,13847.924626278398,13639.022638994153,13716.2470703125,430154,0.0324,0,0.0,0.0,0.0324,0.0382,0.0449,0.3788,0.0385,0.18798,0.20608942719120757,0,0.009178315146415095,13558.828125,-0.011476823398232416,0.0,0,0
2026-07-13,MARUTI,13545.957386363638,13703.376420454546,13401.409090909092,13558.828125,458633,0.0276,0,0.0,0.0,0.0276,0.0324,0.0382,0.0449,0.032733333333333337,0.10438,0.15354175979192136,0,-0.011476823398232416,13354.8759765625,-0.015042018864554363,0.0,0,1
2026-07-14,MARUTI,13483.583358648135,13553.877390402597,13336.06489764229,13354.8759765625,368645,0.0234,0,0.0,0.0,0.0234,0.0276,0.0324,0.0382,0.027800000000000002,0.0333,0.008512931340031749,0,-0.015042018864554363,13447.94140625,0.006968647994247679,1.0,1,0
2026-07-15,MARUTI,13368.736862886974,13470.712712466871,13301.4130010284,13447.94140625,456369,-0.0295,1,0.0,0.9316,-0.0295,0.0234,0.0276,0.0324,0.0071666666666666675,0.01842,0.02734999085923246,0,0.006968647994247679,13645.953125,0.014724314507941871,1.0,1,0
2026-07-16,MARUTI,13469.723011363638,13707.336647727274,13448.931818181818,13645.953125,356847,-0.0251,0,0.0,0.0,-0.0251,-0.0295,0.0234,0.0276,-0.0104,0.0057599999999999995,0.03038688861993118,1,0.014724314507941871,13665.75390625,0.0014510368802105322,1.0,1,1
2026-07-17,MARUTI,13613.28089624991,13746.938563231271,13563.778056627181,13665.75390625,237330,0.0376,1,0.0,0.9347,0.0376,-0.0251,-0.0295,0.0234,-0.0056666666666666645,0.0068000000000000005,0.03159169194582814,0,0.0014510368802105322,13379.6279296875,-0.020937445421993273,0.0,0,1
2026-07-20,MARUTI,13686.545545360366,13694.465999958376,13243.990144696587,13379.6279296875,517730,0.032,0,0.0,0.0,0.032,0.0376,-0.0251,-0.0295,0.014833333333333332,0.007680000000000001,0.03236768450167701,1,-0.020937445421993273,13461.802734375,0.006141785490549001,1.0,1,0
2026-07-21,MARUTI,13385.568358369494,13519.22603058694,13215.278583396153,13461.802734375,341101,0.0674,1,0.0,0.908,0.0674,0.032,0.0376,-0.0251,0.04566666666666667,0.01648,0.042198424141193944,0,0.006141785490549001,13410.3193359375,-0.0038244059472091196,0.0,0,1
2026-07-22,MARUTI,13460.81223266196,13582.589218879775,13356.856268817482,13410.3193359375,299404,0.0274,1,0.0,0.9372,0.0274,0.0674,0.032,0.0376,0.04226666666666667,0.027860000000000003,0.0334678651843839,1,-0.0038244059472091196,13269.7314453125,-0.010483560242167123,0.0,0,0
2026-07-23,MARUTI,13406.35928530751,13433.090819219578,13239.0396841542,13269.7314453125,327912,0.0233,0,0.0,0.0,0.0233,0.0274,0.0674,0.032,0.03936666666666667,0.037540000000000004,0.017520787653530122,1,-0.010483560242167123,13308.34375,0.0029098030240197748,1.0,1,0
2026-07-24,MARUTI,13207.357954545456,13360.816761363638,13065.779829545456,13308.34375,223369,0.0198,0,0.0,0.0,0.0198,0.0233,0.0274,0.0674,0.023500000000000004,0.03398,0.01923049661345475,0,0.0029098030240197748,13593.48046875,0.021425409811044238,1.0,1,1
2026-07-27,MARUTI,13443.98188529907,13623.182174071377,13366.757451463493,13593.48046875,333477,0.0168,0,0.0,0.0,0.0168,0.0198,0.0233,0.0274,0.019966666666666667,0.030940000000000002,0.020762177149810074,0,0.021425409811044238,13664.763671875,0.0052439258134715505,1.0,1,0
2026-07-28,MARUTI,13592.489526965068,13710.306283736052,13533.086120189782,13664.763671875,481068,0.0143,0,0.0,0.0,0.0143,0.0168,0.0198,0.0233,0.016966666666666668,0.020319999999999998,0.005193938775158863,0,0.0052439258134715505,13809.3125,0.010578216469452117,1.0,1,0
2026-07-29,MARUTI,13642.982954545456,13840.994318181818,13583.579545454546,13809.3125,515674,0.0122,0,0.0,0.0,0.0122,0.0143,0.0168,0.0198,0.014433333333333333,0.017279999999999997,0.004401931394297241,0,0.010578216469452117,14046.92578125,0.017206742279892717,1.0,1,0
2026-07-30,MARUTI,13800.401639754988,14108.309302425465,13687.535165335583,14046.92578125,626000,0.8901333333333333,3,0.05785104435819056,0.9154333333333332,0.8901,0.0122,0.0143,0.0168,0.3055333333333333,0.19064,0.3910203230012476,0,0.017206742279892717,14092.46875,0.0032422018496596205,1.0,1,0
2026-07-31,MARUTI,14108.30965909091,14205.335227272728,13983.5625,14092.46875,535417,-0.25810833333333333,12,0.8085508321101775,0.9129416666666667,-0.2581,0.8901,0.0122,0.0143,0.21473333333333333,0.13505999999999999,0.4382702282838752,3,0.0032422018496596205,14009.3037109375,-0.005901381832938202,0.0,0,0
2026-08-03,MARUTI,14157.812230841431,14296.420182751766,13762.779567896974,14009.3037109375,961183,-0.5647333333333333,3,0.5305020860782107,0.9119666666666667,-0.5647,-0.2581,0.8901,0.0122,0.022433333333333343,0.01876,0.5423037322386783,12,-0.005901381832938202,14027.125,0.0012721038411485086,1.0,1,1
2026-08-04,MARUTI,13983.5625,14112.269886363638,13875.646306818182,14027.125,619717,-0.48,0,0.0,0.0,-0.48,-0.5647,-0.2581,0.8901,-0.43426666666666663,-0.0801,0.5865680906766069,3,0.0012721038411485086,14048.90625,0.0015527950310558758,1.0,1,1
2026-08-05,MARUTI,14098.409090909092,14107.319602272728,13948.910511363638,14048.90625,312540,-0.408,0,0.0,0.0,-0.408,-0.48,-0.5647,-0.2581,-0.4842333333333333,-0.16414,0.5999862523425017,0,0.0015527950310558758,13940.0,-0.007751937984496138,0.0,0,1
2026-08-06,MARUTI,14039.995738636364,14039.995738636364,13845.944602272728,13940.0,333510,-0.3468,0,0.0,0.0,-0.3468,-0.408,-0.48,-0.5647,-0.41159999999999997,-0.41152,0.11820785506894302,0,-0.007751937984496138,14037.0,0.006958393113343009,1.0,1,1
2026-08-07,MARUTI,13811.0,14038.0,13811.0,14037.0,324104,-0.2948,0,0.0,0.0,-0.2948,-0.3468,-0.408,-0.48,-0.3498666666666666,-0.41886,0.10689816649503507,0,0.006958393113343009,14097.0,0.004274417610600656,1.0,1,0
2026-08-10,MARUTI,14039.0,14119.0,13954.0,14097.0,299446,-0.2506,0,0.0,0.0,-0.2506,-0.2948,-0.3468,-0.408,-0.29740000000000005,-0.35603999999999997,0.09085597393677657,0,0.004274417610600656,13990.0,-0.007590267432787123,0.0,0,0
2026-08-11,MARUTI,14120.0,14175.0,13980.0,13990.0,334931,-0.213,0,0.0,0.0,-0.213,-0.2506,-0.2948,-0.3468,-0.2528,-0.30263999999999996,0.07722660163441225,0,-0.007590267432787123,13875.0,-0.008220157255182325,0.0,0,1
2026-08-12,MARUTI,13990.0,14067.0,13875.0,13875.0,354408,-0.181,0,0.0,0.0,-0.181,-0.213,-0.2506,-0.2948,-0.21486666666666665,-0.25724,0.0656611605136567,0,-0.008220157255182325,13905.0,0.00216216216216214,1.0,1,1
2026-08-13,MARUTI,13884.0,13938.0,13825.0,13905.0,220061,-0.1539,0,0.0,0.0,-0.1539,-0.181,-0.213,-0.2506,-0.18263333333333334,-0.21866,0.055815840045637374,0,0.00216216216216214,13834.0,-0.005106076950737171,0.0,0,1
2026-08-14,MARUTI,13905.0,13943.0,13760.0,13834.0,216810,-0.1308,0,0.0,0.0,-0.1308,-0.1539,-0.181,-0.213,-0.15523333333333333,-0.18586,0.047446053576669235,0,-0.005106076950737171,13760.0,-0.005349139800491565,0.0,0,1
2026-08-17,MARUTI,13834.0,13920.0,13760.0,13760.0,177071,0.6194,1,0.0,0.6298,0.6194,-0.1308,-0.1539,-0.181,0.11156666666666666,-0.011860000000000027,0.354216357612124,0,-0.005349139800491565,13691.0,-0.005014534883720945,0.0,0,1
2026-08-18,MARUTI,13762.0,13890.0,13691.0,13691.0,267433,0.5265,0,0.0,0.0,0.5265,0.6194,-0.1308,-0.1539,0.33836666666666665,0.13604,0.4005867733712635,1,-0.005014534883720945,13690.0,-7.304068366076333e-05,0.0,0,0
2026-08-19,MARUTI,13744.0,13745.0,13628.0,13690.0,175646,0.4475,0,0.0,0.0,0.4475,0.5265,0.6194,-0.1308,0.5311333333333333,0.26174,0.3739550681565902,0,-7.304068366076333e-05,13809.0,0.008692476260043769,1.0,1,0
2026-08-20,MARUTI,13758.0,13826.0,13681.0,13809.0,186272,-0.2192,1,0.0,0.5989,-0.2192,0.4475,0.5265,0.6194,0.2516,0.24867999999999996,0.3927669245239472,0,0.008692476260043769,13565.0,-0.01766963574480407,0.0,0,0
2026-08-21,MARUTI,13809.0,13809.0,13565.0,13565.0,224951,-0.1863,0,0.0,0.0,-0.1863,-0.2192,0.4475,0.5265,0.014000000000000004,0.23757999999999999,0.4067093274071791,1,-0.01766963574480407,13620.0,0.004054552156284474,1.0,1,1
2026-08-24,MARUTI,13623.0,13694.0,13505.0,13620.0,230499,-0.1584,0,0.0,0.0,-0.1584,-0.1863,-0.2192,0.4475,-0.18796666666666664,0.08202,0.3713721139234879,0,0.004054552156284474,13678.0,0.004258443465491979,1.0,1,1
2026-08-25,MARUTI,13609.0,13678.0,13450.0,13678.0,296429,-0.1346,0,0.0,0.0,-0.1346,-0.1584,-0.1863,-0.2192,-0.15976666666666664,-0.0502,0.28000897307050737,0,0.004258443465491979,13520.0,-0.01155139640298286,0.0,0,0
2026-08-26,MARUTI,13750.0,13750.0,13514.0,13520.0,197113,-0.1144,0,0.0,0.0,-0.1144,-0.1346,-0.1584,-0.1863,-0.1358,-0.16258,0.04150339745129478,0,-0.01155139640298286,13440.0,-0.00591715976331364,0.0,0,1
2026-08-27,MARUTI,13520.0,13580.0,13404.0,13440.0,315555,-0.0973,0,0.0,0.0,-0.0973,-0.1144,-0.1346,-0.1584,-0.11543333333333332,-0.1382,0.03526279909479869,0,-0.00591715976331364,13376.0,-0.004761904761904745,0.0,0,1
2026-08-28,MARUTI,13500.0,13525.0,13318.0,13376.0,277509,-0.0827,0,0.0,0.0,-0.0827,-0.0973,-0.1144,-0.1346,-0.09813333333333334,-0.11748,0.029974605919012992,0,-0.004761904761904745,13547.0,0.012784090909090828,1.0,1,1
2026-08-31,MARUTI,13375.0,13547.0,13268.0,13547.0,443131,-0.9306,1,0.0,0.9452,-0.9306,-0.0827,-0.0973,-0.1144,-0.37020000000000003,-0.27192,0.3687224660906902,0,0.012784090909090828,12950.0,-0.04406879751974602,0.0,0,0
2026-09-01,MARUTI,13540.0,13540.0,12851.0,12950.0,915975,-0.72332,5,0.36529412396040534,0.8902599999999999,-0.7233,-0.9306,-0.0827,-0.0973,-0.5788666666666668,-0.38966,0.4060168136912562,1,-0.04406879751974602,12849.0,-0.007799227799227815,0.0,0,1
2026-09-02,MARUTI,12763.0,12888.0,12640.0,12849.0,614156,-0.6148,0,0.0,0.0,-0.6148,-0.7233,-0.9306,-0.0827,-0.7562333333333333,-0.48974,0.3821774888713361,5,-0.007799227799227815,12857.0,0.0006226165460347932,1.0,1,1
2026-09-03,MARUTI,12853.0,12927.0,12780.0,12857.0,362982,-0.5226,0,0.0,0.0,-0.5226,-0.6148,-0.7233,-0.9306,-0.6202333333333333,-0.5748,0.3142980830358344,0,0.0006226165460347932,12694.0,-0.012677918643540509,0.0,0,0
2026-09-04,MARUTI,12880.0,12880.0,12656.0,12694.0,322752,-0.4442,0,0.0,0.0,-0.4442,-0.5226,-0.6148,-0.7233,-0.5272,-0.6471,0.18966459869991628,0,-0.012677918643540509,12760.0,0.005199306759098743,1.0,1,0
2026-09-07,MARUTI,12691.0,12833.0,12618.0,12760.0,413778,0.4821,2,0.39032294321497424,0.6714,0.4821,-0.4442,-0.5226,-0.6148,-0.1615666666666666,-0.36456,0.4846304705649451,0,0.005199306759098743,12641.0,-0.009326018808777481,0.0,0,1
2026-09-08,MARUTI,12758.0,12758.0,12582.0,12641.0,356860,0.4098,0,0.0,0.0,0.4098,0.4821,-0.4442,-0.5226,0.14923333333333336,-0.13794,0.5370341404417414,2,-0.009326018808777481,12618.0,-0.0018194763072542086,0.0,0,0
2026-09-09,MARUTI,12609.0,12692.0,12537.0,12618.0,534832,0.3483,0,0.0,0.0,0.3483,0.4098,0.4821,-0.4442,0.41340000000000005,0.054679999999999986,0.49425302932809617,0,-0.0018194763072542086,12590.0,-0.002219052147725442,0.0,0,0
2026-09-10,MARUTI,12679.0,12693.0,12517.0,12590.0,338613,0.2961,0,0.0,0.0,0.2961,0.3483,0.4098,0.4821,0.3514000000000001,0.21841999999999998,0.3768692439029747,0,-0.002219052147725442,12400.0,-0.015091342335186608,0.0,0,0
2026-09-11,MARUTI,12520.0,12541.0,12381.0,12400.0,514868,0.2517,0,0.0,0.0,0.2517,0.2961,0.3483,0.4098,0.2987,0.3576,0.0912532739138699,0,-0.015091342335186608,12400.0,0.0,0.0,0,0
2026-09-14,MARUTI,12400.0,12400.0,12400.0,12400.0,0,0.2139,0,0.0,0.0,0.2139,0.2517,0.2961,0.3483,0.2539,0.30395999999999995,0.0775754987093206,0,0.0,12231.0,-0.013629032258064555,0.0,0,0
2026-09-15,MARUTI,12470.0,12470.0,12231.0,12231.0,286167,0.1818,0,0.0,0.0,0.1818,0.2139,0.2517,0.2961,0.21580000000000002,0.25836,0.06594693321148315,0,-0.013629032258064555,12166.0,-0.005314365137764732,0.0,0,0
2026-09-16,MARUTI,12231.0,12367.0,12159.0,12166.0,312876,-0.46204999999999996,2,0.6415579825705545,0.9291,-0.462,0.1818,0.2139,0.2517,-0.02209999999999997,0.09629999999999994,0.3150032142693149,0,-0.005314365137764732,12338.0,0.014137760973204072,1.0,1,0
2026-09-17,MARUTI,12165.0,12409.0,12127.0,12338.0,249064,-0.3927,0,0.0,0.0,-0.3927,-0.462,0.1818,0.2139,-0.22429999999999994,-0.04146000000000004,0.35398445304843534,2,0.014137760973204072,12103.0,-0.019046847138920353,0.0,0,1
2026-09-18,MARUTI,12350.0,12458.0,12103.0,12103.0,659773,-0.89245,2,0.05069955621107545,0.90715,-0.8924,-0.3927,-0.462,0.1818,-0.5823666666666666,-0.27028,0.4683970292390848,0,-0.019046847138920353,12153.0,0.004131207138725834,1.0,1,1
2026-09-21,MARUTI,12129.0,12229.0,12129.0,12153.0,339171,-0.7586,0,0.0,0.0,-0.7586,-0.8924,-0.3927,-0.462,-0.6812333333333332,-0.46478,0.4160703089623196,2,0.004131207138725834,12190.0,0.0030445157574261472,1.0,1,0
2026-09-22,MARUTI,12155.0,12275.0,12142.0,12190.0,246724,-0.6448,0,0.0,0.0,-0.6448,-0.7586,-0.8924,-0.3927,-0.7652666666666667,-0.6301,0.2062437877852328,0,0.0030445157574261472,12230.0,0.003281378178835004,1.0,1,0
2026-09-23,MARUTI,12240.0,12255.0,12106.0,12230.0,220483,0.011,1,0.0,0.9454,0.011,-0.6448,-0.7586,-0.8924,-0.46413333333333334,-0.5355000000000001,0.3564238347810092,0,0.003281378178835004,11990.0,-0.019623875715453765,0.0,0,0
2026-09-24,MARUTI,12180.0,12184.0,11975.0,11990.0,393665,-0.952,1,0.0,0.961,-0.952,0.011,-0.6448,-0.7586,-0.5286,-0.6473600000000002,0.38686848928285716,1,-0.019623875715453765,12065.0,0.006255212677231059,1.0,1,0
2026-09-25,MARUTI,11997.0,12098.0,11975.0,12065.0,283642,-0.0232,1,0.0,0.9379,-0.0232,-0.952,0.011,-0.6448,-0.32139999999999996,-0.47352,0.4407658925098449,1,0.006255212677231059,12008.0,-0.0047244094488189115,0.0,0,0
2026-04-02,NTPC,356.1032390273179,357.438787471427,348.23818832243774,355.8064270019531,16551512,0.0,0,0.0,0.0,0.0,0.0,0.0,0.0,0.0,0.0,0.0,0,0.0,362.1875,0.017934113927660533,1.0,1,0
2026-04-06,NTPC,354.9654968921836,362.83054741998933,351.89865070585967,362.1875,11534034,0.034,1,0.0,0.9278,0.034,0.0,0.0,0.0,0.017,0.017,0.024041630560342617,0,0.017934113927660533,364.9081115722656,0.007511610898403687,1.0,1,0
2026-04-07,NTPC,360.9508595127945,365.8479408215277,358.3786396358509,364.9081115722656,12603971,0.0289,0,0.0,0.0,0.0289,0.034,0.0,0.0,0.020966666666666665,0.020966666666666665,0.018335848312345228,1,0.007511610898403687,370.1514587402344,0.014368952077762565,1.0,1,0
2026-04-08,NTPC,369.5084113183961,371.53649092375616,364.3145179866114,370.1514587402344,19491331,0.0246,0,0.0,0.0,0.0246,0.0289,0.034,0.0,0.029166666666666664,0.021875,0.015080975874701655,0,0.014368952077762565,374.6033630371094,0.01202725044506514,1.0,1,0
2026-04-09,NTPC,372.92154904467407,380.0940683257955,372.47634611616763,374.6033630371094,18503665,0.0104,1,0.0,0.9461,0.0104,0.0246,0.0289,0.034,0.0213,0.01958,0.01403253362725349,0,0.01202725044506514,376.08734130859375,0.003961465426933097,1.0,1,0
2026-04-10,NTPC,377.12613810217323,380.34140544105884,368.07389974877594,376.08734130859375,14953758,0.0088,0,0.0,0.0,0.0088,0.0104,0.0246,0.0289,0.014600000000000002,0.02134,0.011236013527937745,1,0.003961465426933097,382.1221618652344,0.01604632725909494,1.0,1,0
2026-04-13,NTPC,370.34934272243123,383.853459685983,370.34934272243123,382.1221618652344,15240045,0.0857,1,0.0,0.8887,0.0857,0.0088,0.0104,0.0246,0.03496666666666667,0.03168,0.0314338511798984,0,0.01604632725909494,388.404296875,0.01644012213031809,1.0,1,0
2026-04-15,NTPC,386.07940524459264,389.739875487484,382.9630752764215,388.404296875,7722460,0.0728,0,0.0,0.0,0.0728,0.0857,0.0088,0.0104,0.055766666666666666,0.040459999999999996,0.03622855227579485,1,0.01644012213031809,386.6235046386719,-0.004584893243086974,0.0,0,0
2026-04-16,NTPC,392.75725725678825,393.004585504431,383.65556566695807,386.6235046386719,9896906,0.0619,0,0.0,0.0,0.0619,0.0728,0.0857,0.0088,0.07346666666666667,0.047920000000000004,0.03598578886171595,0,-0.004584893243086974,389.39361572265625,0.0071648801760597625,1.0,1,1
2026-04-17,NTPC,388.80002186472785,392.01528922111555,384.2986596423602,389.39361572265625,15320653,0.0526,0,0.0,0.0,0.0526,0.0619,0.0728,0.0857,0.062433333333333334,0.05636,0.02931676994486261,0,0.0071648801760597625,393.74658203125,0.011178833275207412,1.0,1,0
2026-04-20,NTPC,388.8000169303549,396.5661301770477,386.4751252946467,393.74658203125,9895187,0.0447,0,0.0,0.0,0.0447,0.0526,0.0619,0.0728,0.05306666666666667,0.06354,0.016233699516746015,0,0.011178833275207412,391.9658203125,-0.004522608703200537,0.0,0,0
2026-04-21,NTPC,394.3401654598922,398.3963547737153,391.4711638154834,391.9658203125,9493644,0.038,0,0.0,0.0,0.038,0.0447,0.0526,0.0619,0.0451,0.05399999999999999,0.013786769019607159,0,-0.004522608703200537,401.0674743652344,0.023220529906097243,1.0,1,1
2026-04-22,NTPC,393.7465643823424,402.8977094088164,388.99787417490865,401.0674743652344,16411131,0.0323,0,0.0,0.0,0.0323,0.038,0.0447,0.0526,0.03833333333333333,0.0459,0.011722840952601876,0,0.023220529906097243,397.951171875,-0.007770020481382867,0.0,0,1
2026-04-23,NTPC,399.68246970167803,401.5621584466409,396.1209367056527,397.951171875,9144699,0.0275,0,0.0,0.0,0.0275,0.0323,0.038,0.0447,0.0326,0.03902,0.00994469707934835,0,-0.007770020481382867,397.5554504394531,-0.0009943969600149094,0.0,0,0
2026-04-24,NTPC,400.42445221194913,400.91910873104973,394.93377692650745,397.5554504394531,6266676,0.0234,0,0.0,0.0,0.0234,0.0275,0.0323,0.038,0.027733333333333332,0.03318,0.00843546086470677,0,-0.0009943969600149094,405.8161926269531,0.020778842746008497,1.0,1,0
2026-04-27,NTPC,399.58350279715404,409.97128898871665,398.2974080119159,405.8161926269531,13001752,0.0198,0,0.0,0.0,0.0198,0.0234,0.0275,0.0323,0.023566666666666666,0.028200000000000003,0.007192704637339103,0,0.020778842746008497,402.50201416015625,-0.008166698438875297,0.0,0,1
2026-04-28,NTPC,409.5755963191683,409.7734710026609,401.6116384673152,402.50201416015625,7726655,0.0169,0,0.0,0.0,0.0169,0.0198,0.0234,0.0275,0.020033333333333334,0.023979999999999998,0.0061144909845382385,0,-0.008166698438875297,397.01129150390625,-0.013641478708390387,0.0,0,0
2026-04-29,NTPC,405.12367011265115,405.6183266085152,395.3789311058422,397.01129150390625,11920835,0.0143,0,0.0,0.0,0.0143,0.0169,0.0198,0.0234,0.017,0.020380000000000002,0.0052256100122377415,0,-0.013641478708390387,394.88427734375,-0.005357565907254114,0.0,0,0
2026-04-30,NTPC,395.72519943082784,396.0219812538263,388.9483993522876,394.88427734375,7706357,0.0122,0,0.0,0.0,0.0122,0.0143,0.0169,0.0198,0.014466666666666668,0.017320000000000002,0.004433621544516321,0,-0.005357565907254114,394.88427734375,0.0,0.0,0,0
2026-05-01,NTPC,394.88427734375,394.88427734375,394.88427734375,394.88427734375,0,0.0104,0,0.0,0.0,0.0104,0.0122,0.0143,0.0169,0.0123,0.01472,0.0037332291652133094,0,0.0,395.774658203125,0.0022547893407260933,1.0,1,1
2026-05-04,NTPC,395.7252046291212,400.47389500809584,393.004593847296,395.774658203125,6333200,0.0088,0,0.0,0.0,0.0088,0.0104,0.0122,0.0143,0.010466666666666666,0.01252,0.0031932741817763204,0,0.0022547893407260933,394.3896179199219,-0.003499567884137411,0.0,0,0
2026-05-05,NTPC,394.0433523347002,396.219852992005,390.33342861754664,394.3896179199219,6791514,0.0075,0,0.0,0.0,0.0075,0.0088,0.0104,0.0122,0.0089,0.01064,0.0026987033923718275,0,-0.003499567884137411,390.6302490234375,-0.00953211931975273,0.0,0,0
2026-05-06,NTPC,395.7252049995189,398.69314403701526,387.4644353068665,390.6302490234375,11120409,0.0064,0,0.0,0.0,0.0064,0.0075,0.0088,0.0104,0.007566666666666667,0.009060000000000002,0.002303909720453297,0,-0.00953211931975273,396.07147216796875,0.01392934407443902,1.0,1,0
2026-05-07,NTPC,392.50993927051593,399.18780213145095,388.9484063730631,396.07147216796875,9700378,0.0054,0,0.0,0.0,0.0054,0.0064,0.0075,0.0088,0.0064333333333333334,0.0077,0.001969771560359011,0,0.01392934407443902,397.85223388671875,0.004496061554251085,1.0,1,1
2026-05-08,NTPC,393.74659079983223,400.77071943781533,392.9056686756656,397.85223388671875,4740939,0.0046,0,0.0,0.0,0.0046,0.0054,0.0064,0.0075,0.005466666666666667,0.00654,0.0016667333319998008,0,0.004496061554251085,388.75054931640625,-0.02287704779585087,0.0,0,0
2026-05-11,NTPC,397.60488241237664,400.6717587024605,386.8213769201532,388.75054931640625,10088836,0.0039,0,0.0,0.0,0.0039,0.0046,0.0054,0.0064,0.004633333333333334,0.00556,0.001429335509948293,0,-0.02287704779585087,388.50323486328125,-0.000636177758616352,0.0,0,1
2026-05-12,NTPC,388.0085783534943,395.5768169149478,387.068718908324,388.50323486328125,10247516,0.0033,0,0.0,0.0,0.0033,0.0039,0.0046,0.0054,0.003933333333333334,0.00472,0.0012235195135342706,0,-0.000636177758616352,386.27728271484375,-0.005729558852247019,0.0,0,0
2026-05-13,NTPC,387.81070582712596,389.83878545194284,381.67695299512195,386.27728271484375,12322076,0.0028,0,0.0,0.0,0.0028,0.0033,0.0039,0.0046,0.0033333333333333335,0.004,0.0010319883720270931,0,-0.005729558852247019,392.0647277832031,0.014982618257237235,1.0,1,0
2026-05-14,NTPC,389.49253814973764,394.2906820216197,387.0192556626081,392.0647277832031,7363948,0.0024,0,0.0,0.0,0.0024,0.0028,0.0033,0.0039,0.0028333333333333335,0.0033999999999999994,0.000874642784226294,0,0.014982618257237235,391.0259704589844,-0.0026494536504011457,0.0,0,0
2026-05-15,NTPC,391.76795522266366,393.74658125914175,388.30535965882694,391.0259704589844,7107857,0.002,0,0.0,0.0,0.002,0.0024,0.0028,0.0033,0.0024,0.0028799999999999997,0.0007463243262812203,0,-0.0026494536504011457,384.1502380371094,-0.017583825477894166,0.0,0,0
2026-05-18,NTPC,388.80002136151944,389.64094347654304,380.78657976845244,384.1502380371094,7632596,0.0017,0,0.0,0.0,0.0017,0.002,0.0024,0.0028,0.002033333333333333,0.00244,0.0006348228099234562,0,-0.017583825477894166,385.23846435546875,0.0028328143799152272,1.0,1,0
2026-05-19,NTPC,382.56733745219174,388.552668842187,381.9242598687504,385.23846435546875,6693518,0.0332,1,0.0,0.9334,0.0332,0.0017,0.002,0.0024,0.0123,0.00842,0.013858643512263354,0,0.0028328143799152272,388.2558898925781,0.007832617498768624,1.0,1,0
2026-05-20,NTPC,381.9737464504646,389.14626553357334,379.8961831605183,388.2558898925781,5386249,0.1065,1,0.0,0.8581,0.1065,0.0332,0.0017,0.002,0.04713333333333333,0.02916,0.04529241658379468,1,0.007832617498768624,384.6448974609375,-0.009300547720318408,0.0,0,1
2026-05-21,NTPC,389.29468082050215,391.32276047374154,383.705068188813,384.6448974609375,10596954,0.0905,0,0.0,0.0,0.0905,0.1065,0.0332,0.0017,0.07673333333333333,0.04678,0.04924375087257265,1,-0.009300547720318408,384.4964904785156,-0.00038582854836111125,0.0,0,1
2026-05-22,NTPC,385.78261549025615,387.31603855995974,383.309332996259,384.4964904785156,11755213,0.0769,0,0.0,0.0,0.0769,0.0905,0.1065,0.0332,0.0913,0.061759999999999995,0.043242779744137635,0,-0.00038582854836111125,385.88153076171875,0.0036022182711716866,1.0,1,0
2026-05-25,NTPC,387.761249649884,388.6021415623989,382.3200280485236,385.88153076171875,10489850,0.0139,2,0.008768124086713189,0.9461999999999999,0.0139,0.0769,0.0905,0.1065,0.06043333333333333,0.06420000000000001,0.03915788554046298,0,0.0036022182711716866,385.5352783203125,-0.0008973024459677514,0.0,0,0
2026-05-26,NTPC,386.57404486718156,388.0580143292437,384.84274716144245,385.5352783203125,9062218,0.0118,0,0.0,0.0,0.0118,0.0139,0.0769,0.0905,0.0342,0.059919999999999994,0.044233833204912275,2,-0.0008973024459677514,393.89495849609375,0.02168330797690543,1.0,1,0
2026-05-27,NTPC,386.17832929835413,398.7920698429061,386.17832929835413,393.89495849609375,14418621,0.01,0,0.0,0.0,0.01,0.0118,0.0139,0.0769,0.011899999999999999,0.04062,0.03964337271222012,0,0.02168330797690543,393.89495849609375,0.0,0.0,0,0
2026-05-28,NTPC,393.89495849609375,393.89495849609375,393.89495849609375,393.89495849609375,0,0.0085,0,0.0,0.0,0.0085,0.01,0.0118,0.0139,0.0101,0.02422,0.029518079205801965,0,0.0,382.76519775390625,-0.028255656748391367,0.0,0,0
2026-05-29,NTPC,395.72520423075076,397.3575646599152,380.9844464114427,382.76519775390625,17003143,0.0073,0,0.0,0.0,0.0073,0.0085,0.01,0.0118,0.008600000000000002,0.0103,0.002623928352679986,0,-0.028255656748391367,374.6528625488281,-0.021194025090791713,0.0,0,0
2026-06-01,NTPC,382.76521141012705,384.84277484474876,372.4763617713314,374.6528625488281,18408900,0.0062,0,0.0,0.0,0.0062,0.0073,0.0085,0.01,0.007333333333333333,0.00876,0.002209751117207061,0,-0.021194025090791713,363.4736022949219,-0.02983898261940887,0.0,0,1
2026-06-02,NTPC,371.9322468421442,373.4656699667571,359.17008456297765,363.4736022949219,17496468,0.0052,0,0.0,0.0,0.0052,0.0062,0.0073,0.0085,0.006233333333333334,0.0074399999999999996,0.0018875910574056582,0,-0.02983898261940887,362.8800048828125,-0.0016331238592334207,0.0,0,0
2026-06-03,NTPC,364.11664616198163,367.5297881690634,359.813158663623,362.8800048828125,10825715,0.0045,0,0.0,0.0,0.0045,0.0052,0.0062,0.0073,0.005299999999999999,0.00634,0.0016040573555823289,0,-0.0016331238592334207,362.4842834472656,-0.0010905021776403956,0.0,0,0
2026-06-04,NTPC,362.88000261584017,364.8586286501499,360.45620383867305,362.4842834472656,14363519,0.0038,0,0.0,0.0,0.0038,0.0045,0.0052,0.0062,0.0045,0.0054,0.001383835250308988,0,-0.0010905021776403956,357.7850341796875,-0.012964008323030574,0.0,0,1
2026-06-05,NTPC,362.0390981204508,364.56183414993416,354.8170952313841,357.7850341796875,10277061,0.0032,0,0.0,0.0,0.0032,0.0038,0.0045,0.0052,0.003833333333333333,0.004579999999999999,0.0011755849607738736,0,-0.012964008323030574,358.52703857421875,0.002073883264101628,1.0,1,0
2026-06-08,NTPC,355.11392671139623,361.4455241099741,351.3545190558946,358.52703857421875,14933986,0.0027,0,0.0,0.0,0.0027,0.0032,0.0038,0.0045,0.0032333333333333333,0.00388,0.0009984988733081697,0,0.002073883264101628,351.8491516113281,-0.01862589496582201,0.0,0,0
2026-06-09,NTPC,358.9227333059097,359.8131391317271,351.20610421935453,351.8491516113281,14246656,0.0023,0,0.0,0.0,0.0023,0.0027,0.0032,0.0038,0.0027333333333333337,0.0033,0.0008746427842254593,0,-0.01862589496582201,347.89190673828125,-0.01124699279485053,0.0,0,0
2026-06-10,NTPC,355.16336324978846,355.16336324978846,347.34779667060127,347.89190673828125,14939921,0.002,0,0.0,0.0,0.002,0.0023,0.0027,0.0032,0.0023333333333333335,0.0027999999999999995,0.0007176350047187258,0,-0.01124699279485053,348.08978271484375,0.0005687858002150215,1.0,1,0
2026-06-11,NTPC,348.2381736255446,349.57375220472534,345.0723599705559,348.08978271484375,15079402,0.0017,0,0.0,0.0,0.0017,0.002,0.0023,0.0027,0.002,0.0023799999999999997,0.0005890670589989145,0,0.0005687858002150215,350.11785888671875,0.005826301927214006,1.0,1,0
2026-06-12,NTPC,353.1847351744197,353.1847351744197,345.96276247011673,350.11785888671875,8740239,0.0014,0,0.0,0.0,0.0014,0.0017,0.002,0.0023,0.0017000000000000001,0.00202,0.0005069516742231131,0,0.005826301927214006,344.3798522949219,-0.016388785793567395,0.0,0,0
2026-06-15,NTPC,353.58045087674077,354.17404469944046,343.24214841308515,344.3798522949219,17190759,0.0012,0,0.0,0.0,0.0012,0.0014,0.0017,0.002,0.0014333333333333333,0.00172,0.0004438468204207464,0,-0.016388785793567395,351.7502136230469,0.021401836602836788,1.0,1,0
2026-06-16,NTPC,346.01221048640843,352.39329120526247,344.77556927666427,351.7502136230469,14555184,0.001,0,0.0,0.0,0.001,0.0012,0.0014,0.0017,0.0012,0.00146,0.00039749213828401276,0,0.021401836602836788,351.7502136230469,0.0,0.0,0,0
2026-06-17,NTPC,351.7502136230469,352.2448701069445,348.2876182357633,351.7502136230469,9299676,0.0009,0,0.0,0.0,0.0009,0.001,0.0012,0.0014,0.0010333333333333334,0.00124,0.00032093613071386743,0,0.0,358.08184814453125,0.018000371503028134,1.0,1,0
2026-06-18,NTPC,353.1847367765176,359.6647247724534,350.266251384843,358.08184814453125,12260776,0.0007,0,0.0,0.0,0.0007,0.0009,0.001,0.0012,0.0008666666666666666,0.00104,0.00027018512171764973,0,0.018000371503028134,361.89068603515625,0.0106367801394045,1.0,1,0
2026-06-19,NTPC,358.0818551097652,364.06718672804,356.1032290949389,361.89068603515625,17465450,0.0006,0,0.0,0.0,0.0006,0.0007,0.0009,0.001,0.0007333333333333332,0.0008799999999999999,0.00023874672772118845,0,0.0106367801394045,363.1273193359375,0.0034171459739118504,1.0,1,0
2026-06-22,NTPC,361.89067810377395,364.56183524182177,360.1593803787449,363.1273193359375,11946682,0.0005,0,0.0,0.0,0.0005,0.0006,0.0007,0.0009,0.0006,0.00074,0.00020736441352741826,0,0.0034171459739118504,360.7035217285156,-0.006674787267050952,0.0,0,0
2026-06-23,NTPC,363.91878894188164,365.30382108781356,358.03236458237546,360.7035217285156,11696171,0.0005,0,0.0,0.0,0.0005,0.0005,0.0006,0.0007,0.0005333333333333333,0.00064,0.00016733200529954348,0,-0.006674787267050952,353.23419189453125,-0.020707670937591183,0.0,0,0
2026-06-24,NTPC,358.9722253658766,360.15938284201127,351.70076883273526,353.23419189453125,12770898,0.0004,0,0.0,0.0,0.0004,0.0005,0.0005,0.0006,0.00046666666666666666,0.00054,0.00011401754249922588,0,-0.020707670937591183,348.2876281738281,-0.014003637909945188,0.0,0,0
2026-06-25,NTPC,352.64062950948494,355.1633655727726,347.6940645293628,348.2876281738281,19767157,0.0003,0,0.0,0.0,0.0003,0.0004,0.0005,0.0005,0.0004,0.00046,0.00011401754249921305,0,-0.014003637909945188,348.2876281738281,0.0,0.0,0,0
2026-06-26,NTPC,348.2876281738281,348.2876281738281,348.2876281738281,348.2876281738281,0,0.0003,0,0.0,0.0,0.0003,0.0003,0.0004,0.0005,0.0003333333333333333,0.0004,9.999999998778828e-05,0,0.0,352.29437255859375,0.011504124926211556,1.0,1,0
2026-06-29,NTPC,348.2381831371744,354.0751239185157,347.79298020147525,352.29437255859375,49895302,0.0002,0,0.0,0.0,0.0002,0.0003,0.0003,0.0004,0.0002666666666666667,0.00033999999999999997,0.00011401754249919376,0,0.011504124926211556,352.8384704589844,0.0015444410776108697,1.0,1,0
2026-06-30,NTPC,350.9587818236566,354.52031461195133,349.1285467610599,352.8384704589844,10291360,0.0002,0,0.0,0.0,0.0002,0.0002,0.0003,0.0003,0.00023333333333333333,0.00028,8.366600263878545e-05,0,0.0015444410776108697,354.0751037597656,0.0035048142544451544,1.0,1,0
2026-07-01,NTPC,354.1740410944479,356.9935890799953,350.46411747963174,354.0751037597656,6915166,0.0002,0,0.0,0.0,0.0002,0.0002,0.0002,0.0003,0.0002,0.00024000000000000003,5.4772255728167595e-05,0,0.0035048142544451544,354.42138671875,0.0009779929605537863,1.0,1,0
2026-07-02,NTPC,356.1032309165304,356.1032309165304,348.5349622179558,354.42138671875,6513560,0.0001,0,0.0,0.0,0.0001,0.0002,0.0002,0.0002,0.00016666666666666666,0.0002,7.071067810133292e-05,0,0.0009779929605537863,352.640625,-0.005024419477719366,0.0,0,0
2026-07-03,NTPC,354.4213762934975,356.30106492361955,351.65131201662666,352.640625,6588714,0.0001,0,0.0,0.0,0.0001,0.0001,0.0002,0.0002,0.00013333333333333334,0.00016000000000000004,5.477225572814087e-05,0,-0.005024419477719366,352.4427490234375,-0.0005611264344898004,0.0,0,0
2026-07-06,NTPC,352.1954207785088,355.55907887125227,350.8598422176064,352.4427490234375,6204261,0.0001,0,0.0,0.0,0.0001,0.0001,0.0001,0.0002,0.0001,0.00014,5.477225572813419e-05,0,-0.0005611264344898004,350.4146728515625,-0.005754342166194304,0.0,0,0
2026-07-07,NTPC,351.9975494811349,353.33312805484354,348.78228226623173,350.4146728515625,8149003,0.0001,0,0.0,0.0,0.0001,0.0001,0.0001,0.0001,0.0001,0.00012000000000000002,4.472135952257486e-05,0,-0.005754342166194304,344.97344970703125,-0.01552795463800738,0.0,0,0
2026-07-08,NTPC,348.1887169060533,349.227483463009,343.8357156219206,344.97344970703125,9572223,0.0001,0,0.0,0.0,0.0001,0.0001,0.0001,0.0001,0.0001,0.0001,0.0,0,-0.01552795463800738,340.0268859863281,-0.014338969346493147,0.0,0,0
2026-07-09,NTPC,345.27023274513823,347.24885872075504,339.4332921553558,340.0268859863281,17821421,0.0001,0,0.0,0.0,0.0001,0.0001,0.0001,0.0001,0.0001,0.0001,0.0,0,-0.014338969346493147,340.8677978515625,0.0024730746299519435,1.0,1,0
2026-07-10,NTPC,340.81834427584806,345.0723782961847,339.53224939289186,340.8677978515625,13016441,0.0001,0,0.0,0.0,0.0001,0.0001,0.0001,0.0001,0.0001,0.0001,0.0,0,0.0024730746299519435,347.9908447265625,0.020896801985683222,1.0,1,0
2026-07-13,NTPC,341.36243560757714,351.2061119486274,340.0268872223302,347.9908447265625,8226337,0.0,0,0.0,0.0,0.0,0.0001,0.0001,0.0001,6.666666666666668e-05,8e-05,4.472135952255852e-05,0,0.020896801985683222,344.4293212890625,-0.010234532004135044,0.0,0,0
2026-07-14,NTPC,344.7755868837612,350.1673549101683,343.7862738654434,344.4293212890625,8579646,0.0,0,0.0,0.0,0.0,0.0,0.0001,0.0001,3.3333333333333335e-05,6.000000000000001e-05,5.47722557281075e-05,0,-0.010234532004135044,340.6699523925781,-0.010914776019691153,0.0,0,0
2026-07-15,NTPC,343.78628243971525,344.7261419071329,339.3838273218257,340.6699523925781,11352533,0.2932,1,0.0,0.4362,0.2932,0.0,0.0,0.0001,0.09773333333333334,0.058679999999999996,0.13110067505547027,0,-0.010914776019691153,338.7902526855469,-0.0055176562941047225,0.0,0,0
2026-07-16,NTPC,340.52155045475615,342.3517553719133,338.4439870934176,338.7902526855469,10347549,0.0509,2,0.0626496608131281,0.9157,0.0509,0.2932,0.0,0.0,0.11470000000000001,0.06884,0.12734042170497162,1,-0.0055176562941047225,338.1966552734375,-0.0017521088856718992,0.0,0,0
2026-07-17,NTPC,338.8397026855022,340.2247348479731,336.61374843428354,338.1966552734375,7612446,0.0433,0,0.0,0.0,0.0433,0.0509,0.2932,0.0,0.12913333333333335,0.07748000000000001,0.12289852318071201,2,-0.0017521088856718992,343.5389404296875,0.015796386726328437,1.0,1,0
2026-07-20,NTPC,339.3343601652493,345.5670200100771,337.45467149708196,343.5389404296875,14463484,0.356,1,0.0,0.5105,0.356,0.0433,0.0509,0.2932,0.15006666666666665,0.14868,0.16327831148073527,0,0.015796386726328437,344.8250427246094,0.0037436870862828098,1.0,1,0
2026-07-21,NTPC,343.4894942942517,345.4186365777892,340.4720714536867,344.8250427246094,8575793,0.3026,0,0.0,0.0,0.3026,0.356,0.0433,0.0509,0.23396666666666666,0.2092,0.1499262318608722,1,0.0037436870862828098,346.75421142578125,0.005594630499944797,1.0,1,0
2026-07-22,NTPC,343.6873350439277,347.1004770189875,341.95603726933393,346.75421142578125,7035952,-0.1479,1,0.0,0.4609,-0.1479,0.3026,0.356,0.0433,0.17023333333333332,0.12098,0.20703989229131664,0,0.005594630499944797,344.87451171875,-0.005420841752151517,0.0,0,0
2026-07-23,NTPC,344.825027954766,346.9520750201726,343.3905422450819,344.87451171875,6863144,0.0723,1,0.0,0.8984,0.0723,-0.1479,0.3026,0.356,0.07566666666666666,0.12526,0.20544403860905772,1,-0.005420841752151517,343.489501953125,-0.004015981809506686,0.0,0,0
2026-07-24,NTPC,344.2314867382846,346.25956640781226,341.4119385163905,343.489501953125,6300466,0.6306333333333333,6,0.45151384770200204,0.9327333333333333,0.6306,0.0723,-0.1479,0.3026,0.18500000000000003,0.24272,0.29516767607581973,1,-0.004015981809506686,347.0509948730469,0.01036856410362108,1.0,1,0
2026-07-27,NTPC,349.227495590697,349.227495590697,344.0830558170353,347.0509948730469,12350753,0.10298333333333336,6,0.40251844885255467,0.8069166666666666,0.103,0.6306,0.0723,-0.1479,0.26863333333333334,0.19212,0.2925676622595191,6,0.01036856410362108,340.07635498046875,-0.020096873357557943,0.0,0,0
2026-07-28,NTPC,346.21010785960067,346.2595614346591,338.44399451485003,340.07635498046875,12409670,0.3841,1,0.0,0.4799,0.3841,0.103,0.6306,0.0723,0.3725666666666667,0.20842,0.3023679000820028,6,-0.020096873357557943,339.8290100097656,-0.0007273218707526397,0.0,0,0
2026-07-29,NTPC,340.02688468314346,341.6592450684839,337.5041184590389,339.8290100097656,8471125,0.3265,0,0.0,0.0,0.3265,0.3841,0.103,0.6306,0.2712,0.3033,0.2278559084158233,1,-0.0007273218707526397,341.1645812988281,0.003930127357355762,1.0,1,0
2026-07-30,NTPC,339.8290027606085,343.9346455184102,338.19664241008917,341.1645812988281,9943764,0.2775,0,0.0,0.0,0.2775,0.3265,0.3841,0.103,0.32936666666666664,0.34434,0.19141348698563548,0,0.003930127357355762,343.5389404296875,0.006959571013556154,1.0,1,0
2026-07-31,NTPC,340.42261050727365,344.5282534330847,339.87847024054304,343.5389404296875,8519119,0.2359,0,0.0,0.0,0.2359,0.2775,0.3265,0.3841,0.2799666666666667,0.26539999999999997,0.1063171199760417,0,0.006959571013556154,347.1499328613281,0.010511159017734917,1.0,1,0
2026-08-03,NTPC,343.5389463747265,347.1499328613281,341.60977390814224,347.1499328613281,5460220,0.9304,1,0.0,0.9497,0.9304,0.2359,0.2775,0.3265,0.4812666666666667,0.43088,0.28466928531192126,0,0.010511159017734917,339.9774169921875,-0.02066114721677259,0.0,0,0
2026-08-04,NTPC,344.2809347144051,345.2207941702293,337.9493373556461,339.9774169921875,7201524,0.7908,0,0.0,0.0,0.7908,0.9304,0.2359,0.2775,0.6523666666666667,0.5122199999999999,0.3234267567780996,1,-0.02066114721677259,346.1606140136719,0.018187081589676524,1.0,1,0
2026-08-05,NTPC,339.7795632536122,346.1606140136719,339.08703207433274,346.1606140136719,18554536,0.6722,0,0.0,0.0,0.6722,0.7908,0.9304,0.2359,0.7978,0.58136,0.3104913251606235,0,0.018187081589676524,341.31298828125,-0.01400397831577227,0.0,0,1
2026-08-06,NTPC,343.7862708050272,345.5175685716712,339.43329960146673,341.31298828125,10079779,0.5714,0,0.0,0.0,0.5714,0.6722,0.7908,0.9304,0.6781333333333333,0.6401399999999999,0.26273195085485895,0,-0.01400397831577227,338.8396911621094,-0.007246419573996854,0.0,0,1
2026-08-07,NTPC,341.312973579351,343.2915995131444,338.8396911621094,338.8396911621094,7012048,0.4857,0,0.0,0.0,0.4857,0.5714,0.6722,0.7908,0.5764333333333334,0.6900999999999999,0.1761207256401132,0,-0.007246419573996854,336.8116149902344,-0.005985355980343887,0.0,0,1
2026-08-10,NTPC,338.8396945158717,340.02688216447257,333.5468640523001,336.8116149902344,8818488,0.4128,0,0.0,0.0,0.4128,0.4857,0.5714,0.6722,0.4899666666666667,0.58658,0.14970244486981507,0,-0.005985355980343887,334.8330078125,-0.00587452180885073,0.0,0,0
2026-08-11,NTPC,335.97071176120113,336.76215011035725,332.45863238215605,334.8330078125,10043994,0.3509,0,0.0,0.0,0.3509,0.4128,0.4857,0.5714,0.4164666666666667,0.49860000000000004,0.12725971475687045,0,-0.00587452180885073,335.82232666015625,0.002954663442889194,1.0,1,1
2026-08-12,NTPC,334.83301361086006,337.70201541553126,331.7661371197543,335.82232666015625,10152704,0.2983,0,0.0,0.0,0.2983,0.3509,0.4128,0.4857,0.35400000000000004,0.42382,0.10817003744105867,0,0.002954663442889194,340.5710144042969,0.014140476576907757,1.0,1,0
2026-08-13,NTPC,334.4372614728004,340.5710144042969,334.3878078973198,340.5710144042969,9672695,0.2535,0,0.0,0.0,0.2535,0.2983,0.3509,0.4128,0.3009,0.36024,0.09195106307161453,0,0.014140476576907757,336.3664245605469,-0.012345706668855483,0.0,0,0
2026-08-14,NTPC,339.97741102121824,339.97741102121824,333.8931420270134,336.3664245605469,7507624,0.2155,0,0.0,0.0,0.2155,0.2535,0.2983,0.3509,0.2557666666666667,0.30619999999999997,0.07814704089087467,0,-0.012345706668855483,333.3984680175781,-0.00882358144647255,0.0,0,0
2026-08-17,NTPC,336.3664069020076,336.6631887138763,332.1123732442329,333.3984680175781,7839848,0.1832,0,0.0,0.0,0.1832,0.2155,0.2535,0.2983,0.2174,0.26027999999999996,0.06642674160306253,0,-0.00882358144647255,333.4974060058594,0.0002967559775230999,1.0,1,0
2026-08-18,NTPC,333.3984686712306,335.67387641051346,330.33159244635357,333.4974060058594,9943991,0.1557,0,0.0,0.0,0.1557,0.1832,0.2155,0.2535,0.1848,0.22123999999999996,0.05646776071352609,0,0.0002967559775230999,332.9532775878906,-0.0016315821597701063,0.0,0,0
2026-08-19,NTPC,332.7059493382513,335.2287155994345,330.0348223570086,332.9532775878906,7502595,0.1323,0,0.0,0.0,0.1323,0.1557,0.1832,0.2155,0.15706666666666666,0.18803999999999998,0.0479982082998943,0,-0.0016315821597701063,333.89312744140625,0.002822767988122754,1.0,1,0
2026-08-20,NTPC,333.4974082916147,335.92120695373524,330.82625119550914,333.89312744140625,4185077,0.1125,0,0.0,0.0,0.1125,0.1323,0.1557,0.1832,0.1335,0.15984,0.04080561235908661,0,0.002822767988122754,336.3664245605469,0.0074074514144488735,1.0,1,0
2026-08-21,NTPC,333.3984855203068,339.1859726870624,333.3984855203068,336.3664245605469,6534716,0.0956,0,0.0,0.0,0.0956,0.1125,0.1323,0.1557,0.11346666666666667,0.13586,0.0346912524997303,0,0.0074074514144488735,335.87176513671875,-0.001470596907745425,0.0,0,0
2026-08-24,NTPC,337.0589528190787,338.39450122243744,333.8436855534105,335.87176513671875,5401943,0.0813,0,0.0,0.0,0.0813,0.0956,0.1125,0.1323,0.09646666666666666,0.11548,0.029465776758810305,0,-0.001470596907745425,336.218017578125,0.0010309066654212717,1.0,1,0
2026-08-25,NTPC,335.37709551862594,337.1578467810886,332.06289104379783,336.218017578125,5260835,0.0691,0,0.0,0.0,0.0691,0.0813,0.0956,0.1125,0.082,0.09816,0.025032339083674287,0,0.0010309066654212717,331.0241394042969,-0.015447947172019916,0.0,0,0
2026-08-26,NTPC,337.8998467135045,340.76887859756096,331.0241394042969,331.0241394042969,5903358,-0.8757,1,0.0,0.8892,-0.8757,0.0691,0.0813,0.0956,-0.24176666666666669,-0.10344,0.43201025219316275,0,-0.015447947172019916,327.3636779785156,-0.011057989403336355,0.0,0,0
2026-08-27,NTPC,331.41986746941393,332.3597269313501,324.8903953854603,327.3636779785156,12911842,-0.7443,0,0.0,0.0,-0.7443,-0.8757,0.0691,0.0813,-0.5169666666666667,-0.27480000000000004,0.4908619052238624,1,-0.011057989403336355,326.5227355957031,-0.0025688322785391016,0.0,0,0
2026-08-28,NTPC,325.9786255355717,329.5401582868424,325.2860943759172,326.5227355957031,7332490,-0.6327,0,0.0,0.0,-0.6327,-0.7443,-0.8757,0.0691,-0.7509,-0.42046,0.4605957316345866,0,-0.0025688322785391016,323.90106201171875,-0.008029069030067504,0.0,0,0
2026-08-31,NTPC,326.57221912108184,326.91848470065645,320.04274744708897,323.90106201171875,18400774,-0.8395,1,0.0,0.853,-0.8395,-0.6327,-0.7443,-0.8757,-0.7388333333333333,-0.60462,0.38821727421638536,0,-0.008029069030067504,324.0,0.0003054574371159635,1.0,1,0
2026-09-01,NTPC,323.90106266400284,324.7419847328244,321.57617112953244,324.0,7377499,0.011,1,0.0,0.9474,0.011,-0.8395,-0.6327,-0.7443,-0.4870666666666667,-0.61624,0.363065018970432,1,0.0003054574371159635,330.0,0.0185185185185186,1.0,1,1
2026-09-02,NTPC,324.0,331.1000061035156,321.0,330.0,11993091,0.0093,0,0.0,0.0,0.0093,0.011,-0.8395,-0.6327,-0.2730666666666667,-0.43924,0.416713520299018,1,0.0185185185185186,330.8999938964844,0.0027272542317708925,1.0,1,0
2026-09-03,NTPC,330.45001220703125,332.70001220703125,329.1000061035156,330.8999938964844,8100926,0.0041,1,0.0,0.9535,0.0041,0.0093,0.011,-0.8395,0.008133333333333333,-0.28956000000000004,0.414146372675169,0,0.0027272542317708925,332.5,0.004835316207398188,1.0,1,0
2026-09-04,NTPC,332.75,334.04998779296875,329.79998779296875,332.5,7032282,0.5478,1,0.0,0.5806,0.5478,0.0041,0.0093,0.011,0.18706666666666663,-0.05346000000000002,0.4976895447967537,1,0.004835316207398188,332.0,-0.0015037593984962294,0.0,0,1
2026-09-07,NTPC,332.5,333.79998779296875,330.3500061035156,332.0,5245813,0.4656,0,0.0,0.0,0.4656,0.5478,0.0041,0.0093,0.33916666666666667,0.20755999999999997,0.2746300839310941,1,-0.0015037593984962294,330.79998779296875,-0.003614494599491702,0.0,0,0
2026-09-08,NTPC,330.0,333.20001220703125,328.6499938964844,330.79998779296875,7351373,0.0387,1,0.0,0.9046,0.0387,0.4656,0.5478,0.0041,0.3507,0.2131,0.2699125506529843,0,-0.003614494599491702,334.5,0.011185043360240066,1.0,1,0
2026-09-09,NTPC,331.1000061035156,337.5,330.8999938964844,334.5,11795145,0.0329,0,0.0,0.0,0.0329,0.0387,0.4656,0.5478,0.17906666666666668,0.21781999999999999,0.26563007548092105,1,0.011185043360240066,335.0,0.001494768310911887,1.0,1,1
2026-09-10,NTPC,335.6499938964844,335.70001220703125,333.1000061035156,335.0,6905905,0.028,0,0.0,0.0,0.028,0.0329,0.0387,0.4656,0.0332,0.2226,0.26099736588709055,0,0.001494768310911887,333.3999938964844,-0.004776137622434673,0.0,0,1
2026-09-11,NTPC,333.0,336.25,331.6000061035156,333.3999938964844,4968535,0.0238,0,0.0,0.0,0.0238,0.028,0.0329,0.0387,0.028233333333333333,0.11779999999999999,0.19450559117927654,0,-0.004776137622434673,333.3999938964844,0.0,0.0,0,0
2026-09-14,NTPC,333.3999938964844,333.3999938964844,333.3999938964844,333.3999938964844,0,0.0202,0,0.0,0.0,0.0202,0.0238,0.028,0.0329,0.024000000000000004,0.028720000000000002,0.0073209971998275955,0,0.0,329.5,-0.011697642375168349,0.0,0,1
2026-09-15,NTPC,333.0,333.29998779296875,326.3999938964844,329.5,8445501,0.0172,0,0.0,0.0,0.0172,0.0202,0.0238,0.028,0.0204,0.02442,0.006225913587569696,0,-0.011697642375168349,327.0,-0.007587253414264028,0.0,0,0
2026-09-16,NTPC,329.5,329.95001220703125,326.54998779296875,327.0,6556304,0.0146,0,0.0,0.0,0.0146,0.0172,0.0202,0.0238,0.017333333333333336,0.02076,0.005305468876535439,0,-0.007587253414264028,329.6000061035156,0.007951089001576817,1.0,1,0
2026-09-17,NTPC,327.79998779296875,331.29998779296875,327.20001220703125,329.6000061035156,5589949,0.0072,1,0.0,0.9376,0.0072,0.0146,0.0172,0.0202,0.013,0.0166,0.006275348595885938,0,0.007951089001576817,323.6499938964844,-0.01805222116762506,0.0,0,0
2026-09-18,NTPC,329.79998779296875,330.8500061035156,323.6499938964844,323.6499938964844,9448827,0.0061,0,0.0,0.0,0.0061,0.0072,0.0146,0.0172,0.009300000000000001,0.013059999999999999,0.006190153471432579,1,-0.01805222116762506,326.3999938964844,0.008496833158846195,1.0,1,0
2026-09-21,NTPC,325.0,328.75,324.8500061035156,326.3999938964844,5098202,0.0387,1,0.0,0.9285,0.0387,0.0061,0.0072,0.0146,0.017333333333333333,0.01676,0.013145835842573401,0,0.008496833158846195,327.79998779296875,0.00428919706698383,1.0,1,0
2026-09-22,NTPC,326.5,329.0,325.54998779296875,327.79998779296875,6219007,0.046,1,0.0,0.8055,0.046,0.0387,0.0061,0.0072,0.030266666666666664,0.02252,0.018575171600819347,1,0.00428919706698383,326.0,-0.005491116107379401,0.0,0,1
2026-09-23,NTPC,326.5,329.3999938964844,325.0,326.0,10525477,0.2854333333333333,3,0.4672730928839508,0.9062,0.2854,0.046,0.0387,0.0061,0.12336666666666667,0.07668,0.11806437650705594,1,-0.005491116107379401,326.6000061035156,0.0018405095199864885,1.0,1,0
2026-09-24,NTPC,326.95001220703125,327.70001220703125,324.3999938964844,326.6000061035156,7662580,0.06505,2,0.05946768029778865,0.8976999999999999,0.065,0.2854,0.046,0.0387,0.13213333333333332,0.08824,0.11224701777775595,3,0.0018405095199864885,326.6000061035156,0.0,0.0,0,0
2026-09-25,NTPC,327.29998779296875,327.29998779296875,323.5,326.6000061035156,6075589,-0.0266,1,0.0,0.9296,-0.0266,0.065,0.2854,0.046,0.10793333333333333,0.0817,0.11897999831904463,2,0.0,321.1000061035156,-0.016840171148854055,0.0,0,0
2026-04-02,RELIANCE,1350.7546307176451,1351.9490593116357,1321.8880984473344,1344.2845458984375,21280051,0.0,0,0.0,0.0,0.0,0.0,0.0,0.0,0.0,0.0,0.0,0,0.0,1298.6953125,-0.03391338056926663,0.0,0,0
2026-04-06,RELIANCE,1352.7454554606609,1352.7454554606609,1284.0630151171836,1298.6953125,29274881,0.0,0,0.0,0.0,0.0,0.0,0.0,0.0,0.0,0.0,0.0,0,-0.03391338056926663,1298.5958251953125,-7.660557771316245e-05,0.0,0,0
2026-04-07,RELIANCE,1289.040031502862,1302.2788696189978,1285.058440671965,1298.5958251953125,28388922,0.0,0,0.0,0.0,0.0,0.0,0.0,0.0,0.0,0.0,0.0,0,-7.660557771316245e-05,1341.5970458984375,0.03311362925154748,1.0,1,0
2026-04-08,RELIANCE,1342.7914745147666,1344.3840865060406,1320.0963587364665,1341.5970458984375,21817543,0.0,0,0.0,0.0,0.0,0.0,0.0,0.0,0.0,0.0,0.0,0,0.03311362925154748,1323.87890625,-0.013206752133664734,0.0,0,0
2026-04-09,RELIANCE,1339.8052690319548,1343.7868597274437,1320.195983460075,1323.87890625,20725390,0.0,0,0.0,0.0,0.0,0.0,0.0,0.0,0.0,0.0,0.0,0,-0.013206752133664734,1343.9859619140625,0.015187987035020889,1.0,1,0
2026-04-10,RELIANCE,1330.8467605257397,1346.0763943468285,1325.3720730291864,1343.9859619140625,19364461,0.0,0,0.0,0.0,0.0,0.0,0.0,0.0,0.0,0.0,0.0,0,0.015187987035020889,1309.0474853515625,-0.02599616182950437,0.0,0,0
2026-04-13,RELIANCE,1315.1193869938081,1321.4899565481755,1303.970981405046,1309.0474853515625,28753269,0.0,0,0.0,0.0,0.0,0.0,0.0,0.0,0.0,0.0,0.0,0,-0.02599616182950437,1337.9140625,0.02205158901526394,1.0,1,0
2026-04-15,RELIANCE,1330.8467629297493,1340.8007402141902,1328.059600686701,1337.9140625,15313779,0.0,0,0.0,0.0,0.0,0.0,0.0,0.0,0.0,0.0,0.0,0,0.02205158901526394,1337.1177978515625,-0.0005951538075245066,0.0,0,0
2026-04-16,RELIANCE,1345.7777093601655,1347.5694738488123,1323.8789596516422,1337.1177978515625,30211012,0.0,0,0.0,0.0,0.0,0.0,0.0,0.0,0.0,0.0,0.0,0,-0.0005951538075245066,1358.7178955078125,0.016154221932395352,1.0,1,0
2026-04-17,RELIANCE,1333.832952366644,1362.1022720767137,1333.832952366644,1358.7178955078125,13869105,0.0,0,0.0,0.0,0.0,0.0,0.0,0.0,0.0,0.0,0.0,0,0.016154221932395352,1357.0257568359375,-0.0012453936740434157,0.0,0,0
2026-04-20,RELIANCE,1356.9261198573818,1366.6810660920328,1346.5740808024586,1357.0257568359375,13614733,0.0,0,0.0,0.0,0.0,0.0,0.0,0.0,0.0,0.0,0.0,0,-0.0012453936740434157,1347.07177734375,-0.00733514411354752,0.0,0,0
2026-04-21,RELIANCE,1352.7454957201878,1363.4958396538184,1343.8864317482064,1347.07177734375,27293629,0.0,0,0.0,0.0,0.0,0.0,0.0,0.0,0.0,0.0,0.0,0,-0.00733514411354752,1355.8311767578125,0.006502548387833373,1.0,1,0
2026-04-22,RELIANCE,1344.085556855853,1359.7132520720183,1342.8910067161314,1355.8311767578125,9525953,0.0,0,0.0,0.0,0.0,0.0,0.0,0.0,0.0,0.0,0.0,0,0.006502548387833373,1337.21728515625,-0.013728767947403075,0.0,0,0
2026-04-23,RELIANCE,1339.8052948565,1349.261572940554,1334.529638479888,1337.21728515625,16385079,0.0,0,0.0,0.0,0.0,0.0,0.0,0.0,0.0,0.0,0.0,0,-0.013728767947403075,1321.6890869140625,-0.011612322406057696,0.0,0,0
2026-04-24,RELIANCE,1333.8328899956957,1339.7057606040942,1318.9019248091768,1321.6890869140625,11744802,0.0,0,0.0,0.0,0.0,0.0,0.0,0.0,0.0,0.0,0.0,0,-0.011612322406057696,1359.51416015625,0.02861873765675349,1.0,1,0
2026-04-27,RELIANCE,1306.9571155871217,1365.2873936261717,1304.9663202853897,1359.51416015625,24673098,0.0,0,0.0,0.0,0.0,0.0,0.0,0.0,0.0,0.0,0.0,0,0.02861873765675349,1382.5078125,0.016913139279922884,1.0,1,0
2026-04-28,RELIANCE,1351.7500009887617,1388.7787447541255,1350.75460334444,1382.5078125,41027699,0.0,0,0.0,0.0,0.0,0.0,0.0,0.0,0.0,0.0,0.0,0,0.016913139279922884,1418.83984375,0.026279801764230504,1.0,1,0
2026-04-29,RELIANCE,1385.5935377241706,1427.2012083655534,1384.896807968084,1418.83984375,30542143,0.0,0,0.0,0.0,0.0,0.0,0.0,0.0,0.0,0.0,0.0,0,0.026279801764230504,1424.215087890625,0.0037884784278527928,1.0,1,0
2026-04-30,RELIANCE,1402.5153692729207,1430.386505071105,1386.6885214286783,1424.215087890625,30957881,0.0,0,0.0,0.0,0.0,0.0,0.0,0.0,0.0,0.0,0.0,0,0.0037884784278527928,1424.215087890625,0.0,0.0,0,0
2026-05-01,RELIANCE,1424.215087890625,1424.215087890625,1424.215087890625,1424.215087890625,0,0.0,0,0.0,0.0,0.0,0.0,0.0,0.0,0.0,0.0,0.0,0,0.0,1456.3663330078125,0.022574711776720546,1.0,1,0
2026-05-04,RELIANCE,1426.8030702776819,1460.6465916696056,1426.8030702776819,1456.3663330078125,24035700,0.0,0,0.0,0.0,0.0,0.0,0.0,0.0,0.0,0.0,0.0,0,0.022574711776720546,1456.864013671875,0.0003417276634201105,1.0,1,0
2026-05-05,RELIANCE,1453.280606341501,1466.6189594959255,1443.3266295857375,1456.864013671875,23543341,0.0,0,0.0,0.0,0.0,0.0,0.0,0.0,0.0,0.0,0.0,0,0.0003417276634201105,1431.2823486328125,-0.017559404857963812,0.0,0,0
2026-05-06,RELIANCE,1456.2668061036345,1466.519450812893,1420.9301884572374,1431.2823486328125,14221786,0.0,0,0.0,0.0,0.0,0.0,0.0,0.0,0.0,0.0,0.0,0,-0.017559404857963812,1429.590087890625,-0.0011823388612344221,0.0,0,0
2026-05-07,RELIANCE,1432.1782190445704,1442.828925531327,1423.717338832762,1429.590087890625,19816903,0.0,0,0.0,0.0,0.0,0.0,0.0,0.0,0.0,0.0,0.0,0,-0.0011823388612344221,1428.5947265625,-0.0006962564559982454,0.0,0,0
2026-05-08,RELIANCE,1419.4371163507371,1436.1598462687914,1410.9762359236815,1428.5947265625,8663105,0.0,0,0.0,0.0,0.0,0.0,0.0,0.0,0.0,0.0,0.0,0,-0.0006962564559982454,1381.81103515625,-0.0327480499097329,0.0,0,0
2026-05-11,RELIANCE,1413.4647305422184,1421.427912122738,1375.6396180347506,1381.81103515625,15261787,0.0,0,0.0,0.0,0.0,0.0,0.0,0.0,0.0,0.0,0.0,0,-0.0327480499097329,1357.722412109375,-0.017432646312707356,0.0,0,0
2026-05-12,RELIANCE,1385.593546668805,1387.0866431630602,1354.0394893602804,1357.722412109375,24357500,0.0,0,0.0,0.0,0.0,0.0,0.0,0.0,0.0,0.0,0.0,0,-0.017432646312707356,1352.54638671875,-0.00381228544543466,0.0,0,0
2026-05-13,RELIANCE,1355.1343963286624,1366.0837705701026,1346.1758174038478,1352.54638671875,13797989,0.0,0,0.0,0.0,0.0,0.0,0.0,0.0,0.0,0.0,0.0,0,-0.00381228544543466,1355.5325927734375,0.0022078400297471656,1.0,1,0
2026-05-14,RELIANCE,1358.9168476375535,1371.6579863902991,1352.148216400817,1355.5325927734375,17303059,0.0,0,0.0,0.0,0.0,0.0,0.0,0.0,0.0,0.0,0.0,0,0.0022078400297471656,1330.24951171875,-0.01865176919350786,0.0,0,0
2026-05-15,RELIANCE,1350.5556491178086,1358.5188307246153,1323.082575367519,1330.24951171875,19976192,0.0,0,0.0,0.0,0.0,0.0,0.0,0.0,0.0,0.0,0.0,0,-0.01865176919350786,1329.7518310546875,-0.0003741258009706261,0.0,0,0
2026-05-18,RELIANCE,1327.860551095503,1335.8237328112184,1312.6309174607939,1329.7518310546875,13022473,0.0,0,0.0,0.0,0.0,0.0,0.0,0.0,0.0,0.0,0.0,0,-0.0003741258009706261,1316.6124267578125,-0.009881095096107906,0.0,0,0
2026-05-19,RELIANCE,1332.5387892026445,1337.8144453658963,1312.3322897558653,1316.6124267578125,21665501,0.0,0,0.0,0.0,0.0,0.0,0.0,0.0,0.0,0.0,0.0,0,-0.009881095096107906,1353.442138671875,0.027973085446836077,1.0,1,0
2026-05-20,RELIANCE,1312.6308349443716,1356.6274840630256,1306.558933569541,1353.442138671875,13248515,0.1769,1,0.0,0.7886,0.1769,0.0,0.0,0.0,0.05896666666666667,0.03538,0.07911208504394256,0,0.027973085446836077,1343.388671875,-0.007428072844503308,0.0,0,1
2026-05-21,RELIANCE,1360.9076465750106,1364.590690861155,1339.0088978228712,1343.388671875,17150630,0.1504,0,0.0,0.0,0.1504,0.1769,0.0,0.0,0.10910000000000002,0.06546,0.09012312688760861,1,-0.007428072844503308,1348.26611328125,0.0036307001155833074,1.0,1,0
2026-05-22,RELIANCE,1343.7868238683554,1361.106767233248,1342.8909416840763,1348.26611328125,7105813,0.1278,0,0.0,0.0,0.1278,0.1504,0.1769,0.0,0.1517,0.09102,0.08488728997912467,0,0.0036307001155833074,1360.7086181640625,0.009228523034322533,1.0,1,0
2026-05-25,RELIANCE,1360.5095872329855,1364.7897243191815,1350.7546414401118,1360.7086181640625,6750071,0.1086,0,0.0,0.0,0.1086,0.1278,0.1504,0.1769,0.12893333333333334,0.11273999999999999,0.06798718996987595,0,0.009228523034322533,1350.0579833984375,-0.00782727074955647,0.0,0,0
2026-05-26,RELIANCE,1353.8404218493883,1362.2017870434288,1346.1759079681497,1350.0579833984375,13769747,0.0923,0,0.0,0.0,0.0923,0.1086,0.1278,0.1504,0.10956666666666666,0.1312,0.033513653933881934,0,-0.00782727074955647,1344.2845458984375,-0.004276436694568342,0.0,0,0
2026-05-27,RELIANCE,1346.7730400596713,1354.736221375619,1342.393266034199,1344.2845458984375,13215138,0.0785,0,0.0,0.0,0.0785,0.0923,0.1086,0.1278,0.09313333333333333,0.11152,0.0284822225256387,0,-0.004276436694568342,1344.2845458984375,0.0,0.0,0,0
2026-05-28,RELIANCE,1344.2845458984375,1344.2845458984375,1344.2845458984375,1344.2845458984375,0,0.0667,0,0.0,0.0,0.0667,0.0785,0.0923,0.1086,0.07916666666666666,0.09478,0.024191878802606495,0,0.0,1315.119384765625,-0.021695675384946322,0.0,0,0
2026-05-29,RELIANCE,1357.7224546740495,1362.6994431442622,1310.9387630540493,1315.119384765625,42634247,0.0567,0,0.0,0.0,0.0567,0.0667,0.0785,0.0923,0.0673,0.08055999999999999,0.02055305330115217,0,-0.021695675384946322,1313.9249267578125,-0.0009082506285353897,0.0,0,0
2026-06-01,RELIANCE,1326.3673976551404,1329.353590670499,1312.4318302501333,1313.9249267578125,10700603,0.0482,0,0.0,0.0,0.0482,0.0567,0.0667,0.0785,0.0572,0.06848000000000001,0.01747146244594318,0,-0.0009082506285353897,1308.5498046875,-0.004090889791988239,0.0,0,0
2026-06-02,RELIANCE,1301.6815361898255,1321.689127358814,1294.3156903458798,1308.5498046875,23302785,0.041,0,0.0,0.0,0.041,0.0482,0.0567,0.0667,0.048633333333333334,0.058219999999999994,0.014852844845348774,0,-0.004090889791988239,1307.15625,-0.001064961136754583,0.0,0,1
2026-06-03,RELIANCE,1308.9480145168118,1317.906594083847,1295.0124463014238,1307.15625,20012293,0.0348,0,0.0,0.0,0.0348,0.041,0.0482,0.0567,0.04133333333333333,0.04948,0.01262644051187841,0,-0.001064961136754583,1297.699951171875,-0.007234252850892964,0.0,0,1
2026-06-04,RELIANCE,1295.0124259474096,1305.1654340270677,1287.1487597049047,1297.699951171875,23474327,0.0296,0,0.0,0.0,0.0296,0.0348,0.041,0.0482,0.035133333333333336,0.04206,0.010736759287606524,0,-0.007234252850892964,1291.0,-0.005162943225685335,0.0,0,0
2026-06-05,RELIANCE,1304.5,1306.0,1288.0,1291.0,17785223,0.0252,0,0.0,0.0,0.0252,0.0296,0.0348,0.041,0.029866666666666666,0.03576,0.009118552516710397,0,-0.005162943225685335,1263.300048828125,-0.021456197654434517,0.0,0,0
2026-06-08,RELIANCE,1277.0,1282.5999755859375,1259.199951171875,1263.300048828125,16494759,-0.8287,1,0.0,0.844,-0.8287,0.0252,0.0296,0.0348,-0.2579666666666667,-0.13962,0.38525258208089924,0,-0.021456197654434517,1269.199951171875,0.0046702304406802675,1.0,1,0
2026-06-09,RELIANCE,1269.0,1274.199951171875,1257.5,1269.199951171875,23620214,-0.7044,0,0.0,0.0,-0.7044,-0.8287,0.0252,0.0296,-0.5026333333333334,-0.2887,0.4384366658937184,1,0.0046702304406802675,1258.800048828125,-0.00819406141179535,0.0,0,0
2026-06-10,RELIANCE,1275.0,1300.5,1254.4000244140625,1258.800048828125,21012796,-0.5987,0,0.0,0.0,-0.5987,-0.7044,-0.8287,0.0252,-0.7106,-0.4154,0.41233788935774507,0,-0.00819406141179535,1263.0,0.003336472043979466,1.0,1,1
2026-06-11,RELIANCE,1258.0,1276.0,1253.199951171875,1263.0,13117486,-0.5089,0,0.0,0.0,-0.5089,-0.5987,-0.7044,-0.8287,-0.6040000000000001,-0.5231,0.3289418413640929,0,0.003336472043979466,1293.0,0.02375296912114022,1.0,1,0
2026-06-12,RELIANCE,1277.0,1297.0,1262.5,1293.0,11988785,-0.4326,0,0.0,0.0,-0.4326,-0.5089,-0.5987,-0.7044,-0.5134,-0.61466,0.15688541359858807,0,0.02375296912114022,1307.0,0.010827532869296164,1.0,1,1
2026-06-15,RELIANCE,1315.300048828125,1325.0,1303.300048828125,1307.0,18633321,-0.3677,0,0.0,0.0,-0.3677,-0.4326,-0.5089,-0.5987,-0.43640000000000007,-0.52246,0.13334546486476412,0,0.010827532869296164,1328.800048828125,0.0166794558746175,1.0,1,0
2026-06-16,RELIANCE,1313.4000244140625,1333.4000244140625,1306.4000244140625,1328.800048828125,18513223,-0.3125,0,0.0,0.0,-0.3125,-0.3677,-0.4326,-0.5089,-0.37093333333333334,-0.44408000000000003,0.11334457199178109,0,0.0166794558746175,1332.699951171875,0.002934905328449755,1.0,1,1
2026-06-17,RELIANCE,1333.0,1334.0,1317.0,1332.699951171875,10029170,-0.08836666666666666,3,0.24919812064566885,0.7639333333333335,-0.0884,-0.3125,-0.3677,-0.4326,-0.25620000000000004,-0.34202,0.1596149021864815,0,0.002934905328449755,1328.0999755859375,-0.003451621335989863,0.0,0,0
2026-06-18,RELIANCE,1330.0,1333.9000244140625,1322.0,1328.0999755859375,15494549,0.09295,2,0.06569021997223026,0.8689,0.093,-0.0884,-0.3125,-0.3677,-0.10263333333333334,-0.22164,0.21842871377179343,3,-0.003451621335989863,1309.5,-0.014004951380058195,0.0,0,1
2026-06-19,RELIANCE,1328.0,1338.199951171875,1305.300048828125,1309.5,24887034,-0.049550000000000004,2,0.1718976585064497,0.6818,-0.0496,0.093,-0.0884,-0.3125,-0.015000000000000001,-0.14504,0.1914420617314807,2,-0.014004951380058195,1326.5,0.012982054219167649,1.0,1,1
2026-06-22,RELIANCE,1316.699951171875,1344.9000244140625,1314.0999755859375,1326.5,12931213,-0.0421,0,0.0,0.0,-0.0421,-0.0496,0.093,-0.0884,0.0004333333333333342,-0.07992,0.14698328816569617,2,0.012982054219167649,1309.5,-0.012815680361854542,0.0,0,1
2026-06-23,RELIANCE,1328.9000244140625,1333.0,1304.0,1309.5,15400184,-0.0358,0,0.0,0.0,-0.0358,-0.0421,-0.0496,0.093,-0.0425,-0.02458,0.06884200752447651,0,-0.012815680361854542,1313.5999755859375,0.0031309473737590743,1.0,1,1
2026-06-24,RELIANCE,1305.699951171875,1322.0,1297.5,1313.5999755859375,11030917,-0.0304,0,0.0,0.0,-0.0304,-0.0358,-0.0421,-0.0496,-0.0361,-0.01298,0.05967614263673619,0,0.0031309473737590743,1318.0999755859375,0.00342570042907675,1.0,1,1
2026-06-25,RELIANCE,1318.0,1328.0,1314.5999755859375,1318.0999755859375,12694362,-0.0259,0,0.0,0.0,-0.0259,-0.0304,-0.0358,-0.0421,-0.030700000000000005,-0.03676,0.009390047923204683,0,0.00342570042907675,1318.0999755859375,0.0,0.0,0,1
2026-06-26,RELIANCE,1318.0999755859375,1318.0999755859375,1318.0999755859375,1318.0999755859375,0,-0.022,0,0.0,0.0,-0.022,-0.0259,-0.0304,-0.0358,-0.0261,-0.03124,0.007958203314824351,0,0.0,1301.0,-0.01297320074551711,0.0,0,1
2026-06-29,RELIANCE,1308.0,1313.699951171875,1292.5999755859375,1301.0,13757656,-0.0187,0,0.0,0.0,-0.0187,-0.022,-0.0259,-0.0304,-0.0222,-0.02656,0.006766313619695877,0,-0.01297320074551711,1293.9000244140625,-0.005457321741689114,0.0,0,0
2026-06-30,RELIANCE,1306.9000244140625,1306.9000244140625,1290.0,1293.9000244140625,15695263,0.0182,1,0.0,0.9355,0.0182,-0.0187,-0.022,-0.0259,-0.007500000000000001,-0.015760000000000003,0.019480836737678475,0,-0.005457321741689114,1308.0,0.010897268196839782,1.0,1,0
2026-07-01,RELIANCE,1298.9000244140625,1312.199951171875,1296.5,1308.0,7001401,0.0155,0,0.0,0.0,0.0155,0.0182,-0.0187,-0.022,0.0049999999999999975,-0.00658,0.021561006470016294,1,0.010897268196839782,1303.5,-0.0034403669724770714,0.0,0,0
2026-07-02,RELIANCE,1310.0,1313.199951171875,1299.0,1303.5,17795024,0.0131,0,0.0,0.0,0.0131,0.0155,0.0182,-0.0187,0.015599999999999998,0.0012200000000000002,0.01980749858008541,0,-0.0034403669724770714,1304.0,0.0003835826620637306,1.0,1,1
2026-07-03,RELIANCE,1312.0,1312.0,1302.0,1304.0,7839550,0.0112,0,0.0,0.0,0.0112,0.0131,0.0155,0.0182,0.013266666666666664,0.00786,0.01507756611658813,0,0.0003835826620637306,1321.300048828125,0.013266908610525263,1.0,1,0
2026-07-06,RELIANCE,1304.0,1325.5999755859375,1299.4000244140625,1321.300048828125,7610709,0.0095,0,0.0,0.0,0.0095,0.0112,0.0131,0.0155,0.011266666666666666,0.013500000000000002,0.003447462835200285,0,0.013266908610525263,1308.4000244140625,-0.009763130203093273,0.0,0,0
2026-07-07,RELIANCE,1323.5,1328.0,1304.0999755859375,1308.4000244140625,14335554,0.0081,0,0.0,0.0,0.0081,0.0095,0.0112,0.0131,0.009599999999999997,0.01148,0.0029243802762443385,0,-0.009763130203093273,1275.9000244140625,-0.024839498160781792,0.0,0,0
2026-07-08,RELIANCE,1297.0,1302.300048828125,1271.5999755859375,1275.9000244140625,19960868,0.0069,0,0.0,0.0,0.0069,0.0081,0.0095,0.0112,0.008166666666666664,0.00976,0.0024613004692817754,0,-0.024839498160781792,1279.800048828125,0.0030566849591946443,1.0,1,0
2026-07-09,RELIANCE,1277.0999755859375,1296.5,1274.199951171875,1279.800048828125,14651963,0.0058,0,0.0,0.0,0.0058,0.0069,0.0081,0.0095,0.00693333333333333,0.008299999999999998,0.0021272047386385958,0,0.0030566849591946443,1307.800048828125,0.02187841766816523,1.0,1,1
2026-07-10,RELIANCE,1291.9000244140625,1311.0999755859375,1287.800048828125,1307.800048828125,8412537,0.0248,1,0.0,0.9383,0.0248,0.0058,0.0069,0.0081,0.012499999999999997,0.011019999999999999,0.00782540733764619,0,0.02187841766816523,1296.9000244140625,-0.008334626095043873,0.0,0,0
2026-07-13,RELIANCE,1300.0,1306.4000244140625,1295.0,1296.9000244140625,9488352,0.0211,0,0.0,0.0,0.0211,0.0248,0.0058,0.0069,0.017233333333333333,0.013340000000000001,0.008906907431880448,1,-0.008334626095043873,1293.0,-0.0030071897144303694,0.0,0,0
2026-07-14,RELIANCE,1290.0,1308.0,1286.9000244140625,1293.0,13511284,0.0179,0,0.0,0.0,0.0179,0.0211,0.0248,0.0058,0.021266666666666666,0.0153,0.008536099811980141,0,-0.0030071897144303694,1295.5,0.0019334880123742515,1.0,1,1
2026-07-15,RELIANCE,1294.0999755859375,1310.9000244140625,1294.0999755859375,1295.5,9577965,0.0152,0,0.0,0.0,0.0152,0.0179,0.0211,0.0248,0.018066666666666665,0.01696,0.007196040577990623,0,0.0019334880123742515,1296.5999755859375,0.0008490741689983761,1.0,1,0
2026-07-16,RELIANCE,1295.5,1309.4000244140625,1291.800048828125,1296.5999755859375,15631046,0.7113333333333333,3,0.36834658045559937,0.8563999999999999,0.7113,0.0152,0.0179,0.0211,0.24813333333333334,0.15806,0.30929135616761116,0,0.0008490741689983761,1327.199951171875,0.023600166714571547,1.0,1,1
2026-07-17,RELIANCE,1300.0,1330.300048828125,1296.0999755859375,1327.199951171875,18302218,0.35830769230769227,13,0.641766871563107,0.8818153846153846,0.3583,0.7113,0.0152,0.0179,0.3616,0.22476,0.3093290933617466,3,0.023600166714571547,1323.0999755859375,-0.0030891920861791933,0.0,0,0
2026-07-20,RELIANCE,1317.199951171875,1345.9000244140625,1314.9000244140625,1323.0999755859375,14305844,0.05754999999999999,2,0.8638723545756051,0.7054,0.0575,0.3583,0.7113,0.0152,0.3757000000000001,0.23204000000000002,0.3037151099303426,13,-0.0030891920861791933,1303.699951171875,-0.014662553678508772,0.0,0,0
2026-07-21,RELIANCE,1321.0,1326.9000244140625,1302.699951171875,1303.699951171875,12753410,0.793,1,0.0,0.8088,0.793,0.0575,0.3583,0.7113,0.40293333333333337,0.38706000000000007,0.3597345034883367,2,-0.014662553678508772,1288.5999755859375,-0.011582400975289064,0.0,0,1
2026-07-22,RELIANCE,1302.0,1304.5999755859375,1280.699951171875,1288.5999755859375,10840383,0.674,0,0.0,0.0,0.674,0.793,0.0575,0.3583,0.5081666666666668,0.5188200000000001,0.30614002841836957,1,-0.011582400975289064,1272.199951171875,-0.01272700971968066,0.0,0,1
2026-07-23,RELIANCE,1283.0,1287.300048828125,1268.0,1272.199951171875,12580741,0.5729,0,0.0,0.0,0.5729,0.674,0.793,0.0575,0.6799666666666667,0.49114,0.29022924215178614,0,-0.01272700971968066,1278.0,0.004559070154642297,1.0,1,0
2026-07-24,RELIANCE,1265.0,1283.4000244140625,1249.800048828125,1278.0,9817000,0.487,0,0.0,0.0,0.487,0.5729,0.674,0.793,0.5779666666666666,0.51688,0.2810649337786557,0,0.004559070154642297,1280.0,0.0015649452269170805,1.0,1,1
2026-07-27,RELIANCE,1288.199951171875,1288.699951171875,1278.0,1280.0,7163132,0.414,0,0.0,0.0,0.414,0.487,0.5729,0.674,0.4912999999999999,0.58818,0.15010483669755664,0,0.0015649452269170805,1267.699951171875,-0.009609413146972612,0.0,0,0
2026-07-28,RELIANCE,1275.0,1279.199951171875,1265.9000244140625,1267.699951171875,9312184,0.3519,0,0.0,0.0,0.3519,0.414,0.487,0.5729,0.4176333333333333,0.49996,0.1275627414255437,0,-0.009609413146972612,1275.9000244140625,0.006468465376690435,1.0,1,1
2026-07-29,RELIANCE,1275.0,1282.4000244140625,1268.699951171875,1275.9000244140625,9448307,0.2991,0,0.0,0.0,0.2991,0.3519,0.414,0.487,0.355,0.42497999999999997,0.10843641915887897,0,0.006468465376690435,1292.9000244140625,0.01332392795258941,1.0,1,0
2026-07-30,RELIANCE,1279.800048828125,1297.0,1275.300048828125,1292.9000244140625,12158451,0.2542,0,0.0,0.0,0.2542,0.2991,0.3519,0.414,0.30173333333333335,0.36124,0.0922027277253774,0,0.01332392795258941,1307.800048828125,0.011524498517056836,1.0,1,0
2026-07-31,RELIANCE,1295.0,1309.699951171875,1293.5999755859375,1307.800048828125,8624996,0.2161,0,0.0,0.0,0.2161,0.2542,0.2991,0.3519,0.2564666666666666,0.30706,0.07838694406596079,0,0.011524498517056836,1319.0,0.008563962955889792,1.0,1,0
2026-08-03,RELIANCE,1315.199951171875,1319.0,1306.0,1319.0,7508023,0.1837,0,0.0,0.0,0.1837,0.2161,0.2542,0.2991,0.21799999999999997,0.261,0.0666182407453098,0,0.008563962955889792,1290.9000244140625,-0.021303999686078434,0.0,0,0
2026-08-04,RELIANCE,1315.0,1315.0,1286.4000244140625,1290.9000244140625,10759546,0.1561,0,0.0,0.0,0.1561,0.1837,0.2161,0.2542,0.1853,0.22183999999999998,0.05662515342142612,0,-0.021303999686078434,1280.0,-0.00844374018740146,0.0,0,0
2026-08-05,RELIANCE,1293.0,1299.0,1270.0999755859375,1280.0,24820782,-0.6473,1,0.0,0.6716,-0.6473,0.1561,0.1837,0.2161,-0.1025,0.03255999999999999,0.38181352516640893,0,-0.00844374018740146,1325.0,0.03515625,1.0,1,1
2026-08-06,RELIANCE,1285.0,1325.199951171875,1281.199951171875,1325.0,20342297,0.51985,2,0.2656600176917859,0.67835,0.5198,-0.6473,0.1561,0.1837,0.009533333333333338,0.08568,0.43511381499557106,1,0.03515625,1334.800048828125,0.00739626326650944,1.0,1,1
2026-08-07,RELIANCE,1320.0,1337.0,1316.5999755859375,1334.800048828125,9885638,0.4419,0,0.0,0.0,0.4419,0.5198,-0.6473,0.1561,0.1048,0.13084,0.4628666957127074,2,0.00739626326650944,1327.300048828125,-0.005618819093230143,0.0,0,0
2026-08-10,RELIANCE,1330.0999755859375,1332.9000244140625,1321.300048828125,1327.300048828125,8207102,0.3756,0,0.0,0.0,0.3756,0.4419,0.5198,-0.6473,0.44576666666666664,0.16922,0.4761119794754171,0,-0.005618819093230143,1323.9000244140625,-0.002561609499724171,0.0,0,0
2026-08-11,RELIANCE,1326.5999755859375,1328.699951171875,1314.0999755859375,1323.9000244140625,9953124,0.3193,0,0.0,0.0,0.3193,0.3756,0.4419,0.5198,0.37893333333333334,0.20186,0.48056099820938447,0,-0.002561609499724171,1329.0,0.003852236189960445,1.0,1,0
2026-08-12,RELIANCE,1323.9000244140625,1329.0,1309.199951171875,1329.0,7901012,0.2714,0,0.0,0.0,0.2714,0.3193,0.3756,0.4419,0.3221,0.3856,0.09838274747129248,0,0.003852236189960445,1317.0,-0.009029345372460473,0.0,0,0
2026-08-13,RELIANCE,1327.800048828125,1327.800048828125,1307.199951171875,1317.0,9397301,0.2307,0,0.0,0.0,0.2307,0.2714,0.3193,0.3756,0.2738,0.32778,0.08364398962268656,0,-0.009029345372460473,1310.0,-0.005315110098709219,0.0,0,0
2026-08-14,RELIANCE,1317.0,1317.5,1301.5,1310.0,10497358,0.1961,0,0.0,0.0,0.1961,0.2307,0.2714,0.3193,0.23273333333333335,0.27862,0.07109498575849138,0,-0.005315110098709219,1316.0,0.004580152671755711,1.0,1,0
2026-08-17,RELIANCE,1314.0,1320.800048828125,1298.0999755859375,1316.0,13383867,0.1667,0,0.0,0.0,0.1667,0.1961,0.2307,0.2714,0.1978333333333333,0.23684000000000002,0.06043821638665464,0,0.004580152671755711,1322.0,0.004559270516717229,1.0,1,0
2026-08-18,RELIANCE,1314.0,1328.5999755859375,1311.199951171875,1322.0,10180567,0.1417,0,0.0,0.0,0.1417,0.1667,0.1961,0.2307,0.16816666666666666,0.20132,0.05136810294336447,0,0.004559270516717229,1311.0,-0.008320726172465931,0.0,0,0
2026-08-19,RELIANCE,1320.300048828125,1321.5999755859375,1303.5,1311.0,7489365,0.1204,0,0.0,0.0,0.1204,0.1417,0.1667,0.1961,0.14293333333333333,0.17112,0.043678850717482114,0,-0.008320726172465931,1313.199951171875,0.0016780710693173884,1.0,1,0
2026-08-20,RELIANCE,1315.5,1316.5,1307.0,1313.199951171875,5546227,0.1023,0,0.0,0.0,0.1023,0.1204,0.1417,0.1667,0.12146666666666667,0.14543999999999999,0.03714993943467587,0,0.0016780710693173884,1316.0,0.0021322334238791374,1.0,1,0
2026-08-21,RELIANCE,1314.0,1316.0,1308.0,1316.0,5434871,0.087,0,0.0,0.0,0.087,0.1023,0.1204,0.1417,0.10323333333333333,0.12362,0.03157810950642998,0,0.0021322334238791374,1309.800048828125,-0.004711209097169489,0.0,0,0
2026-08-24,RELIANCE,1316.5999755859375,1320.0,1302.4000244140625,1309.800048828125,7277167,0.0739,0,0.0,0.0,0.0739,0.087,0.1023,0.1204,0.08773333333333333,0.10506,0.026844608397219763,0,-0.004711209097169489,1317.0,0.0054969849621830935,1.0,1,0
2026-08-25,RELIANCE,1304.300048828125,1317.0999755859375,1300.0,1317.0,7115355,0.0629,0,0.0,0.0,0.0629,0.0739,0.087,0.1023,0.07459999999999999,0.0893,0.022779486385783164,0,0.0054969849621830935,1298.0,-0.014426727410782103,0.0,0,0
2026-08-26,RELIANCE,1310.0,1315.5999755859375,1298.0,1298.0,5744474,0.0534,0,0.0,0.0,0.0534,0.0629,0.0739,0.087,0.0634,0.0759,0.019361172485159037,0,-0.014426727410782103,1282.199951171875,-0.012172610807492323,0.0,0,0
2026-08-27,RELIANCE,1305.0,1308.4000244140625,1282.199951171875,1282.199951171875,11271497,0.0454,0,0.0,0.0,0.0454,0.0534,0.0629,0.0739,0.0539,0.06452,0.016471095895540116,0,-0.012172610807492323,1287.0,0.0037436039704557,1.0,1,0
2026-08-28,RELIANCE,1284.9000244140625,1291.800048828125,1280.0,1287.0,6830228,0.0386,0,0.0,0.0,0.0386,0.0454,0.0534,0.0629,0.04580000000000001,0.05484,0.013992605189887895,0,0.0037436039704557,1277.0,-0.007770007770007803,0.0,0,1
2026-08-31,RELIANCE,1278.699951171875,1297.5999755859375,1271.0,1277.0,34871137,0.0508,1,0.0,0.9088,0.0508,0.0386,0.0454,0.0534,0.04493333333333333,0.05022,0.009075902159018538,0,-0.007770007770007803,1309.0,0.025058731401722767,1.0,1,0
2026-09-01,RELIANCE,1285.0,1311.800048828125,1280.0,1309.0,12617528,0.0432,0,0.0,0.0,0.0432,0.0508,0.0386,0.0454,0.044199999999999996,0.04628,0.0059238500993928815,1,0.025058731401722767,1313.0999755859375,0.003132143304765078,1.0,1,1
2026-09-02,RELIANCE,1298.0,1321.9000244140625,1293.0999755859375,1313.0999755859375,13497841,0.0367,0,0.0,0.0,0.0367,0.0432,0.0508,0.0386,0.04356666666666667,0.04294,0.005605176179218342,0,0.003132143304765078,1302.5,-0.008072481747787408,0.0,0,1
2026-09-03,RELIANCE,1313.0999755859375,1316.800048828125,1302.5,1302.5,9721454,0.0312,0,0.0,0.0,0.0312,0.0367,0.0432,0.0508,0.037033333333333335,0.040100000000000004,0.007367496182562735,0,-0.008072481747787408,1322.0,0.01497120921305184,1.0,1,0
2026-09-04,RELIANCE,1304.0999755859375,1333.0,1304.0999755859375,1322.0,13031534,-0.9549,1,0.0,0.9624,-0.9549,0.0312,0.0367,0.0432,-0.2956666666666667,-0.1586,0.4452054076490986,0,0.01497120921305184,1309.5,-0.009455370650529482,0.0,0,0
2026-09-07,RELIANCE,1323.0999755859375,1324.199951171875,1301.9000244140625,1309.5,10210522,-0.8117,0,0.0,0.0,-0.8117,-0.9549,0.0312,0.0367,-0.5784666666666666,-0.3311,0.506641248814188,1,-0.009455370650529482,1294.9000244140625,-0.011149274979715518,0.0,0,0
2026-09-08,RELIANCE,1304.0999755859375,1306.800048828125,1288.0,1294.9000244140625,9799528,-0.6899,0,0.0,0.0,-0.6899,-0.8117,-0.9549,0.0312,-0.8188333333333334,-0.47772000000000003,0.47641663698909587,0,-0.011149274979715518,1279.0,-0.01227895908122889,0.0,0,0
2026-09-09,RELIANCE,1283.5,1294.699951171875,1277.199951171875,1279.0,12152819,-0.5864,0,0.0,0.0,-0.5864,-0.6899,-0.8117,-0.9549,-0.6960000000000001,-0.60234,0.37994207848039147,0,-0.01227895908122889,1274.0,-0.003909304143862369,0.0,0,0
2026-09-10,RELIANCE,1278.5,1285.300048828125,1266.300048828125,1274.0,9296079,-0.46990000000000004,2,0.6679330655088128,0.9490000000000001,-0.4699,-0.5864,-0.6899,-0.8117,-0.5820666666666666,-0.70256,0.18932188991239224,0,-0.003909304143862369,1257.5,-0.01295133437990581,0.0,0,0
2026-09-11,RELIANCE,1267.0,1267.4000244140625,1253.0,1257.5,8777736,-0.9395,1,0.0,0.952,-0.9395,-0.4699,-0.5864,-0.6899,-0.6652666666666667,-0.69948,0.18424763770534472,2,-0.01295133437990581,1257.5,0.0,0.0,0,0
2026-09-14,RELIANCE,1257.5,1257.5,1257.5,1257.5,0,-0.7986,0,0.0,0.0,-0.7986,-0.9395,-0.4699,-0.5864,-0.7359999999999999,-0.69686,0.18233615384777635,1,0.0,1235.300048828125,-0.017654036717196786,0.0,0,0
2026-09-15,RELIANCE,1252.5,1259.4000244140625,1235.300048828125,1235.300048828125,13754376,0.0193,1,0.0,0.9345,0.0193,-0.7986,-0.9395,-0.4699,-0.5729333333333333,-0.5550200000000001,0.3691983437124277,0,-0.017654036717196786,1240.0,0.003804704109203083,1.0,1,1
2026-09-16,RELIANCE,1243.0,1255.0,1240.0,1240.0,10023997,0.0164,0,0.0,0.0,0.0164,0.0193,-0.7986,-0.9395,-0.2543,-0.43445999999999996,0.44668003425270747,1,0.003804704109203083,1243.9000244140625,0.0031451809790825624,1.0,1,0
2026-09-17,RELIANCE,1244.800048828125,1253.4000244140625,1238.5,1243.9000244140625,7752895,0.0139,0,0.0,0.0,0.0139,0.0164,0.0193,-0.7986,0.016533333333333334,-0.3377,0.4876090698500181,0,0.0031451809790825624,1226.4000244140625,-0.014068654760452604,0.0,0,0
2026-09-18,RELIANCE,1245.0,1247.300048828125,1226.4000244140625,1226.4000244140625,15122715,0.0119,0,0.0,0.0,0.0119,0.0139,0.0164,0.0193,0.014066666666666667,-0.14742000000000002,0.36403123080307237,0,-0.014068654760452604,1247.4000244140625,0.01712328733035795,1.0,1,0
2026-09-21,RELIANCE,1234.0999755859375,1249.0999755859375,1232.5,1247.4000244140625,10007218,0.04,2,0.046386204845837525,0.9012500000000001,0.04,0.0119,0.0139,0.0164,0.021933333333333332,0.020299999999999978,0.011355835504253543,0,0.01712328733035795,1240.4000244140625,-0.005611672168507553,0.0,0,0
2026-09-22,RELIANCE,1247.5999755859375,1251.9000244140625,1237.4000244140625,1240.4000244140625,10684376,0.0098,1,0.0,0.9431,0.0098,0.04,0.0119,0.0139,0.020566666666666667,0.01839999999999998,0.012318887936809329,2,-0.005611672168507553,1248.0,0.006127035985449503,1.0,1,0
2026-09-23,RELIANCE,1242.0,1252.800048828125,1238.9000244140625,1248.0,8352048,0.0063,1,0.0,0.9402,0.0063,0.0098,0.04,0.0119,0.018699999999999998,0.016379999999999978,0.013500259256757536,1,0.006127035985449503,1219.199951171875,-0.023076962202023266,0.0,0,0
2026-09-24,RELIANCE,1236.5999755859375,1241.5999755859375,1219.199951171875,1219.199951171875,13923795,-0.4749,2,0.6809438302826453,0.9526,-0.4749,0.0063,0.0098,0.04,-0.15293333333333334,-0.08138000000000002,0.22039386788202553,1,-0.023076962202023266,1226.0,0.005577468094211113,1.0,1,0
2026-09-25,RELIANCE,1210.5,1227.4000244140625,1210.5,1226.0,13138735,-0.0419,1,0.0,0.9162,-0.0419,-0.4749,0.0063,0.0098,-0.17016666666666666,-0.09214000000000003,0.21597016692126653,2,0.005577468094211113,1197.5999755859375,-0.023164783371992237,0.0,0,0
2026-04-02,SBIN,982.2941115339542,1007.833758433837,960.5854356508436,1000.3683471679688,20777629,0.0,0,0.0,0.0,0.0,0.0,0.0,0.0,0.0,0.0,0.0,0,0.0,1014.4642333984375,0.01409069596251622,1.0,1,0
2026-04-06,SBIN,1001.939983603395,1017.3619530344956,987.2546747939996,1014.4642333984375,23576634,0.0,0,0.0,0.0,0.0,0.0,0.0,0.0,0.0,0.0,0.0,0,0.01409069596251622,1012.1558227539062,-0.0022754973201943862,0.0,0,0
2026-04-07,SBIN,1006.8514108515341,1015.3973212044529,994.0815880797585,1012.1558227539062,15021291,0.0,0,0.0,0.0,0.0,0.0,0.0,0.0,0.0,0.0,0.0,0,-0.0022754973201943862,1042.656005859375,0.03013388098927572,1.0,1,0
2026-04-08,SBIN,1054.9838445577764,1058.7166100346876,1040.6914176944629,1042.656005859375,28533742,0.0,0,0.0,0.0,0.0,0.0,0.0,0.0,0.0,0.0,0.0,0,0.03013388098927572,1022.5189819335938,-0.019313199955323657,0.0,0,0
2026-04-09,SBIN,1041.329937682068,1045.504687551959,1019.9159985301128,1022.5189819335938,24772948,0.0,0,0.0,0.0,0.0,0.0,0.0,0.0,0.0,0.0,0.0,0,-0.019313199955323657,1047.8131103515625,0.02473707468015629,1.0,1,0
2026-04-10,SBIN,1030.4265520507975,1050.5144192344412,1027.6270377357864,1047.8131103515625,17861336,0.0,0,0.0,0.0,0.0,0.0,0.0,0.0,0.0,0.0,0.0,0,0.02473707468015629,1044.7188720703125,-0.0029530440597482777,0.0,0,0
2026-04-13,SBIN,1023.5503875880017,1048.353312047308,1011.7628591320939,1044.7188720703125,17763348,0.0,0,0.0,0.0,0.0,0.0,0.0,0.0,0.0,0.0,0.0,0,-0.0029530440597482777,1052.528076171875,0.007474933506357528,1.0,1,0
2026-04-15,SBIN,1056.9483994035816,1068.7359280214653,1049.2864578383803,1052.528076171875,16195810,0.0,0,0.0,0.0,0.0,0.0,0.0,0.0,0.0,0.0,0.0,0,0.007474933506357528,1048.255126953125,-0.004059700938611632,0.0,0,0
2026-04-16,SBIN,1058.9129934902317,1064.9541259228224,1043.1962885775752,1048.255126953125,20313165,0.0,0,0.0,0.0,0.0,0.0,0.0,0.0,0.0,0.0,0.0,0,-0.004059700938611632,1061.1231689453125,0.012275677610649849,1.0,1,0
2026-04-17,SBIN,1048.1077725199245,1062.9895516597985,1041.2317140310404,1061.1231689453125,16823879,0.0,0,0.0,0.0,0.0,0.0,0.0,0.0,0.0,0.0,0.0,0,0.012275677610649849,1088.2344970703125,0.025549652404580847,1.0,1,0
2026-04-20,SBIN,1061.1723665018162,1101.102525826513,1056.8010858019393,1088.2344970703125,31179584,0.0,0,0.0,0.0,0.0,0.0,0.0,0.0,0.0,0.0,0.0,0,0.025549652404580847,1092.1636962890625,0.0036106181428066098,1.0,1,0
2026-04-21,SBIN,1093.6863001427537,1095.012373226544,1086.3681369836245,1092.1636962890625,16963734,0.0,0,0.0,0.0,0.0,0.0,0.0,0.0,0.0,0.0,0.0,0,0.0036106181428066098,1083.76513671875,-0.007689835872451201,0.0,0,0
2026-04-22,SBIN,1090.3464592751195,1098.057444036852,1080.6217236295247,1083.76513671875,12412659,0.0,0,0.0,0.0,0.0,0.0,0.0,0.0,0.0,0.0,0.0,0,-0.007689835872451201,1074.875244140625,-0.008202785157899073,0.0,0,0
2026-04-23,SBIN,1075.6119646643676,1082.3898174645885,1063.038553095583,1074.875244140625,13669001,0.0,0,0.0,0.0,0.0,0.0,0.0,0.0,0.0,0.0,0.0,0,-0.008202785157899073,1081.60400390625,0.006260037899565418,1.0,1,0
2026-04-24,SBIN,1072.0266364810311,1086.4172689530212,1070.749726103037,1081.60400390625,13774745,0.0,0,0.0,0.0,0.0,0.0,0.0,0.0,0.0,0.0,0.0,0,0.006260037899565418,1092.1636962890625,0.009762993059082348,1.0,1,0
2026-04-27,SBIN,1091.2796075968854,1095.0615358962568,1083.8633589162316,1092.1636962890625,11624385,0.0,0,0.0,0.0,0.0,0.0,0.0,0.0,0.0,0.0,0.0,0,0.009762993059082348,1071.9775390625,-0.018482721312886308,0.0,0,0
2026-04-28,SBIN,1082.7827735553876,1090.8375367592364,1069.8655828843748,1071.9775390625,10727835,0.0,0,0.0,0.0,0.0,0.0,0.0,0.0,0.0,0.0,0.0,0,-0.018482721312886308,1067.655517578125,-0.0040318209354972545,0.0,0,0
2026-04-29,SBIN,1074.6297819435,1085.4350174109393,1065.0524141428152,1067.655517578125,10611104,-0.0007,1,0.0,0.9443,-0.0007,0.0,0.0,0.0,-0.00023333333333333333,-0.00014,0.00031304951684997057,0,-0.0040318209354972545,1049.5321044921875,-0.016974963167004198,0.0,0,0
2026-04-30,SBIN,1055.9661789414106,1058.6183251016832,1044.1786495020647,1049.5321044921875,14269539,-0.0006,0,0.0,0.0,-0.0006,-0.0007,0.0,0.0,-0.0004333333333333333,-0.00026,0.0003577708763999663,1,-0.016974963167004198,1049.5321044921875,0.0,0.0,0,0
2026-05-01,SBIN,1049.5321044921875,1049.5321044921875,1049.5321044921875,1049.5321044921875,0,-0.0005,0,0.0,0.0,-0.0005,-0.0006,-0.0007,0.0,-0.0006,-0.00035999999999999997,0.0003361547262794322,0,0.0,1049.4830322265625,-4.675632638106997e-05,0.0,0,0
2026-05-04,SBIN,1044.7679726198023,1069.816471974203,1044.7679726198023,1049.4830322265625,11693211,-0.0004,0,0.0,0.0,-0.0004,-0.0005,-0.0006,-0.0007,-0.0004999999999999999,-0.00044,0.0002701851217221259,0,-4.675632638106997e-05,1041.133544921875,-0.007955809716116535,0.0,0,0
2026-05-05,SBIN,1041.8211028311687,1049.581250235382,1030.8194568287804,1041.133544921875,12194631,-0.0004,0,0.0,0.0,-0.0004,-0.0004,-0.0005,-0.0006,-0.0004333333333333333,-0.00052,0.00013038404810405293,0,-0.007955809716116535,1076.5943603515625,0.03405981451913398,1.0,1,0
2026-05-06,SBIN,1053.019301365762,1081.6040364042549,1042.4104768585712,1076.5943603515625,14384779,-0.0003,0,0.0,0.0,-0.0003,-0.0004,-0.0004,-0.0005,-0.00036666666666666667,-0.00043999999999999996,0.00011401754250991379,0,0.03405981451913398,1072.6651611328125,-0.0036496561411178963,0.0,0,0
2026-05-07,SBIN,1086.4172785832332,1088.381866790436,1066.8696019397742,1072.6651611328125,16105163,-0.4274,1,0.0,0.6798,-0.4274,-0.0003,-0.0004,-0.0004,-0.1427,-0.0858,0.19096021837021449,0,-0.0036496561411178963,1001.2523193359375,-0.0665751479440777,0.0,0,0
2026-05-08,SBIN,1070.7005210892246,1075.6119913694504,993.0010852378409,1001.2523193359375,48065909,0.5997,3,0.5245610450653002,0.9254333333333333,0.5997,-0.4274,-0.0003,-0.0004,0.05733333333333335,0.03424000000000001,0.3662135210502201,1,-0.0665751479440777,956.3615112304688,-0.04483466079283771,0.0,0,0
2026-05-11,SBIN,989.1701581334676,989.1701581334676,953.9057759818752,956.3615112304688,46927396,-0.9584,1,0.0,0.9656,-0.9584,0.5997,-0.4274,-0.0003,-0.26203333333333334,-0.15736,0.5781502425840536,3,-0.04483466079283771,957.3438110351562,0.0010271218500037538,1.0,1,1
2026-05-12,SBIN,959.6031354409057,964.0234589147167,945.3598709141811,957.3438110351562,25787092,-0.8146,0,0.0,0.0,-0.8146,-0.9584,0.5997,-0.4274,-0.3911,-0.3202,0.6347783983407123,1,0.0010271218500037538,952.9234619140625,-0.004617305789352821,0.0,0,1
2026-05-13,SBIN,960.6836091187947,963.8269621620207,944.1810805849492,952.9234619140625,17584580,-0.6924,0,0.0,0.0,-0.6924,-0.8146,-0.9584,0.5997,-0.8218000000000001,-0.45861999999999997,0.622930736117588,0,-0.004617305789352821,962.5499877929688,0.010102097664349774,1.0,1,0
2026-05-14,SBIN,956.2632817330172,969.5242517416415,946.5385464115705,962.5499877929688,16487142,-0.5886,0,0.0,0.0,-0.5886,-0.6924,-0.8146,-0.9584,-0.6985333333333333,-0.49085999999999996,0.6250787614373088,0,0.010102097664349774,963.2000122070312,0.0006753149678522252,1.0,1,0
2026-05-15,SBIN,971.2000122070312,972.5,957.0,963.2000122070312,26972493,-0.5003,0,0.0,0.0,-0.5003,-0.5886,-0.6924,-0.8146,-0.5937666666666667,-0.71086,0.18142617782448056,0,0.0006753149678522252,939.4000244140625,-0.024709289339017504,0.0,0,0
2026-05-18,SBIN,952.0,954.9000244140625,933.9000244140625,939.4000244140625,16554877,-0.4252,0,0.0,0.0,-0.4252,-0.5003,-0.5886,-0.6924,-0.5047,-0.60422,0.15421330033430983,0,-0.024709289339017504,948.7999877929688,0.010006347812018923,1.0,1,1
2026-05-19,SBIN,942.0,956.5999755859375,939.5,948.7999877929688,17280869,-0.3615,0,0.0,0.0,-0.3615,-0.4252,-0.5003,-0.5886,-0.429,-0.5136000000000001,0.13107278512338125,0,0.010006347812018923,950.9000244140625,0.0022133607168131064,1.0,1,0
2026-05-20,SBIN,941.0999755859375,955.0,935.0,950.9000244140625,11928460,-0.3072,0,0.0,0.0,-0.3072,-0.3615,-0.4252,-0.5003,-0.36463333333333336,-0.43655999999999995,0.11144058057996684,0,0.0022133607168131064,950.9000244140625,0.0,0.0,0,1
2026-05-21,SBIN,957.0,960.9000244140625,946.5,950.9000244140625,11756520,-0.2612,0,0.0,0.0,-0.2612,-0.3072,-0.3615,-0.4252,-0.30996666666666667,-0.37107999999999997,0.094700617738218,0,0.0,949.2000122070312,-0.0017877927893406032,0.0,0,0
2026-05-22,SBIN,950.9000244140625,958.5999755859375,947.7000122070312,949.2000122070312,7807192,-0.222,0,0.0,0.0,-0.222,-0.2612,-0.3072,-0.3615,-0.2634666666666667,-0.31542,0.08048243286581305,0,-0.0017877927893406032,969.5999755859375,0.021491743696329335,1.0,1,1
2026-05-25,SBIN,959.9000244140625,972.5,957.5,969.5999755859375,10934747,-0.1887,0,0.0,0.0,-0.1887,-0.222,-0.2612,-0.3072,-0.22396666666666665,-0.26812,0.06842796942771363,0,0.021491743696329335,968.5,-0.0011344632978902425,0.0,0,1
2026-05-26,SBIN,969.9000244140625,978.7999877929688,962.0999755859375,968.5,16269800,-0.1604,0,0.0,0.0,-0.1604,-0.1887,-0.222,-0.2612,-0.19036666666666666,-0.2279,0.05814868872124394,0,-0.0011344632978902425,967.7999877929688,-0.0007227797697793026,0.0,0,1
2026-05-27,SBIN,969.7999877929688,975.9000244140625,966.5999755859375,967.7999877929688,8111259,-0.1363,0,0.0,0.0,-0.1363,-0.1604,-0.1887,-0.222,-0.16180000000000003,-0.19372,0.049461570941490826,0,-0.0007227797697793026,967.7999877929688,0.0,0.0,0,1
2026-05-28,SBIN,967.7999877929688,967.7999877929688,967.7999877929688,967.7999877929688,0,-0.1159,0,0.0,0.0,-0.1159,-0.1363,-0.1604,-0.1887,-0.1375333333333333,-0.16466,0.04202907327077456,0,0.0,964.4000244140625,-0.003513084750765172,0.0,0,1
2026-05-29,SBIN,967.7999877929688,973.7000122070312,960.2999877929688,964.4000244140625,22292535,-0.0985,0,0.0,0.0,-0.0985,-0.1159,-0.1363,-0.1604,-0.1169,-0.13996,0.03572321374120953,0,-0.003513084750765172,954.0999755859375,-0.010680266038341268,0.0,0,1
2026-06-01,SBIN,966.25,970.25,950.0999755859375,954.0999755859375,11118975,-0.0837,0,0.0,0.0,-0.0837,-0.0985,-0.1159,-0.1363,-0.09936666666666667,-0.11896,0.030369359558610153,0,-0.010680266038341268,956.6500244140625,0.0026727270656923263,1.0,1,1
2026-06-02,SBIN,950.9500122070312,961.2999877929688,939.9000244140625,956.6500244140625,15911760,-0.0712,0,0.0,0.0,-0.0712,-0.0837,-0.0985,-0.1159,-0.08446666666666668,-0.10112000000000002,0.025795387184536504,0,0.0026727270656923263,970.4500122070312,0.014425325292205082,1.0,1,1
2026-06-03,SBIN,953.75,974.0,937.2000122070312,970.4500122070312,27947005,-0.0605,0,0.0,0.0,-0.0605,-0.0712,-0.0837,-0.0985,-0.07179999999999999,-0.08596000000000001,0.02193645367875476,0,0.014425325292205082,979.25,0.009067945470942362,1.0,1,1
2026-06-04,SBIN,969.9000244140625,985.7999877929688,961.0999755859375,979.25,18875883,-0.0514,0,0.0,0.0,-0.0514,-0.0605,-0.0712,-0.0837,-0.06103333333333333,-0.07305999999999999,0.01864652782692144,0,0.009067945470942362,977.7000122070312,-0.0015828315475810983,0.0,0,1
2026-06-05,SBIN,980.0,992.5999755859375,970.5999755859375,977.7000122070312,20955539,-0.0437,0,0.0,0.0,-0.0437,-0.0514,-0.0605,-0.0712,-0.05186666666666667,-0.0621,0.015850709763293183,0,-0.0015828315475810983,981.9500122070312,0.0043469366338722,1.0,1,1
2026-06-08,SBIN,966.0,988.6500244140625,965.1500244140625,981.9500122070312,12895416,-0.0371,0,0.0,0.0,-0.0371,-0.0437,-0.0514,-0.0605,-0.04406666666666667,-0.05278000000000001,0.01350099996297163,0,0.0043469366338722,1002.7000122070312,0.021131421907478076,1.0,1,1
2026-06-09,SBIN,985.0,1009.0,983.0,1002.7000122070312,22142480,-0.0316,0,0.0,0.0,-0.0316,-0.0371,-0.0437,-0.0514,-0.03746666666666667,-0.044860000000000004,0.011453951283297905,0,0.021131421907478076,1003.25,0.0005485068178647801,1.0,1,1
2026-06-10,SBIN,1002.7000122070312,1012.4000244140625,999.5,1003.25,19122317,-0.0268,0,0.0,0.0,-0.0268,-0.0316,-0.0371,-0.0437,-0.03183333333333333,-0.03812,0.009736375095494387,0,0.0005485068178647801,1000.7000122070312,-0.002541727179634967,0.0,0,1
2026-06-11,SBIN,998.0999755859375,1009.4000244140625,993.0,1000.7000122070312,13773978,-0.0228,0,0.0,0.0,-0.0228,-0.0268,-0.0316,-0.0371,-0.02706666666666667,-0.0324,0.008275566445879384,0,-0.002541727179634967,1017.1500244140625,0.016438505052828845,1.0,1,1
2026-06-12,SBIN,1018.0,1018.7000122070312,1004.3499755859375,1017.1500244140625,11081119,0.0854,1,0.0,0.86,0.0854,-0.0228,-0.0268,-0.0316,0.011933333333333332,-0.00658,0.05169557040985399,0,0.016438505052828845,1020.8499755859375,0.0036375668122372584,1.0,1,1
2026-06-15,SBIN,1034.0,1034.0,1018.5,1020.8499755859375,12463437,0.8715,1,0.0,0.8915,0.8715,0.0854,-0.0228,-0.0268,0.3113666666666667,0.17514000000000002,0.39232383052779274,1,0.0036375668122372584,1015.2999877929688,-0.00543663410461781,0.0,0,0
2026-06-16,SBIN,1023.7999877929688,1026.550048828125,1007.4000244140625,1015.2999877929688,9693677,0.7408,0,0.0,0.0,0.7408,0.8715,0.0854,-0.0228,0.5659000000000001,0.32961999999999997,0.43976738396566006,1,-0.00543663410461781,1026.5,0.011031234454535577,1.0,1,1
2026-06-17,SBIN,1017.0,1028.0999755859375,1013.4500122070312,1026.5,8190062,0.6297,0,0.0,0.0,0.6297,0.7408,0.8715,0.0854,0.7473333333333333,0.46091999999999994,0.4032355849872383,0,0.011031234454535577,1042.699951171875,0.015781735189356993,1.0,1,0
2026-06-18,SBIN,1027.9000244140625,1045.699951171875,1024.449951171875,1042.699951171875,11048009,0.3749,2,0.43048660838637015,0.795,0.3749,0.6297,0.7408,0.8715,0.5818,0.54046,0.3131202213208216,0,0.015781735189356993,1035.0999755859375,-0.007288746467664087,0.0,0,0
2026-06-19,SBIN,1042.0,1042.0,1029.300048828125,1035.0999755859375,9099878,0.3187,0,0.0,0.0,0.3187,0.3749,0.6297,0.7408,0.4411,0.58712,0.23632033767748462,2,-0.007288746467664087,1040.75,0.005458433530407758,1.0,1,1
2026-06-22,SBIN,1038.0,1043.0,1033.5999755859375,1040.75,6209440,0.2709,0,0.0,0.0,0.2709,0.3187,0.3749,0.6297,0.32149999999999995,0.46699999999999997,0.2063784387963053,0,0.005458433530407758,1024.199951171875,-0.015902040670790263,0.0,0,1
2026-06-23,SBIN,1041.0,1045.5,1022.3499755859375,1024.199951171875,10411004,0.2302,0,0.0,0.0,0.2302,0.2709,0.3187,0.3749,0.27326666666666666,0.36488,0.1575861415226616,0,-0.015902040670790263,1034.5999755859375,0.010154291066078347,1.0,1,0
2026-06-24,SBIN,1024.0,1044.5,1020.5,1034.5999755859375,11724076,0.1957,0,0.0,0.0,0.1957,0.2302,0.2709,0.3187,0.23226666666666665,0.27808,0.07098346286284091,0,0.010154291066078347,1045.4000244140625,0.010438864375584833,1.0,1,0
2026-06-25,SBIN,1040.0,1055.4000244140625,1038.550048828125,1045.4000244140625,16002360,0.046,1,0.0,0.8945,0.046,0.1957,0.2302,0.2709,0.1573,0.2123,0.10369013935760868,0,0.010438864375584833,1045.4000244140625,0.0,0.0,0,0
2026-06-26,SBIN,1045.4000244140625,1045.4000244140625,1045.4000244140625,1045.4000244140625,0,0.0391,0,0.0,0.0,0.0391,0.046,0.1957,0.2302,0.0936,0.15638,0.10729472028017178,1,0.0,1036.0999755859375,-0.008896162818953002,0.0,0,0
2026-06-29,SBIN,1044.449951171875,1046.4000244140625,1030.8499755859375,1036.0999755859375,16818246,0.0332,0,0.0,0.0,0.0332,0.0391,0.046,0.1957,0.039433333333333334,0.10883999999999998,0.09592555968041211,0,-0.008896162818953002,1026.9000244140625,-0.008879404872751073,0.0,0,0
2026-06-30,SBIN,1040.0,1044.0,1025.050048828125,1026.9000244140625,11161643,0.0282,0,0.0,0.0,0.0282,0.0332,0.0391,0.046,0.0335,0.06844,0.07145035339311,0,-0.008879404872751073,1047.4000244140625,0.019962994948507395,1.0,1,1
2026-07-01,SBIN,1031.0,1049.9000244140625,1025.5,1047.4000244140625,6295315,0.024,0,0.0,0.0,0.024,0.0282,0.0332,0.0391,0.028466666666666668,0.034100000000000005,0.008721238444183321,0,0.019962994948507395,1051.5999755859375,0.004009882636984319,1.0,1,0
2026-07-02,SBIN,1050.9000244140625,1059.800048828125,1045.0,1051.5999755859375,14682790,0.0204,0,0.0,0.0,0.0204,0.024,0.0282,0.0332,0.0242,0.02898,0.007403512679823054,0,0.004009882636984319,1040.0,-0.011030787233970885,0.0,0,1
2026-07-03,SBIN,1055.0,1057.0,1034.5,1040.0,10441493,0.0173,0,0.0,0.0,0.0173,0.0204,0.024,0.0282,0.020566666666666667,0.024620000000000003,0.006289038082274618,0,-0.011030787233970885,1037.699951171875,-0.0022115854116586675,0.0,0,0
2026-07-06,SBIN,1041.9000244140625,1048.4000244140625,1036.5,1037.699951171875,8761017,0.0147,0,0.0,0.0,0.0147,0.0173,0.0204,0.024,0.017466666666666665,0.02092,0.005351354968631789,0,-0.0022115854116586675,1038.0999755859375,0.00038549140684729366,1.0,1,0
2026-07-07,SBIN,1039.300048828125,1049.5999755859375,1035.5,1038.0999755859375,11053574,0.0125,0,0.0,0.0,0.0125,0.0147,0.0173,0.0204,0.014833333333333336,0.017779999999999997,0.004559276258387938,0,0.00038549140684729366,1016.9000244140625,-0.020421878114301184,0.0,0,0
2026-07-08,SBIN,1029.5999755859375,1038.300048828125,1011.7000122070312,1016.9000244140625,14141694,0.0107,0,0.0,0.0,0.0107,0.0125,0.0147,0.0173,0.012633333333333335,0.01512,0.003847336741214594,0,-0.020421878114301184,1022.0999755859375,0.005113532350312644,1.0,1,1
2026-07-09,SBIN,1019.7999877929688,1031.699951171875,1019.2999877929688,1022.0999755859375,7661699,0.0091,0,0.0,0.0,0.0091,0.0107,0.0125,0.0147,0.010766666666666667,0.01286,0.0032416045410104495,0,0.005113532350312644,1036.0,0.013599476319421822,1.0,1,0
2026-07-10,SBIN,1029.5,1047.800048828125,1023.5,1036.0,8792150,0.0077,0,0.0,0.0,0.0077,0.0091,0.0107,0.0125,0.009166666666666665,0.01094,0.002761883415406855,0,0.013599476319421822,1037.0,0.0009652509652509078,1.0,1,0
2026-07-13,SBIN,1023.5,1042.9000244140625,1022.0999755859375,1037.0,8381510,0.0817,1,0.0,0.8973,0.0817,0.0077,0.0091,0.0107,0.03283333333333333,0.02434,0.032115230031875844,0,0.0009652509652509078,1015.4000244140625,-0.02082929178971793,0.0,0,0
2026-07-14,SBIN,1033.300048828125,1033.699951171875,1011.4000244140625,1015.4000244140625,11562326,0.0694,0,0.0,0.0,0.0694,0.0817,0.0077,0.0091,0.05293333333333333,0.03572,0.03663416438244908,1,-0.02082929178971793,1030.0999755859375,0.014477004942320848,1.0,1,0
2026-07-15,SBIN,1015.5,1036.0,1013.7000122070312,1030.0999755859375,14275394,0.059,0,0.0,0.0,0.059,0.0694,0.0817,0.0077,0.07003333333333332,0.04538,0.03470456742275146,0,0.014477004942320848,1031.199951171875,0.0010678338142002808,1.0,1,1
2026-07-16,SBIN,1030.0999755859375,1036.0,1027.300048828125,1031.199951171875,7708316,0.0502,0,0.0,0.0,0.0502,0.059,0.0694,0.0817,0.059533333333333334,0.0536,0.028225786082947308,0,0.0010678338142002808,1044.300048828125,0.012703741540486702,1.0,1,0
2026-07-17,SBIN,1030.5999755859375,1048.0,1028.300048828125,1044.300048828125,8452780,0.0426,0,0.0,0.0,0.0426,0.0502,0.059,0.0694,0.0506,0.06058,0.015470681950072607,0,0.012703741540486702,1060.0,0.015033946603270731,1.0,1,0
2026-07-20,SBIN,1041.5999755859375,1065.0,1038.300048828125,1060.0,16540411,0.0363,0,0.0,0.0,0.0363,0.0426,0.0502,0.059,0.04303333333333333,0.051500000000000004,0.01312059449873754,0,0.015033946603270731,1044.4000244140625,-0.014716958099941002,0.0,0,1
2026-07-21,SBIN,1056.199951171875,1067.0,1042.800048828125,1044.4000244140625,10514887,0.0308,0,0.0,0.0,0.0308,0.0363,0.0426,0.0502,0.03656666666666667,0.04378,0.011165661646328949,0,-0.014716958099941002,1025.0,-0.01857528146358145,0.0,0,0
2026-07-22,SBIN,1044.4000244140625,1044.4000244140625,1019.2000122070312,1025.0,11227214,0.0262,0,0.0,0.0,0.0262,0.0308,0.0363,0.0426,0.0311,0.037219999999999996,0.009499052584352873,0,-0.01857528146358145,1012.5999755859375,-0.012097584794207306,0.0,0,0
2026-07-23,SBIN,1022.0,1023.0999755859375,1006.5,1012.5999755859375,8910230,0.0223,0,0.0,0.0,0.0223,0.0262,0.0308,0.0363,0.026433333333333336,0.03164,0.008052515135055675,0,-0.012097584794207306,1015.0,0.0023701604502546214,1.0,1,0
2026-07-24,SBIN,1006.0,1017.7999877929688,1000.7999877929688,1015.0,13797053,0.0189,0,0.0,0.0,0.0189,0.0223,0.0262,0.0308,0.022466666666666666,0.0269,0.006877863040240078,0,0.0023701604502546214,1020.5999755859375,0.005517217326046708,1.0,1,0
2026-07-27,SBIN,1020.2999877929688,1023.7000122070312,1015.9000244140625,1020.5999755859375,6093002,0.0161,0,0.0,0.0,0.0161,0.0189,0.0223,0.0262,0.019100000000000002,0.022860000000000002,0.005828636204147613,0,0.005517217326046708,1013.2000122070312,-0.00725060117178411,0.0,0,0
2026-07-28,SBIN,1018.0,1022.0,1008.2999877929688,1013.2000122070312,9873370,0.0137,0,0.0,0.0,0.0137,0.0161,0.0189,0.0223,0.016233333333333332,0.019440000000000002,0.004956611745971246,0,-0.00725060117178411,1013.7000122070312,0.0004934859790524104,1.0,1,0
2026-07-29,SBIN,1020.0,1020.2000122070312,1012.0,1013.7000122070312,4792964,0.0116,0,0.0,0.0,0.0116,0.0137,0.0161,0.0189,0.0138,0.01652,0.004225162718795573,0,0.0004934859790524104,1025.300048828125,0.011443263767786815,1.0,1,0
2026-07-30,SBIN,1013.5,1028.300048828125,1007.5999755859375,1025.300048828125,6847458,0.0099,0,0.0,0.0,0.0099,0.0116,0.0137,0.0161,0.011733333333333333,0.01404,0.003573233829502329,0,0.011443263767786815,1027.4000244140625,0.0020481571110209096,1.0,1,1
2026-07-31,SBIN,1028.0999755859375,1034.300048828125,1023.5,1027.4000244140625,10921417,0.0084,0,0.0,0.0,0.0084,0.0099,0.0116,0.0137,0.009966666666666667,0.011940000000000001,0.003050081966160874,0,0.0020481571110209096,1045.0,0.017130596814979526,1.0,1,0
2026-08-03,SBIN,1035.0,1051.5,1031.5999755859375,1045.0,10507450,0.0071,0,0.0,0.0,0.0071,0.0084,0.0099,0.0116,0.008466666666666666,0.01014,0.0026044193211346945,0,0.017130596814979526,1042.699951171875,-0.0022010036632774677,0.0,0,0
2026-08-04,SBIN,1047.5999755859375,1047.5999755859375,1030.9000244140625,1042.699951171875,8544184,0.0061,0,0.0,0.0,0.0061,0.0071,0.0084,0.0099,0.007200000000000001,0.00862,0.0021924871722086843,0,-0.0022010036632774677,1055.0,0.011796345453264134,1.0,1,1
2026-08-05,SBIN,1043.0,1055.0,1040.300048828125,1055.0,8707119,0.916,1,0.0,0.9344,0.916,0.0061,0.0071,0.0084,0.30973333333333336,0.1895,0.4061283479394172,0,0.011796345453264134,1085.0,0.028436018957346043,1.0,1,1
2026-08-06,SBIN,1052.5,1088.0999755859375,1052.5,1085.0,13822265,0.01805000000000001,2,1.2887021087124828,0.9432,0.0181,0.916,0.0061,0.0071,0.3134,0.19114,0.4052373662435392,1,0.028436018957346043,1097.199951171875,0.011244194628456272,1.0,1,0
2026-08-07,SBIN,1080.0999755859375,1124.5,1075.699951171875,1097.199951171875,29410622,0.6034125,8,0.3632049694338289,0.824775,0.6034,0.0181,0.916,0.0061,0.5125000000000001,0.31013999999999997,0.42503784890289514,2,0.011244194628456272,1071.0,-0.023878921197446168,0.0,0,1
2026-08-10,SBIN,1108.0,1113.300048828125,1068.5999755859375,1071.0,16623448,-0.77435,2,0.2482651908745968,0.83735,-0.7744,0.6034,0.0181,0.916,-0.05096666666666664,0.15384,0.6490134844515947,8,-0.023878921197446168,1066.0,-0.00466853408029877,0.0,0,1
2026-08-11,SBIN,1071.0,1071.0,1060.4000244140625,1066.0,9456913,-0.6582,0,0.0,0.0,-0.6582,-0.7744,0.6034,0.0181,-0.2764,0.02098000000000002,0.7473615202831895,2,-0.00466853408029877,1082.0,0.015009380863039379,1.0,1,1
2026-08-12,SBIN,1066.0,1085.5,1066.0,1082.0,17673922,-0.5595,0,0.0,0.0,-0.5595,-0.6582,-0.7744,0.6034,-0.6640333333333333,-0.27412000000000003,0.5776402747385263,0,0.015009380863039379,1083.0,0.0009242144177448175,1.0,1,1
2026-08-13,SBIN,1083.0,1086.800048828125,1073.0,1083.0,9502483,-0.4755,0,0.0,0.0,-0.4755,-0.5595,-0.6582,-0.7744,-0.5643999999999999,-0.37283999999999995,0.557024759772849,0,0.0009242144177448175,1067.699951171875,-0.014127468908702645,0.0,0,1
2026-08-14,SBIN,1082.0,1082.0,1065.0999755859375,1067.699951171875,6273501,-0.4042,0,0.0,0.0,-0.4042,-0.4755,-0.5595,-0.6582,-0.47973333333333334,-0.57436,0.14662340536217325,0,-0.014127468908702645,1061.199951171875,-0.006087852671404326,0.0,0,0
2026-08-17,SBIN,1064.199951171875,1068.800048828125,1052.4000244140625,1061.199951171875,7039473,-0.3436,0,0.0,0.0,-0.3436,-0.4042,-0.4755,-0.5595,-0.40776666666666667,-0.4882000000000001,0.12460953013313293,0,-0.006087852671404326,1053.0,-0.007727055738006583,0.0,0,1
2026-08-18,SBIN,1059.5999755859375,1067.699951171875,1053.0,1053.0,5583771,-0.292,0,0.0,0.0,-0.292,-0.3436,-0.4042,-0.4755,-0.3466,-0.41495999999999994,0.10592933021595181,0,-0.007727055738006583,1048.5999755859375,-0.004178560697115419,0.0,0,0
2026-08-19,SBIN,1053.199951171875,1054.800048828125,1041.4000244140625,1048.5999755859375,7182636,-0.2482,0,0.0,0.0,-0.2482,-0.292,-0.3436,-0.4042,-0.29460000000000003,-0.3527,0.09002727364526908,0,-0.004178560697115419,1048.0,-0.0005721682242098014,0.0,0,1
2026-08-20,SBIN,1052.9000244140625,1052.9000244140625,1045.699951171875,1048.0,5879949,-0.211,0,0.0,0.0,-0.211,-0.2482,-0.292,-0.3436,-0.2504,-0.2998,0.07652881810141952,0,-0.0005721682242098014,1048.699951171875,0.0006678923395753156,1.0,1,1
2026-08-21,SBIN,1052.699951171875,1054.699951171875,1040.0999755859375,1048.699951171875,6534213,-0.1794,0,0.0,0.0,-0.1794,-0.211,-0.2482,-0.292,-0.21286666666666668,-0.25484,0.06503159232250237,0,0.0006678923395753156,1039.5,-0.008772720129904155,0.0,0,1
2026-08-24,SBIN,1047.9000244140625,1047.9000244140625,1032.0999755859375,1039.5,8868193,-0.9576,1,0.0,0.9641,-0.9576,-0.1794,-0.211,-0.2482,-0.44933333333333336,-0.37764000000000003,0.32692144010449997,0,-0.008772720129904155,1048.0,0.008177008177008283,1.0,1,0
2026-08-25,SBIN,1036.0,1048.0,1031.300048828125,1048.0,9982723,-0.814,0,0.0,0.0,-0.814,-0.9576,-0.1794,-0.211,-0.6503333333333333,-0.48204,0.3728570610837351,1,0.008177008177008283,1052.0,0.003816793893129722,1.0,1,1
2026-08-26,SBIN,1051.4000244140625,1062.300048828125,1051.199951171875,1052.0,5858099,-0.6919,0,0.0,0.0,-0.6919,-0.814,-0.9576,-0.1794,-0.8211666666666666,-0.57078,0.3556949845021717,0,0.003816793893129722,1042.9000244140625,-0.008650166906784662,0.0,0,0
2026-08-27,SBIN,1052.0,1054.4000244140625,1042.9000244140625,1042.9000244140625,4788716,-0.5881,0,0.0,0.0,-0.5881,-0.6919,-0.814,-0.9576,-0.698,-0.6462,0.2951665377375968,0,-0.008650166906784662,1047.5,0.004410754126237482,1.0,1,1
2026-08-28,SBIN,1046.0,1051.199951171875,1040.5,1047.5,4969272,-0.4999,0,0.0,0.0,-0.4999,-0.5881,-0.6919,-0.814,-0.5932999999999999,-0.7102999999999999,0.1812805422542645,0,0.004410754126237482,1060.0,0.01193317422434359,1.0,1,0
2026-08-31,SBIN,1041.199951171875,1060.0,1034.5,1060.0,5138732,-0.9657,1,0.0,0.9731,-0.9657,-0.4999,-0.5881,-0.6919,-0.6845666666666667,-0.7119199999999999,0.18405793109779373,0,0.01193317422434359,1034.5,-0.024056603773584873,0.0,0,0
2026-09-01,SBIN,1051.300048828125,1051.300048828125,1027.0999755859375,1034.5,7605132,-0.954,1,0.0,0.9627,-0.954,-0.9657,-0.4999,-0.5881,-0.8065333333333333,-0.7399199999999999,0.21199745753192462,1,-0.024056603773584873,1020.9000244140625,-0.013146423959340292,0.0,0,1
2026-09-02,SBIN,1026.0,1035.300048828125,1017.2999877929688,1020.9000244140625,13843678,-0.8109,0,0.0,0.0,-0.8109,-0.954,-0.9657,-0.4999,-0.9102,-0.76372,0.2119385099504103,1,-0.013146423959340292,1023.4000244140625,0.002448819610357811,1.0,1,0
2026-09-03,SBIN,1028.9000244140625,1036.0,1021.0999755859375,1023.4000244140625,7371804,-0.6893,0,0.0,0.0,-0.6893,-0.8109,-0.954,-0.9657,-0.8180666666666667,-0.78396,0.19514058521998995,0,0.002448819610357811,1016.0999755859375,-0.007133133333961483,0.0,0,1
2026-09-04,SBIN,1026.0,1029.199951171875,1016.0999755859375,1016.0999755859375,6724566,-0.5859,0,0.0,0.0,-0.5859,-0.6893,-0.8109,-0.954,-0.6953666666666667,-0.80116,0.1653616279552187,0,-0.007133133333961483,1005.9000244140625,-0.010038334235755841,0.0,0,1
2026-09-07,SBIN,1020.7999877929688,1021.7000122070312,1000.5999755859375,1005.9000244140625,10220001,-0.498,0,0.0,0.0,-0.498,-0.5859,-0.6893,-0.8109,-0.5910666666666667,-0.70762,0.18059747229681858,0,-0.010038334235755841,1008.0,0.002087658350700128,1.0,1,0
2026-09-08,SBIN,1004.9000244140625,1011.2000122070312,1002.0999755859375,1008.0,7084768,-0.4233,0,0.0,0.0,-0.4233,-0.498,-0.5859,-0.6893,-0.5024000000000001,-0.60148,0.15351551061700616,0,0.002087658350700128,1000.5,-0.007440476190476164,0.0,0,0
2026-09-09,SBIN,999.0,1012.2000122070312,992.4000244140625,1000.5,7091386,-0.3598,0,0.0,0.0,-0.3598,-0.4233,-0.498,-0.5859,-0.4270333333333333,-0.51126,0.1305012375420253,0,-0.007440476190476164,1009.7000122070312,0.009195414499781451,1.0,1,1
2026-09-10,SBIN,1002.0,1011.9000244140625,1001.0,1009.7000122070312,5504031,-0.3058,0,0.0,0.0,-0.3058,-0.3598,-0.4233,-0.498,-0.36296666666666666,-0.43456,0.11093174928756913,0,0.009195414499781451,995.7000122070312,-0.01386550443769774,0.0,0,1
2026-09-11,SBIN,1000.0,1001.9000244140625,993.0,995.7000122070312,7771109,-0.26,0,0.0,0.0,-0.26,-0.3058,-0.3598,-0.4233,-0.3085333333333333,-0.36938,0.09427174550203302,0,-0.01386550443769774,995.7000122070312,0.0,0.0,0,0
2026-09-14,SBIN,995.7000122070312,995.7000122070312,995.7000122070312,995.7000122070312,0,-0.221,0,0.0,0.0,-0.221,-0.26,-0.3058,-0.3598,-0.2622666666666667,-0.31398,0.08011923614214049,0,0.0,968.0,-0.02781963630354134,0.0,0,1
2026-09-15,SBIN,994.0,999.7999877929688,968.0,968.0,10004115,-0.9075,1,0.0,0.9275,-0.9075,-0.221,-0.26,-0.3058,-0.4628333333333334,-0.41082,0.2824453787903071,0,-0.02781963630354134,991.4000244140625,0.024173578940147156,1.0,1,0
2026-09-16,SBIN,976.0,991.4000244140625,973.2000122070312,991.4000244140625,8609956,0.033299999999999996,2,0.040870771952582444,0.9289499999999999,0.0333,-0.9075,-0.221,-0.26,-0.36506666666666665,-0.3322,0.3474318566280301,1,0.024173578940147156,988.7000122070312,-0.0027234336701040807,0.0,0,1
2026-09-17,SBIN,991.2000122070312,1000.9000244140625,985.2000122070312,988.7000122070312,8624398,-0.0059,1,0.0,0.9421,-0.0059,0.0333,-0.9075,-0.221,-0.2933666666666667,-0.27222,0.37769773232043646,2,-0.0027234336701040807,996.2000122070312,0.00758571852675316,1.0,1,0
2026-09-18,SBIN,992.0,996.2000122070312,985.0999755859375,996.2000122070312,5699456,-0.005,0,0.0,0.0,-0.005,-0.0059,0.0333,-0.9075,0.007466666666666631,-0.22121999999999997,0.3965080415325773,1,0.00758571852675316,996.0,-0.0002007751501509336,0.0,0,0
2026-09-21,SBIN,993.5999755859375,997.5,989.0999755859375,996.0,3590054,-0.0043,0,0.0,0.0,-0.0043,-0.005,-0.0059,0.0333,-0.005066666666666704,-0.17787999999999998,0.40820857658799875,0,-0.0002007751501509336,987.0,-0.009036144578313254,0.0,0,0
2026-09-22,SBIN,999.0999755859375,1000.0999755859375,981.2999877929688,987.0,6126235,-0.0036,0,0.0,0.0,-0.0036,-0.0043,-0.005,-0.0059,-0.004300000000000036,0.0029000000000000007,0.017015434170188345,0,-0.009036144578313254,994.0999755859375,0.007193490968528282,1.0,1,0
2026-09-23,SBIN,987.0,996.4000244140625,986.4000244140625,994.0999755859375,4522248,-0.0031,0,0.0,0.0,-0.0031,-0.0036,-0.0043,-0.005,-0.0036666666666667035,-0.00438,0.0011122050170781794,0,0.007193490968528282,978.5,-0.015692562085360295,0.0,0,0
2026-09-24,SBIN,982.2999877929688,992.0,975.7999877929688,978.5,13724672,-0.0026,0,0.0,0.0,-0.0026,-0.0031,-0.0036,-0.0043,-0.0031000000000000368,-0.00372,0.0009523654760719747,0,-0.015692562085360295,983.0,0.004598875830352567,1.0,1,0
2026-09-25,SBIN,980.7999877929688,985.7000122070312,977.0,983.0,3759097,0.13576000000000002,5,0.40298662881043584,0.8968400000000001,0.1358,-0.0026,-0.0031,-0.0036,0.04336666666666663,0.02444,0.06225530499483566,0,0.004598875830352567,962.0,-0.021363173957273607,0.0,0,0
2026-04-02,SUNPHARMA,1660.6477572282658,1695.5562686414726,1615.7653854112857,1689.1729736328125,3937824,0.0,0,0.0,0.0,0.0,0.0,0.0,0.0,0.0,0.0,0.0,0,0.0,1690.17041015625,0.0005904880903300214,1.0,1,0
2026-04-06,SUNPHARMA,1679.8974066842584,1694.5589332152347,1650.5742318710768,1690.17041015625,3533715,0.0074,1,0.0,0.9464,0.0074,0.0,0.0,0.0,0.0037,0.0037,0.005232590180780452,0,0.0005904880903300214,1713.5091552734375,0.013808515979776281,1.0,1,0
2026-04-07,SUNPHARMA,1685.3829186545368,1719.3937570486605,1676.9051376185505,1713.5091552734375,2471378,0.0063,0,0.0,0.0,0.0063,0.0074,0.0,0.0,0.004566666666666667,0.004566666666666667,0.003992910383834495,1,0.013808515979776281,1710.1180419921875,-0.0019790459075247346,0.0,0,0
2026-04-08,SUNPHARMA,1725.477811018551,1744.6275738623137,1681.0941332206748,1710.1180419921875,4859877,0.0053,0,0.0,0.0,0.0053,0.0063,0.0074,0.0,0.006333333333333333,0.00475,0.003280751946327752,0,-0.0019790459075247346,1712.611572265625,0.0014581041847454568,1.0,1,0
2026-04-09,SUNPHARMA,1698.249188710168,1726.375548537777,1698.249188710168,1712.611572265625,3276165,-0.6589,1,0.0,0.681,-0.6589,0.0053,0.0063,0.0074,-0.21576666666666666,-0.12798,0.29680690187392883,0,0.0014581041847454568,1650.57421875,-0.0362238317901562,0.0,0,0
2026-04-10,SUNPHARMA,1694.758348256462,1695.556305806745,1626.138260225138,1650.57421875,8089531,-0.5601,0,0.0,0.0,-0.5601,-0.6589,0.0053,0.0063,-0.4045666666666667,-0.24000000000000005,0.3391105129600084,1,-0.0362238317901562,1647.881103515625,-0.0016316232277119314,0.0,0,1
2026-04-13,SUNPHARMA,1650.5741187712865,1664.337972545746,1635.8127572437804,1647.881103515625,3751005,-0.4761,0,0.0,0.0,-0.4761,-0.5601,-0.6589,0.0053,-0.5650333333333334,-0.33670000000000005,0.3192826960547659,0,-0.0016316232277119314,1692.1651611328125,0.0268733329866524,1.0,1,1
2026-04-15,SUNPHARMA,1670.621646636875,1694.7583405325704,1653.3668191382837,1692.1651611328125,3760449,-0.4046,0,0.0,0.0,-0.4046,-0.4761,-0.5601,-0.6589,-0.4802666666666667,-0.41888000000000003,0.25542093101388547,0,0.0268733329866524,1688.67431640625,-0.0020629456312796224,0.0,0,0
2026-04-16,SUNPHARMA,1709.4199951863202,1709.4199951863202,1662.2435857760172,1688.67431640625,4512633,-0.3439,0,0.0,0.0,-0.3439,-0.4046,-0.4761,-0.5601,-0.40820000000000006,-0.48872,0.1247643859440667,0,-0.0020629456312796224,1671.120361328125,-0.0103951098844699,0.0,0,1
2026-04-17,SUNPHARMA,1692.464447589694,1692.464447589694,1666.133430975012,1671.120361328125,3146482,-0.2924,0,0.0,0.0,-0.2924,-0.3439,-0.4046,-0.4761,-0.3469666666666667,-0.41542,0.10604299599690696,0,-0.0103951098844699,1664.23828125,-0.004118243208200423,0.0,0,0
2026-04-20,SUNPHARMA,1675.6085061778801,1675.6085061778801,1660.647715944149,1664.23828125,1834532,-0.2485,0,0.0,0.0,-0.2485,-0.2924,-0.3439,-0.4046,-0.2949333333333333,-0.35309999999999997,0.09012704921387375,0,-0.004118243208200423,1660.84716796875,-0.002037636869344772,0.0,0,0
2026-04-21,SUNPHARMA,1662.8419400281655,1678.5009737453106,1655.561095062034,1660.84716796875,3631490,-0.2112,0,0.0,0.0,-0.2112,-0.2485,-0.2924,-0.3439,-0.2507,-0.30012,0.07658940527253112,0,-0.002037636869344772,1665.435302734375,0.0027625267719464386,1.0,1,1
2026-04-22,SUNPHARMA,1660.8472294269625,1669.524561257251,1648.0807608250266,1665.435302734375,2169514,-0.1795,0,0.0,0.0,-0.1795,-0.2112,-0.2485,-0.2924,-0.21306666666666665,-0.2551,0.06512077241556659,0,0.0027625267719464386,1675.708251953125,0.006168326804339763,1.0,1,1
2026-04-23,SUNPHARMA,1664.6372913221383,1708.522276833327,1656.8576315537557,1675.708251953125,3245164,-0.1526,0,0.0,0.0,-0.1526,-0.1795,-0.2112,-0.2485,-0.1811,-0.21684,0.05537267376603751,0,0.006168326804339763,1616.164306640625,-0.035533599147165695,0.0,0,1
2026-04-24,SUNPHARMA,1666.0336068840952,1668.9260506484607,1609.3820331070247,1616.164306640625,9606128,-0.1297,0,0.0,0.0,-0.1297,-0.1526,-0.1795,-0.2112,-0.15393333333333334,-0.1843,0.047048751311804436,0,-0.035533599147165695,1728.96875,0.06979763313412812,1.0,1,1
2026-04-27,SUNPHARMA,1620.752361551774,1762.2814690430637,1617.6604890892131,1728.96875,26995361,-0.1103,0,0.0,0.0,-0.1103,-0.1297,-0.1526,-0.1795,-0.13086666666666666,-0.15666000000000002,0.0399651473161306,0,0.06979763313412812,1742.732666015625,0.00796076621721764,1.0,1,1
2026-04-28,SUNPHARMA,1719.4935227215092,1759.289249830796,1709.8189268916053,1742.732666015625,16599167,-0.0937,0,0.0,0.0,-0.0937,-0.1103,-0.1297,-0.1526,-0.11123333333333334,-0.13316,0.0339740783539454,0,0.00796076621721764,1774.050537109375,0.017970553777104215,1.0,1,1
2026-04-29,SUNPHARMA,1751.409922236535,1785.121619781898,1745.42560587354,1774.050537109375,9809449,-0.0797,0,0.0,0.0,-0.0797,-0.0937,-0.1103,-0.1297,-0.09456666666666667,-0.11320000000000001,0.028876980451564213,0,0.017970553777104215,1803.5732421875,0.016641411538494966,1.0,1,1
2026-04-30,SUNPHARMA,1766.3706938370256,1810.255680019312,1756.7958121111358,1803.5732421875,4749798,-0.0677,0,0.0,0.0,-0.0677,-0.0797,-0.0937,-0.1103,-0.08036666666666666,-0.09622,0.0245550809406123,0,0.016641411538494966,1803.5732421875,0.0,0.0,0,1
2026-05-01,SUNPHARMA,1803.5732421875,1803.5732421875,1803.5732421875,1803.5732421875,0,-0.0576,0,0.0,0.0,-0.0576,-0.0677,-0.0797,-0.0937,-0.06833333333333332,-0.0818,0.020872949001040107,0,0.0,1818.7333984375,0.008405622735682572,1.0,1,1
2026-05-04,SUNPHARMA,1815.2425473848368,1836.1876537008156,1805.2686872343706,1818.7333984375,4206373,-0.0489,0,0.0,0.0,-0.0489,-0.0576,-0.0677,-0.0797,-0.058066666666666655,-0.06952,0.017740405857815687,0,0.008405622735682572,1816.04052734375,-0.0014806299241347798,0.0,0,1
2026-05-05,SUNPHARMA,1823.720351054043,1826.9119376411513,1793.8984844853044,1816.04052734375,3011421,-0.0416,0,0.0,0.0,-0.0416,-0.0489,-0.0576,-0.0677,-0.04936666666666667,-0.0591,0.015090228626499372,0,-0.0014806299241347798,1845.3636474609375,0.016146732231839156,1.0,1,1
2026-05-06,SUNPHARMA,1832.1982001127149,1852.943878950574,1813.6468436670452,1845.3636474609375,3247156,-0.0353,0,0.0,0.0,-0.0353,-0.0416,-0.0489,-0.0576,-0.04193333333333333,-0.05022,0.012832264024716029,0,0.016146732231839156,1829.60498046875,-0.008539599776916651,0.0,0,1
2026-05-07,SUNPHARMA,1845.3636068874173,1852.2455949299965,1821.5261778758204,1829.60498046875,2201070,-0.03,0,0.0,0.0,-0.03,-0.0353,-0.0416,-0.0489,-0.03563333333333333,-0.042679999999999996,0.010928266102178391,0,-0.008539599776916651,1843.0697021484375,0.007359359983944547,1.0,1,1
2026-05-08,SUNPHARMA,1817.237379159211,1852.6445838574284,1814.4446495247767,1843.0697021484375,2837885,-0.0255,0,0.0,0.0,-0.0255,-0.03,-0.0353,-0.0416,-0.030266666666666664,-0.03626,0.009275936610392579,0,0.007359359983944547,1867.8048095703125,0.013420603351594229,1.0,1,1
2026-05-11,SUNPHARMA,1822.4237442361311,1880.870664243333,1820.2295436237603,1867.8048095703125,2564978,0.0197,2,0.019940411229460636,0.94005,0.0197,-0.0255,-0.03,-0.0353,-0.011933333333333332,-0.02254,0.024365611012244725,0,0.013420603351594229,1840.8753662109375,-0.014417696764347676,0.0,0,1
2026-05-12,SUNPHARMA,1870.098825897452,1874.487348825803,1835.1903144806995,1840.8753662109375,3263351,0.0167,0,0.0,0.0,0.0167,0.0197,-0.0255,-0.03,0.0036333333333333335,-0.010879999999999999,0.026792946833075707,2,-0.014417696764347676,1820.0301513671875,-0.011323534024280879,0.0,0,0
2026-05-13,SUNPHARMA,1840.8754228536075,1855.1380923717963,1815.242649525091,1820.0301513671875,1972365,0.0142,0,0.0,0.0,0.0142,0.0167,0.0197,-0.0255,0.01686666666666667,-0.0009799999999999995,0.024566582993978254,0,-0.011323534024280879,1858.32958984375,0.021043298896884943,1.0,1,1
2026-05-14,SUNPHARMA,1847.15891508369,1862.6183984442716,1824.9171580644283,1858.32958984375,2429220,0.0121,0,0.0,0.0,0.0121,0.0142,0.0167,0.0197,0.014333333333333332,0.0074399999999999996,0.018631371393432683,0,0.021043298896884943,1873.2904052734375,0.008050679229051783,1.0,1,0
2026-05-15,SUNPHARMA,1869.1014326201364,1882.9651228793568,1858.3296147241836,1873.2904052734375,2756465,0.0103,0,0.0,0.0,0.0103,0.0121,0.0142,0.0167,0.0122,0.014599999999999998,0.003718870796360338,0,0.008050679229051783,1900.818359375,0.014694974161010732,1.0,1,1
2026-05-18,SUNPHARMA,1873.2904073331254,1906.0047180706204,1860.1249603357965,1900.818359375,3456331,0.0087,0,0.0,0.0,0.0087,0.0103,0.0121,0.0142,0.010366666666666666,0.0124,0.003159113799789706,0,0.014694974161010732,1877.3797607421875,-0.012330793480193059,0.0,0,0
2026-05-19,SUNPHARMA,1895.532137669472,1911.5900282976427,1875.0857241876388,1877.3797607421875,2200951,0.0074,0,0.0,0.0,0.0074,0.0087,0.0103,0.0121,0.0088,0.010539999999999999,0.0026987033923759995,0,-0.012330793480193059,1875.385009765625,-0.0010625186327639646,0.0,0,0
2026-05-20,SUNPHARMA,1875.085745254722,1887.9520494527255,1867.1066569770423,1875.385009765625,1376695,0.0063,0,0.0,0.0,0.0063,0.0074,0.0087,0.0103,0.007466666666666667,0.00896,0.002303909720458182,0,-0.0010625186327639646,1886.3563232421875,0.005850165922960837,1.0,1,0
2026-05-21,SUNPHARMA,1887.0544447908255,1894.634554573989,1863.216893363148,1886.3563232421875,1605806,-0.844,1,0.0,0.8611,-0.844,0.0063,0.0074,0.0087,-0.27676666666666666,-0.16226000000000002,0.38110716734273054,0,0.005850165922960837,1839.7783203125,-0.024692049087327916,0.0,0,0
2026-05-22,SUNPHARMA,1898.0256911488698,1898.0256911488698,1828.3083805078693,1839.7783203125,3610732,0.6298333333333334,3,0.45783692875666254,0.9046666666666666,0.6298,-0.844,0.0063,0.0074,-0.06929999999999996,-0.03835999999999999,0.5248325285269578,1,-0.024692049087327916,1835.7886962890625,-0.002168535186760856,0.0,0,1
2026-05-25,SUNPHARMA,1835.1902890233214,1844.1667632631095,1820.2294986236748,1835.7886962890625,3049028,-0.95455,2,0.005586143571373738,0.9653499999999999,-0.9546,0.6298,-0.844,0.0063,-0.38959999999999995,-0.23102,0.6620967542587715,3,-0.002168535186760856,1835.98828125,0.00010871891810904089,1.0,1,1
2026-05-26,SUNPHARMA,1825.2164632581498,1840.0775396862894,1811.153344366898,1835.98828125,2337759,-0.8114,0,0.0,0.0,-0.8114,-0.9546,0.6298,-0.844,-0.37873333333333337,-0.39478,0.689093355068818,2,0.00010871891810904089,1839.4791259765625,0.0019013436862385102,1.0,1,1
2026-05-27,SUNPHARMA,1860.1249683456458,1877.0805310597884,1825.2164568753522,1839.4791259765625,1385752,-0.6897,0,0.0,0.0,-0.6897,-0.8114,-0.9546,0.6298,-0.8185666666666666,-0.53398,0.6573865012304405,0,0.0019013436862385102,1839.4791259765625,0.0,0.0,0,0
2026-05-28,SUNPHARMA,1839.4791259765625,1839.4791259765625,1839.4791259765625,1839.4791259765625,0,-0.5862,0,0.0,0.0,-0.5862,-0.6897,-0.8114,-0.9546,-0.6957666666666666,-0.48242,0.6367790841414313,0,0.0,1794.4969482421875,-0.024453758185755126,0.0,0,0
2026-05-29,SUNPHARMA,1839.4791568937894,1847.956938393352,1780.6333794262384,1794.4969482421875,10058572,-0.4983,0,0.0,0.0,-0.4983,-0.5862,-0.6897,-0.8114,-0.5914,-0.70804,0.18072585039224473,0,-0.024453758185755126,1791.8040771484375,-0.0015006272907779339,0.0,0,0
2026-06-01,SUNPHARMA,1807.2635612540878,1807.3632755109752,1772.4547630143454,1791.8040771484375,2051152,-0.4235,0,0.0,0.0,-0.4235,-0.4983,-0.5862,-0.6897,-0.5026666666666667,-0.60182,0.15362703863578192,0,-0.0015006272907779339,1785.2213134765625,-0.0036738188933865823,0.0,0,0
2026-06-02,SUNPHARMA,1789.5100004365775,1795.2948882213368,1761.8824555794397,1785.2213134765625,2885899,-0.36,0,0.0,0.0,-0.36,-0.4235,-0.4983,-0.5862,-0.4272666666666667,-0.51154,0.1305812122780304,0,-0.0036738188933865823,1783.824951171875,-0.000782178822393842,0.0,0,1
2026-06-03,SUNPHARMA,1776.344555793743,1791.604611065623,1752.207862074128,1783.824951171875,4209769,-0.306,0,0.0,0.0,-0.306,-0.36,-0.4235,-0.4983,-0.3631666666666667,-0.4348000000000001,0.11098015588383373,0,-0.000782178822393842,1775.4468994140625,-0.004696678198333637,0.0,0,1
2026-06-04,SUNPHARMA,1782.3288875719447,1788.712182700288,1763.9769597346683,1775.4468994140625,2343536,-0.2601,0,0.0,0.0,-0.2601,-0.306,-0.36,-0.4235,-0.30870000000000003,-0.36958,0.09433486630085411,0,-0.004696678198333637,1777.5413818359375,0.0011796930804104377,1.0,1,0
2026-06-05,SUNPHARMA,1784.3236557230784,1798.1873462636822,1774.3497951544755,1777.5413818359375,2495159,-0.2211,0,0.0,0.0,-0.2211,-0.2601,-0.306,-0.36,-0.2624,-0.31414000000000003,0.08016509839075857,0,0.0011796930804104377,1784.1241455078125,0.0037032970028951784,1.0,1,1
2026-06-08,SUNPHARMA,1776.0452214162383,1798.78567117174,1768.8640908361967,1784.1241455078125,3098542,-0.1879,0,0.0,0.0,-0.1879,-0.2211,-0.2601,-0.306,-0.22303333333333333,-0.26702000000000004,0.06815648905276729,0,0.0037032970028951784,1774.3497314453125,-0.0054785504064337465,0.0,0,1
2026-06-09,SUNPHARMA,1783.0269411279453,1791.9037010655218,1761.483427423542,1774.3497314453125,3756570,-0.1597,0,0.0,0.0,-0.1597,-0.1879,-0.2211,-0.2601,-0.18956666666666666,-0.22696,0.057942885672013056,0,-0.0054785504064337465,1781.73046875,0.0041596857563561684,1.0,1,1
2026-06-10,SUNPHARMA,1774.9481948916955,1792.9011438388493,1766.3706991894119,1781.73046875,1882009,-0.1358,0,0.0,0.0,-0.1358,-0.1597,-0.1879,-0.2211,-0.16113333333333335,-0.19292000000000004,0.049241060102316714,0,0.0041596857563561684,1789.510009765625,0.004366283875182786,1.0,1,1
2026-06-11,SUNPHARMA,1775.3471764963138,1800.281827851599,1774.050525925348,1789.510009765625,1858093,-0.1154,0,0.0,0.0,-0.1154,-0.1358,-0.1597,-0.1879,-0.13696666666666665,-0.16398000000000001,0.04185483245695722,0,0.004366283875182786,1802.9747314453125,0.007524250552502387,1.0,1,1
2026-06-12,SUNPHARMA,1802.2766099040036,1809.757005351862,1787.8145120381441,1802.9747314453125,1243362,-0.0981,0,0.0,0.0,-0.0981,-0.1154,-0.1358,-0.1597,-0.11643333333333333,-0.13938000000000003,0.0355632816258561,0,0.007524250552502387,1801.2791748046875,-0.0009404217436068674,0.0,0,1
2026-06-15,SUNPHARMA,1813.2478071954165,1813.2478071954165,1793.1006580381795,1801.2791748046875,2188933,-0.0834,0,0.0,0.0,-0.0834,-0.0981,-0.1154,-0.1358,-0.09896666666666666,-0.11848000000000003,0.030226263414453818,0,-0.0009404217436068674,1795.9930419921875,-0.002934654931028735,0.0,0,1
2026-06-16,SUNPHARMA,1803.2740089811539,1805.169066858537,1787.9142392004271,1795.9930419921875,1373638,-0.0709,0,0.0,0.0,-0.0709,-0.0834,-0.0981,-0.1154,-0.08413333333333334,-0.10072000000000003,0.025701108925490854,0,-0.002934654931028735,1815.6416015625,0.010940220318736538,1.0,1,1
2026-06-17,SUNPHARMA,1809.2583064507962,1818.6337597319334,1797.8880810567034,1815.6416015625,1771990,-0.0602,0,0.0,0.0,-0.0602,-0.0709,-0.0834,-0.0981,-0.0715,-0.08560000000000002,0.021853947011923093,0,0.010940220318736538,1820.0301513671875,0.002417079340389039,1.0,1,1
2026-06-18,SUNPHARMA,1812.7491843471719,1825.2165102367674,1807.7622539913339,1820.0301513671875,2054738,-0.0512,0,0.0,0.0,-0.0512,-0.0602,-0.0709,-0.0834,-0.06076666666666666,-0.07276000000000002,0.018583406576834598,0,0.002417079340389039,1833.4947509765625,0.007398009093014579,1.0,1,1
2026-06-19,SUNPHARMA,1819.2320823323498,1837.8831520198078,1816.1402100514372,1833.4947509765625,2126703,-0.0435,0,0.0,0.0,-0.0435,-0.0512,-0.0602,-0.0709,-0.05163333333333333,-0.06184000000000002,0.015804841030517734,0,0.007398009093014579,1858.030517578125,0.013381967190521982,1.0,1,1
2026-06-22,SUNPHARMA,1840.1772827341445,1860.324432467924,1829.2060360620167,1858.030517578125,1588758,0.05343333333333333,3,0.01755686000779562,0.9167666666666667,0.0534,-0.0435,-0.0512,-0.0602,-0.013766666666666663,-0.034480000000000025,0.050179049413076084,0,0.013381967190521982,1863.1170654296875,0.0027376018872891095,1.0,1,1
2026-06-23,SUNPHARMA,1865.1118374483488,1897.4271685009069,1856.33479186575,1863.1170654296875,2812236,0.2911,3,0.4123679061226758,0.8504,0.2911,0.0534,-0.0435,-0.0512,0.10033333333333334,0.03791999999999999,0.14877740755907773,3,0.0027376018872891095,1869.5003662109375,0.0034261404716282584,1.0,1,1
2026-06-24,SUNPHARMA,1863.1170713805882,1877.1801898068245,1860.025199092032,1869.5003662109375,1406231,0.2474,0,0.0,0.0,0.2474,0.2911,0.0534,-0.0435,0.19730000000000003,0.09944,0.1611440752866822,3,0.0034261404716282584,1857.9307861328125,-0.006188594710775042,0.0,0,1
2026-06-25,SUNPHARMA,1865.11191700582,1882.067479887691,1853.1432843833227,1857.9307861328125,1816438,0.0781,1,0.0,0.8784,0.0781,0.2474,0.2911,0.0534,0.20553333333333335,0.1253,0.13990080414350697,0,-0.006188594710775042,1857.9307861328125,0.0,0.0,0,0
2026-06-26,SUNPHARMA,1857.9307861328125,1857.9307861328125,1857.9307861328125,1857.9307861328125,0,0.0664,0,0.0,0.0,0.0664,0.0781,0.2474,0.2911,0.13063333333333335,0.14728,0.11274873391750301,1,0.0,1869.8994140625,0.006441912701494967,1.0,1,0
2026-06-29,SUNPHARMA,1871.8941861612434,1892.1410499127524,1851.04879337913,1869.8994140625,1655869,0.0564,0,0.0,0.0,0.0564,0.0664,0.0781,0.2474,0.06696666666666666,0.14787999999999998,0.11213053553782704,0,0.006441912701494967,1857.6314697265625,-0.006560750938621074,0.0,0,0
2026-06-30,SUNPHARMA,1880.0726552668834,1887.952029206841,1854.5395974023631,1857.6314697265625,2352774,0.048,0,0.0,0.0,0.048,0.0564,0.0664,0.0781,0.056933333333333336,0.09925999999999999,0.08357265102890957,0,-0.006560750938621074,1861.32177734375,0.0019865660532392138,1.0,1,0
2026-07-01,SUNPHARMA,1872.9912670511767,1882.4664344219946,1855.3374611095492,1861.32177734375,1230360,0.0408,0,0.0,0.0,0.0408,0.048,0.0564,0.0664,0.0484,0.05793999999999998,0.014772880558642114,0,0.0019865660532392138,1866.1092529296875,0.0025720837977674105,1.0,1,1
2026-07-02,SUNPHARMA,1871.096183055101,1877.0804992055969,1863.4163593624537,1866.1092529296875,1485296,0.0347,0,0.0,0.0,0.0347,0.0408,0.048,0.0564,0.041166666666666664,0.049259999999999984,0.012549023866417151,0,0.0025720837977674105,1899.8209228515625,0.018065217708421732,1.0,1,1
2026-07-03,SUNPHARMA,1875.0857010730883,1920.0677858283739,1866.7076342286875,1899.8209228515625,2168491,0.0178,1,0.0,0.9474,0.0178,0.0347,0.0408,0.048,0.031100000000000003,0.03953999999999998,0.01460712155080215,0,0.018065217708421732,1907.800048828125,0.004199935836366242,1.0,1,0
2026-07-06,SUNPHARMA,1899.0230030546934,1911.989021457903,1895.0334589306287,1907.800048828125,1213635,0.0151,0,0.0,0.0,0.0151,0.0178,0.0347,0.0408,0.022533333333333336,0.03127999999999999,0.014364783325894954,1,0.004199935836366242,1903.4000244140625,-0.0023063341552828076,0.0,0,0
2026-07-07,SUNPHARMA,1900.5999755859375,1924.9000244140625,1898.5999755859375,1903.4000244140625,2060613,0.0129,0,0.0,0.0,0.0129,0.0151,0.0178,0.0347,0.015266666666666666,0.024259999999999983,0.012621925368180187,0,-0.0023063341552828076,1888.199951171875,-0.007985748159726302,0.0,0,0
2026-07-08,SUNPHARMA,1904.0,1929.5,1875.0999755859375,1888.199951171875,2785926,-0.0784,1,0.0,0.7057,-0.0784,0.0129,0.0151,0.0178,-0.0168,0.0004199999999999815,0.044891613916186096,0,-0.007985748159726302,1938.699951171875,0.02674504888566398,1.0,1,1
2026-07-09,SUNPHARMA,1889.9000244140625,1952.0,1888.199951171875,1938.699951171875,4446201,-0.0666,0,0.0,0.0,-0.0666,-0.0784,0.0129,0.0151,-0.044033333333333334,-0.019840000000000017,0.04828367218843152,1,0.02674504888566398,1935.5,-0.0016505654575070805,0.0,0,0
2026-07-10,SUNPHARMA,1942.800048828125,1953.9000244140625,1926.5999755859375,1935.5,1478172,-0.0566,0,0.0,0.0,-0.0566,-0.0666,-0.0784,0.0129,-0.0672,-0.034720000000000015,0.045146173702761534,0,-0.0016505654575070805,1921.4000244140625,-0.007284926678345349,0.0,0,1
2026-07-13,SUNPHARMA,1925.9000244140625,1933.0999755859375,1911.0,1921.4000244140625,1573176,-0.0481,0,0.0,0.0,-0.0481,-0.0566,-0.0666,-0.0784,-0.057100000000000005,-0.04736000000000002,0.035534673208007954,0,-0.007284926678345349,1942.5999755859375,0.011033595764806892,1.0,1,1
2026-07-14,SUNPHARMA,1910.0,1950.800048828125,1910.0,1942.5999755859375,2822124,-0.0409,0,0.0,0.0,-0.0409,-0.0481,-0.0566,-0.0666,-0.04853333333333334,-0.05812000000000002,0.014852844845345931,0,0.011033595764806892,1951.5,0.00458150135175317,1.0,1,1
2026-07-15,SUNPHARMA,1955.0,1962.699951171875,1943.300048828125,1951.5,2283494,-0.0348,0,0.0,0.0,-0.0348,-0.0409,-0.0481,-0.0566,-0.04126666666666667,-0.04940000000000001,0.012597420370850466,0,0.00458150135175317,1950.0999755859375,-0.0007174093846079588,0.0,0,1
2026-07-16,SUNPHARMA,1950.0,1957.699951171875,1943.0,1950.0999755859375,1396189,-0.0296,0,0.0,0.0,-0.0296,-0.0348,-0.0409,-0.0481,-0.0351,-0.042000000000000016,0.01069088396718987,0,-0.0007174093846079588,1932.5999755859375,-0.008973898886769582,0.0,0,1
2026-07-17,SUNPHARMA,1948.699951171875,1952.5999755859375,1922.5,1932.5999755859375,2475664,-0.0251,0,0.0,0.0,-0.0251,-0.0296,-0.0348,-0.0409,-0.029833333333333333,-0.035700000000000016,0.009099175786845569,0,-0.008973898886769582,1956.4000244140625,0.012315041461650189,1.0,1,1
2026-07-20,SUNPHARMA,1942.0,1958.800048828125,1935.0,1956.4000244140625,1676034,-0.0214,0,0.0,0.0,-0.0214,-0.0251,-0.0296,-0.0348,-0.025366666666666666,-0.030360000000000015,0.007735179377358748,0,0.012315041461650189,1961.9000244140625,0.002811286000493407,1.0,1,1
2026-07-21,SUNPHARMA,1952.0999755859375,1966.5,1938.199951171875,1961.9000244140625,1412579,-0.0182,0,0.0,0.0,-0.0182,-0.0214,-0.0251,-0.0296,-0.021566666666666668,-0.025820000000000017,0.006577385498806919,0,0.002811286000493407,1943.0,-0.009633530852168226,0.0,0,0
2026-07-22,SUNPHARMA,1938.0,1951.800048828125,1925.199951171875,1943.0,1718430,-0.9558,1,0.0,0.9653,-0.9558,-0.0182,-0.0214,-0.0251,-0.3318,-0.21002,0.41692535542948206,0,-0.009633530852168226,1954.0,0.005661348430262558,1.0,1,0
2026-07-23,SUNPHARMA,1929.0999755859375,1958.5,1926.800048828125,1954.0,2057288,-0.8124,0,0.0,0.0,-0.8124,-0.9558,-0.0182,-0.0214,-0.5954666666666667,-0.36658,0.47514790539367835,1,0.005661348430262558,1941.0999755859375,-0.006601854869018653,0.0,0,0
2026-07-24,SUNPHARMA,1945.0,1959.800048828125,1934.800048828125,1941.0999755859375,1578929,-0.6906,0,0.0,0.0,-0.6906,-0.8124,-0.9558,-0.0182,-0.8196,-0.49968,0.44801351765320646,0,-0.006601854869018653,1973.699951171875,0.016794588633229468,1.0,1,0
2026-07-27,SUNPHARMA,1948.5,1977.0,1933.0,1973.699951171875,5414380,-0.587,0,0.0,0.0,-0.587,-0.6906,-0.8124,-0.9558,-0.6966666666666667,-0.6128,0.3597765973489659,0,0.016794588633229468,1976.699951171875,0.0015199878777008013,1.0,1,1
2026-07-28,SUNPHARMA,1978.800048828125,1993.0,1970.9000244140625,1976.699951171875,4579529,-0.4989,0,0.0,0.0,-0.4989,-0.587,-0.6906,-0.8124,-0.5921666666666666,-0.7089399999999999,0.18094636774469922,0,0.0015199878777008013,1989.9000244140625,0.006677833544925127,1.0,1,0
2026-07-29,SUNPHARMA,1977.0,1992.699951171875,1960.4000244140625,1989.9000244140625,2682295,0.725,1,0.0,0.7406,0.725,-0.4989,-0.587,-0.6906,-0.12030000000000003,-0.37278,0.6247384828870397,0,0.006677833544925127,2001.0999755859375,0.0056283989318373084,1.0,1,1
2026-07-30,SUNPHARMA,1993.0999755859375,2017.300048828125,1988.0,2001.0999755859375,2224264,0.84,2,0.019657568516986055,0.87165,0.84,0.725,-0.4989,-0.587,0.35536666666666666,-0.042300000000000004,0.7570794410099907,1,0.0056283989318373084,1990.5,-0.005297074466673601,0.0,0,1
2026-07-31,SUNPHARMA,2016.4000244140625,2046.9000244140625,1965.300048828125,1990.5,4954449,0.3500272727272727,11,0.7200358242350294,0.8835727272727273,0.35,0.84,0.725,-0.4989,0.6383333333333333,0.16582,0.6726280264752578,2,-0.005297074466673601,1963.5,-0.013564431047475511,0.0,0,1
2026-08-03,SUNPHARMA,1983.199951171875,1988.0,1935.199951171875,1963.5,3972351,0.2975,0,0.0,0.0,0.2975,0.35,0.84,0.725,0.4958333333333333,0.34272,0.5253207277463932,11,-0.013564431047475511,1964.0,0.0002546473134708016,1.0,1,1
2026-08-04,SUNPHARMA,1951.0999755859375,1965.0,1947.0,1964.0,1452888,0.2529,0,0.0,0.0,0.2529,0.2975,0.35,0.84,0.3001333333333333,0.49307999999999996,0.2695135562453216,0,0.0002546473134708016,1940.0,-0.012219959266802416,0.0,0,0
2026-08-05,SUNPHARMA,1967.800048828125,1968.199951171875,1934.0,1940.0,2152829,0.215,0,0.0,0.0,0.215,0.2529,0.2975,0.35,0.2551333333333333,0.39108,0.2559647573397558,0,-0.012219959266802416,1951.0,0.005670103092783485,1.0,1,0
2026-08-06,SUNPHARMA,1930.0,1965.9000244140625,1930.0,1951.0,1864891,0.1066,1,0.0,0.8751,0.1066,0.215,0.2529,0.2975,0.1915,0.2444,0.09205490209652083,0,0.005670103092783485,1945.0,-0.003075345976422339,0.0,0,1
2026-08-07,SUNPHARMA,1955.0,1957.0,1925.0999755859375,1945.0,2425268,0.0906,0,0.0,0.0,0.0906,0.1066,0.215,0.2529,0.1374,0.19252,0.09074941873092089,1,-0.003075345976422339,1944.4000244140625,-0.00030847073827122706,0.0,0,0
2026-08-10,SUNPHARMA,1949.9000244140625,1965.0,1939.800048828125,1944.4000244140625,1726946,0.077,0,0.0,0.0,0.077,0.0906,0.1066,0.215,0.0914,0.14842,0.07990908584134848,0,-0.00030847073827122706,1942.0,-0.0012343264677677768,0.0,0,0
2026-08-11,SUNPHARMA,1939.0,1951.0999755859375,1928.5999755859375,1942.0,2125972,0.0655,0,0.0,0.0,0.0655,0.077,0.0906,0.1066,0.0777,0.11094,0.0601617652666541,0,-0.0012343264677677768,1944.0,0.001029866117404632,1.0,1,1
2026-08-12,SUNPHARMA,1942.0,1945.699951171875,1926.800048828125,1944.0,1536383,0.0556,0,0.0,0.0,0.0556,0.0655,0.077,0.0906,0.06603333333333333,0.07906,0.02018732275463928,0,0.001029866117404632,1932.0,-0.006172839506172867,0.0,0,0
2026-08-13,SUNPHARMA,1943.0,1946.300048828125,1931.0999755859375,1932.0,1216049,0.0473,0,0.0,0.0,0.0473,0.0556,0.0655,0.077,0.056133333333333334,0.06720000000000001,0.017154154015863694,0,-0.006172839506172867,1930.0,-0.0010351966873706209,0.0,0,0
2026-08-14,SUNPHARMA,1932.0,1937.0,1914.699951171875,1930.0,881282,0.0402,0,0.0,0.0,0.0402,0.0473,0.0556,0.0655,0.0477,0.05711999999999999,0.014581392251769682,0,-0.0010351966873706209,1882.0,-0.024870466321243567,0.0,0,1
2026-08-17,SUNPHARMA,1945.0,1949.800048828125,1880.4000244140625,1882.0,1893086,-0.2231,1,0.0,0.726,-0.2231,0.0402,0.0473,0.0556,-0.0452,-0.002899999999999997,0.12345697631158778,0,-0.024870466321243567,1875.0999755859375,-0.0036663254059843275,0.0,0,1
2026-08-18,SUNPHARMA,1890.0,1899.0,1868.300048828125,1875.0999755859375,1819169,-0.1896,0,0.0,0.0,-0.1896,-0.2231,0.0402,0.0473,-0.12416666666666665,-0.05391999999999999,0.13975838794147538,1,-0.0036663254059843275,1900.0,0.013279304964142868,1.0,1,0
2026-08-19,SUNPHARMA,1871.0,1900.0,1871.0,1900.0,1566692,-0.1612,0,0.0,0.0,-0.1612,-0.1896,-0.2231,0.0402,-0.1913,-0.09727999999999999,0.13061733039685014,0,0.013279304964142868,1904.0,0.002105263157894832,1.0,1,1
2026-08-20,SUNPHARMA,1905.0,1911.5999755859375,1890.300048828125,1904.0,893691,-0.137,0,0.0,0.0,-0.137,-0.1612,-0.1896,-0.2231,-0.1626,-0.13413999999999998,0.10262133306481601,0,0.002105263157894832,1902.4000244140625,-0.0008403233119419484,0.0,0,0
2026-08-21,SUNPHARMA,1916.0,1917.4000244140625,1882.800048828125,1902.4000244140625,1491953,-0.1165,0,0.0,0.0,-0.1165,-0.137,-0.1612,-0.1896,-0.13823333333333335,-0.16548000000000002,0.042220575552683846,0,-0.0008403233119419484,1910.0,0.003994940858076612,1.0,1,1
2026-08-24,SUNPHARMA,1902.4000244140625,1923.0,1892.5999755859375,1910.0,2317987,-0.099,0,0.0,0.0,-0.099,-0.1165,-0.137,-0.1612,-0.1175,-0.14066,0.03588060757567929,0,0.003994940858076612,1922.0,0.006282722513089034,1.0,1,1
2026-08-25,SUNPHARMA,1906.5,1922.0,1896.199951171875,1922.0,1221044,-0.0841,0,0.0,0.0,-0.0841,-0.099,-0.1165,-0.137,-0.09986666666666666,-0.11956000000000003,0.0305267587535903,0,0.006282722513089034,1899.5,-0.011706555671175845,0.0,0,1
2026-08-26,SUNPHARMA,1926.9000244140625,1926.9000244140625,1899.5,1899.5,648845,-0.0715,0,0.0,0.0,-0.0715,-0.0841,-0.099,-0.1165,-0.08486666666666666,-0.10162,0.025952784051039835,0,-0.011706555671175845,1913.300048828125,0.007265095460976534,1.0,1,1
2026-08-27,SUNPHARMA,1907.0999755859375,1925.0,1898.0,1913.300048828125,1107552,-0.0608,0,0.0,0.0,-0.0608,-0.0715,-0.0841,-0.099,-0.07213333333333331,-0.08638,0.022064836278565775,0,0.007265095460976534,1920.0,0.003501777557565422,1.0,1,1
2026-08-28,SUNPHARMA,1925.0,1931.0,1903.800048828125,1920.0,1140742,-0.0517,0,0.0,0.0,-0.0517,-0.0608,-0.0715,-0.0841,-0.06133333333333332,-0.07342,0.018729041619899193,0,0.003501777557565422,1984.800048828125,0.033750025431315,1.0,1,1
2026-08-31,SUNPHARMA,1917.0,1984.800048828125,1905.0,1984.800048828125,2413221,-0.0439,0,0.0,0.0,-0.0439,-0.0517,-0.0608,-0.0715,-0.05213333333333333,-0.0624,0.015913830462837023,0,0.033750025431315,1929.0,-0.028113687754628303,0.0,0,1
2026-09-01,SUNPHARMA,1963.0999755859375,1963.0999755859375,1921.0999755859375,1929.0,3595272,-0.90215,2,0.07247844507162114,0.9399500000000001,-0.9022,-0.0439,-0.0517,-0.0608,-0.3326,-0.22602000000000003,0.37813642643892414,0,-0.028113687754628303,1931.699951171875,0.001399663645347271,1.0,1,0
2026-09-02,SUNPHARMA,1910.0,1948.5,1910.0,1931.699951171875,1245419,0.875,1,0.0,0.9222,0.875,-0.9022,-0.0439,-0.0517,-0.023700000000000016,-0.036720000000000017,0.6287178993793638,2,0.001399663645347271,1916.0,-0.008127530966882568,0.0,0,1
2026-09-03,SUNPHARMA,1932.0,1936.800048828125,1913.0,1916.0,1205188,0.7438,0,0.0,0.0,0.7438,0.875,-0.9022,-0.0439,0.23886666666666667,0.1242,0.7176872891447917,1,-0.008127530966882568,1899.0,-0.008872651356993777,0.0,0,1
2026-09-04,SUNPHARMA,1912.0,1917.300048828125,1895.0,1899.0,761333,0.6322,0,0.0,0.0,0.6322,0.7438,0.875,-0.9022,0.7503333333333333,0.26098,0.7405875248746767,0,-0.008872651356993777,1895.0,-0.002106371774618254,0.0,0,0
2026-09-07,SUNPHARMA,1899.0,1907.800048828125,1883.0999755859375,1895.0,1579345,0.5374,0,0.0,0.0,0.5374,0.6322,0.7438,0.875,0.6378,0.37724,0.7262495769361934,0,-0.002106371774618254,1885.9000244140625,-0.0048020979345316794,0.0,0,1
2026-09-08,SUNPHARMA,1892.0,1895.5999755859375,1876.800048828125,1885.9000244140625,1422627,0.4568,0,0.0,0.0,0.4568,0.5374,0.6322,0.7438,0.5421333333333332,0.6490400000000001,0.16563564833694475,0,-0.0048020979345316794,1864.9000244140625,-0.011135266837129731,0.0,0,0
2026-09-09,SUNPHARMA,1892.5999755859375,1898.5999755859375,1864.9000244140625,1864.9000244140625,1396896,0.0207,1,0.0,0.9456,0.0207,0.4568,0.5374,0.6322,0.3383,0.47818000000000005,0.27727612951712943,0,-0.011135266837129731,1861.0,-0.0020912780111566054,0.0,0,0
2026-09-10,SUNPHARMA,1865.9000244140625,1875.300048828125,1840.5,1861.0,1178648,0.0176,0,0.0,0.0,0.0176,0.0207,0.4568,0.5374,0.16503333333333334,0.33293999999999996,0.2931018901337893,1,-0.0020912780111566054,1840.0,-0.011284255776464303,0.0,0,1
2026-09-11,SUNPHARMA,1845.0,1854.5,1834.0,1840.0,1445071,-0.014899999999999998,2,0.02333452377915607,0.91645,-0.0149,0.0176,0.0207,0.4568,0.0078000000000000005,0.20352,0.269871871450138,0,-0.011284255776464303,1840.0,0.0,0.0,0,0
2026-09-14,SUNPHARMA,1840.0,1840.0,1840.0,1840.0,0,-0.0127,0,0.0,0.0,-0.0127,-0.0149,0.0176,0.0207,-0.0033333333333333327,0.0935,0.20376244747254035,2,0.0,1835.0,-0.0027173913043477826,0.0,0,1
2026-09-15,SUNPHARMA,1854.5999755859375,1856.800048828125,1828.0,1835.0,1437151,-0.00895,2,0.11476343058657666,0.87805,-0.009,-0.0127,-0.0149,0.0176,-0.0122,0.00034000000000000035,0.017334733917764904,0,-0.0027173913043477826,1853.5,0.010081743869209792,1.0,1,0
2026-09-16,SUNPHARMA,1843.5999755859375,1857.4000244140625,1837.0,1853.5,1370607,-0.0076,0,0.0,0.0,-0.0076,-0.009,-0.0127,-0.0149,-0.009766666666666667,-0.005319999999999999,0.013136856549407308,2,0.010081743869209792,1867.300048828125,0.007445399961222066,1.0,1,0
2026-09-17,SUNPHARMA,1853.5,1867.300048828125,1847.4000244140625,1867.300048828125,1377506,-0.0065,0,0.0,0.0,-0.0065,-0.0076,-0.009,-0.0127,-0.007699999999999999,-0.01014,0.0035430213095185917,0,0.007445399961222066,1837.300048828125,-0.016065977194627767,0.0,0,0
2026-09-18,SUNPHARMA,1866.0999755859375,1877.199951171875,1837.300048828125,1837.300048828125,2896860,-0.0055,0,0.0,0.0,-0.0055,-0.0065,-0.0076,-0.009,-0.006533333333333333,-0.00826,0.002802320466988732,0,-0.016065977194627767,1868.9000244140625,0.017199137182896562,1.0,1,0
2026-09-21,SUNPHARMA,1832.199951171875,1891.5,1832.199951171875,1868.9000244140625,2534364,-0.0047,0,0.0,0.0,-0.0047,-0.0055,-0.0065,-0.0076,-0.005566666666666667,-0.006660000000000001,0.0017008821239888699,0,0.017199137182896562,1846.4000244140625,-0.012039167267416717,0.0,0,0
2026-09-22,SUNPHARMA,1869.0,1876.4000244140625,1842.300048828125,1846.4000244140625,1062235,-0.004,0,0.0,0.0,-0.004,-0.0047,-0.0055,-0.0065,-0.004733333333333333,-0.00566,0.0014293355098455647,0,-0.012039167267416717,1865.0,0.010073643490034145,1.0,1,0
2026-09-23,SUNPHARMA,1846.4000244140625,1869.5999755859375,1844.0,1865.0,902514,-0.0034,0,0.0,0.0,-0.0034,-0.004,-0.0047,-0.0055,-0.004033333333333333,-0.00482,0.0012235195134144678,0,0.010073643490034145,1849.9000244140625,-0.00809650165465814,0.0,0,0
2026-09-24,SUNPHARMA,1859.0,1880.0,1848.4000244140625,1849.9000244140625,1742885,0.46240000000000003,2,0.5036014495610591,0.8562000000000001,0.4624,-0.0034,-0.004,-0.0047,0.15166666666666664,0.08896,0.20876077936240742,0,-0.00809650165465814,1852.199951171875,0.001243270840293631,1.0,1,1
2026-09-25,SUNPHARMA,1858.699951171875,1858.699951171875,1841.5999755859375,1852.199951171875,683246,0.393,0,0.0,0.0,0.393,0.4624,-0.0034,-0.004,0.284,0.16865999999999998,0.23774010599812517,2,0.001243270840293631,1838.0,-0.007666532526842351,0.0,0,0
2026-04-02,TCS,2341.24390183887,2423.570027038862,2331.1370592120925,2404.730224609375,5378361,0.0,0,0.0,0.0,0.0,0.0,0.0,0.0,0.0,0.0,0.0,0,0.0,2427.4951171875,0.009466713706658192,1.0,1,0
2026-04-06,TCS,2427.593337237373,2435.4432752720936,2402.2772391631793,2427.4951171875,2572417,0.0,0,0.0,0.0,0.0,0.0,0.0,0.0,0.0,0.0,0.0,0,0.009466713706658192,2492.1591796875,0.02663818437456622,1.0,1,0
2026-04-07,TCS,2414.837240451596,2496.182129281132,2402.0810908677395,2492.1591796875,4516550,0.0,0,0.0,0.0,0.0,0.0,0.0,0.0,0.0,0.0,0.0,0,0.02663818437456622,2511.195068359375,0.0076383117206269,1.0,1,0
2026-04-08,TCS,2523.755016821873,2531.899375247164,2492.453485493659,2511.195068359375,4769337,0.0,0,0.0,0.0,0.0,0.0,0.0,0.0,0.0,0.0,0.0,0,0.0076383117206269,2540.436279296875,0.01164434069895015,1.0,1,0
2026-04-09,TCS,2506.0927992754805,2556.136155878084,2483.622446743067,2540.436279296875,5628261,0.9299,1,0.0,0.947,0.9299,0.0,0.0,0.0,0.30996666666666667,0.18597999999999998,0.4158639224554109,0,0.01164434069895015,2476.94970703125,-0.02499042104815019,0.0,0,0
2026-04-10,TCS,2517.671257898199,2517.671257898199,2454.1849361455575,2476.94970703125,10480239,0.7904,0,0.0,0.0,0.7904,0.9299,0.0,0.0,0.5734333333333334,0.34406,0.47369815072469934,1,-0.02499042104815019,2426.2197265625,-0.020480827820098302,0.0,0,0
2026-04-13,TCS,2443.195026142192,2457.9136601554055,2423.6684008424363,2426.2197265625,3739587,0.6719,0,0.0,0.0,0.6719,0.7904,0.9299,0.0,0.7974,0.47844,0.44619827767484715,0,-0.020480827820098302,2506.975830078125,0.03328474442421636,1.0,1,1
2026-04-15,TCS,2454.9699887251027,2510.9990192902537,2446.629429262826,2506.975830078125,5261384,0.5711,0,0.0,0.0,0.5711,0.6719,0.7904,0.9299,0.6778000000000001,0.5926600000000001,0.3573589274105238,0,0.03328474442421636,2528.56298828125,0.008610836189215432,1.0,1,1
2026-04-16,TCS,2523.754997213638,2545.3423261167095,2510.0176060935014,2528.56298828125,3905403,0.4854,0,0.0,0.0,0.4854,0.5711,0.6719,0.7904,0.5761333333333334,0.68974,0.1760382146012621,0,0.008610836189215432,2533.07666015625,0.0017850739316833675,1.0,1,1
2026-04-17,TCS,2521.7923752088177,2540.435976426315,2507.9567647966655,2533.07666015625,2718206,0.4126,0,0.0,0.0,0.4126,0.4854,0.5711,0.6719,0.4897,0.58628,0.1496393230404362,0,0.0017850739316833675,2531.212646484375,-0.0007358694275600985,0.0,0,0
2026-04-20,TCS,2538.571963483115,2545.3424392975157,2513.15764504414,2531.212646484375,2288558,0.3507,0,0.0,0.0,0.3507,0.4126,0.4854,0.5711,0.4162333333333333,0.49834000000000006,0.12721384751669143,0,-0.0007358694275600985,2561.532958984375,0.011978571828847429,1.0,1,1
2026-04-21,TCS,2511.9802240950007,2564.9673069470045,2511.9802240950007,2561.532958984375,2719959,0.2981,0,0.0,0.0,0.2981,0.3507,0.4126,0.4854,0.35379999999999995,0.42358,0.1081216305833389,0,0.011978571828847429,2490.883544921875,-0.027580911584488055,0.0,0,0
2026-04-22,TCS,2531.6050998221144,2531.6050998221144,2456.6382849386455,2490.883544921875,5232045,0.2534,0,0.0,0.0,0.2534,0.2981,0.3507,0.4126,0.30073333333333335,0.36004,0.0918879371843769,0,-0.027580911584488055,2474.496826171875,-0.006578677186015902,0.0,0,0
2026-04-23,TCS,2481.5617226658205,2511.4896121641627,2469.0999936393873,2474.496826171875,2509050,0.2154,0,0.0,0.0,0.2154,0.2534,0.2981,0.3507,0.2556333333333333,0.30604,0.07810117156611668,0,-0.006578677186015902,2351.939453125,-0.04952819973363032,0.0,0,0
2026-04-24,TCS,2441.3307179215667,2458.0118361710306,2343.991534636913,2351.939453125,5107719,0.1831,0,0.0,0.0,0.1831,0.2154,0.2534,0.2981,0.21730000000000002,0.26014,0.06637833230806561,0,-0.04952819973363032,2401.6884765625,0.021152340197958308,1.0,1,0
2026-04-27,TCS,2351.9393059532576,2412.874541687738,2351.9393059532576,2401.6884765625,5853425,0.8828,1,0.0,0.8968,0.8828,0.1831,0.2154,0.2534,0.42710000000000004,0.36656000000000005,0.2917630082789797,0,0.021152340197958308,2398.8427734375,-0.001184876037325644,0.0,0,0
2026-04-28,TCS,2398.155951805419,2440.349366669426,2381.867235359066,2398.8427734375,4508363,0.7504,0,0.0,0.0,0.7504,0.8828,0.1831,0.2154,0.6054333333333334,0.45702,0.3325033563740372,1,-0.001184876037325644,2428.280029296875,0.012271440290016145,1.0,1,1
2026-04-29,TCS,2405.024637022461,2441.2323784506298,2401.688509360205,2428.280029296875,2835961,0.6378,0,0.0,0.0,0.6378,0.7504,0.8828,0.1831,0.757,0.5339,0.31776625056792923,0,0.012271440290016145,2427.4951171875,-0.00032323788850752155,0.0,0,0
2026-04-30,TCS,2432.4995485090735,2444.2744555611544,2392.26861608113,2427.4951171875,3970446,0.5421,0,0.0,0.0,0.5421,0.6378,0.7504,0.8828,0.6434333333333333,0.59924,0.26513202937404606,0,-0.00032323788850752155,2427.4951171875,0.0,0.0,0,1
2026-05-01,TCS,2427.4951171875,2427.4951171875,2427.4951171875,2427.4951171875,0,0.4608,0,0.0,0.0,0.4608,0.5421,0.6378,0.7504,0.5469,0.65478,0.16714488326000304,0,0.0,2385.6943359375,-0.017219717952895564,0.0,0,0
2026-05-04,TCS,2447.2181772447047,2451.4375668418284,2379.512461835769,2385.6943359375,2632358,0.3917,0,0.0,0.0,0.3917,0.4608,0.5421,0.6378,0.4648666666666666,0.5565599999999999,0.14206668504614314,0,-0.017219717952895564,2381.76953125,-0.0016451414702955969,0.0,0,0
2026-05-05,TCS,2384.418837601779,2414.248508305356,2366.9526763935437,2381.76953125,3385720,0.3329,0,0.0,0.0,0.3329,0.3917,0.4608,0.5421,0.39513333333333334,0.47306,0.1207480558849708,0,-0.0016451414702955969,2389.71728515625,0.003336911402203935,1.0,1,1
2026-05-06,TCS,2396.0953597954776,2424.6496051586114,2361.3594798924314,2389.71728515625,3147628,0.283,0,0.0,0.0,0.283,0.3329,0.3917,0.4608,0.3358666666666667,0.40210000000000007,0.10262468026746795,0,0.003336911402203935,2356.35498046875,-0.013960774730437886,0.0,0,0
2026-05-07,TCS,2392.4647422177254,2393.9366055534624,2353.018852732181,2356.35498046875,5829594,0.2406,0,0.0,0.0,0.2406,0.283,0.3329,0.3917,0.28550000000000003,0.3418,0.08721969387701389,0,-0.013960774730437886,2349.486083984375,-0.002915051654487355,0.0,0,0
2026-05-08,TCS,2353.018651512491,2361.8498307717123,2330.5483023329007,2349.486083984375,3792199,0.2045,0,0.0,0.0,0.2045,0.2406,0.283,0.3329,0.2427,0.29054,0.07413071563124163,0,-0.002915051654487355,2348.014404296875,-0.0006263836579122328,0.0,0,0
2026-05-11,TCS,2326.5252955775945,2369.699953108347,2326.5252955775945,2348.014404296875,1975188,0.1738,0,0.0,0.0,0.1738,0.2045,0.2406,0.283,0.2063,0.24696,0.0630084359431339,0,-0.0006263836579122328,2257.151611328125,-0.038697715313190106,0.0,0,0
2026-05-12,TCS,2330.450360002076,2330.450360002076,2240.176072372522,2257.151611328125,6347884,0.1477,0,0.0,0.0,0.1477,0.1738,0.2045,0.2406,0.17533333333333334,0.20992000000000002,0.05358942992792524,0,-0.038697715313190106,2230.167236328125,-0.011955056481173676,0.0,0,0
2026-05-13,TCS,2262.7444282326155,2265.8843552424923,2226.4384681959255,2230.167236328125,3171843,0.1256,0,0.0,0.0,0.1256,0.1477,0.1738,0.2045,0.14903333333333332,0.17844000000000002,0.04555637167290663,0,-0.011955056481173676,2203.8701171875,-0.011791545814260118,0.0,0,0
2026-05-14,TCS,2222.513720137884,2222.513720137884,2165.012827845418,2203.8701171875,5633313,-0.9451,1,0.0,0.9539,-0.9451,0.1256,0.1477,0.1738,-0.22393333333333335,-0.058699999999999995,0.4963876761161583,0,-0.011791545814260118,2221.532470703125,0.008014244295923012,1.0,1,0
2026-05-15,TCS,2209.7575636145925,2261.665183205434,2209.7575636145925,2221.532470703125,3410637,-0.8033,0,0.0,0.0,-0.8033,-0.9451,0.1256,0.1477,-0.5409333333333334,-0.26026,0.5629444137745752,1,0.008014244295923012,2240.3720703125,0.008480452056328636,1.0,1,1
2026-05-18,TCS,2221.5322685970373,2249.8900714309348,2209.953563101145,2240.3720703125,3773336,-0.6828,0,0.0,0.0,-0.6828,-0.8033,-0.9451,0.1256,-0.8104,-0.43157999999999996,0.5270210878133815,0,0.008480452056328636,2283.448974609375,0.019227567093740072,1.0,1,0
2026-05-19,TCS,2256.857213357978,2333.0017090765828,2254.0117066090534,2283.448974609375,10394707,-0.5804,0,0.0,0.0,-0.5804,-0.6828,-0.8033,-0.9451,-0.6888333333333333,-0.5772,0.41580075156257235,0,0.019227567093740072,2283.7431640625,0.00012883557127674194,1.0,1,0
2026-05-20,TCS,2280.308816116464,2298.0693970332622,2274.3233820043192,2283.7431640625,2537422,-0.4933,0,0.0,0.0,-0.4933,-0.5804,-0.6828,-0.8033,-0.5855,-0.7009799999999999,0.17893084418288535,0,0.00012883557127674194,2283.546875,-8.595058568272584e-05,0.0,0,0
2026-05-21,TCS,2287.275643394801,2292.0836345084317,2270.594525446405,2283.546875,3299087,-0.4193,0,0.0,0.0,-0.4193,-0.4933,-0.5804,-0.6828,-0.4976666666666667,-0.59582,0.15208624855653466,0,-8.595058568272584e-05,2273.83251953125,-0.0042540644009113615,0.0,0,0
2026-05-22,TCS,2287.373709336333,2296.1066687906364,2264.805139514887,2273.83251953125,2617262,-0.3564,0,0.0,0.0,-0.3564,-0.4193,-0.4933,-0.5804,-0.42300000000000004,-0.50644,0.12927777457861847,0,-0.0042540644009113615,2295.61328125,0.009578876866111585,1.0,1,1
2026-05-25,TCS,2312.3217190072714,2313.415817804508,2280.496215777924,2295.61328125,3298364,-0.303,0,0.0,0.0,-0.303,-0.3564,-0.4193,-0.4933,-0.35956666666666665,-0.43048000000000003,0.10987077409393334,0,0.009578876866111585,2263.78759765625,-0.013863695533430809,0.0,0,1
2026-05-26,TCS,2295.613098349941,2315.205623652634,2260.008270887014,2263.78759765625,3587597,-0.2575,0,0.0,0.0,-0.2575,-0.303,-0.3564,-0.4193,-0.3056333333333333,-0.3659,0.09338032448005394,0,-0.013863695533430809,2271.744140625,0.0035147038427931765,1.0,1,0
2026-05-27,TCS,2262.5943570616037,2283.0821217701528,2248.571147658945,2271.744140625,2653950,-0.2189,0,0.0,0.0,-0.2189,-0.2575,-0.303,-0.3564,-0.2598,-0.31101999999999996,0.07937050459711202,0,0.0035147038427931765,2271.744140625,0.0,0.0,0,1
2026-05-28,TCS,2271.744140625,2271.744140625,2271.744140625,2271.744140625,0,-0.1861,0,0.0,0.0,-0.1861,-0.2189,-0.2575,-0.303,-0.22083333333333333,-0.26437999999999995,0.06745870588738116,0,0.0,2246.58203125,-0.011076119411967511,0.0,0,1
2026-05-29,TCS,2278.507085795833,2321.2726050840133,2222.81245602518,2246.58203125,16331582,-0.1582,0,0.0,0.0,-0.1582,-0.1861,-0.2189,-0.2575,-0.18773333333333334,-0.22474,0.05734233165821046,0,-0.011076119411967511,2284.8720703125,0.0170436861551837,1.0,1,1
2026-06-01,TCS,2271.5452382799426,2322.267132829976,2267.5670504720965,2284.8720703125,7505095,-0.1344,0,0.0,0.0,-0.1344,-0.1582,-0.1861,-0.2189,-0.15956666666666666,-0.19102000000000002,0.04874440480711827,0,0.0170436861551837,2433.556884765625,0.06507358393714768,1.0,1,1
2026-06-02,TCS,2307.34897134468,2443.9996279549005,2303.569644295269,2433.556884765625,11306127,-0.1143,0,0.0,0.0,-0.1143,-0.1344,-0.1582,-0.1861,-0.13563333333333333,-0.16238,0.04144028233494824,0,0.06507358393714768,2229.475830078125,-0.08386122221554515,0.0,0,1
2026-06-03,TCS,2379.9508308808004,2379.9508308808004,2212.6680838914085,2229.475830078125,15660062,-0.0971,0,0.0,0.0,-0.0971,-0.1143,-0.1344,-0.1582,-0.11526666666666667,-0.13802,0.035245950121967615,0,-0.08386122221554515,2228.77978515625,-0.0003122011517167067,0.0,0,1
2026-06-04,TCS,2229.4759194813155,2240.8139007540485,2204.5129359355733,2228.77978515625,4867263,-0.0826,0,0.0,0.0,-0.0826,-0.0971,-0.1143,-0.1344,-0.09800000000000002,-0.11732000000000001,0.02994306263561286,0,-0.0003122011517167067,2186.9091796875,-0.018786335800248022,0.0,0,1
2026-06-05,TCS,2250.560184151513,2259.4117976453776,2180.0469028924485,2186.9091796875,5019717,-0.0702,0,0.0,0.0,-0.0702,-0.0826,-0.0971,-0.1143,-0.0833,-0.09972,0.025429648051049386,0,-0.018786335800248022,2139.668212890625,-0.02160170492476765,0.0,0,1
2026-06-08,TCS,2158.1668832997775,2165.128711955583,2131.6125282744956,2139.668212890625,6536734,-0.19195,2,0.9005004858410681,0.74305,-0.192,-0.0702,-0.0826,-0.0971,-0.11493333333333333,-0.11124,0.048052086323074845,0,-0.02160170492476765,2139.2705078125,-0.00018587231222533251,0.0,0,1
2026-06-09,TCS,2162.145087858845,2162.145087858845,2121.169801728995,2139.2705078125,4148655,-0.1632,0,0.0,0.0,-0.1632,-0.192,-0.0702,-0.0826,-0.1418,-0.12101999999999999,0.053498242961804214,2,-0.00018587231222533251,2142.154541015625,0.0013481386260374428,1.0,1,1
2026-06-10,TCS,2139.568864676436,2168.907999188303,2133.1043096144995,2142.154541015625,2848650,0.7147,1,0.0,0.8193,0.7147,-0.1632,-0.192,-0.0702,0.11983333333333333,0.041339999999999974,0.3799671538435925,0,0.0013481386260374428,2123.95458984375,-0.008496096254216212,0.0,0,1
2026-06-11,TCS,2115.4013888441136,2142.8509821277357,2098.494090484758,2123.95458984375,3079815,0.6075,0,0.0,0.0,0.6075,0.7147,-0.1632,-0.192,0.38633333333333336,0.17936,0.4436858607167918,1,-0.008496096254216212,2149.61376953125,0.012080851356331301,1.0,1,0
2026-06-12,TCS,2138.276030955957,2156.177876796519,2126.3414670622496,2149.61376953125,2124656,0.5164,0,0.0,0.0,0.5164,0.6075,0.7147,-0.1632,0.6128666666666667,0.29668,0.43872668826958816,0,0.012080851356331301,2150.21044921875,0.00027757530025041,1.0,1,0
2026-06-15,TCS,2180.046856932239,2180.046856932239,2147.525221086398,2150.21044921875,3337083,0.4389,0,0.0,0.0,0.4389,0.5164,0.6075,0.7147,0.5209333333333334,0.42286,0.3434151467247774,0,0.00027757530025041,2187.0087890625,0.01711383174475789,1.0,1,0
2026-06-16,TCS,2155.183285992923,2196.954258771743,2148.818282502735,2187.0087890625,3079898,0.3731,0,0.0,0.0,0.3731,0.4389,0.5164,0.6075,0.4428,0.53012,0.13529786398905363,0,0.01711383174475789,2210.8779296875,0.01091405793354494,1.0,1,0
2026-06-17,TCS,2196.9542720106556,2218.8343055028395,2188.6994835403766,2210.8779296875,2865010,0.3171,0,0.0,0.0,0.3171,0.3731,0.4389,0.5164,0.3763666666666667,0.4506,0.11501373830982288,0,0.01091405793354494,2191.285400390625,-0.008861877462246093,0.0,0,0
2026-06-18,TCS,2196.9542695909468,2201.927004470057,2170.101501243751,2191.285400390625,3735188,-0.9454,1,0.0,0.9577,-0.9454,0.3171,0.3731,0.4389,-0.0850666666666667,0.14002,0.6113123890450776,0,-0.008861877462246093,2113.412353515625,-0.03553761041857817,0.0,0,1
2026-06-19,TCS,2093.521413717831,2126.341464384191,2048.6672473500757,2113.412353515625,13286502,-0.8036,0,0.0,0.0,-0.8036,-0.9454,0.3171,0.3731,-0.47730000000000006,-0.12398,0.6883110031083334,1,-0.03553761041857817,2116.197021484375,0.0013176169639199653,1.0,1,1
2026-06-22,TCS,2120.5729308842238,2145.237743488044,2109.434053749718,2116.197021484375,4566101,-0.6831,0,0.0,0.0,-0.6831,-0.8036,-0.9454,0.3171,-0.8107000000000001,-0.34838,0.6401352646120975,0,0.0013176169639199653,2048.368896484375,-0.03205189512667539,0.0,0,1
2026-06-23,TCS,2099.4885101234904,2102.4721508294924,2043.7938836114508,2048.368896484375,6392736,-0.9596,2,0.002404163056034311,0.96995,-0.9596,-0.6831,-0.8036,-0.9454,-0.8154333333333333,-0.61492,0.5331348956877611,0,-0.03205189512667539,2097.49951171875,0.02398523787326501,1.0,1,1
2026-06-24,TCS,2049.7612582514666,2109.1356624395376,2049.7612582514666,2097.49951171875,4747277,-0.8157,0,0.0,0.0,-0.8157,-0.9596,-0.6831,-0.8036,-0.8194666666666667,-0.84148,0.11394672878147831,2,0.02398523787326501,2083.27734375,-0.006780534579050257,0.0,0,0
2026-06-25,TCS,2121.965363861958,2136.78401555451,2076.61392807904,2083.27734375,4738903,-0.6933,0,0.0,0.0,-0.6933,-0.8157,-0.9596,-0.6831,-0.8228666666666667,-0.79106,0.1122302232021295,0,-0.006780534579050257,2083.27734375,0.0,0.0,0,0
2026-06-26,TCS,2083.27734375,2083.27734375,2083.27734375,2083.27734375,0,-0.5893,0,0.0,0.0,-0.5893,-0.6933,-0.8157,-0.9596,-0.6994333333333334,-0.7482,0.1429575461456996,0,0.0,2086.4599609375,0.0015276973068651944,1.0,1,1
2026-06-29,TCS,2078.6031371123327,2093.521341445675,2059.706744956766,2086.4599609375,3412470,-0.5009,0,0.0,0.0,-0.5009,-0.5893,-0.6933,-0.8157,-0.5945,-0.7117600000000001,0.18167784124653139,0,0.0015276973068651944,2020.422119140625,-0.03165066334040867,0.0,0,0
2026-06-30,TCS,2078.60311543387,2092.8251853118586,2007.791421498655,2020.422119140625,6848411,-0.42255,2,0.6739434731488985,0.89305,-0.4226,-0.5009,-0.5893,-0.6933,-0.5042666666666666,-0.60436,0.15535635809325585,0,-0.03165066334040867,1971.788818359375,-0.02407086139105219,0.0,0,0
2026-07-01,TCS,2028.776408877907,2040.8104030555382,1966.0205187179013,1971.788818359375,4658295,-0.3592,0,0.0,0.0,-0.3592,-0.4226,-0.5009,-0.5893,-0.42756666666666665,-0.5130600000000001,0.13257334950886632,2,-0.02407086139105219,2056.82275390625,0.04312527526027221,1.0,1,1
2026-07-02,TCS,1997.0503819057583,2065.5745732846704,1991.580373389582,2056.82275390625,6040621,-0.3053,0,0.0,0.0,-0.3053,-0.3592,-0.4226,-0.5009,-0.36236666666666667,-0.43546000000000007,0.11277381344975482,0,0.04312527526027221,2082.083984375,0.012281675910466694,1.0,1,1
2026-07-03,TCS,2088.5485393778363,2105.0581154318793,2073.6303355251375,2082.083984375,4028819,-0.2595,0,0.0,0.0,-0.2595,-0.3053,-0.3592,-0.4226,-0.308,-0.36950000000000005,0.09541134628544008,0,0.012281675910466694,2046.3798828125,-0.017148252342576664,0.0,0,0
2026-07-06,TCS,2078.6031065753987,2081.5867473982344,2039.4180542258837,2046.3798828125,2567386,-0.2206,0,0.0,0.0,-0.2206,-0.2595,-0.3053,-0.3592,-0.2618,-0.31344,0.08000770587887276,0,-0.017148252342576664,2084.669921875,0.018711109987005425,1.0,1,1
2026-07-07,TCS,2038.8212111731864,2111.124724588052,2037.8266642409067,2084.669921875,4769048,-0.6985,1,0.0,0.8374,-0.6985,-0.2206,-0.2595,-0.3053,-0.3928666666666667,-0.36862000000000006,0.19153072077345756,0,0.018711109987005425,2046.2803955078125,-0.018415158181329327,0.0,0,0
2026-07-08,TCS,2082.5813599967723,2098.1956989000228,2037.6278854106638,2046.2803955078125,3666985,-0.5937,0,0.0,0.0,-0.5937,-0.6985,-0.2206,-0.2595,-0.5042666666666666,-0.41552000000000006,0.21581837734539688,1,-0.018415158181329327,2038.323974609375,-0.003888235901543191,0.0,0,0
2026-07-09,TCS,2046.280350211656,2053.7394523387943,2005.006651774823,2038.323974609375,3791498,0.7055666666666667,9,0.37187155040416847,0.9178666666666666,0.7056,-0.5937,-0.6985,-0.2206,-0.19553333333333334,-0.21334,0.5537797694029644,0,-0.003888235901543191,2057.717529296875,0.009514461356034731,1.0,1,1
2026-07-10,TCS,2093.7200783959847,2121.666943317309,2053.341620075063,2057.717529296875,6714551,0.9155,1,0.0,0.9433,0.9155,0.7056,-0.5937,-0.6985,0.3424666666666667,0.021659999999999992,0.7454381483396195,9,0.009514461356034731,2169.604248046875,0.05437418749512801,1.0,1,1
2026-07-13,TCS,2063.684994131224,2192.8765503750355,2053.8390761022306,2169.604248046875,12382622,0.7782,0,0.0,0.0,0.7782,0.9155,0.7056,-0.5937,0.7997666666666667,0.22142,0.7963753367602495,1,0.05437418749512801,2188.60009765625,0.008755444513198984,1.0,1,1
2026-07-14,TCS,2170.996422535663,2215.850586742918,2167.1177865856457,2188.60009765625,9546290,0.6614,0,0.0,0.0,0.6614,0.7782,0.9155,0.7056,0.7850333333333334,0.4934,0.6152882860903506,0,0.008755444513198984,2189.199951171875,0.0002740809142187661,1.0,1,1
2026-07-15,TCS,2174.10009765625,2202.89990234375,2145.39990234375,2189.199951171875,5426489,0.5622,0,0.0,0.0,0.5622,0.6614,0.7782,0.9155,0.6672666666666666,0.7245799999999999,0.13232986057576504,0,0.0002740809142187661,2201.0,0.0053901192633447614,1.0,1,1
2026-07-16,TCS,2206.0,2231.39990234375,2187.800048828125,2201.0,5197595,0.4779,0,0.0,0.0,0.4779,0.5622,0.6614,0.7782,0.5671666666666666,0.67904,0.1733249058848767,0,0.0053901192633447614,2269.0,0.030895047705588263,1.0,1,0
2026-07-17,TCS,2224.800048828125,2275.0,2215.10009765625,2269.0,5615138,0.4062,0,0.0,0.0,0.4062,0.4779,0.5622,0.6614,0.4821,0.57718,0.14732373196468126,0,0.030895047705588263,2251.10009765625,-0.007888894818752767,0.0,0,0
2026-07-20,TCS,2280.10009765625,2283.39990234375,2245.10009765625,2251.10009765625,2202693,0.3453,0,0.0,0.0,0.3453,0.4062,0.4779,0.5622,0.4098,0.4906,0.1251957866703234,0,-0.007888894818752767,2221.10009765625,-0.013326817421950632,0.0,0,1
2026-07-21,TCS,2245.10009765625,2259.89990234375,2218.5,2221.10009765625,2382160,0.2935,0,0.0,0.0,0.2935,0.3453,0.4062,0.4779,0.34833333333333333,0.41702000000000006,0.10642089550460017,0,-0.013326817421950632,2208.300048828125,-0.005762932000062393,0.0,0,0
2026-07-22,TCS,2216.0,2226.800048828125,2201.0,2208.300048828125,1599665,0.2495,0,0.0,0.0,0.2495,0.2935,0.3453,0.4062,0.2961,0.35448,0.0904586756480601,0,-0.005762932000062393,2242.89990234375,0.015668094348857187,1.0,1,0
2026-07-23,TCS,2204.0,2250.0,2193.60009765625,2242.89990234375,2503539,0.212,0,0.0,0.0,0.212,0.2495,0.2935,0.3453,0.25166666666666665,0.3013,0.07690672922443698,0,0.015668094348857187,2254.300048828125,0.00508277095757248,1.0,1,0
2026-07-24,TCS,2205.10009765625,2264.300048828125,2205.10009765625,2254.300048828125,3211699,0.1802,0,0.0,0.0,0.1802,0.212,0.2495,0.2935,0.21389999999999998,0.2561,0.06539223960074166,0,0.00508277095757248,2295.60009765625,0.01832056422550954,1.0,1,0
2026-07-27,TCS,2286.0,2315.0,2272.39990234375,2295.60009765625,4007292,0.1532,0,0.0,0.0,0.1532,0.1802,0.212,0.2495,0.1818,0.21768,0.05557847604964309,0,0.01832056422550954,2398.0,0.04460702996497412,1.0,1,0
2026-07-28,TCS,2325.0,2417.39990234375,2323.0,2398.0,8248513,0.1302,0,0.0,0.0,0.1302,0.1532,0.1802,0.212,0.15453333333333333,0.18502000000000002,0.047240258255017036,0,0.04460702996497412,2446.60009765625,0.020266929798269384,1.0,1,0
2026-07-29,TCS,2440.0,2475.5,2415.10009765625,2446.60009765625,7169419,0.7724,1,0.0,0.8515,0.7724,0.1302,0.1532,0.1802,0.3519333333333334,0.28959999999999997,0.27161520575991477,0,0.020266929798269384,2431.800048828125,-0.006049230866255084,0.0,0,1
2026-07-30,TCS,2440.0,2495.0,2423.0,2431.800048828125,4901582,0.6565,0,0.0,0.0,0.6565,0.7724,0.1302,0.1532,0.5196999999999999,0.3785,0.309910099867689,1,-0.006049230866255084,2365.60009765625,-0.027222612814641778,0.0,0,0
2026-07-31,TCS,2385.0,2391.0,2326.10009765625,2365.60009765625,4343683,0.5581,0,0.0,0.0,0.5581,0.6565,0.7724,0.1302,0.6623333333333333,0.45408,0.29519005233916856,0,-0.027222612814641778,2473.699951171875,0.04569658820302136,1.0,1,0
2026-08-03,TCS,2383.89990234375,2473.699951171875,2383.0,2473.699951171875,3036839,0.4744,0,0.0,0.0,0.4744,0.5581,0.6565,0.7724,0.563,0.5183199999999999,0.24382314697337734,0,0.04569658820302136,2460.0,-0.005538242892144218,0.0,0,0
2026-08-04,TCS,2463.10009765625,2467.39990234375,2435.10009765625,2460.0,2792792,0.4032,0,0.0,0.0,0.4032,0.4744,0.5581,0.6565,0.47856666666666664,0.57292,0.14620925757284062,0,-0.005538242892144218,2413.0,-0.019105691056910623,0.0,0,0
2026-08-05,TCS,2460.0,2460.89990234375,2408.0,2413.0,3014409,0.3427,0,0.0,0.0,0.3427,0.4032,0.4744,0.5581,0.40676666666666667,0.4869800000000001,0.12428711518094357,0,-0.019105691056910623,2373.0,-0.016576875259013635,0.0,0,1
2026-08-06,TCS,2417.0,2434.5,2368.5,2373.0,2729141,0.2913,0,0.0,0.0,0.2913,0.3427,0.4032,0.4744,0.3457333333333334,0.41394000000000003,0.10567470369015018,0,-0.016576875259013635,2452.699951171875,0.03358615725742742,1.0,1,0
2026-08-07,TCS,2375.0,2457.699951171875,2375.0,2452.699951171875,4547979,0.2476,0,0.0,0.0,0.2476,0.2913,0.3427,0.4032,0.29386666666666666,0.35184,0.08982401126648128,0,0.03358615725742742,2425.699951171875,-0.011008276812293993,0.0,0,0
2026-08-10,TCS,2452.699951171875,2472.89990234375,2423.5,2425.699951171875,2322023,0.2105,0,0.0,0.0,0.2105,0.2476,0.2913,0.3427,0.2498,0.29906,0.07632301749800574,0,-0.011008276812293993,2445.699951171875,0.008245042834064353,1.0,1,0
2026-08-11,TCS,2438.0,2456.60009765625,2428.0,2445.699951171875,1514105,0.1789,0,0.0,0.0,0.1789,0.2105,0.2476,0.2913,0.21233333333333335,0.2542,0.06486909896091383,0,0.008245042834064353,2349.699951171875,-0.03925256651127662,0.0,0,0
2026-08-12,TCS,2445.699951171875,2445.800048828125,2300.10009765625,2349.699951171875,7022647,0.1521,0,0.0,0.0,0.1521,0.1789,0.2105,0.2476,0.1805,0.21608,0.055132767026522284,0,-0.03925256651127662,2375.0,0.010767353004159874,1.0,1,0
2026-08-13,TCS,2349.699951171875,2375.0,2332.300048828125,2375.0,2123494,0.1293,0,0.0,0.0,0.1293,0.1521,0.1789,0.2105,0.15343333333333334,0.18368,0.046857251306502624,0,0.010767353004159874,2361.0,-0.005894736842105286,0.0,0,0
2026-08-14,TCS,2375.10009765625,2390.0,2333.39990234375,2361.0,2232160,0.1099,0,0.0,0.0,0.1099,0.1293,0.1521,0.1789,0.13043333333333332,0.15614,0.039836766937098526,0,-0.005894736842105286,2313.199951171875,-0.020245679300349373,0.0,0,0
2026-08-17,TCS,2351.0,2361.10009765625,2310.60009765625,2313.199951171875,2237636,0.0934,0,0.0,0.0,0.0934,0.1099,0.1293,0.1521,0.11086666666666667,0.13272,0.033862545681042286,0,-0.020245679300349373,2280.0,-0.014352391437262413,0.0,0,0
2026-08-18,TCS,2300.0,2307.0,2280.0,2280.0,1797822,0.0794,0,0.0,0.0,0.0794,0.0934,0.1099,0.1293,0.09423333333333334,0.11282,0.028796996371160823,0,-0.014352391437262413,2289.0,0.003947368421052699,1.0,1,0
2026-08-19,TCS,2293.60009765625,2308.199951171875,2258.300048828125,2289.0,3368922,-0.9039,1,0.0,0.9274,-0.9039,0.0794,0.0934,0.1099,-0.24370000000000003,-0.09838,0.4506846203277857,0,0.003947368421052699,2298.0,0.003931847968545288,1.0,1,0
2026-08-20,TCS,2319.39990234375,2329.0,2288.10009765625,2298.0,2047848,-0.7683,0,0.0,0.0,-0.7683,-0.9039,0.0794,0.0934,-0.5309333333333334,-0.2779,0.5119287010902984,1,0.003931847968545288,2302.0,0.0017406440382941035,1.0,1,1
2026-08-21,TCS,2290.10009765625,2307.199951171875,2263.300048828125,2302.0,2066749,-0.6531,0,0.0,0.0,-0.6531,-0.7683,-0.9039,0.0794,-0.7751,-0.4305,0.48016569535942477,0,0.0017406440382941035,2284.10009765625,-0.007775804667137232,0.0,0,0
2026-08-24,TCS,2302.39990234375,2321.60009765625,2279.5,2284.10009765625,1542723,-0.5551,0,0.0,0.0,-0.5551,-0.6531,-0.7683,-0.9039,-0.6588333333333333,-0.5602,0.3805193424781449,0,-0.007775804667137232,2296.199951171875,0.0052974269945702535,1.0,1,0
2026-08-25,TCS,2305.0,2313.5,2262.0,2296.199951171875,3041609,-0.9615,1,0.0,0.9715,-0.9615,-0.5551,-0.6531,-0.7683,-0.7232333333333333,-0.7683800000000001,0.16914405694554993,0,0.0052974269945702535,2270.0,-0.011410134887644974,0.0,0,0
2026-08-26,TCS,2305.10009765625,2306.300048828125,2266.39990234375,2270.0,1660737,-0.8173,0,0.0,0.0,-0.8173,-0.9615,-0.5551,-0.6531,-0.7779666666666666,-0.7510600000000001,0.15569716760429353,1,-0.011410134887644974,2248.39990234375,-0.009515461522577096,0.0,0,1
2026-08-27,TCS,2270.0,2283.60009765625,2243.89990234375,2248.39990234375,1709113,-0.6947,0,0.0,0.0,-0.6947,-0.8173,-0.9615,-0.5551,-0.8245,-0.73634,0.1571323264003925,0,-0.009515461522577096,2342.0,0.04162964851523099,1.0,1,0
2026-08-28,TCS,2272.0,2348.5,2263.300048828125,2342.0,4054069,0.3519,1,0.0,0.6016,0.3519,-0.6947,-0.8173,-0.9615,-0.3867,-0.5353399999999999,0.5181926938890589,0,0.04162964851523099,2399.300048828125,0.024466288995783625,1.0,1,0
2026-08-31,TCS,2342.0,2399.300048828125,2306.199951171875,2399.300048828125,2905846,0.2991,0,0.0,0.0,0.2991,0.3519,-0.6947,-0.8173,-0.014566666666666636,-0.3645,0.6371936126484634,1,0.024466288995783625,2369.0,-0.01262870345996292,0.0,0,0
2026-09-01,TCS,2355.0,2372.0,2325.0,2369.0,2678034,0.2542,0,0.0,0.0,0.2542,0.2991,0.3519,-0.6947,0.30173333333333335,-0.12136,0.581991879668437,0,-0.01262870345996292,2348.0,-0.008864499788940439,0.0,0,0
2026-09-02,TCS,2347.89990234375,2363.0,2303.5,2348.0,2533005,0.2161,0,0.0,0.0,0.2161,0.2542,0.2991,0.3519,0.2564666666666667,0.08532,0.43898230260455917,0,-0.008864499788940439,2320.10009765625,-0.01188241156037051,0.0,0,0
2026-09-03,TCS,2353.60009765625,2353.60009765625,2316.10009765625,2320.10009765625,1892786,0.1837,0,0.0,0.0,0.1837,0.2161,0.2542,0.2991,0.21800000000000005,0.261,0.06661824074531743,0,-0.01188241156037051,2304.0,-0.006939397861546626,0.0,0,0
2026-09-04,TCS,2330.0,2363.89990234375,2302.39990234375,2304.0,2564322,0.1561,0,0.0,0.0,0.1561,0.1837,0.2161,0.2542,0.18530000000000005,0.22183999999999998,0.05662515342143461,0,-0.006939397861546626,2270.0,-0.01475694444444442,0.0,0,0
2026-09-07,TCS,2290.10009765625,2299.89990234375,2260.10009765625,2270.0,2297551,0.0243,1,0.0,0.9351,0.0243,0.1561,0.1837,0.2161,0.12136666666666673,0.16688,0.0877148334091841,0,-0.01475694444444442,2255.5,-0.006387665198237857,0.0,0,0
2026-09-08,TCS,2270.0,2274.5,2244.0,2255.5,2148114,0.0207,0,0.0,0.0,0.0207,0.0243,0.1561,0.1837,0.06703333333333339,0.12018,0.09167187136739842,1,-0.006387665198237857,2208.0,-0.02105963201064065,0.0,0,0
2026-09-09,TCS,2237.0,2237.0,2193.199951171875,2208.0,3370071,0.0176,0,0.0,0.0,0.0176,0.0207,0.0243,0.1561,0.020866666666666724,0.08048,0.08224428247605287,0,-0.02105963201064065,2204.10009765625,-0.0017662601194520233,0.0,0,1
2026-09-10,TCS,2199.0,2232.0,2190.60009765625,2204.10009765625,2490912,0.0149,0,0.0,0.0,0.0149,0.0176,0.0207,0.0243,0.01773333333333339,0.04672,0.06124575087302564,0,-0.0017662601194520233,2200.800048828125,-0.0014972318324535383,0.0,0,0
2026-09-11,TCS,2185.5,2232.60009765625,2185.5,2200.800048828125,2634124,0.0127,0,0.0,0.0,0.0127,0.0149,0.0176,0.0207,0.015066666666666723,0.01804,0.004605214435905729,0,-0.0014972318324535383,2200.800048828125,0.0,0.0,0,0
2026-09-14,TCS,2200.800048828125,2200.800048828125,2200.800048828125,2200.800048828125,0,0.0102,1,0.0,0.9349,0.0102,0.0127,0.0149,0.0176,0.012600000000000056,0.015220000000000001,0.004103291361903262,0,0.0,2251.0,0.02280986462109791,1.0,1,0
2026-09-15,TCS,2275.5,2323.0,2251.0,2251.0,5406210,0.9094,2,0.013293607486307042,0.93695,0.9094,0.0102,0.0127,0.0149,0.3107666666666667,0.19296,0.40051143928732047,1,0.02280986462109791,2188.800048828125,-0.027632141791148368,0.0,0,0
2026-09-16,TCS,2270.0,2273.89990234375,2172.0,2188.800048828125,2763709,-0.8827,1,0.0,0.894,-0.8827,0.9094,0.0102,0.0127,0.012300000000000014,0.0129,0.6336053464105245,2,-0.027632141791148368,2190.0,0.0005482232936340203,1.0,1,0
2026-09-17,TCS,2171.0,2263.60009765625,2162.5,2190.0,3295917,-0.4681,2,0.6996114493059701,0.9552,-0.4681,-0.8827,0.9094,0.0102,-0.1471333333333333,-0.08370000000000002,0.6690519673388612,1,0.0005482232936340203,2105.0,-0.038812785388127824,0.0,0,1
2026-09-18,TCS,2177.199951171875,2177.300048828125,2101.199951171875,2105.0,6875428,-0.4465,2,0.6276279789811796,0.9234,-0.4465,-0.4681,-0.8827,0.9094,-0.5991,-0.17554,0.6838640383877489,2,-0.038812785388127824,2128.699951171875,0.011258884167161476,1.0,1,1
2026-09-21,TCS,2090.0,2145.0,2075.300048828125,2128.699951171875,2330811,-0.3795,0,0.0,0.0,-0.3795,-0.4465,-0.4681,-0.8827,-0.4313666666666666,-0.25348000000000004,0.6795967936946145,2,0.011258884167161476,2105.0,-0.011133533008645946,0.0,0,1
2026-09-22,TCS,2135.10009765625,2135.199951171875,2098.199951171875,2105.0,3641623,-0.00275,2,0.016758430714121177,0.9419500000000001,-0.0028,-0.3795,-0.4465,-0.4681,-0.2762666666666666,-0.43592000000000003,0.3128641909838837,0,-0.011133533008645946,2089.60009765625,-0.007315868096793299,0.0,0,0
2026-09-23,TCS,2099.0,2104.199951171875,2077.60009765625,2089.60009765625,2228402,0.0127,1,0.0,0.9379,0.0127,-0.0028,-0.3795,-0.4465,-0.12319999999999993,-0.25684,0.24126505756118172,2,-0.007315868096793299,2087.0,-0.0012443039503904352,0.0,0,0
2026-09-24,TCS,2076.0,2096.89990234375,2067.10009765625,2087.0,1760662,0.00645,2,0.0096873629022557,0.90425,0.0064,0.0127,-0.0028,-0.3795,0.005433333333333388,-0.16194,0.23047221741459528,1,-0.0012443039503904352,2082.0,-0.002395783421178743,0.0,0,0
2026-09-25,TCS,2054.0,2090.199951171875,2038.0999755859375,2082.0,3342195,-0.33594999999999997,2,0.4630842309990699,0.8116,-0.3359,0.0064,0.0127,-0.0028,-0.10559999999999993,-0.13982,0.19956890288820173,2,-0.002395783421178743,2070.699951171875,-0.005427497035602746,0.0,0,1
2026-04-02,TITAN,3982.930835009521,4095.6610318057337,3931.798566161915,4083.800048828125,1614868,0.0,0,0.0,0.0,0.0,0.0,0.0,0.0,0.0,0.0,0.0,0,0.0,4232.212890625,0.03634184828404208,1.0,1,0
2026-04-06,TITAN,4091.5742720255826,4243.974103115695,4091.5742720255826,4232.212890625,1678285,0.0318,1,0.0,0.9408,0.0318,0.0,0.0,0.0,0.0159,0.0159,0.02248599564173221,0,0.03634184828404208,4216.763671875,-0.003650387905632657,0.0,0,0
2026-04-07,TITAN,4221.448008238725,4229.621384331442,4155.165500389534,4216.763671875,1274146,0.027,0,0.0,0.0,0.027,0.0318,0.0,0.0,0.019600000000000003,0.019600000000000003,0.01714292857127976,1,-0.003650387905632657,4477.80712890625,0.06190611505509769,1.0,1,0
2026-04-08,TITAN,4337.068733542139,4490.266247239322,4295.007042060272,4477.80712890625,3834533,0.023,0,0.0,0.0,0.023,0.027,0.0318,0.0,0.027266666666666665,0.02045,0.0141,0,0.06190611505509769,4425.279296875,-0.011730704454008145,0.0,0,0
2026-04-09,TITAN,4460.364368818537,4482.691011562465,4399.663641560751,4425.279296875,1385274,0.0195,0,0.0,0.0,0.0195,0.023,0.027,0.0318,0.02316666666666667,0.02026,0.012218346860357174,0,-0.011730704454008145,4490.26611328125,0.01468535928390824,1.0,1,1
2026-04-10,TITAN,4415.611175793522,4509.104202301997,4410.62752860897,4490.26611328125,1565192,0.0166,0,0.0,0.0,0.0166,0.0195,0.023,0.027,0.0197,0.02358,0.006020132888898716,0,0.01468535928390824,4424.78076171875,-0.01458384646041544,0.0,0,0
2026-04-13,TITAN,4376.738695227283,4481.2955150452835,4376.738695227283,4424.78076171875,850456,0.0141,0,0.0,0.0,0.0141,0.0166,0.0195,0.023,0.016733333333333333,0.020040000000000002,0.005114000391083285,0,-0.01458384646041544,4507.41015625,0.01867423472053642,1.0,1,0
2026-04-15,TITAN,4475.415043264428,4519.171369197922,4432.754730388897,4507.41015625,918513,0.012,0,0.0,0.0,0.012,0.0141,0.0166,0.0195,0.014233333333333334,0.01704,0.00435350433558989,0,0.01867423472053642,4446.80859375,-0.013444874195877143,0.0,0,0
2026-04-16,TITAN,4539.105836555689,4539.105836555689,4425.478681226891,4446.80859375,1283713,0.0102,0,0.0,0.0,0.0102,0.012,0.0141,0.0166,0.0121,0.014480000000000002,0.0036846980880392284,0,-0.013444874195877143,4511.09765625,0.01445734871304305,1.0,1,1
2026-04-17,TITAN,4446.80860763948,4516.978262584491,4315.838457109326,4511.09765625,2124034,0.0087,0,0.0,0.0,0.0087,0.0102,0.012,0.0141,0.010299999999999998,0.012320000000000001,0.0031300159744001186,0,0.01445734871304305,4498.23974609375,-0.002850284151671101,0.0,0,0
2026-04-20,TITAN,4517.277374817795,4534.122004205732,4453.088099309882,4498.23974609375,1646815,0.0074,0,0.0,0.0,0.0074,0.0087,0.0102,0.012,0.008766666666666667,0.01048,0.002652734438273063,0,-0.002850284151671101,4465.048828125,-0.007378645835312114,0.0,0,0
2026-04-21,TITAN,4498.73808672063,4529.636697707301,4450.39671146729,4465.048828125,656106,0.0063,0,0.0,0.0,0.0063,0.0074,0.0087,0.0102,0.0074666666666666675,0.00892,0.0022554378732299167,0,-0.007378645835312114,4440.03125,-0.005602979740650604,0.0,0,0
2026-04-22,TITAN,4447.108126662484,4477.308835307954,4430.662090201536,4440.03125,596352,0.0053,0,0.0,0.0,0.0053,0.0063,0.0074,0.0087,0.006333333333333333,0.007579999999999999,0.0019357169214531016,0,-0.005602979740650604,4441.9248046875,0.0004264732793266557,1.0,1,1
2026-04-23,TITAN,4396.5736146026165,4459.367570104762,4379.130849185354,4441.9248046875,680187,0.0045,0,0.0,0.0,0.0045,0.0053,0.0063,0.0074,0.005366666666666666,0.0064399999999999995,0.0016667333320000114,0,0.0004264732793266557,4395.57666015625,-0.010434247892341486,0.0,0,0
2026-04-24,TITAN,4460.862435947686,4471.9262296400375,4347.13551391155,4395.57666015625,958536,0.0038,0,0.0,0.0,0.0038,0.0045,0.0053,0.0063,0.004533333333333333,0.00546,0.0014293355099485386,0,-0.010434247892341486,4427.2724609375,0.00721084017679785,1.0,1,1
2026-04-27,TITAN,4424.282272732981,4449.400048324654,4374.047208233913,4427.2724609375,649222,0.0033,0,0.0,0.0,0.0033,0.0038,0.0045,0.0053,0.0038666666666666663,0.00464,0.001194989539703105,0,0.00721084017679785,4402.5537109375,-0.005583290890293635,0.0,0,0
2026-04-28,TITAN,4397.868888135784,4460.364015495882,4381.024258799593,4402.5537109375,620778,0.0028,0,0.0,0.0,0.0028,0.0033,0.0038,0.0045,0.0032999999999999995,0.00394,0.00098640762365253,0,-0.005583290890293635,4425.279296875,0.0051619099798922985,1.0,1,0
2026-04-29,TITAN,4405.444477800803,4457.772774865154,4395.776493972833,4425.279296875,702730,0.0024,0,0.0,0.0,0.0024,0.0028,0.0033,0.0038,0.0028333333333333335,0.0033599999999999997,0.0008264381404556695,0,0.0051619099798922985,4370.85791015625,-0.012297842253071067,0.0,0,0
2026-04-30,TITAN,4423.485027207771,4423.485027207771,4343.746676108938,4370.85791015625,869299,0.002,0,0.0,0.0,0.002,0.0024,0.0028,0.0033,0.0024,0.00286,0.0007127411872480922,0,-0.012297842253071067,4370.85791015625,0.0,0.0,0,0
2026-05-01,TITAN,4370.85791015625,4370.85791015625,4370.85791015625,4370.85791015625,0,0.0017,0,0.0,0.0,0.0017,0.002,0.0024,0.0028,0.002033333333333333,0.0024400000000000003,0.0006348228099240098,0,0.0,4348.73046875,-0.005062493876736185,0.0,0,0
2026-05-04,TITAN,4392.686333602758,4432.854334640852,4338.464350375783,4348.73046875,709160,0.0015,0,0.0,0.0,0.0015,0.0017,0.002,0.0024,0.0017333333333333333,0.00208,0.0005263078946774515,0,-0.005062493876736185,4359.2958984375,0.002429543464103734,1.0,1,0
2026-05-05,TITAN,4340.756633847013,4382.619269581015,4316.1372224440165,4359.2958984375,850790,0.0012,0,0.0,0.0,0.0012,0.0015,0.0017,0.002,0.0014666666666666665,0.0017599999999999998,0.0004615192303683648,0,0.002429543464103734,4345.341796875,-0.0032009989428571917,0.0,0,0
2026-05-06,TITAN,4383.117745600278,4426.57524685031,4283.046206403137,4345.341796875,1459870,0.001,0,0.0,0.0,0.001,0.0012,0.0015,0.0017,0.0012333333333333332,0.00148,0.0003962322551229326,0,-0.0032009989428571917,4293.412109375,-0.011950656571445228,0.0,0,0
2026-05-07,TITAN,4335.673340752591,4344.743676091845,4247.064189912217,4293.412109375,1377631,0.0009,0,0.0,0.0,0.0009,0.001,0.0012,0.0015,0.0010333333333333332,0.00126,0.0003361547262791382,0,-0.011950656571445228,4494.2529296875,0.04677883585271214,1.0,1,0
2026-05-08,TITAN,4299.890693872671,4589.938953473262,4199.619617443652,4494.2529296875,4777990,0.0008,0,0.0,0.0,0.0008,0.0009,0.001,0.0012,0.0009000000000000001,0.00108,0.00027748873850987234,0,0.04677883585271214,4191.84521484375,-0.06728764926560937,0.0,0,0
2026-05-11,TITAN,4336.1714356672355,4365.176358217959,4136.5267337657515,4191.84521484375,5925166,0.0006,0,0.0,0.0,0.0006,0.0008,0.0009,0.001,0.0007666666666666667,0.0009,0.00022360679774952787,0,-0.06728764926560937,4042.036865234375,-0.03573804420995519,0.0,0,0
2026-05-12,TITAN,4146.394386830651,4199.8191810747485,4033.763962380683,4042.036865234375,1978748,0.0005,0,0.0,0.0,0.0005,0.0006,0.0008,0.0009,0.0006333333333333333,0.00076,0.00020736441353278698,0,-0.03573804420995519,4077.321044921875,0.0087293067490255,1.0,1,0
2026-05-13,TITAN,4016.819616977272,4096.557971656722,3972.0665627502894,4077.321044921875,2841521,0.0005,0,0.0,0.0,0.0005,0.0005,0.0006,0.0008,0.0005333333333333333,0.00066,0.00018165902124528678,0,0.0087293067490255,4121.67578125,0.010878401734728982,1.0,1,0
2026-05-14,TITAN,4101.541651857563,4133.436993986225,4045.8245734134175,4121.67578125,1127140,0.0004,0,0.0,0.0,0.0004,0.0005,0.0005,0.0006,0.00046666666666666666,0.0005600000000000001,0.0001516575088803532,0,0.010878401734728982,4155.46484375,0.008197894325825184,1.0,1,0
2026-05-15,TITAN,4141.410861180254,4180.283309696747,4128.851972784219,4155.46484375,901617,0.0003,0,0.0,0.0,0.0003,0.0004,0.0005,0.0005,0.0004,0.00046,0.00011401754250900719,0,0.008197894325825184,4156.06298828125,0.00014394166567188726,1.0,1,0
2026-05-18,TITAN,4116.592404667953,4169.020471149777,4052.3033550510295,4156.06298828125,851825,0.0003,0,0.0,0.0,0.0003,0.0003,0.0004,0.0005,0.0003333333333333333,0.0004,9.999999999896288e-05,0,0.00014394166567188726,4088.584228515625,-0.01623622162510363,0.0,0,0
2026-05-19,TITAN,4122.7718541827335,4154.268602329223,4081.6071223236186,4088.584228515625,711398,0.0002,0,0.0,0.0,0.0002,0.0003,0.0003,0.0004,0.0002666666666666667,0.00033999999999999997,0.00011401754250900117,0,-0.01623622162510363,4092.9697265625,0.0010726202034163634,1.0,1,0
2026-05-20,TITAN,4039.744471133866,4103.236331934217,4039.744471133866,4092.9697265625,913576,0.0002,0,0.0,0.0,0.0002,0.0002,0.0003,0.0003,0.00023333333333333333,0.00028,8.366600265215974e-05,0,0.0010726202034163634,4069.74609375,-0.00567402994988786,0.0,0,0
2026-05-21,TITAN,4106.525312929425,4122.871578488693,4056.6888406851363,4069.74609375,863060,0.0002,0,0.0,0.0,0.0002,0.0002,0.0002,0.0003,0.0002,0.00024000000000000003,5.477225574860634e-05,0,-0.00567402994988786,4066.456787109375,-0.0008082338713160109,0.0,0,0
2026-05-22,TITAN,4043.9306045995263,4100.345344469957,4040.8408893642713,4066.456787109375,768112,0.0001,0,0.0,0.0,0.0001,0.0002,0.0002,0.0002,0.00016666666666666666,0.0002,7.071067811717181e-05,0,-0.0008082338713160109,4145.59716796875,0.019461753807454407,1.0,1,0
2026-05-25,TITAN,4106.624950595387,4156.361650952179,4096.9564806185,4145.59716796875,606086,0.0001,0,0.0,0.0,0.0001,0.0001,0.0002,0.0002,0.00013333333333333334,0.00016000000000000004,5.4772255748597955e-05,0,0.019461753807454407,4092.47119140625,-0.01281503590676436,0.0,0,0
2026-05-26,TITAN,4138.320744313574,4146.394349879764,4077.6200205187774,4092.47119140625,766717,0.0001,0,0.0,0.0,0.0001,0.0001,0.0001,0.0002,0.0001,0.00014,5.477225574859586e-05,0,-0.01281503590676436,4124.36669921875,0.007793703686779008,1.0,1,0
2026-05-27,TITAN,4084.8961156102055,4151.477934967971,4077.7199555713896,4124.36669921875,474044,0.0001,0,0.0,0.0,0.0001,0.0001,0.0001,0.0001,0.0001,0.00012000000000000002,4.4721359547640786e-05,0,0.007793703686779008,4124.36669921875,0.0,0.0,0,0
2026-05-28,TITAN,4124.36669921875,4124.36669921875,4124.36669921875,4124.36669921875,0,0.0001,0,0.0,0.0,0.0001,0.0001,0.0001,0.0001,0.0001,0.0001,0.0,0,0.0,4061.57275390625,-0.015225112094032434,0.0,0,0
2026-05-29,TITAN,4102.737972358301,4149.6835402843,4045.724852927872,4061.57275390625,2001419,0.0001,0,0.0,0.0,0.0001,0.0001,0.0001,0.0001,0.0001,0.0001,0.0,0,-0.015225112094032434,4011.437255859375,-0.012343863100484076,0.0,0,0
2026-06-01,TITAN,4086.590555568834,4091.5742025878203,3993.894721015687,4011.437255859375,450200,0.0001,0,0.0,0.0,0.0001,0.0001,0.0001,0.0001,0.0001,0.0001,0.0,0,-0.012343863100484076,4064.762451171875,0.013293289140845932,1.0,1,0
2026-06-02,TITAN,4004.2607791244304,4074.6299753506637,3972.963571856102,4064.762451171875,522015,0.0,0,0.0,0.0,0.0,0.0001,0.0001,0.0001,6.666666666666668e-05,8e-05,4.472135954763565e-05,0,0.013293289140845932,4075.42724609375,0.002623719110276701,1.0,1,0
2026-06-03,TITAN,4043.7312022976257,4090.37794384958,3988.9110849384024,4075.42724609375,959352,0.0,0,0.0,0.0,0.0,0.0,0.0001,0.0001,3.3333333333333335e-05,6.000000000000001e-05,5.477225574858747e-05,0,0.002623719110276701,4217.162109375,0.03477791522768592,1.0,1,0
2026-06-04,TITAN,4061.672322312249,4259.821933203119,4039.046613504238,4217.162109375,1761933,0.0,0,0.0,0.0,0.0,0.0,0.0,0.0001,0.0,3.9999999999999996e-05,5.477225574858537e-05,0,0.03477791522768592,4246.26708984375,0.006901556002328668,1.0,1,0
2026-06-05,TITAN,4255.038114520642,4274.972703953861,4209.388099392295,4246.26708984375,1390200,0.0,0,0.0,0.0,0.0,0.0,0.0,0.0,0.0,2e-05,4.4721359547627945e-05,0,0.006901556002328668,4178.6884765625,-0.01591482868397165,0.0,0,0
2026-06-08,TITAN,4183.073988834731,4224.239207403382,4167.027033930725,4178.6884765625,666737,0.0,0,0.0,0.0,0.0,0.0,0.0,0.0,0.0,0.0,0.0,0,-0.01591482868397165,4091.474609375,-0.0208711100807506,0.0,0,0
2026-06-09,TITAN,4177.193341811167,4203.208077712957,4073.8325468327307,4091.474609375,1284964,0.0,0,0.0,0.0,0.0,0.0,0.0,0.0,0.0,0.0,0.0,0,-0.0208711100807506,4028.880126953125,-0.015298758613446872,0.0,0,0
2026-06-10,TITAN,4091.4745404929363,4105.6282930748075,4021.8032506621894,4028.880126953125,613629,0.0,0,0.0,0.0,0.0,0.0,0.0,0.0,0.0,0.0,0.0,0,-0.015298758613446872,4012.03515625,-0.004181055323644989,0.0,0,0
2026-06-11,TITAN,4006.951982284827,4056.3896148157537,3949.8393386542043,4012.03515625,767665,0.0,0,0.0,0.0,0.0,0.0,0.0,0.0,0.0,0.0,0.0,0,-0.004181055323644989,4170.31591796875,0.039451489220421854,1.0,1,0
2026-06-12,TITAN,4054.4960073475113,4186.263588783162,4039.445295679552,4170.31591796875,1122271,0.0,0,0.0,0.0,0.0,0.0,0.0,0.0,0.0,0.0,0.0,0,0.039451489220421854,4269.49072265625,0.023781125132554815,1.0,1,0
2026-06-15,TITAN,4207.195130228091,4282.946570620732,4206.49722491917,4269.49072265625,1076822,0.0,0,0.0,0.0,0.0,0.0,0.0,0.0,0.0,0.0,0.0,0,0.023781125132554815,4323.8125,0.012723245200063182,1.0,1,0
2026-06-16,TITAN,4284.0430909399065,4329.792876901798,4269.490743142001,4323.8125,779706,0.0,0,0.0,0.0,0.0,0.0,0.0,0.0,0.0,0.0,0.0,0,0.012723245200063182,4366.17333984375,0.009797103792948958,1.0,1,0
2026-06-17,TITAN,4323.812338372832,4380.625916816181,4313.346679185898,4366.17333984375,623868,0.0,0,0.0,0.0,0.0,0.0,0.0,0.0,0.0,0.0,0.0,0,0.009797103792948958,4373.548828125,0.0016892339600778072,1.0,1,0
2026-06-18,TITAN,4365.674763217696,4395.576645157543,4318.9282517885895,4373.548828125,562833,0.0,0,0.0,0.0,0.0,0.0,0.0,0.0,0.0,0.0,0.0,0,0.0016892339600778072,4405.4443359375,0.00729282078832405,1.0,1,0
2026-06-19,TITAN,4345.740340070183,4427.173329648428,4345.740340070183,4405.4443359375,941346,0.0,0,0.0,0.0,0.0,0.0,0.0,0.0,0.0,0.0,0.0,0,0.00729282078832405,4358.19921875,-0.010724256984045222,0.0,0,0
2026-06-22,TITAN,4390.891747775549,4400.061852755146,4338.762995819039,4358.19921875,390835,0.0,0,0.0,0.0,0.0,0.0,0.0,0.0,0.0,0.0,0.0,0,-0.010724256984045222,4291.21923828125,-0.015368728483219907,0.0,0,0
2026-06-23,TITAN,4360.691477754865,4402.952710396701,4277.065971666899,4291.21923828125,586588,0.0,0,0.0,0.0,0.0,0.0,0.0,0.0,0.0,0.0,0.0,0,-0.015368728483219907,4309.65869140625,0.0042970195883969,1.0,1,0
2026-06-24,TITAN,4287.93018361535,4326.603092410774,4249.755639555354,4309.65869140625,652078,0.0,0,0.0,0.0,0.0,0.0,0.0,0.0,0.0,0.0,0.0,0,0.0042970195883969,4277.2646484375,-0.007516614490457374,0.0,0,0
2026-06-25,TITAN,4320.821917574416,4320.821917574416,4211.181684371836,4277.2646484375,754050,0.0,0,0.0,0.0,0.0,0.0,0.0,0.0,0.0,0.0,0.0,0,-0.007516614490457374,4277.2646484375,0.0,0.0,0,0
2026-06-26,TITAN,4277.2646484375,4277.2646484375,4277.2646484375,4277.2646484375,0,0.0,0,0.0,0.0,0.0,0.0,0.0,0.0,0.0,0.0,0.0,0,0.0,4263.21142578125,-0.0032855630435174588,0.0,0,0
2026-06-29,TITAN,4270.9857208678,4302.183158180815,4252.64599620607,4263.21142578125,569087,0.0,0,0.0,0.0,0.0,0.0,0.0,0.0,0.0,0.0,0.0,0,-0.0032855630435174588,4389.59619140625,0.029645436972866035,1.0,1,0
2026-06-30,TITAN,4263.50992478207,4413.916290951847,4261.018101330999,4389.59619140625,1243464,0.0,0,0.0,0.0,0.0,0.0,0.0,0.0,0.0,0.0,0.0,0,0.029645436972866035,4384.21435546875,-0.0012260435135323933,0.0,0,0
2026-07-01,TITAN,4454.384013002184,4489.767909279109,4375.742154951739,4384.21435546875,1168751,0.0,0,0.0,0.0,0.0,0.0,0.0,0.0,0.0,0.0,0.0,0,-0.0012260435135323933,4466.4443359375,0.0187559215406925,1.0,1,0
2026-07-02,TITAN,4389.596399722663,4482.292236501547,4368.7648520199655,4466.4443359375,820705,0.0,0,0.0,0.0,0.0,0.0,0.0,0.0,0.0,0.0,0.0,0,0.0187559215406925,4446.509765625,-0.004463185660258717,0.0,0,0
2026-07-03,TITAN,4480.298796026808,4492.957454484628,4436.442701026769,4446.509765625,542120,0.0,0,0.0,0.0,0.0,0.0,0.0,0.0,0.0,0.0,0.0,0,-0.004463185660258717,4469.7333984375,0.005222890319962259,1.0,1,0
2026-07-06,TITAN,4435.44600307642,4475.81354535161,4435.44600307642,4469.7333984375,589165,0.0,0,0.0,0.0,0.0,0.0,0.0,0.0,0.0,0.0,0.0,0,0.005222890319962259,4589.14208984375,0.02671494712592759,1.0,1,0
2026-07-07,TITAN,4535.1191570791025,4640.672712211398,4490.266330250847,4589.14208984375,3385946,0.39882,5,0.7639469889985823,0.91936,0.3988,0.0,0.0,0.0,0.13293333333333332,0.07976,0.17834878188538322,0,0.02671494712592759,4571.39990234375,-0.0038661229381555806,0.0,0,0
2026-07-08,TITAN,4575.386820187532,4614.857404177837,4546.78097666898,4571.39990234375,1045703,0.339,0,0.0,0.0,0.339,0.3988,0.0,0.0,0.24593333333333334,0.14756,0.2031579877829075,5,-0.0038661229381555806,4555.7998046875,-0.0034125427635967043,0.0,0,0
2026-07-09,TITAN,4614.7998046875,4679.7998046875,4546.10009765625,4555.7998046875,1777107,0.85,1,0.0,0.864,0.85,0.339,0.3988,0.0,0.5292666666666667,0.31756,0.3507993272513504,0,-0.0034125427635967043,4584.39990234375,0.00627773363237405,1.0,1,1
2026-07-10,TITAN,4578.60009765625,4602.7998046875,4560.7001953125,4584.39990234375,652646,0.7225,0,0.0,0.0,0.7225,0.85,0.339,0.3988,0.6371666666666667,0.46205999999999997,0.3357720476752048,1,0.00627773363237405,4601.5,0.0037300623899558794,1.0,1,1
2026-07-13,TITAN,4578.0,4635.0,4524.39990234375,4601.5,770367,0.6141,0,0.0,0.0,0.6141,0.7225,0.85,0.339,0.7288666666666667,0.58488,0.2151536822831531,0,0.0037300623899558794,4573.7001953125,-0.006041465758448328,0.0,0,0
2026-07-14,TITAN,4579.7998046875,4600.0,4554.0,4573.7001953125,631158,-0.0262,1,0.0,0.9342,-0.0262,0.6141,0.7225,0.85,0.4368,0.49988,0.3492250091273533,0,-0.006041465758448328,4579.39990234375,0.0012461916583625943,1.0,1,1
2026-07-15,TITAN,4573.7001953125,4607.0,4565.10009765625,4579.39990234375,619451,-0.0223,0,0.0,0.0,-0.0223,-0.0262,0.6141,0.7225,0.18853333333333333,0.42762,0.42086650733932246,1,0.0012461916583625943,4625.7998046875,0.010132310637470665,1.0,1,1
2026-07-16,TITAN,4585.2998046875,4668.7998046875,4580.0,4625.7998046875,1136159,-0.0189,0,0.0,0.0,-0.0189,-0.0223,-0.0262,0.6141,-0.022466666666666666,0.25383999999999995,0.3802933972605888,0,0.010132310637470665,4638.10009765625,0.00265906297031826,1.0,1,1
2026-07-17,TITAN,4626.0,4647.5,4610.10009765625,4638.10009765625,667212,-0.0161,0,0.0,0.0,-0.0161,-0.0189,-0.0223,-0.0262,-0.019100000000000002,0.10611999999999999,0.28399458093421426,0,0.00265906297031826,4643.39990234375,0.001142667164552691,1.0,1,1
2026-07-20,TITAN,4638.10009765625,4660.0,4625.2998046875,4643.39990234375,274158,-0.0137,0,0.0,0.0,-0.0137,-0.0161,-0.0189,-0.0223,-0.016233333333333332,-0.019440000000000002,0.004956611745939501,0,0.001142667164552691,4688.7001953125,0.009755845699588539,1.0,1,0
2026-07-21,TITAN,4644.2001953125,4691.7001953125,4629.2001953125,4688.7001953125,530094,-0.0116,0,0.0,0.0,-0.0116,-0.0137,-0.0161,-0.0189,-0.0138,-0.01652,0.0042251627187583525,0,0.009755845699588539,4711.60009765625,0.004884061976631493,1.0,1,0
2026-07-22,TITAN,4685.7001953125,4733.0,4675.0,4711.60009765625,996475,-0.0099,0,0.0,0.0,-0.0099,-0.0116,-0.0137,-0.0161,-0.011733333333333333,-0.01404,0.0035732338294583396,0,0.004884061976631493,4697.2998046875,-0.00303512451658694,0.0,0,0
2026-07-23,TITAN,4700.0,4709.7998046875,4671.60009765625,4697.2998046875,421185,-0.0084,0,0.0,0.0,-0.0084,-0.0099,-0.0116,-0.0137,-0.009966666666666667,-0.011940000000000001,0.0030500819661093623,0,-0.00303512451658694,4677.0,-0.004321590175539236,0.0,0,0
2026-07-24,TITAN,4605.0,4697.0,4604.10009765625,4677.0,513858,-0.0071,0,0.0,0.0,-0.0071,-0.0084,-0.0099,-0.0116,-0.008466666666666666,-0.01014,0.0026044193210743903,0,-0.004321590175539236,4740.10009765625,0.013491575295328184,1.0,1,1
2026-07-27,TITAN,4686.89990234375,4749.10009765625,4686.89990234375,4740.10009765625,500721,-0.0061,0,0.0,0.0,-0.0061,-0.0071,-0.0084,-0.0099,-0.007200000000000001,-0.00862,0.0021924871721370727,0,0.013491575295328184,4849.7001953125,0.023121895191715813,1.0,1,1
2026-07-28,TITAN,4750.0,4860.0,4712.89990234375,4849.7001953125,1321587,-0.0052,0,0.0,0.0,-0.0052,-0.0061,-0.0071,-0.0084,-0.0061333333333333335,-0.007340000000000001,0.0018609137540427942,0,0.023121895191715813,4850.2001953125,0.00010309915662065627,1.0,1,0
2026-07-29,TITAN,4849.7001953125,4866.89990234375,4823.2001953125,4850.2001953125,837059,-0.0044,0,0.0,0.0,-0.0044,-0.0052,-0.0061,-0.0071,-0.005233333333333333,-0.006240000000000001,0.0015725775020601258,0,0.00010309915662065627,4850.0,-4.127568026845996e-05,0.0,0,0
2026-07-30,TITAN,4820.89990234375,4869.89990234375,4820.89990234375,4850.0,777361,-0.0323,1,0.0,0.9094,-0.0323,-0.0044,-0.0052,-0.0061,-0.013966666666666667,-0.01102,0.01193846723830097,0,-4.127568026845996e-05,4875.2001953125,0.005195916559278313,1.0,1,0
2026-07-31,TITAN,4850.0,4886.0,4820.89990234375,4875.2001953125,1003314,-0.0275,0,0.0,0.0,-0.0275,-0.0323,-0.0044,-0.0052,-0.021400000000000002,-0.015099999999999999,0.013629930300628302,1,0.005195916559278313,5000.0,0.025598908698661216,1.0,1,0
2026-08-03,TITAN,4875.2001953125,5000.0,4851.7998046875,5000.0,505420,-0.0233,0,0.0,0.0,-0.0233,-0.0275,-0.0323,-0.0044,-0.027700000000000002,-0.01854,0.0129438402338713,0,0.025598908698661216,4935.0,-0.013000000000000012,0.0,0,1
2026-08-04,TITAN,4935.0,4935.0,4862.0,4935.0,1181747,-0.0198,0,0.0,0.0,-0.0198,-0.0233,-0.0275,-0.0323,-0.023533333333333333,-0.02146,0.010620404888702945,0,-0.013000000000000012,4912.39990234375,-0.0045795537297366185,0.0,0,1
2026-08-05,TITAN,4910.2001953125,4920.60009765625,4882.2998046875,4912.39990234375,546332,0.9337,1,0.0,0.9477,0.9337,-0.0198,-0.0233,-0.0275,0.29686666666666667,0.16616,0.42909335580966523,0,-0.0045795537297366185,4998.0,0.017425311326019877,1.0,1,0
2026-08-06,TITAN,4883.89990234375,5005.0,4883.89990234375,4998.0,1283840,0.78975,2,0.2102228460467606,0.80985,0.7897,0.9337,-0.0198,-0.0233,0.5678666666666666,0.33056,0.4875354838368177,1,0.017425311326019877,4941.0,-0.01140456182472993,0.0,0,1
2026-08-07,TITAN,4978.10009765625,5003.0,4891.2998046875,4941.0,1166858,0.72703,10,0.3800791790315977,0.92927,0.727,0.7897,0.9337,-0.0198,0.8168000000000001,0.48146000000000005,0.46525988758972114,2,-0.01140456182472993,5090.0,0.03015583889900819,1.0,1,1
2026-08-10,TITAN,4932.0,5122.2001953125,4886.2001953125,5090.0,3664718,0.34775555555555554,9,0.5431105184746267,0.8662444444444444,0.3478,0.727,0.7897,0.9337,0.6215,0.55568,0.3877519658235145,10,0.03015583889900819,5128.0,0.007465618860510892,1.0,1,0
2026-08-11,TITAN,5090.0,5168.0,5090.0,5128.0,1664853,0.2612,1,0.0,0.4463,0.2612,0.3478,0.727,0.7897,0.44533333333333336,0.61188,0.2920425431337016,9,0.007465618860510892,5099.0,-0.005655226209048347,0.0,0,0
2026-08-12,TITAN,5128.0,5128.0,4992.0,5099.0,1105157,0.222,0,0.0,0.0,0.222,0.2612,0.3478,0.727,0.27699999999999997,0.46954,0.26846336435349966,1,-0.005655226209048347,5063.7001953125,-0.006922887759854834,0.0,0,1
2026-08-13,TITAN,5069.5,5071.5,5010.0,5063.7001953125,533274,0.1887,0,0.0,0.0,0.1887,0.222,0.2612,0.3478,0.22396666666666665,0.34934000000000004,0.2193278322511757,0,-0.006922887759854834,5056.2001953125,-0.0014811303415914745,0.0,0,0
2026-08-14,TITAN,5064.0,5090.5,5046.39990234375,5056.2001953125,587764,0.1604,0,0.0,0.0,0.1604,0.1887,0.222,0.2612,0.19036666666666666,0.23601999999999998,0.07294334788039163,0,-0.0014811303415914745,5068.5,0.0024326182137532903,1.0,1,0
2026-08-17,TITAN,5056.2001953125,5111.0,5037.2001953125,5068.5,565258,0.1363,0,0.0,0.0,0.1363,0.1604,0.1887,0.222,0.16180000000000003,0.19372,0.04946157094148769,0,0.0024326182137532903,5048.60009765625,-0.003926191643237598,0.0,0,0
2026-08-18,TITAN,5060.0,5094.89990234375,5042.5,5048.60009765625,354873,0.1159,0,0.0,0.0,0.1159,0.1363,0.1604,0.1887,0.1375333333333333,0.16466,0.04202907327077068,0,-0.003926191643237598,5068.0,0.003842630029808891,1.0,1,0
2026-08-19,TITAN,5045.0,5074.7998046875,5038.0,5068.0,412981,0.0985,0,0.0,0.0,0.0985,0.1159,0.1363,0.1604,0.1169,0.13996,0.035723213741204775,0,0.003842630029808891,5068.0,0.0,0.0,0,0
2026-08-20,TITAN,5084.89990234375,5110.0,5060.10009765625,5068.0,614435,0.0837,0,0.0,0.0,0.0837,0.0985,0.1159,0.1363,0.09936666666666667,0.11896,0.03036935955860437,0,0.0,5086.10009765625,0.003571447840617692,1.0,1,0
2026-08-21,TITAN,5068.0,5090.39990234375,5011.0,5086.10009765625,352381,0.0712,0,0.0,0.0,0.0712,0.0837,0.0985,0.1159,0.08446666666666668,0.10112000000000002,0.025795387184529506,0,0.003571447840617692,5079.0,-0.0013959807160542903,0.0,0,0
2026-08-24,TITAN,5086.7998046875,5093.39990234375,5050.0,5079.0,256376,0.0605,0,0.0,0.0,0.0605,0.0712,0.0837,0.0985,0.07179999999999999,0.08596000000000001,0.02193645367874634,0,-0.0013959807160542903,5124.7998046875,0.009017484679562981,1.0,1,0
2026-08-25,TITAN,5059.10009765625,5124.7998046875,5052.7001953125,5124.7998046875,347515,0.0514,0,0.0,0.0,0.0514,0.0605,0.0712,0.0837,0.06103333333333333,0.07305999999999999,0.018646527826911344,0,0.009017484679562981,5100.0,-0.00483917531077338,0.0,0,0
2026-08-26,TITAN,5149.89990234375,5149.89990234375,5091.0,5100.0,377617,0.0437,0,0.0,0.0,0.0437,0.0514,0.0605,0.0712,0.05186666666666667,0.0621,0.015850709763281113,0,-0.00483917531077338,5139.2998046875,0.007705844056372646,1.0,1,0
2026-08-27,TITAN,5100.0,5186.7001953125,5069.5,5139.2998046875,1101845,0.2471,1,0.0,0.7067,0.2471,0.0437,0.0514,0.0605,0.11406666666666666,0.09478,0.08576640950861698,0,0.007705844056372646,5169.2001953125,0.005817989173880989,1.0,1,1
2026-08-28,TITAN,5155.0,5169.89990234375,5136.0,5169.2001953125,547804,0.21,0,0.0,0.0,0.21,0.2471,0.0437,0.0514,0.16693333333333335,0.12254000000000001,0.09783922015224669,1,0.005817989173880989,5102.39990234375,-0.012922752155996031,0.0,0,0
2026-08-31,TITAN,5159.0,5159.0,5088.0,5102.39990234375,630695,0.0913,1,0.0,0.876,0.0913,0.21,0.2471,0.0437,0.1828,0.12869999999999998,0.0938446855181464,0,-0.012922752155996031,5050.0,-0.01026965807201441,0.0,0,1
2026-09-01,TITAN,5104.0,5126.5,5010.5,5050.0,466855,-0.9524,1,0.0,0.9627,-0.9524,0.0913,0.21,0.2471,-0.21703333333333333,-0.07206000000000001,0.499125818807242,1,-0.01026965807201441,5074.0,0.004752475247524757,1.0,1,0
2026-09-02,TITAN,4972.0,5092.0,4971.5,5074.0,812660,-0.8095,0,0.0,0.0,-0.8095,-0.9524,0.0913,0.21,-0.5568666666666666,-0.2427,0.5876507593800928,1,0.004752475247524757,5027.0,-0.009262908947575865,0.0,0,1
2026-09-03,TITAN,5057.5,5072.5,4952.0,5027.0,571600,-0.6881,0,0.0,0.0,-0.6881,-0.8095,-0.9524,0.0913,-0.8166666666666668,-0.42973999999999996,0.5396505749093571,0,-0.009262908947575865,5020.0,-0.001392480604734403,0.0,0,0
2026-09-04,TITAN,5010.0,5022.0,4980.0,5020.0,310845,-0.5849,0,0.0,0.0,-0.5849,-0.6881,-0.8095,-0.9524,-0.6941666666666667,-0.58872,0.40414265055794296,0,-0.001392480604734403,4995.0,-0.004980079681274896,0.0,0,0
2026-09-07,TITAN,5010.0,5028.0,4958.5,4995.0,480336,-0.4972,0,0.0,0.0,-0.4972,-0.5849,-0.6881,-0.8095,-0.5900666666666666,-0.7064199999999999,0.18028268635673136,0,-0.004980079681274896,4987.0,-0.00160160160160161,0.0,0,0
2026-09-08,TITAN,4975.0,5015.5,4969.0,4987.0,432671,-0.4226,0,0.0,0.0,-0.4226,-0.4972,-0.5849,-0.6881,-0.5015666666666666,-0.60046,0.15322973928059652,0,-0.00160160160160161,5005.0,0.0036093843994384756,1.0,1,0
2026-09-09,TITAN,5010.0,5019.0,4968.0,5005.0,502050,-0.3592,0,0.0,0.0,-0.3592,-0.4226,-0.4972,-0.5849,-0.4263333333333333,-0.5104,0.13026133348004545,0,0.0036093843994384756,5021.0,0.003196803196803266,1.0,1,1
2026-09-10,TITAN,5000.5,5021.0,4974.5,5021.0,336565,-0.3053,0,0.0,0.0,-0.3053,-0.3592,-0.4226,-0.4972,-0.36236666666666667,-0.43384,0.11074025013516817,0,0.003196803196803266,5009.5,-0.0022903804023103325,0.0,0,1
2026-09-11,TITAN,4964.0,5015.0,4943.0,5009.5,403235,0.2291,1,0.0,0.7222,0.2291,-0.3053,-0.3592,-0.4226,-0.14513333333333334,-0.27104,0.2886194432119909,0,-0.0022903804023103325,5009.5,0.0,0.0,0,1
2026-09-14,TITAN,5009.5,5009.5,5009.5,5009.5,0,0.1947,0,0.0,0.0,0.1947,0.2291,-0.3053,-0.3592,0.0395,-0.13266000000000003,0.31750000472440887,1,0.0,4856.0,-0.030641780616827985,0.0,0,0
2026-09-15,TITAN,5003.0,5003.0,4856.0,4856.0,504447,0.1655,0,0.0,0.0,0.1655,0.1947,0.2291,-0.3053,0.19643333333333335,-0.015040000000000026,0.29106995379118006,0,-0.030641780616827985,4908.5,0.0108113673805601,1.0,1,0
2026-09-16,TITAN,4880.0,4921.5,4845.0,4908.5,376036,0.1407,0,0.0,0.0,0.1407,0.1655,0.1947,0.2291,0.16696666666666668,0.08493999999999999,0.22063301656823642,0,0.0108113673805601,4841.0,-0.013751655291840637,0.0,0,0
2026-09-17,TITAN,4895.0,4915.5,4838.5,4841.0,489416,0.1196,0,0.0,0.0,0.1196,0.1407,0.1655,0.1947,0.14193333333333333,0.16992,0.04336406346273028,0,-0.013751655291840637,4798.5,-0.008779177855814946,0.0,0,0
2026-09-18,TITAN,4851.0,4864.5,4772.0,4798.5,1066023,-0.6651,1,0.0,0.6819,-0.6651,0.1196,0.1407,0.1655,-0.13493333333333335,-0.008920000000000016,0.3678855691651953,0,-0.008779177855814946,4875.0,0.015942482025633087,1.0,1,0
2026-09-21,TITAN,4816.5,4880.0,4780.0,4875.0,665067,0.0281,1,0.0,0.9056,0.0281,-0.6651,0.1196,0.1407,-0.17246666666666666,-0.04224000000000002,0.3520360180436083,1,0.015942482025633087,4928.5,0.010974358974358944,1.0,1,0
2026-09-22,TITAN,4876.0,4982.0,4862.5,4928.5,1238174,0.0239,0,0.0,0.0,0.0239,0.0281,-0.6651,0.1196,-0.20436666666666667,-0.07056000000000004,0.33649885289551834,1,0.010974358974358944,4880.0,-0.009840722329309104,0.0,0,1
2026-09-23,TITAN,4928.5,4951.0,4852.5,4880.0,769737,0.0203,0,0.0,0.0,0.0203,0.0239,0.0281,-0.6651,0.0241,-0.09464000000000003,0.32157869643370296,0,-0.009840722329309104,4832.5,-0.009733606557377095,0.0,0,1
2026-09-24,TITAN,4868.0,4912.0,4830.0,4832.5,504126,0.1063,1,0.0,0.8741,0.1063,0.0203,0.0239,0.0281,0.05016666666666667,-0.09730000000000001,0.3194112396269106,0,-0.009733606557377095,4884.0,0.010657009829280861,1.0,1,1
2026-09-25,TITAN,4855.0,4884.0,4821.5,4884.0,368677,0.0904,0,0.0,0.0,0.0904,0.1063,0.0203,0.0239,0.07233333333333333,0.053799999999999994,0.04114778244328232,1,0.010657009829280861,4819.5,-0.013206388206388198,0.0,0,1
2026-04-02,WAAREEENER,3063.5932889194087,3082.2785612329367,2978.4602169603686,3068.28955078125,1222615,0.0,0,0.0,0.0,0.0,0.0,0.0,0.0,0.0,0.0,0.0,0,0.0,3082.278564453125,0.004559222146525599,1.0,1,0
2026-04-06,WAAREEENER,3072.586227419841,3107.958342019325,3028.5207468713975,3082.278564453125,705234,0.0,0,0.0,0.0,0.0,0.0,0.0,0.0,0.0,0.0,0.0,0,0.004559222146525599,3081.37939453125,-0.00029172247188968825,0.0,0,0
2026-04-07,WAAREEENER,3081.5791887498026,3099.864872803582,3044.2086437680337,3081.37939453125,661341,0.0,0,0.0,0.0,0.0,0.0,0.0,0.0,0.0,0.0,0.0,0,-0.00029172247188968825,3122.547119140625,0.013360160933911125,1.0,1,0
2026-04-08,WAAREEENER,3147.52749609375,3147.52749609375,3085.7759554758263,3122.547119140625,1759222,0.0,0,0.0,0.0,0.0,0.0,0.0,0.0,0.0,0.0,0.0,0,0.013360160933911125,3229.762939453125,0.034336013588165626,1.0,1,0
2026-04-09,WAAREEENER,3128.1428149977237,3242.3529030433115,3112.5549622300723,3229.762939453125,2495594,0.0,0,0.0,0.0,0.0,0.0,0.0,0.0,0.0,0.0,0.0,0,0.034336013588165626,3278.82421875,0.015190365428238595,1.0,1,0
2026-04-10,WAAREEENER,3265.4348344502714,3317.3940178625767,3197.4882099880256,3278.82421875,2265005,0.0,0,0.0,0.0,0.0,0.0,0.0,0.0,0.0,0.0,0.0,0,0.015190365428238595,3332.182373046875,0.01627356355114906,1.0,1,0
2026-04-13,WAAREEENER,3222.4685125731908,3379.1454800518177,3217.472437359899,3332.182373046875,3262309,0.0,0,0.0,0.0,0.0,0.0,0.0,0.0,0.0,0.0,0.0,0,0.01627356355114906,3423.410888671875,0.027378007987474806,1.0,1,0
2026-04-15,WAAREEENER,3390.3367718910995,3447.292031542674,3362.6585629203964,3423.410888671875,1874718,0.0,0,0.0,0.0,0.0,0.0,0.0,0.0,0.0,0.0,0.0,0,0.027378007987474806,3436.100830078125,0.0037068122463013164,1.0,1,0
2026-04-16,WAAREEENER,3440.4972788047016,3465.277861320204,3392.8347687753035,3436.100830078125,1227960,0.0,0,0.0,0.0,0.0,0.0,0.0,0.0,0.0,0.0,0.0,0,0.0037068122463013164,3463.479248046875,0.007967873855473373,1.0,1,0
2026-04-17,WAAREEENER,3471.2731744303865,3512.1409734639733,3410.3210547872504,3463.479248046875,3722006,0.0,0,0.0,0.0,0.0,0.0,0.0,0.0,0.0,0.0,0.0,0,0.007967873855473373,3486.361328125,0.006606674514082478,1.0,1,0
2026-04-20,WAAREEENER,3492.2565993397125,3517.236975586778,3429.6058645018707,3486.361328125,1553640,0.879,1,0.0,0.8971,0.879,0.0,0.0,0.0,0.293,0.1758,0.393100750444463,0,0.006606674514082478,3470.07421875,-0.0046716641914335,0.0,0,0
2026-04-21,WAAREEENER,3493.2559600843297,3554.208080669325,3457.3842358770216,3470.07421875,1477569,0.0238,1,0.0,0.9326,0.0238,0.879,0.0,0.0,0.30093333333333333,0.18056,0.3905758159435886,1,-0.0046716641914335,3425.109375,-0.01295789107536649,0.0,0,0
2026-04-22,WAAREEENER,3469.2746311342044,3526.6294770532,3418.114869695294,3425.109375,1301434,-0.0053,1,0.0,0.9413,-0.0053,0.0238,0.879,0.0,0.29916666666666664,0.1795,0.39119505364971063,1,-0.01295789107536649,3410.321044921875,-0.0043176227264640765,0.0,0,0
2026-04-23,WAAREEENER,3437.299851898989,3474.8704362319004,3382.3430228715342,3410.321044921875,1301596,-0.9522,1,0.0,0.9609,-0.9522,-0.0053,0.0238,0.879,-0.31123333333333336,-0.010940000000000016,0.6479432752949906,1,-0.0043176227264640765,3303.105224609375,-0.031438629648123384,0.0,0,1
2026-04-24,WAAREEENER,3345.4720901584074,3345.4720901584074,3233.3599635851747,3303.105224609375,2964226,0.0577,1,0.0,0.9169,0.0577,-0.9522,-0.0053,0.0238,-0.2999333333333334,0.0005999999999999839,0.6487002119623517,1,-0.031438629648123384,3355.6640625,0.015911947793561643,1.0,1,1
2026-04-27,WAAREEENER,3331.383087189891,3367.354830182943,3322.3901514416275,3355.6640625,783238,0.049,0,0.0,0.0,0.049,0.0577,-0.9522,-0.0053,-0.2818333333333333,-0.16540000000000002,0.44051783732330296,1,0.015911947793561643,3450.88916015625,0.028377422734416013,1.0,1,0
2026-04-28,WAAREEENER,3372.3507604228093,3479.266769716214,3369.3531153024337,3450.88916015625,1778289,0.9333,1,0.0,0.949,0.9333,0.049,0.0577,-0.9522,0.3466666666666667,0.01649999999999998,0.6674823705537098,0,0.028377422734416013,3500.150390625,0.014274938481802613,1.0,1,1
2026-04-29,WAAREEENER,3477.168443886953,3532.824918755244,3459.282591613896,3500.150390625,1961068,0.7933,0,0.0,0.0,0.7933,0.9333,0.049,0.0577,0.5918666666666667,0.17622,0.7512525321088775,1,0.014274938481802613,3116.35205078125,-0.10965195691926188,0.0,0,1
2026-04-30,WAAREEENER,3297.4097750967644,3322.2901330928967,3097.5667584242333,3116.35205078125,8109147,-0.4576,2,0.6839136787636289,0.94335,-0.4576,0.7933,0.9333,0.049,0.42300000000000004,0.27514,0.5781417931615046,0,-0.10965195691926188,3116.35205078125,0.0,0.0,0,0
2026-05-01,WAAREEENER,3116.35205078125,3116.35205078125,3116.35205078125,3116.35205078125,0,-0.389,0,0.0,0.0,-0.389,-0.4576,0.7933,0.9333,-0.01776666666666667,0.18580000000000002,0.6501702353999297,2,0.0,3133.83837890625,0.005611152989154933,1.0,1,1
2026-05-04,WAAREEENER,3157.319933846063,3162.5158035961367,3099.3654578243963,3133.83837890625,1655282,-0.3306,0,0.0,0.0,-0.3306,-0.389,-0.4576,0.7933,-0.3924,0.10988,0.6910175156969611,0,0.005611152989154933,3179.20263671875,0.014475621371492942,1.0,1,1
2026-05-05,WAAREEENER,3114.553468501163,3194.490676547391,3113.754047630901,3179.20263671875,1213873,-0.281,0,0.0,0.0,-0.281,-0.3306,-0.389,-0.4576,-0.3335333333333333,-0.13298000000000001,0.521987214402805,0,0.014475621371492942,3222.568603515625,0.013640516743416153,1.0,1,1
2026-05-06,WAAREEENER,3204.9823207930954,3245.1507176138607,3183.5992159829884,3222.568603515625,1349434,-0.2389,0,0.0,0.0,-0.2389,-0.281,-0.3306,-0.389,-0.28350000000000003,-0.33942000000000005,0.08663089518179988,0,0.013640516743416153,3224.0673828125,0.0004650884065711125,1.0,1,1
2026-05-07,WAAREEENER,3237.456766923267,3255.942245376378,3189.8940328913427,3224.0673828125,993713,-0.1993,1,0.0,0.7078,-0.1993,-0.2389,-0.281,-0.3306,-0.23973333333333335,-0.28775999999999996,0.0747378284404892,0,0.0004650884065711125,3227.564697265625,0.0010847522827126532,1.0,1,1
2026-05-08,WAAREEENER,3247.448979591837,3290.2154334051834,3217.772340783519,3227.564697265625,1287553,-0.1694,0,0.0,0.0,-0.1694,-0.1993,-0.2389,-0.281,-0.20253333333333334,-0.24383999999999997,0.06414376820861085,1,0.0010847522827126532,3206.28125,-0.0065942744025103694,0.0,0,1
2026-05-11,WAAREEENER,3217.4724095913907,3264.3354971080203,3193.691042991571,3206.28125,937451,-0.144,0,0.0,0.0,-0.144,-0.1694,-0.1993,-0.2389,-0.17089999999999997,-0.20651999999999998,0.05462258690322162,0,-0.0065942744025103694,3122.746826171875,-0.026053367535404104,0.0,0,1
2026-05-12,WAAREEENER,3209.478741321161,3230.4622573758757,3112.5548814493823,3122.746826171875,1018046,-0.1224,0,0.0,0.0,-0.1224,-0.144,-0.1694,-0.1993,-0.14526666666666666,-0.1748,0.04591464907848036,0,-0.026053367535404104,3082.878173828125,-0.012767174082000232,0.0,0,1
2026-05-13,WAAREEENER,3117.550886500368,3141.731841381504,3062.0944524616593,3082.878173828125,1015367,-0.104,0,0.0,0.0,-0.104,-0.1224,-0.144,-0.1694,-0.12346666666666666,-0.14782,0.037738733418067945,0,-0.012767174082000232,3066.391357421875,-0.0053478650393044,0.0,0,1
2026-05-14,WAAREEENER,3098.2662216336475,3106.5597557798233,3040.0119323285808,3066.391357421875,783515,-0.0884,0,0.0,0.0,-0.0884,-0.104,-0.1224,-0.144,-0.10493333333333332,-0.12564,0.032084388727229914,0,-0.0053478650393044,3019.6279296875,-0.015250312919513398,0.0,0,1
2026-05-15,WAAREEENER,3065.591822727085,3072.786122413048,3011.6342091588767,3019.6279296875,599165,-0.0752,0,0.0,0.0,-0.0752,-0.0884,-0.104,-0.1224,-0.0892,-0.10679999999999998,0.02725876005984128,0,-0.015250312919513398,2995.147216796875,-0.00810719514478675,0.0,0,1
2026-05-18,WAAREEENER,3017.629556205692,3035.515408644664,2958.975679515599,2995.147216796875,684926,-0.0639,0,0.0,0.0,-0.0639,-0.0752,-0.0884,-0.104,-0.07583333333333334,-0.09078,0.023159922279662296,0,-0.00810719514478675,2996.4462890625,0.00043372568077448825,1.0,1,1
2026-05-19,WAAREEENER,2994.447858863572,3045.007996527052,2983.6562869995605,2996.4462890625,796513,-0.0543,0,0.0,0.0,-0.0543,-0.0639,-0.0752,-0.0884,-0.06446666666666667,-0.07715999999999999,0.019678490795790145,0,0.00043372568077448825,3002.841064453125,0.0021341198118474125,1.0,1,1
2026-05-20,WAAREEENER,2997.6451949050875,3045.507498937476,2996.3461665308305,3002.841064453125,966842,-0.0462,0,0.0,0.0,-0.0462,-0.0543,-0.0639,-0.0752,-0.054799999999999995,-0.0656,0.01672528026670994,0,0.0021341198118474125,3054.200927734375,0.017103756801928327,1.0,1,1
2026-05-21,WAAREEENER,3037.613859736479,3071.7869668687154,2996.646041233454,3054.200927734375,949176,-0.0392,0,0.0,0.0,-0.0392,-0.0462,-0.0543,-0.0639,-0.046566666666666666,-0.05576,0.014247210253238924,0,0.017103756801928327,2995.147216796875,-0.01933524097948147,0.0,0,1
2026-05-22,WAAREEENER,3072.58638587169,3085.276368659312,2989.751552918357,2995.147216796875,1254447,-0.0334,0,0.0,0.0,-0.0334,-0.0392,-0.0462,-0.0543,-0.039599999999999996,-0.047400000000000005,0.01208863102257637,0,-0.01933524097948147,2981.857666015625,-0.004437027571373431,0.0,0,1
2026-05-25,WAAREEENER,3022.6256910684306,3025.923149703033,2972.5649167541105,2981.857666015625,1277965,-0.0283,0,0.0,0.0,-0.0283,-0.0334,-0.0392,-0.0462,-0.033633333333333335,-0.040279999999999996,0.010291112670649147,0,-0.004437027571373431,3085.676025390625,0.034816671686989986,1.0,1,1
2026-05-26,WAAREEENER,2993.648223736878,3099.565016699531,2992.749027791316,3085.676025390625,1540466,-0.0241,0,0.0,0.0,-0.0241,-0.0283,-0.0334,-0.0392,-0.0286,-0.03424000000000001,0.008752885238593902,0,0.034816671686989986,3126.64404296875,0.013276836985159024,1.0,1,1
2026-05-27,WAAREEENER,3093.5699258332465,3152.124027822997,3037.613880663136,3126.64404296875,1978239,-0.0205,0,0.0,0.0,-0.0205,-0.0241,-0.0283,-0.0334,-0.0243,-0.029099999999999997,0.007417883795260928,0,0.013276836985159024,3126.64404296875,0.0,0.0,0,1
2026-05-28,WAAREEENER,3126.64404296875,3126.64404296875,3126.64404296875,3126.64404296875,0,-0.0174,0,0.0,0.0,-0.0174,-0.0205,-0.0241,-0.0283,-0.020666666666666667,-0.02474,0.0063232112095037915,0,0.0,3138.334716796875,0.0037390485349348968,1.0,1,0
2026-05-29,WAAREEENER,3142.5313712691855,3177.5038984534212,3069.488652627657,3138.334716796875,3943932,-0.0148,0,0.0,0.0,-0.0148,-0.0174,-0.0205,-0.0241,-0.017566666666666668,-0.02102,0.0053513549686032,0,0.0037390485349348968,3093.669921875,-0.014232004853663938,0.0,0,0
2026-06-01,WAAREEENER,3146.82811560079,3160.51731347384,3082.5785368532397,3093.669921875,896473,-0.0126,0,0.0,0.0,-0.0126,-0.0148,-0.0174,-0.0205,-0.014933333333333333,-0.01788,0.004559276258354384,0,-0.014232004853663938,3097.366943359375,0.001195027775340085,1.0,1,0
2026-06-02,WAAREEENER,3087.5745868185013,3112.255150421718,3024.0244103645814,3097.366943359375,826772,-0.0107,0,0.0,0.0,-0.0107,-0.0126,-0.0148,-0.0174,-0.012700000000000001,-0.0152,0.003876209488662057,0,0.001195027775340085,3082.078857421875,-0.004935832988815503,0.0,0,0
2026-06-03,WAAREEENER,3108.3582623310426,3127.243329415176,3026.522402418821,3082.078857421875,821381,-0.0091,0,0.0,0.0,-0.0091,-0.0107,-0.0126,-0.0148,-0.010799999999999999,-0.012920000000000001,0.0032874001885979144,0,-0.004935832988815503,3069.189208984375,-0.004182128048560774,0.0,0,0
2026-06-04,WAAREEENER,3067.590367239439,3105.4605220762473,3047.7060842626656,3069.189208984375,689495,-0.0077,0,0.0,0.0,-0.0077,-0.0091,-0.0107,-0.0126,-0.009166666666666667,-0.01098,0.002810160137784585,0,-0.004182128048560774,3050.603515625,-0.006055571062536513,0.0,0,0
2026-06-05,WAAREEENER,3082.2785835876803,3107.2589595754384,3029.3201864936336,3050.603515625,726329,-0.0066,0,0.0,0.0,-0.0066,-0.0077,-0.0091,-0.0107,-0.007800000000000001,-0.00934,0.0023839043604963204,0,-0.006055571062536513,3001.4423828125,-0.01611521541908012,0.0,0,1
2026-06-08,WAAREEENER,2988.752399761935,3040.611566159889,2988.752399761935,3001.4423828125,576226,-0.0056,0,0.0,0.0,-0.0056,-0.0066,-0.0077,-0.0091,-0.006633333333333334,-0.00794,0.0020181674856149284,0,-0.01611521541908012,3038.413330078125,0.012317726796068351,1.0,1,1
2026-06-09,WAAREEENER,3037.6139092069548,3067.5903622583396,3003.940409069033,3038.413330078125,697669,-0.0047,0,0.0,0.0,-0.0047,-0.0056,-0.0066,-0.0077,-0.005633333333333333,-0.00674,0.0017300289014907258,0,0.012317726796068351,3014.83154296875,-0.007761217631561901,0.0,0,0
2026-06-10,WAAREEENER,3038.4131152817054,3072.3864263382447,3005.7388325553597,3014.83154296875,498505,-0.004,0,0.0,0.0,-0.004,-0.0047,-0.0056,-0.0066,-0.0047666666666666664,-0.00572,0.001475466028071518,0,-0.007761217631561901,3011.5341796875,-0.0010937139386577588,0.0,0,0
2026-06-11,WAAREEENER,3016.6302740865203,3016.7302931723793,2959.874809739215,3011.5341796875,722523,-0.0034,0,0.0,0.0,-0.0034,-0.004,-0.0047,-0.0056,-0.004033333333333333,-0.00486,0.0012720062892899095,0,-0.0010937139386577588,3029.0205078125,0.005806451822112368,1.0,1,0
2026-06-12,WAAREEENER,3037.6138551138015,3075.1844398487547,3017.6295534354213,3029.0205078125,587997,-0.0029,0,0.0,0.0,-0.0029,-0.0034,-0.004,-0.0047,-0.0034333333333333334,-0.00412,0.001066302021002041,0,0.005806451822112368,3048.505126953125,0.0064326468210993415,1.0,1,0
2026-06-15,WAAREEENER,3077.5823827594413,3077.5823827594413,3042.6098556826296,3048.505126953125,579143,-0.0025,0,0.0,0.0,-0.0025,-0.0029,-0.0034,-0.004,-0.002933333333333333,-0.0035000000000000005,0.0008746427842227911,0,0.0064326468210993415,3062.194580078125,0.004490546203765877,1.0,1,0
2026-06-16,WAAREEENER,3057.598093208085,3080.680058746213,2993.648329167132,3062.194580078125,1111165,-0.0021,0,0.0,0.0,-0.0021,-0.0025,-0.0029,-0.0034,-0.0025,-0.00298,0.000746324326277096,0,0.004490546203765877,3076.18359375,0.0045682967904403515,1.0,1,1
2026-06-17,WAAREEENER,3066.591031555567,3101.163970351137,3054.4006565640107,3076.18359375,630837,-0.0018,0,0.0,0.0,-0.0018,-0.0021,-0.0025,-0.0029,-0.002133333333333333,-0.0025399999999999997,0.0006348228099185884,0,0.0045682967904403515,3063.493408203125,-0.004125301744882237,0.0,0,1
2026-06-18,WAAREEENER,3085.3763647674527,3091.0718419188006,3051.6028463617317,3063.493408203125,492939,-0.0015,0,0.0,0.0,-0.0015,-0.0018,-0.0021,-0.0025,-0.0018000000000000002,-0.0021599999999999996,0.0005549774770140744,0,-0.004125301744882237,3122.94677734375,0.019407049801845933,1.0,1,1
2026-06-19,WAAREEENER,3063.893311276991,3145.0295286431315,3050.2041131907267,3122.94677734375,1902606,-0.0013,0,0.0,0.0,-0.0013,-0.0015,-0.0018,-0.0021,-0.0015333333333333334,-0.00184,0.0004774934554450845,0,0.019407049801845933,3058.897216796875,-0.020509334648780908,0.0,0,1
2026-06-22,WAAREEENER,3142.5314713952416,3155.3214733913555,3055.5997581960723,3058.897216796875,1093756,-0.0011,0,0.0,0.0,-0.0011,-0.0013,-0.0015,-0.0018,-0.0013,-0.00156,0.00039749213827806537,0,-0.020509334648780908,3031.418701171875,-0.008983144472495264,0.0,0,1
2026-06-23,WAAREEENER,3067.5902375940987,3091.5713990606323,3018.6286995999258,3031.418701171875,746444,-0.0009,0,0.0,0.0,-0.0009,-0.0011,-0.0013,-0.0015,-0.0011,-0.00132,0.0003492849839212288,0,-0.008983144472495264,3026.422607421875,-0.0016481041527086626,0.0,0,1
2026-06-24,WAAREEENER,3027.5215976129994,3054.600423183525,3017.629466147938,3026.422607421875,440553,-0.0008,0,0.0,0.0,-0.0008,-0.0009,-0.0011,-0.0013,-0.0009333333333333333,-0.00112,0.00028635642125302534,0,-0.0016481041527086626,3007.037841796875,-0.006405174735828911,0.0,0,1
2026-06-25,WAAREEENER,3039.7123709155394,3079.5809560571197,3003.1410004638788,3007.037841796875,531855,-0.0073,1,0.0,0.9521,-0.0073,-0.0008,-0.0009,-0.0011,-0.0029999999999999996,-0.00228,0.002812827758678607,0,-0.006405174735828911,3007.037841796875,0.0,0.0,0,0
2026-06-26,WAAREEENER,3007.037841796875,3007.037841796875,3007.037841796875,3007.037841796875,0,-0.0062,0,0.0,0.0,-0.0062,-0.0073,-0.0008,-0.0009,-0.0047666666666666664,-0.0032600000000000003,0.003211385993615993,1,0.0,2883.834716796875,-0.04097159114112747,0.0,0,1
2026-06-29,WAAREEENER,3017.6295173542776,3017.6295173542776,2833.7739441115004,2883.834716796875,3058476,-0.7585,2,0.04879036790187182,0.7843,-0.7585,-0.0062,-0.0073,-0.0008,-0.2573333333333333,-0.15474,0.3375252183170911,0,-0.04097159114112747,2944.686767578125,0.021101088223544062,1.0,1,1
2026-06-30,WAAREEENER,2897.7236599852604,2957.1769557677167,2863.3507596670997,2944.686767578125,1300340,0.9159,1,0.0,0.9382,0.9159,-0.7585,-0.0062,-0.0073,0.050400000000000035,0.028620000000000024,0.5937575068999128,2,0.021101088223544062,2875.441162109375,-0.023515440158581424,0.0,0,1
2026-07-01,WAAREEENER,2951.6813208451745,2951.6813208451745,2864.2500020997604,2875.441162109375,775001,0.7785,0,0.0,0.0,0.7785,0.9159,-0.7585,-0.0062,0.3119666666666667,0.18448000000000003,0.6801074709191187,1,-0.023515440158581424,2877.33984375,0.0006603096824391308,1.0,1,1
2026-07-02,WAAREEENER,2887.731583008912,2905.018052693539,2871.4443284049103,2877.33984375,599536,0.6617,0,0.0,0.0,0.6617,0.7785,0.9159,-0.7585,0.7853666666666667,0.31828,0.6985040887496651,0,0.0006603096824391308,2856.95556640625,-0.007084417708956958,0.0,0,0
2026-07-03,WAAREEENER,2892.9273075041297,2916.5088798034435,2831.875415510173,2856.95556640625,770232,0.5625,0,0.0,0.0,0.5625,0.6617,0.7785,0.9159,0.6675666666666666,0.43201999999999996,0.6784732949792497,0,-0.007084417708956958,2873.9423828125,0.00594577549822306,1.0,1,1
2026-07-06,WAAREEENER,2867.2476905231897,2883.235131906138,2839.7692756462466,2873.9423828125,379488,0.4781,0,0.0,0.0,0.4781,0.5625,0.6617,0.7785,0.5674333333333333,0.6793399999999999,0.17338802726832098,0,0.00594577549822306,2838.9697265625,-0.012168878700962393,0.0,0,0
2026-07-07,WAAREEENER,2876.440290611392,2882.7353941614024,2822.782491683176,2838.9697265625,525419,0.0653,1,0.0,0.9032,0.0653,0.4781,0.5625,0.6617,0.36863333333333337,0.50922,0.27232060516971535,0,-0.012168878700962393,2821.083984375,-0.00630008204038035,0.0,0,0
2026-07-08,WAAREEENER,2827.7786766217264,2862.7512044244686,2801.099682773433,2821.083984375,458923,0.0555,0,0.0,0.0,0.0555,0.0653,0.4781,0.5625,0.19963333333333336,0.36462,0.28523602857984126,1,-0.00630008204038035,2861.15234375,0.014203178493417568,1.0,1,1
2026-07-09,WAAREEENER,2837.770808610762,2886.732347210032,2831.875537256977,2861.15234375,471314,0.0472,0,0.0,0.0,0.0472,0.0555,0.0653,0.4781,0.05600000000000003,0.24172,0.25613241106896256,0,0.014203178493417568,2920.605712890625,0.02077951887829288,1.0,1,1
2026-07-10,WAAREEENER,2867.6473126870865,2927.700237667302,2867.6473126870865,2920.605712890625,675347,0.0401,0,0.0,0.0,0.0401,0.0472,0.0555,0.0653,0.04760000000000003,0.13724,0.19077847887012836,0,0.02077951887829288,2877.939208984375,-0.014608786019260855,0.0,0,1
2026-07-13,WAAREEENER,2902.6197725364354,2911.7127272946123,2857.755113267876,2877.939208984375,532271,0.0341,0,0.0,0.0,0.0341,0.0401,0.0472,0.0555,0.040466666666666706,0.04844,0.012357507839366106,0,-0.014608786019260855,2817.886474609375,-0.020866575008786414,0.0,0,1
2026-07-14,WAAREEENER,2845.664457983367,2851.9595616206125,2807.0949032239528,2817.886474609375,791107,0.029,0,0.0,0.0,0.029,0.0341,0.0401,0.0472,0.034400000000000035,0.04118,0.010499380934131032,0,-0.020866575008786414,2810.59228515625,-0.002588532050119663,0.0,0,0
2026-07-15,WAAREEENER,2822.782660599837,2845.3650194642355,2804.0973869991176,2810.59228515625,365892,0.0246,0,0.0,0.0,0.0246,0.029,0.0341,0.0401,0.02923333333333337,0.034999999999999996,0.00894175597967165,0,-0.002588532050119663,2828.078369140625,0.006221494336523081,1.0,1,0
2026-07-16,WAAREEENER,2820.884069661148,2845.7644265127933,2799.9005538757656,2828.078369140625,431763,0.0209,0,0.0,0.0,0.0209,0.0246,0.029,0.0341,0.02483333333333337,0.029739999999999996,0.007606773297528548,0,0.006221494336523081,2838.47021484375,0.0036745253655339205,1.0,1,1
2026-07-17,WAAREEENER,2834.873186943043,2845.764533681257,2807.794360830173,2838.47021484375,439273,0.0178,0,0.0,0.0,0.0178,0.0209,0.0246,0.029,0.021100000000000035,0.025280000000000004,0.006465833279631716,0,0.0036745253655339205,2823.981689453125,-0.005104342936155359,0.0,0,0
2026-07-20,WAAREEENER,2816.787389465291,2845.265020043426,2730.854890176886,2823.981689453125,921417,0.0151,0,0.0,0.0,0.0151,0.0178,0.0209,0.0246,0.01793333333333337,0.021480000000000003,0.005496999181370941,0,-0.005104342936155359,2729.95556640625,-0.03329558523627807,0.0,0,0
2026-07-21,WAAREEENER,2821.083931201969,2832.674679543014,2709.0718252568417,2729.95556640625,1126138,0.0129,0,0.0,0.0,0.0129,0.0151,0.0178,0.0209,0.015266666666666701,0.01826,0.004639288738588338,0,-0.03329558523627807,2695.082763671875,-0.01277412832776692,0.0,0,0
2026-07-22,WAAREEENER,2729.955515022325,2746.7421325760824,2664.7067239613775,2695.082763671875,1137312,0.0109,0,0.0,0.0,0.0109,0.0129,0.0151,0.0178,0.012966666666666704,0.01552,0.00395373241380754,0,-0.01277412832776692,2709.67138671875,0.005413051963940152,1.0,1,1
2026-07-23,WAAREEENER,2695.882170415339,2737.649407760866,2684.0913841863644,2709.67138671875,701465,0.0093,0,0.0,0.0,0.0093,0.0109,0.0129,0.0151,0.011033333333333369,0.0132,0.0033674916480953983,0,0.005413051963940152,2699.879150390625,-0.003613809547578728,0.0,0,0
2026-07-24,WAAREEENER,2697.8807202274934,2715.866591695677,2675.8979884330474,2699.879150390625,431356,0.9266,1,0.0,0.9439,0.9266,0.0093,0.0109,0.0129,0.31560000000000005,0.19496,0.4090049730749004,0,-0.003613809547578728,2739.248046875,0.014581725437110338,1.0,1,0
2026-07-27,WAAREEENER,2718.864157387084,2758.7327403954146,2714.367689651604,2739.248046875,710887,0.7876,0,0.0,0.0,0.7876,0.9266,0.0093,0.0109,0.5745,0.34946,0.4660100782171991,1,0.014581725437110338,2692.185302734375,-0.017180899040638242,0.0,0,0
2026-07-28,WAAREEENER,2738.8485992881565,2781.1154469651833,2684.8909836874413,2692.185302734375,1036716,-0.0016,1,0.0,0.9416,-0.0016,0.7876,0.9266,0.0093,0.5708666666666666,0.34656000000000003,0.46866566227962553,0,-0.017180899040638242,2734.05224609375,0.015551285907716705,1.0,1,1
2026-07-29,WAAREEENER,2706.573831464228,2749.040472255307,2642.92387982128,2734.05224609375,1130793,0.5108,2,0.5859086788911733,0.90875,0.5108,-0.0016,0.7876,0.9266,0.43226666666666674,0.44654,0.4309632095666636,1,0.015551285907716705,2622.839599609375,-0.04067685489305073,0.0,0,0
2026-07-30,WAAREEENER,2623.938833791095,2647.9199960191936,2558.989852756662,2622.839599609375,4868001,-0.9443,3,0.007291776189653634,0.9551333333333334,-0.9443,0.5108,-0.0016,0.7876,-0.14503333333333332,0.25581999999999994,0.7589966482139431,2,-0.04067685489305073,2678.09619140625,0.021067468939047762,1.0,1,1
2026-07-31,WAAREEENER,2637.8277751513738,2699.7791097130316,2623.439175671489,2678.09619140625,1316398,0.8555,1,0.0,0.881,0.8555,-0.9443,0.5108,-0.0016,0.1406666666666667,0.24159999999999998,0.7438015360296052,3,0.021067468939047762,2673.8994140625,-0.0015670749083684932,0.0,0,1
2026-08-03,WAAREEENER,2702.8766498651207,2716.8656602525925,2668.1039181121796,2673.8994140625,671684,0.0391,1,0.0,0.854,0.0391,0.8555,-0.9443,0.5108,-0.016566666666666643,0.09190000000000001,0.6789334834871529,1,-0.0015670749083684932,2667.904296875,-0.00224208777486945,0.0,0,1
2026-08-04,WAAREEENER,2675.8980176147,2692.8846741865636,2659.9105761352994,2667.904296875,614626,0.0332,0,0.0,0.0,0.0332,0.0391,0.8555,-0.9443,0.3092666666666667,0.09885999999999999,0.6779129612273246,1,-0.00224208777486945,2694.883056640625,0.010112341659791246,1.0,1,1
2026-08-05,WAAREEENER,2683.8916908182123,2697.8807018649195,2670.602081534042,2694.883056640625,447229,0.0282,0,0.0,0.0,0.0282,0.0332,0.0391,0.8555,0.03350000000000001,0.0023399999999999914,0.6377659547200683,0,0.010112341659791246,2658.811279296875,-0.013385284847468037,0.0,0,1
2026-08-06,WAAREEENER,2687.888535381904,2690.686386364665,2658.811279296875,2658.811279296875,363839,0.024,0,0.0,0.0,0.024,0.0282,0.0332,0.0391,0.02846666666666667,0.196,0.3687148423917867,0,-0.013385284847468037,2714.867431640625,0.02108316328437354,1.0,1,1
2026-08-07,WAAREEENER,2661.809012154468,2727.8572279642644,2654.8145064417386,2714.867431640625,777123,0.0204,0,0.0,0.0,0.0204,0.024,0.0282,0.0332,0.02420000000000001,0.028979999999999985,0.007403512679809197,0,0.02108316328437354,2698.8798828125,-0.005888887480028249,0.0,0,1
2026-08-10,WAAREEENER,2720.8626141793548,2722.8610443036146,2690.8861623154617,2698.8798828125,356031,0.15,1,0.0,0.8278,0.15,0.0204,0.024,0.0282,0.06480000000000001,0.05115999999999998,0.05545924629852173,0,-0.005888887480028249,2701.87744140625,0.001110667656178288,1.0,1,1
2026-08-11,WAAREEENER,2698.8797963159323,2717.165480156666,2682.8923558342385,2701.87744140625,336490,0.1275,0,0.0,0.0,0.1275,0.15,0.0204,0.024,0.09930000000000001,0.07001999999999999,0.0633041230884695,1,0.001110667656178288,2665.90576171875,-0.013313586743881944,0.0,0,0
2026-08-12,WAAREEENER,2701.877503630997,2706.9735979814936,2648.8190867308376,2665.90576171875,542431,0.1084,0,0.0,0.0,0.1084,0.1275,0.15,0.0204,0.12863333333333335,0.08605999999999998,0.06014015297619467,0,-0.013313586743881944,2684.890869140625,0.007121447312389284,1.0,1,0
2026-08-13,WAAREEENER,2665.905782979973,2686.889299262799,2665.905782979973,2684.890869140625,229853,0.0921,0,0.0,0.0,0.0921,0.1084,0.1275,0.15,0.10933333333333334,0.09967999999999998,0.049307372673871974,0,0.007121447312389284,2679.894775390625,-0.00186081818349626,0.0,0,0
2026-08-14,WAAREEENER,2701.777487498224,2701.777487498224,2658.0120632830262,2679.894775390625,372863,0.0783,0,0.0,0.0,0.0783,0.0921,0.1084,0.1275,0.09293333333333335,0.11125999999999998,0.02839970070264996,0,-0.00186081818349626,2704.875244140625,0.009321436415860251,1.0,1,0
2026-08-17,WAAREEENER,2679.8948669320857,2716.865825200724,2658.7115558490436,2704.875244140625,405982,0.0666,0,0.0,0.0,0.0666,0.0783,0.0921,0.1084,0.07900000000000001,0.09457999999999997,0.024128758774543235,0,0.009321436415860251,2706.9736328125,0.000775780205175991,1.0,1,0
2026-08-18,WAAREEENER,2704.7751645081626,2717.365371919044,2690.886172670706,2706.9736328125,396655,0.0566,0,0.0,0.0,0.0566,0.0666,0.0783,0.0921,0.06716666666666667,0.08039999999999999,0.02050719385971902,0,0.000775780205175991,2676.897216796875,-0.011110716281479305,0.0,0,0
2026-08-19,WAAREEENER,2708.8720995656317,2709.67152042465,2657.9121301529253,2676.897216796875,438529,0.0481,0,0.0,0.0,0.0481,0.0566,0.0666,0.0783,0.05710000000000001,0.06833999999999998,0.017423059432834925,0,-0.011110716281479305,2672.900390625,-0.001493081671868457,0.0,0,0
2026-08-20,WAAREEENER,2697.0813472382374,2709.8713492990655,2662.30861299283,2672.900390625,444611,0.0409,0,0.0,0.0,0.0409,0.0481,0.0566,0.0666,0.04853333333333334,0.058099999999999985,0.014818738137915061,0,-0.001493081671868457,2676.09765625,0.0011961783672200799,1.0,1,1
2026-08-21,WAAREEENER,2670.801767778062,2724.8593987168715,2670.7019926440153,2676.09765625,449753,0.0347,0,0.0,0.0,0.0347,0.0409,0.0481,0.0566,0.041233333333333344,0.049379999999999986,0.01262644051188214,0,0.0011961783672200799,2672.700439453125,-0.0012694666762032014,0.0,0,1
2026-08-24,WAAREEENER,2677.8963088745772,2710.870405215197,2634.930062127709,2672.700439453125,602522,-0.9585,1,0.0,0.9722,-0.9585,0.0347,0.0409,0.0481,-0.2943,-0.15564000000000003,0.4488867540928337,0,-0.0012694666762032014,2652.916015625,-0.0074024097635772,0.0,0,0
2026-08-25,WAAREEENER,2667.9042417019773,2685.5902996830123,2641.9246498352168,2652.916015625,423255,-0.8147,0,0.0,0.0,-0.8147,-0.9585,0.0347,0.0409,-0.5795,-0.3299,0.5107540503999944,1,-0.0074024097635772,2632.931640625,-0.00753298441499739,0.0,0,0
2026-08-26,WAAREEENER,2659.9104468097726,2667.504578722858,2628.9347804494782,2632.931640625,310622,-0.6925,0,0.0,0.0,-0.6925,-0.8147,-0.9585,0.0347,-0.8219,-0.47802000000000006,0.4802020116575941,0,-0.00753298441499739,2621.9404296875,-0.004174514358029846,0.0,0,0
2026-08-27,WAAREEENER,2635.5298526648703,2647.820003269831,2608.950633351396,2621.9404296875,332552,-0.5886,0,0.0,0.0,-0.5886,-0.6925,-0.8147,-0.9585,-0.6986,-0.6039200000000001,0.38277663460561445,0,-0.004174514358029846,2637.927734375,0.00609750874065651,1.0,1,0
2026-08-28,WAAREEENER,2621.8402744759214,2647.9198848839965,2591.1644212031006,2637.927734375,488508,-0.5003,0,0.0,0.0,-0.5003,-0.5886,-0.6925,-0.8147,-0.5938,-0.71092,0.18147204192381836,0,0.00609750874065651,2602.955322265625,-0.013257532287047624,0.0,0,0
2026-08-31,WAAREEENER,2634.930205303053,2634.930205303053,2570.480831680737,2602.955322265625,951100,-0.9492,1,0.0,0.9575,-0.9492,-0.5003,-0.5886,-0.6925,-0.6793666666666667,-0.70906,0.17832036619522768,0,-0.013257532287047624,2585.968505859375,-0.00652597309717351,0.0,0,0
2026-09-01,WAAREEENER,2597.859067174576,2607.8512175063356,2567.982635262208,2585.968505859375,305178,-0.8068,0,0.0,0.0,-0.8068,-0.9492,-0.5003,-0.5886,-0.7521,-0.70748,0.17718170616629725,1,-0.00652597309717351,2579.07421875,-0.002666036764853774,0.0,0,0
2026-09-02,WAAREEENER,2567.4832258910315,2615.1457378620803,2550.4965690160957,2579.07421875,741486,-0.6858,0,0.0,0.0,-0.6858,-0.8068,-0.9492,-0.5003,-0.8139333333333333,-0.7061400000000001,0.17734857766556825,0,-0.002666036764853774,2577.874755859375,-0.0004650749799695042,0.0,0,0
2026-09-03,WAAREEENER,2582.9708500871084,2599.258103850375,2560.9881194480695,2577.874755859375,439202,-0.5829,0,0.0,0.0,-0.5829,-0.6858,-0.8068,-0.9492,-0.6918333333333333,-0.7050000000000001,0.17830873506365327,0,-0.0004650749799695042,2632.931640625,0.021357470777229715,1.0,1,0
2026-09-04,WAAREEENER,2577.974813211575,2647.919866283207,2574.5775796419757,2632.931640625,547994,-0.4955,0,0.0,0.0,-0.4955,-0.5829,-0.6858,-0.8068,-0.5880666666666666,-0.70404,0.17969388692996793,0,0.021357470777229715,2590.964599609375,-0.01593928242119602,0.0,0,0
2026-09-07,WAAREEENER,2623.9386959406934,2650.9175020299544,2587.966954488346,2590.964599609375,382404,-0.4212,0,0.0,0.0,-0.4212,-0.4955,-0.5829,-0.6858,-0.4998666666666666,-0.59844,0.15272345268491044,0,-0.01593928242119602,2568.98193359375,-0.008484355988089942,0.0,0,0
2026-09-08,WAAREEENER,2590.9646650364034,2611.4485738806943,2567.9827185281747,2568.98193359375,335895,-0.358,0,0.0,0.0,-0.358,-0.4212,-0.4955,-0.5829,-0.4249,-0.50868,0.1298181689903231,0,-0.008484355988089942,2565.984375,-0.0011668274325139505,0.0,0,1
2026-09-09,WAAREEENER,2568.982020297897,2596.9600430782707,2558.490261755257,2565.984375,282648,-0.3043,0,0.0,0.0,-0.3043,-0.358,-0.4212,-0.4955,-0.36116666666666664,-0.43238000000000004,0.11034295174590941,0,-0.0011668274325139505,2546.0,-0.007788190448353771,0.0,0,1
2026-09-10,WAAREEENER,2567.98273155416,2588.966248037677,2528.813549574728,2546.0,629037,-0.2586,0,0.0,0.0,-0.2586,-0.3043,-0.358,-0.4212,-0.30696666666666667,-0.36752,0.09382348853032539,0,-0.007788190448353771,2625.0,0.031029065200314232,1.0,1,0
2026-09-11,WAAREEENER,2543.300048828125,2635.0,2515.10009765625,2625.0,1067044,0.0044,1,0.0,0.9413,0.0044,-0.2586,-0.3043,-0.358,-0.18616666666666667,-0.26754,0.16368948652861035,0,0.031029065200314232,2625.0,0.0,0.0,0,0
2026-09-14,WAAREEENER,2625.0,2625.0,2625.0,2625.0,0,0.0037,0,0.0,0.0,0.0037,0.0044,-0.2586,-0.3043,-0.0835,-0.18256000000000003,0.17394591975668788,1,0.0,2555.0,-0.026666666666666616,0.0,0,0
2026-09-15,WAAREEENER,2590.0,2624.89990234375,2540.0,2555.0,734115,0.0032,0,0.0,0.0,0.0032,0.0037,0.0044,-0.2586,0.003766666666666667,-0.11032000000000004,0.15705351635668685,0,-0.026666666666666616,2501.0,-0.021135029354207413,0.0,0,1
2026-09-16,WAAREEENER,2547.0,2565.39990234375,2491.300048828125,2501.0,624441,-0.7012,1,0.0,0.7177,-0.7012,0.0032,0.0037,0.0044,-0.23143333333333335,-0.18970000000000004,0.30768012610501855,0,-0.021135029354207413,2473.0,-0.01119552179128347,0.0,0,0
2026-09-17,WAAREEENER,2499.0,2516.0,2470.0,2473.0,453090,-0.596,0,0.0,0.0,-0.596,-0.7012,0.0032,0.0037,-0.43133333333333335,-0.2571800000000001,0.3592467703403889,1,-0.01119552179128347,2560.699951171875,0.03546298065987674,1.0,1,1
2026-09-18,WAAREEENER,2490.10009765625,2560.699951171875,2486.10009765625,2560.699951171875,1224265,0.0302,1,0.0,0.9026,0.0302,-0.596,-0.7012,0.0032,-0.4223333333333333,-0.25202,0.3640958005800123,0,0.03546298065987674,2499.0,-0.02409495542171536,0.0,0,1
2026-09-21,WAAREEENER,2546.300048828125,2553.60009765625,2495.0,2499.0,492008,0.0257,0,0.0,0.0,0.0257,0.0302,-0.596,-0.7012,-0.18003333333333335,-0.24762000000000003,0.3680699281386624,1,-0.02409495542171536,2494.800048828125,-0.0016806527298419693,0.0,0,0
2026-09-22,WAAREEENER,2529.0,2547.0,2480.199951171875,2494.800048828125,1148630,0.0218,0,0.0,0.0,0.0218,0.0257,0.0302,-0.596,0.025900000000000003,-0.2439,0.3713183135801412,0,-0.0016806527298419693,2512.0,0.006894320520778541,1.0,1,1
2026-09-23,WAAREEENER,2505.10009765625,2534.39990234375,2500.0,2512.0,364884,0.0185,0,0.0,0.0,0.0185,0.0218,0.0257,0.0302,0.022000000000000002,-0.09996000000000002,0.27732923214115035,0,0.006894320520778541,2482.0,-0.011942675159235638,0.0,0,0
2026-09-24,WAAREEENER,2502.0,2511.89990234375,2470.0,2482.0,389057,0.4695,1,0.0,0.5075,0.4695,0.0185,0.0218,0.0257,0.16993333333333335,0.11313999999999998,0.1992592356705206,0,-0.011942675159235638,2495.0,0.0052377115229653715,1.0,1,0
2026-09-25,WAAREEENER,2494.39990234375,2516.0,2470.0,2495.0,616888,0.0245,1,0.0,0.9411,0.0245,0.4695,0.0185,0.0218,0.1708333333333333,0.11199999999999996,0.1998677562789958,1,0.0052377115229653715,2455.0,-0.01603206412825653,0.0,0,0
2026-04-02,WIPRO,188.3489148575087,193.1342589948106,186.4505968960953,192.70912170410156,16623045,0.0,0,0.0,0.0,0.0,0.0,0.0,0.0,0.0,0.0,0.0,0,0.0,195.06224060058594,0.012210729184358504,1.0,1,0
2026-04-06,WIPRO,194.7755218511451,198.90831502251189,193.89557212745996,195.06224060058594,23282287,0.0,0,0.0,0.0,0.0,0.0,0.0,0.0,0.0,0.0,0.0,0,0.012210729184358504,202.40834045410156,0.037660286434203716,1.0,1,0
2026-04-07,WIPRO,194.785393724234,202.95213297211242,194.785393724234,202.40834045410156,24771466,0.0,0,0.0,0.0,0.0,0.0,0.0,0.0,0.0,0.0,0.0,0,0.037660286434203716,201.12301635742188,-0.006350153821705562,0.0,0,0
2026-04-08,WIPRO,205.35468616494666,206.64000981747287,200.51002211291274,201.12301635742188,22084158,0.0,0,0.0,0.0,0.0,0.0,0.0,0.0,0.0,0.0,0.0,0,-0.006350153821705562,200.5792236328125,-0.00270378166784746,0.0,0,0
2026-04-09,WIPRO,201.40974996967785,201.8546656333442,199.35323514506428,200.5792236328125,14540807,0.0,0,0.0,0.0,0.0,0.0,0.0,0.0,0.0,0.0,0.0,0,-0.00270378166784746,202.56654357910156,0.009907905267033668,1.0,1,0
2026-04-10,WIPRO,206.34340110912888,206.34340110912888,198.35463693487117,202.56654357910156,51219565,0.0,0,0.0,0.0,0.0,0.0,0.0,0.0,0.0,0.0,0.0,0,0.009907905267033668,200.6781005859375,-0.009322580914881584,0.0,0,0
2026-04-13,WIPRO,200.71764227509874,201.10323786200135,198.04813320527367,200.6781005859375,21930624,0.0,0,0.0,0.0,0.0,0.0,0.0,0.0,0.0,0.0,0.0,0,-0.009322580914881584,207.3815460205078,0.03340397091161251,1.0,1,0
2026-04-15,WIPRO,204.1682443539207,208.11319552342096,202.78405890137145,207.3815460205078,27890080,0.0,0,0.0,0.0,0.0,0.0,0.0,0.0,0.0,0.0,0.0,0,0.03340397091161251,207.88577270507812,0.002431396111399753,1.0,1,0
2026-04-16,WIPRO,210.57506011256086,210.57506011256086,205.85893304222714,207.88577270507812,36305074,0.05405,2,0.08817621561396248,0.9036500000000001,0.054,0.0,0.0,0.0,0.018,0.0108,0.024149534156997728,0,0.002431396111399753,202.0128631591797,-0.028250656451753287,0.0,0,0
2026-04-17,WIPRO,202.6851774819952,204.11880132981383,200.2134070248977,202.0128631591797,80542603,0.2768,1,0.0,0.5404,0.2768,0.054,0.0,0.0,0.11026666666666667,0.06616,0.12005052269773754,2,-0.028250656451753287,200.19363403320312,-0.009005511320054227,0.0,0,0
2026-04-20,WIPRO,202.19082884058898,202.8829215699336,199.71905831686541,200.19363403320312,27927164,0.2353,0,0.0,0.0,0.2353,0.2768,0.054,0.0,0.1887,0.11322000000000002,0.13304744266614071,1,-0.009005511320054227,202.695068359375,0.012495074272726336,1.0,1,0
2026-04-21,WIPRO,200.70777025254299,203.37727945042653,200.1936377498463,202.695068359375,21530723,0.2,0,0.0,0.0,0.2,0.2353,0.2768,0.054,0.23736666666666664,0.15322,0.11991506160612185,0,0.012495074272726336,201.69647216796875,-0.004926593426712089,0.0,0,0
2026-04-22,WIPRO,201.20211806951784,203.06089430736998,199.91679439624752,201.69647216796875,21790433,0.17,0,0.0,0.0,0.17,0.2,0.2353,0.2768,0.20176666666666668,0.18722,0.08447438665062919,0,-0.004926593426712089,200.47047424316406,-0.0060784301858473055,0.0,0,0
2026-04-23,WIPRO,201.69647787313727,202.58630924092267,200.01567690815918,200.47047424316406,20307250,0.1445,0,0.0,0.0,0.1445,0.17,0.2,0.2353,0.17149999999999999,0.20532,0.05240006679385053,0,-0.0060784301858473055,197.10887145996094,-0.01676856801927651,0.0,0,0
2026-04-24,WIPRO,200.46059172429597,200.46059172429597,195.64558751770736,197.10887145996094,39363394,0.1228,0,0.0,0.0,0.1228,0.1445,0.17,0.2,0.14576666666666668,0.17452,0.04455341737734603,0,-0.01676856801927651,202.734619140625,0.02854132154983602,1.0,1,0
2026-04-27,WIPRO,197.1088670767416,202.9323577630474,197.1088670767416,202.734619140625,42632215,0.1044,0,0.0,0.0,0.1044,0.1228,0.1445,0.17,0.1239,0.14834,0.037867109739191884,0,0.02854132154983602,199.30380249023438,-0.016922697588273583,0.0,0,0
2026-04-28,WIPRO,202.25014872750128,203.35749709340243,198.7501283072838,199.30380249023438,23455983,0.0887,0,0.0,0.0,0.0887,0.1044,0.1228,0.1445,0.1053,0.12608000000000003,0.032195915890062855,0,-0.016922697588273583,198.41395568847656,-0.004464775837889068,0.0,0,0
2026-04-29,WIPRO,199.30380212644286,201.30099692828904,198.03825682872588,198.41395568847656,15667662,0.0754,0,0.0,0.0,0.0754,0.0887,0.1044,0.1228,0.08949999999999998,0.10715999999999999,0.0273677364792926,0,-0.004464775837889068,198.38429260253906,-0.00014950100578647874,0.0,0,0
2026-04-30,WIPRO,198.6215879996505,199.8673548898837,197.74163831261896,198.38429260253906,15300274,0.0641,0,0.0,0.0,0.0641,0.0754,0.0887,0.1044,0.07606666666666667,0.09108000000000001,0.023254182419513367,0,-0.00014950100578647874,198.38429260253906,0.0,0.0,0,0
2026-05-01,WIPRO,198.38429260253906,198.38429260253906,198.38429260253906,198.38429260253906,0,0.0545,0,0.0,0.0,0.0545,0.0641,0.0754,0.0887,0.06466666666666666,0.07742,0.019760996938413954,0,0.0,198.48316955566406,0.0004984111989303486,1.0,1,0
2026-05-04,WIPRO,200.11453203796404,201.0735801911796,197.80095848930563,198.48316955566406,8446995,0.0463,0,0.0,0.0,0.0463,0.0545,0.0641,0.0754,0.054966666666666664,0.0658,0.016788388844674956,0,0.0004984111989303486,197.5241241455078,-0.004831872708921492,0.0,0,0
2026-05-05,WIPRO,197.74164115770049,200.015673048312,197.34616390998104,197.5241241455078,8899200,0.0394,0,0.0,0.0,0.0394,0.0463,0.0545,0.0641,0.04673333333333333,0.055940000000000004,0.01426404570940543,0,-0.004831872708921492,196.87156677246094,-0.003303684427762188,0.0,0,1
2026-05-06,WIPRO,198.2458705308143,198.85887985748613,196.01139548878703,196.87156677246094,13166683,0.0335,0,0.0,0.0,0.0335,0.0394,0.0463,0.0545,0.039733333333333336,0.047560000000000005,0.01212014851394191,0,-0.003303684427762188,195.13145446777344,-0.008838819811388343,0.0,0,1
2026-05-07,WIPRO,197.2472894503983,198.01848065336037,194.96337588112686,195.13145446777344,19303572,0.0284,0,0.0,0.0,0.0284,0.0335,0.0394,0.0463,0.03376666666666667,0.04042,0.01032264500988041,0,-0.008838819811388343,195.6752471923828,0.002786801984808518,1.0,1,0
2026-05-08,WIPRO,195.76422731131214,196.69361545076993,194.47890360964692,195.6752471923828,15970687,0.0242,0,0.0,0.0,0.0242,0.0284,0.0335,0.0394,0.028700000000000003,0.03436,0.008767154612530201,0,0.002786801984808518,194.45912170410156,-0.006215019557816559,0.0,0,0
2026-05-11,WIPRO,195.64558361432836,196.00151917009842,193.93510756456368,194.45912170410156,9199527,0.0206,0,0.0,0.0,0.0206,0.0242,0.0284,0.0335,0.0244,0.029219999999999996,0.007451979602763962,0,-0.006215019557816559,187.42941284179688,-0.036150059717956706,0.0,0,1
2026-05-12,WIPRO,193.88567590965667,193.92521759794002,186.964718800399,187.42941284179688,27435195,0.0175,0,0.0,0.0,0.0175,0.0206,0.0242,0.0284,0.020766666666666666,0.02484,0.006323211209505075,0,-0.036150059717956706,185.6793975830078,-0.009336929739337085,0.0,0,0
2026-05-13,WIPRO,188.51698520689447,189.13987618247523,185.19492514794618,185.6793975830078,17242394,0.0148,0,0.0,0.0,0.0148,0.0175,0.0206,0.0242,0.017633333333333334,0.0211,0.005380520420926869,0,-0.009336929739337085,186.1737518310547,0.00266240764716974,1.0,1,0
2026-05-14,WIPRO,186.12431340514985,188.03251293586302,184.88842818997622,186.1737518310547,18280387,0.0126,0,0.0,0.0,0.0126,0.0148,0.0175,0.0206,0.014966666666666668,0.01794,0.004605214435833733,0,0.00266240764716974,187.85455322265625,0.00902813299442351,1.0,1,0
2026-05-15,WIPRO,187.75567637057486,189.73309272028703,186.66810643012684,187.85455322265625,17902610,0.0107,0,0.0,0.0,0.0107,0.0126,0.0148,0.0175,0.012700000000000001,0.01524,0.003924665590851239,0,0.00902813299442351,190.0000457763672,0.011421030349836547,1.0,1,1
2026-05-18,WIPRO,188.83337738613744,190.57349832099325,187.0635813268366,190.0000457763672,16327369,0.0091,0,0.0,0.0,0.0091,0.0107,0.0126,0.0148,0.010799999999999999,0.012940000000000002,0.0033215960019261775,0,0.011421030349836547,192.96617126464844,0.015611183019252683,1.0,1,0
2026-05-19,WIPRO,190.22744541611505,195.76421718940094,190.22744541611505,192.96617126464844,20534622,0.0078,0,0.0,0.0,0.0078,0.0091,0.0107,0.0126,0.0092,0.011,0.002781186797036867,0,0.015611183019252683,194.89414978027344,0.00999127724299842,1.0,1,0
2026-05-20,WIPRO,192.41249770295815,195.70489772176057,191.81926676594372,194.89414978027344,16201692,0.38134999999999997,2,0.4603972252305611,0.8317,0.3813,0.0078,0.0091,0.0107,0.13273333333333334,0.0843,0.16603775173134572,0,0.00999127724299842,197.4845733642578,0.013291438387990961,1.0,1,1
2026-05-21,WIPRO,196.25856981438196,197.7811737431486,195.269861654108,197.4845733642578,18980608,0.3241,0,0.0,0.0,0.3241,0.3813,0.0078,0.0091,0.23773333333333335,0.1466,0.18922925249548495,2,0.013291438387990961,200.8165283203125,0.016871975867750022,1.0,1,0
2026-05-22,WIPRO,197.74164513500358,203.08066351905256,196.58485832134264,200.8165283203125,40014399,0.2755,0,0.0,0.0,0.2755,0.3241,0.3813,0.0078,0.3269666666666667,0.19956000000000002,0.1784330630796882,0,0.016871975867750022,204.50439453125,0.018364355971014268,1.0,1,0
2026-05-25,WIPRO,204.6625914594157,207.18380031353246,201.7557870219509,204.50439453125,72041558,0.2342,0,0.0,0.0,0.2342,0.2755,0.3241,0.3813,0.2779333333333333,0.24457999999999996,0.1433041764918245,0,0.018364355971014268,201.4295196533203,-0.015035739867486408,0.0,0,0
2026-05-26,WIPRO,204.65271807734212,206.33351901916558,200.64844680449008,201.4295196533203,46458415,0.1991,0,0.0,0.0,0.1991,0.2342,0.2755,0.3241,0.2362666666666667,0.28284,0.07216105597896959,0,-0.015035739867486408,199.30380249023438,-0.010553156095216343,0.0,0,0
2026-05-27,WIPRO,201.54817434786398,203.66400931070504,197.9393803347562,199.30380249023438,39465643,0.1692,0,0.0,0.0,0.1692,0.1991,0.2342,0.2755,0.20083333333333334,0.24042,0.06134180466859438,0,-0.010553156095216343,199.30380249023438,0.0,0.0,0,0
2026-05-28,WIPRO,199.30380249023438,199.30380249023438,199.30380249023438,199.30380249023438,0,0.1438,0,0.0,0.0,0.1438,0.1692,0.1991,0.2342,0.1707,0.20436,0.05216016679421174,0,0.0,201.9436492919922,0.01324534087545648,1.0,1,0
2026-05-29,WIPRO,208.6174296235513,208.6174296235513,201.35041833903546,201.9436492919922,82734524,0.1229,1,0.0,0.8419,0.1229,0.1438,0.1692,0.1991,0.14529999999999998,0.17384,0.044159404434389614,0,0.01324534087545648,204.0792694091797,0.010575326952221076,1.0,1,1
2026-06-01,WIPRO,202.78406404150158,205.40413481684354,202.78406404150158,204.0792694091797,26491139,0.1045,0,0.0,0.0,0.1045,0.1229,0.1438,0.1692,0.12373333333333332,0.14789999999999998,0.037418244213217586,1,0.010575326952221076,207.47052001953125,0.016617320417548598,1.0,1,0
2026-06-02,WIPRO,205.65130059655002,207.80667717859504,204.1781199832558,207.47052001953125,42476874,0.0888,0,0.0,0.0,0.0888,0.1045,0.1229,0.1438,0.1054,0.12584,0.031775194727963404,0,0.016617320417548598,201.79534912109375,-0.027354107455378474,0.0,0,0
2026-06-03,WIPRO,205.6513050563035,206.046782300662,199.71905587198705,201.79534912109375,62282204,0.0755,0,0.0,0.0,0.0755,0.0888,0.1045,0.1229,0.0896,0.1071,0.02709584839048218,0,-0.027354107455378474,202.0128631591797,0.00107789420833182,1.0,1,0
2026-06-04,WIPRO,200.7077611163172,202.7741575976932,199.81792978635795,202.0128631591797,40659957,0.0642,0,0.0,0.0,0.0642,0.0755,0.0888,0.1045,0.07616666666666666,0.09118,0.023254182419513207,0,0.00107789420833182,196.13003540039062,-0.029121055297125276,0.0,0,0
2026-06-05,WIPRO,189.3573934689589,196.7529263768986,186.0254366679845,196.13003540039062,43539069,0.0545,0,0.0,0.0,0.0545,0.0642,0.0755,0.0888,0.06473333333333334,0.0775,0.019790022738743848,0,-0.029121055297125276,179.7075958251953,-0.08373240509374125,0.0,0,0
2026-06-08,WIPRO,191.20627694364634,191.70063104041222,178.95618302924748,179.7075958251953,75164049,-0.8287,1,0.0,0.844,-0.8287,0.0545,0.0642,0.0755,-0.23666666666666666,-0.10913999999999999,0.4024498639582327,0,-0.08373240509374125,179.61862182617188,-0.0004951042754474111,0.0,0,0
2026-06-09,WIPRO,181.8926537660442,182.26836772005944,178.5607118680362,179.61862182617188,28381665,-0.7044,0,0.0,0.0,-0.7044,-0.8287,0.0545,0.0642,-0.49286666666666673,-0.26778,0.45748894740747564,1,-0.0004951042754474111,176.9095458984375,-0.01508237787480693,0.0,0,0
2026-06-10,WIPRO,180.04376407844163,180.2316059583898,176.4844086261751,176.9095458984375,16935979,-0.5987,0,0.0,0.0,-0.5987,-0.7044,-0.8287,0.0545,-0.7106,-0.40262000000000003,0.42951784246990254,0,-0.01508237787480693,175.36717224121094,-0.008718430932562748,0.0,0,1
2026-06-11,WIPRO,174.9716949876097,176.18780187459916,173.844568219707,175.36717224121094,14468882,-0.9592,1,0.0,0.9675,-0.9592,-0.5987,-0.7044,-0.8287,-0.7541000000000001,-0.6073000000000001,0.3938061642483521,0,-0.008718430932562748,178.10589599609375,0.015617083402107879,1.0,1,0
2026-06-12,WIPRO,176.63271533495106,178.4123931267533,175.5649237463597,178.10589599609375,13850153,-0.8153,0,0.0,0.0,-0.8153,-0.9592,-0.5987,-0.7044,-0.7910666666666666,-0.7812600000000001,0.13629703958633907,1,0.015617083402107879,179.33189392089844,0.0068835336300803185,1.0,1,1
2026-06-15,WIPRO,180.93359633950593,180.93359633950593,178.86719987092152,179.33189392089844,13870660,-0.693,0,0.0,0.0,-0.693,-0.8153,-0.9592,-0.5987,-0.8224999999999999,-0.75412,0.1379890466667557,0,0.0068835336300803185,180.60733032226562,0.007112155977841761,1.0,1,0
2026-06-16,WIPRO,180.33049322515495,181.30931980268286,179.57908040249603,180.60733032226562,11706020,-0.5891,0,0.0,0.0,-0.5891,-0.693,-0.8153,-0.9592,-0.6991333333333333,-0.73106,0.15673593397814073,0,0.007112155977841761,182.3870086669922,0.009853854445171173,1.0,1,1
2026-06-17,WIPRO,181.92231459128,183.15819988062296,181.50705894443965,182.3870086669922,16131548,-0.5007,0,0.0,0.0,-0.5007,-0.5891,-0.693,-0.8153,-0.5942666666666666,-0.71146,0.1815835702920286,0,0.009853854445171173,180.77540588378906,-0.008836170925669573,0.0,0,0
2026-06-18,WIPRO,182.38700509722617,182.6737238406862,179.65817586290345,180.77540588378906,18165845,-0.9454,1,0.0,0.9577,-0.9454,-0.5007,-0.5891,-0.693,-0.6783999999999999,-0.7087,0.1769216634558925,0,-0.008836170925669573,178.75843811035156,-0.01115731292969191,0.0,0,0
2026-06-19,WIPRO,174.7640487007675,179.43075241675308,172.91516927167407,178.75843811035156,37469436,-0.8036,0,0.0,0.0,-0.8036,-0.9454,-0.5007,-0.5891,-0.7499000000000001,-0.7063599999999999,0.17522854504903043,1,-0.01115731292969191,178.1454315185547,-0.0034292456248607994,0.0,0,0
2026-06-22,WIPRO,178.7979825340377,180.34036487136882,177.96747128878084,178.1454315185547,10368112,-0.6831,0,0.0,0.0,-0.6831,-0.8036,-0.9454,-0.5007,-0.8107000000000001,-0.7043800000000001,0.17547300932052223,0,-0.0034292456248607994,172.5196990966797,-0.03157943694609455,0.0,0,0
2026-06-23,WIPRO,177.47312174316596,177.47312174316596,172.03522664797148,172.5196990966797,23954730,-0.9613,1,0.0,0.9709,-0.9613,-0.6831,-0.8036,-0.9454,-0.816,-0.77882,0.19246749595710974,0,-0.03157943694609455,172.50979614257812,-5.740187441438671e-05,0.0,0,1
2026-06-24,WIPRO,169.56345003957682,173.50840104306232,169.553568389078,172.50979614257812,56627728,-0.8171,0,0.0,0.0,-0.8171,-0.9613,-0.6831,-0.8036,-0.8205,-0.8421,0.11431073877812196,1,-5.740187441438671e-05,173.02394104003906,0.0029803808766661888,1.0,1,0
2026-06-25,WIPRO,174.01264927455358,174.39824488255462,170.74002743214902,173.02394104003906,21544904,-0.6945,0,0.0,0.0,-0.6945,-0.8171,-0.9613,-0.6831,-0.8243,-0.79192,0.11268594411016866,0,0.0029803808766661888,173.02394104003906,0.0,0.0,0,0
2026-06-26,WIPRO,173.02394104003906,173.02394104003906,173.02394104003906,173.02394104003906,0,-0.5904,0,0.0,0.0,-0.5904,-0.6945,-0.8171,-0.9613,-0.7006666666666668,-0.74928,0.14333137130440102,0,0.0,173.49850463867188,0.002742762624525996,1.0,1,1
2026-06-29,WIPRO,174.2894741882829,174.6948481568508,172.62845171194016,173.49850463867188,24484011,-0.5018,0,0.0,0.0,-0.5018,-0.5904,-0.6945,-0.8171,-0.5955666666666667,-0.71302,0.18198086987373174,0,0.002742762624525996,168.4659881591797,-0.029006108669195174,0.0,0,0
2026-06-30,WIPRO,173.02393352580475,173.41941076783928,168.12983099480138,168.4659881591797,26845383,-0.8991,1,0.0,0.9267,-0.8991,-0.5018,-0.5904,-0.6945,-0.6637666666666666,-0.7005800000000001,0.16176927087676474,0,-0.029006108669195174,168.20892333984375,-0.0015259152434557999,0.0,0,0
2026-07-01,WIPRO,169.0690946075389,170.2061029518828,167.33885533523951,168.20892333984375,34638511,-0.7642,0,0.0,0.0,-0.7642,-0.8991,-0.5018,-0.5904,-0.7217000000000001,-0.6900000000000001,0.1537758921287732,1,-0.0015259152434557999,172.0352325439453,0.022747361603230765,1.0,1,0
2026-07-02,WIPRO,167.57616384420143,172.99428073688537,167.0916913788894,172.0352325439453,43447174,-0.6496,0,0.0,0.0,-0.6496,-0.7642,-0.8991,-0.5018,-0.7709666666666667,-0.68102,0.15475529716297307,0,0.022747361603230765,174.09173583984375,0.011953965856227322,1.0,1,1
2026-07-03,WIPRO,174.21037599219633,176.1284722498395,172.61855524001209,174.09173583984375,29538753,-0.5522,0,0.0,0.0,-0.5522,-0.6496,-0.7642,-0.8991,-0.6553333333333334,-0.6733800000000001,0.16115797218878158,0,0.011953965856227322,172.35162353515625,-0.00999537569255049,0.0,0,0
2026-07-06,WIPRO,174.09174456499278,174.30926157953363,171.61009237280982,172.35162353515625,8304046,-0.4693,0,0.0,0.0,-0.4693,-0.5522,-0.6496,-0.7642,-0.5570333333333333,-0.6668799999999999,0.17020962663727365,0,-0.00999537569255049,171.04652404785156,-0.007572307475470219,0.0,0,0
2026-07-07,WIPRO,171.93635542159686,174.210387371323,170.81912537882604,171.04652404785156,18837725,-0.0326,1,0.0,0.929,-0.0326,-0.4693,-0.5522,-0.6496,-0.35136666666666666,-0.49357999999999996,0.28022571616466635,0,-0.007572307475470219,170.76968383789062,-0.0016185082479869273,0.0,0,0
2026-07-08,WIPRO,171.04652093074372,173.4194146084817,170.29510811964104,170.76968383789062,16482564,-0.0277,0,0.0,0.0,-0.0277,-0.0326,-0.4693,-0.5522,-0.17653333333333332,-0.34628000000000003,0.2955623233769829,1,-0.0016185082479869273,170.80921936035156,0.00023151370648699654,1.0,1,1
2026-07-09,WIPRO,171.0465147541525,172.32194166541998,169.71175267956764,170.80921936035156,10270117,-0.0236,0,0.0,0.0,-0.0236,-0.0277,-0.0326,-0.4693,-0.027966666666666667,-0.22108,0.2660697784416717,0,0.00023151370648699654,173.47874450683594,0.015628694730186465,1.0,1,1
2026-07-10,WIPRO,173.25133076236907,175.21886547857812,173.0239321043918,173.47874450683594,16249590,-0.02,0,0.0,0.0,-0.02,-0.0236,-0.0277,-0.0326,-0.02376666666666667,-0.11464,0.19831657268115618,0,0.015628694730186465,176.41519165039062,0.01692684110611009,1.0,1,1
2026-07-13,WIPRO,172.62845263285115,177.91803229401972,172.39115724075515,176.41519165039062,22417855,-0.017,0,0.0,0.0,-0.017,-0.02,-0.0236,-0.0277,-0.0202,-0.02418,0.006177539963475099,0,0.01692684110611009,175.1397705078125,-0.007229655964695381,0.0,0,0
2026-07-14,WIPRO,176.48441426759663,178.46183067395626,174.71463322196033,175.1397705078125,14461463,-0.8361,1,0.0,0.8616,-0.8361,-0.017,-0.02,-0.0236,-0.2910333333333333,-0.18488,0.36406503127875417,0,-0.007229655964695381,172.67788696289062,-0.01405667906143604,0.0,0,0
2026-07-15,WIPRO,173.14258103959983,174.60588008759453,172.51970511124802,172.67788696289062,10398720,-0.45895,4,0.49929387805847036,0.90945,-0.459,-0.8361,-0.017,-0.02,-0.4373666666666667,-0.27114000000000005,0.3685802734819109,1,-0.01405667906143604,175.73300170898438,0.017692565040191344,1.0,1,1
2026-07-16,WIPRO,173.61716675469336,175.98017876012347,173.42930978198925,175.73300170898438,11184572,-0.11203333333333333,12,0.6151648165452503,0.7978833333333334,-0.112,-0.459,-0.8361,-0.017,-0.46903333333333336,-0.28881999999999997,0.3556305133140297,4,0.017692565040191344,174.0126495361328,-0.009789579396705883,0.0,0,1
2026-07-17,WIPRO,171.59031737522906,174.26970824635646,171.59031737522906,174.0126495361328,22960032,-0.9577,1,0.0,0.9678,-0.9577,-0.112,-0.459,-0.8361,-0.5095666666666667,-0.47636,0.4198726747479528,12,-0.009789579396705883,174.3883514404297,0.0021590493869174665,1.0,1,0
2026-07-20,WIPRO,175.0013456767054,175.79231522813527,173.8643373184864,174.3883514404297,10183661,-0.814,0,0.0,0.0,-0.814,-0.9577,-0.112,-0.459,-0.6279,-0.63576,0.3468139313810795,1,0.0021590493869174665,172.99427795410156,-0.007994074574438126,0.0,0,1
2026-07-21,WIPRO,174.12140471814374,175.49570853646264,172.52958388514213,172.99427795410156,11350578,-0.6919,0,0.0,0.0,-0.6919,-0.814,-0.9577,-0.112,-0.8212,-0.60692,0.33165360996075427,0,-0.007994074574438126,172.4702606201172,-0.0030291021193394885,0.0,0,0
2026-07-22,WIPRO,172.79653613611436,172.984393107733,171.46177403307956,172.4702606201172,5057035,-0.5881,0,0.0,0.0,-0.5881,-0.6919,-0.814,-0.9577,-0.698,-0.63274,0.32214785890953884,0,-0.0030291021193394885,172.84597778320312,0.002178446079544649,1.0,1,1
2026-07-23,WIPRO,171.84737282841516,173.5776122086231,171.3530187197843,172.84597778320312,9055905,-0.4999,0,0.0,0.0,-0.4999,-0.5881,-0.6919,-0.814,-0.5933,-0.71032,0.181314649159962,0,0.002178446079544649,175.1199951171875,0.013156321964498563,1.0,1,0
2026-07-24,WIPRO,172.0352302981391,175.89118632194962,170.84878345131204,175.1199951171875,13282944,-0.4249,0,0.0,0.0,-0.4249,-0.4999,-0.5881,-0.6919,-0.5043,-0.60376,0.15410430883009124,0,0.013156321964498563,178.52999877929688,0.019472383263986925,1.0,1,1
2026-07-27,WIPRO,177.5,178.77999877929688,175.61000061035156,178.52999877929688,12504426,-0.3612,0,0.0,0.0,-0.3612,-0.4249,-0.4999,-0.5881,-0.4286666666666667,-0.5132,0.13097850968765892,0,0.019472383263986925,181.1199951171875,0.014507345295467378,1.0,1,0
2026-07-28,WIPRO,178.5500030517578,181.6999969482422,178.5500030517578,181.1199951171875,26873060,-0.307,0,0.0,0.0,-0.307,-0.3612,-0.4249,-0.4999,-0.36436666666666667,-0.43621999999999994,0.11132904832073338,0,0.014507345295467378,183.61000061035156,0.013747822218927341,1.0,1,1
2026-07-29,WIPRO,183.0,185.75999450683594,181.4499969482422,183.61000061035156,26147867,-0.261,0,0.0,0.0,-0.261,-0.307,-0.3612,-0.4249,-0.30973333333333336,-0.3708,0.09462063728384106,0,0.013747822218927341,186.3300018310547,0.014814014550740051,1.0,1,0
2026-07-30,WIPRO,183.39999389648438,191.33999633789062,183.39999389648438,186.3300018310547,54015268,-0.2218,0,0.0,0.0,-0.2218,-0.261,-0.307,-0.3612,-0.2632666666666667,-0.31517999999999996,0.08043402265211053,0,0.014814014550740051,183.64999389648438,-0.01438312621818294,0.0,0,1
2026-07-31,WIPRO,184.85000610351562,185.24000549316406,180.8300018310547,183.64999389648438,18762810,-0.1885,0,0.0,0.0,-0.1885,-0.2218,-0.261,-0.307,-0.22376666666666667,-0.2679,0.06839385937348649,0,-0.01438312621818294,188.66000366210938,0.02728020654576735,1.0,1,1
2026-08-03,WIPRO,184.02000427246094,189.80999755859375,184.02000427246094,188.66000366210938,15840516,-0.1603,0,0.0,0.0,-0.1603,-0.1885,-0.2218,-0.261,-0.1902,-0.22772,0.05811967825100426,0,0.02728020654576735,186.3000030517578,-0.012509278938520163,0.0,0,1
2026-08-04,WIPRO,189.0,189.39999389648438,186.3000030517578,186.3000030517578,11903457,-0.1362,0,0.0,0.0,-0.1362,-0.1603,-0.1885,-0.2218,-0.16166666666666665,-0.19356,0.04941571612351953,0,-0.012509278938520163,186.99000549316406,0.0037037167477369515,1.0,1,1
2026-08-05,WIPRO,187.0,188.5399932861328,186.07000732421875,186.99000549316406,8829250,-0.1158,0,0.0,0.0,-0.1158,-0.1362,-0.1603,-0.1885,-0.13743333333333332,-0.16451999999999997,0.04198067412512901,0,0.0037037167477369515,186.1199951171875,-0.004652710574995722,0.0,0,1
2026-08-06,WIPRO,186.0,188.24000549316406,185.41000366210938,186.1199951171875,6629768,-0.0984,0,0.0,0.0,-0.0984,-0.1158,-0.1362,-0.1603,-0.1168,-0.13984000000000002,0.035689115987935074,0,-0.004652710574995722,187.52999877929688,0.00757577745057203,1.0,1,1
2026-08-07,WIPRO,185.8699951171875,188.3699951171875,185.64999389648438,187.52999877929688,7823102,-0.0837,0,0.0,0.0,-0.0837,-0.0984,-0.1158,-0.1362,-0.0993,-0.11887999999999999,0.03034035266769798,0,0.00757577745057203,185.5,-0.010824928238206688,0.0,0,1
2026-08-10,WIPRO,187.52999877929688,187.88999938964844,185.0,185.5,5337618,0.0871,2,0.03577960312803931,0.88225,0.0871,-0.0837,-0.0984,-0.1158,-0.03166666666666666,-0.06939999999999999,0.08965620447018878,0,-0.010824928238206688,184.60000610351562,-0.0048517191185141195,0.0,0,1
2026-08-11,WIPRO,185.5,187.47999572753906,183.30999755859375,184.60000610351562,9182421,-0.33885000000000004,2,0.4867015974907007,0.8463,-0.3389,0.0871,-0.0837,-0.0984,-0.11183333333333333,-0.10994,0.1517427856604731,2,-0.0048517191185141195,183.94000244140625,-0.0035753176613616544,0.0,0,1
2026-08-12,WIPRO,184.50999450683594,185.0,181.91000366210938,183.94000244140625,8624548,-0.288,0,0.0,0.0,-0.288,-0.3389,0.0871,-0.0837,-0.1799333333333333,-0.14438,0.1716420315656986,2,-0.0035753176613616544,183.10000610351562,-0.00456668656486614,0.0,0,1
2026-08-13,WIPRO,183.49000549316406,183.75,181.72000122070312,183.10000610351562,5434084,-0.2448,0,0.0,0.0,-0.2448,-0.288,-0.3389,0.0871,-0.29056666666666664,-0.17365999999999998,0.17430388119603152,0,-0.00456668656486614,184.0,0.0049153133068469135,1.0,1,1
2026-08-14,WIPRO,183.5500030517578,185.83999633789062,183.10000610351562,184.0,7366162,-0.2081,0,0.0,0.0,-0.2081,-0.2448,-0.288,-0.3389,-0.24696666666666664,-0.19854,0.16697725294183116,0,0.0049153133068469135,181.89999389648438,-0.011413076649541387,0.0,0,1
2026-08-17,WIPRO,183.5,183.7100067138672,181.0,181.89999389648438,4436515,-0.1769,0,0.0,0.0,-0.1769,-0.2081,-0.2448,-0.288,-0.20993333333333333,-0.25134,0.06415701832224013,0,-0.011413076649541387,178.05999755859375,-0.021110480850680458,0.0,0,1
2026-08-18,WIPRO,181.89999389648438,181.99000549316406,178.05999755859375,178.05999755859375,7074731,-0.1503,0,0.0,0.0,-0.1503,-0.1769,-0.2081,-0.2448,-0.17843333333333333,-0.21362,0.05452712169187243,0,-0.021110480850680458,179.5500030517578,0.008367996819014678,1.0,1,1
2026-08-19,WIPRO,179.05999755859375,179.9499969482422,178.22000122070312,179.5500030517578,5964187,-0.1278,0,0.0,0.0,-0.1278,-0.1503,-0.1769,-0.2081,-0.15166666666666667,-0.18158,0.0463484303941382,0,0.008367996819014678,181.0,0.008075727783887654,1.0,1,1
2026-08-20,WIPRO,181.55999755859375,182.4600067138672,180.50999450683594,181.0,5364164,-0.1086,0,0.0,0.0,-0.1086,-0.1278,-0.1503,-0.1769,-0.12890000000000001,-0.15434,0.03940790529830633,0,0.008075727783887654,180.7899932861328,-0.0011602580876640678,0.0,0,1
2026-08-21,WIPRO,180.60000610351562,181.75999450683594,180.0,180.7899932861328,4637869,-0.0923,0,0.0,0.0,-0.0923,-0.1086,-0.1278,-0.1503,-0.10956666666666666,-0.13118,0.03349935820281166,0,-0.0011602580876640678,181.30999755859375,0.0028762890191491586,1.0,1,1
2026-08-24,WIPRO,181.0,183.9199981689453,180.55999755859375,181.30999755859375,9441129,-0.0785,0,0.0,0.0,-0.0785,-0.0923,-0.1086,-0.1278,-0.09313333333333333,-0.1115,0.028448110657832596,0,0.0028762890191491586,180.08999633789062,-0.006728813838899672,0.0,0,1
2026-08-25,WIPRO,181.2899932861328,181.2899932861328,178.38999938964844,180.08999633789062,8352475,-0.0667,0,0.0,0.0,-0.0667,-0.0785,-0.0923,-0.1086,-0.07916666666666666,-0.09478,0.024191878802612497,0,-0.006728813838899672,177.35000610351562,-0.01521456099779217,0.0,0,1
2026-08-26,WIPRO,180.08999633789062,180.9499969482422,176.66000366210938,177.35000610351562,9355776,-0.0567,0,0.0,0.0,-0.0567,-0.0667,-0.0785,-0.0923,-0.0673,-0.08055999999999999,0.020553053301159283,0,-0.01521456099779217,176.39999389648438,-0.005356708059410797,0.0,0,1
2026-08-27,WIPRO,177.35000610351562,178.6999969482422,176.39999389648438,176.39999389648438,4695019,-0.0482,0,0.0,0.0,-0.0482,-0.0567,-0.0667,-0.0785,-0.0572,-0.06848000000000001,0.017471462445951585,0,-0.005356708059410797,180.9499969482422,0.02579366898633717,1.0,1,1
2026-08-28,WIPRO,178.25,181.85000610351562,178.25,180.9499969482422,14686269,-0.041,0,0.0,0.0,-0.041,-0.0482,-0.0567,-0.0667,-0.048633333333333334,-0.058219999999999994,0.014852844845358691,0,0.02579366898633717,184.5,0.01961869638921976,1.0,1,1
2026-08-31,WIPRO,180.1699981689453,184.5,176.1699981689453,184.5,16666567,-0.9277,1,0.0,0.9378,-0.9277,-0.041,-0.0482,-0.0567,-0.33896666666666664,-0.22805999999999998,0.39122835147775303,0,0.01961869638921976,181.6999969482422,-0.015176168302210358,0.0,0,0
2026-09-01,WIPRO,181.0,182.10000610351562,178.5,181.6999969482422,6813425,-0.7885,0,0.0,0.0,-0.7885,-0.9277,-0.041,-0.0482,-0.5857333333333333,-0.37242,0.4461208883251268,1,-0.015176168302210358,177.08999633789062,-0.025371495254701282,0.0,0,0
2026-09-02,WIPRO,180.0,180.38999938964844,176.8000030517578,177.08999633789062,12056634,0.017,1,0.0,0.8317,0.017,-0.7885,-0.9277,-0.041,-0.5664,-0.35768,0.46015700255456315,0,-0.025371495254701282,175.72000122070312,-0.00773615193132382,0.0,0,1
2026-09-03,WIPRO,177.5,178.0399932861328,175.72000122070312,175.72000122070312,6496396,0.0144,0,0.0,0.0,0.0144,0.017,-0.7885,-0.9277,-0.2523666666666667,-0.34516,0.4713967999467118,1,-0.00773615193132382,176.39999389648438,0.0038697511441920796,1.0,1,0
2026-09-04,WIPRO,176.74000549316406,178.75,176.39999389648438,176.39999389648438,6882678,0.0123,0,0.0,0.0,0.0123,0.0144,0.017,-0.7885,0.014566666666666667,-0.3345,0.4805090894041446,0,0.0038697511441920796,172.8000030517578,-0.020408112070792517,0.0,0,0
2026-09-07,WIPRO,175.88999938964844,176.47000122070312,172.64999389648438,172.8000030517578,10720636,-0.7572,1,0.0,0.7745,-0.7572,0.0123,0.0144,0.017,-0.24349999999999997,-0.3004,0.4314310315681989,0,-0.020408112070792517,171.5,-0.007523165675919707,0.0,0,0
2026-09-08,WIPRO,172.8000030517578,172.89999389648438,171.1300048828125,171.5,6948945,-0.9626,1,0.0,0.9697,-0.9626,-0.7572,0.0123,0.0144,-0.5691666666666667,-0.33521999999999996,0.4844419490506579,1,-0.007523165675919707,167.0,-0.026239067055393583,0.0,0,1
2026-09-09,WIPRO,168.6999969482422,169.14999389648438,166.3699951171875,167.0,12001620,-0.8182,0,0.0,0.0,-0.8182,-0.9626,-0.7572,0.0123,-0.8460000000000001,-0.5022599999999999,0.4765592701857768,1,-0.026239067055393583,166.3000030517578,-0.004191598492468196,0.0,0,0
2026-09-10,WIPRO,167.89999389648438,169.19000244140625,166.0,166.3000030517578,9586645,0.0077,1,0.0,0.9474,0.0077,-0.8182,-0.9626,-0.7572,-0.5910333333333333,-0.5036,0.47474930752977434,0,-0.004191598492468196,167.39999389648438,0.006614496840293027,1.0,1,0
2026-09-11,WIPRO,165.1999969482422,167.75,165.16000366210938,167.39999389648438,8484897,-0.8674,2,0.003959797974644622,0.88395,-0.8674,0.0077,-0.8182,-0.9626,-0.5593,-0.67954,0.3914622689353346,1,0.006614496840293027,167.39999389648438,0.0,0.0,0,0
2026-09-14,WIPRO,167.39999389648438,167.39999389648438,167.39999389648438,167.39999389648438,0,-0.7373,0,0.0,0.0,-0.7373,-0.8674,0.0077,-0.8182,-0.5323333333333333,-0.67556,0.3905754638991039,2,0.0,170.0,0.015531697719913806,1.0,1,0
2026-09-15,WIPRO,172.1999969482422,173.35000610351562,169.00999450683594,170.0,11722173,0.034,1,0.0,0.9133,0.034,-0.7373,-0.8674,0.0077,-0.5235666666666666,-0.47624000000000005,0.4562449703832364,0,0.015531697719913806,166.88999938964844,-0.018294121237362182,0.0,0,1
2026-09-16,WIPRO,170.02000427246094,170.88999938964844,166.11000061035156,166.88999938964844,11030339,0.0289,0,0.0,0.0,0.0289,0.034,-0.7373,-0.8674,-0.2248,-0.30682,0.4547944557709563,1,-0.018294121237362182,166.39999389648438,-0.0029360985976158993,0.0,0,0
2026-09-17,WIPRO,165.75,167.60000610351562,165.02000427246094,166.39999389648438,9129514,-0.6093000000000001,3,0.5372148452900385,0.9335666666666667,-0.6093,0.0289,0.034,-0.7373,-0.18213333333333334,-0.43021999999999994,0.43121500089862397,0,-0.0029360985976158993,166.8300018310547,0.0025841823938876907,1.0,1,0
2026-09-18,WIPRO,166.89999389648438,166.89999389648438,163.3000030517578,166.8300018310547,23606474,0.0091,1,0.0,0.9495,0.0091,-0.6093,0.0289,0.034,-0.19043333333333334,-0.2549199999999999,0.3847111799779158,3,0.0025841823938876907,164.5500030517578,-0.013666599258362333,0.0,0,0
2026-09-21,WIPRO,165.24000549316406,165.5,163.33999633789062,164.5500030517578,9282035,0.0077,0,0.0,0.0,0.0077,0.0091,-0.6093,0.0289,-0.19749999999999998,-0.10591999999999999,0.281640093026544,1,-0.013666599258362333,166.0,0.008811892563661106,1.0,1,1
2026-09-22,WIPRO,164.80999755859375,166.0,163.2100067138672,166.0,14726893,0.0066,0,0.0,0.0,0.0066,0.0077,0.0091,-0.6093,0.0078000000000000005,-0.11140000000000001,0.2784858883318872,0,0.008811892563661106,164.89999389648438,-0.006626542792262824,0.0,0,1
2026-09-23,WIPRO,164.6999969482422,165.6999969482422,164.10000610351562,164.89999389648438,10856986,-0.013,1,0.0,0.9302,-0.013,0.0066,0.0077,0.0091,0.0004333333333333336,-0.11978,0.2737996110296732,0,-0.006626542792262824,163.63999938964844,-0.007640961512872413,0.0,0,0
2026-09-24,WIPRO,164.16000366210938,165.6699981689453,163.36000061035156,163.63999938964844,7033397,-0.011,0,0.0,0.0,-0.011,-0.013,0.0066,0.0077,-0.0058,-0.00011999999999999962,0.01090399009539209,1,-0.007640961512872413,164.02000427246094,0.002322200465838753,1.0,1,0
2026-09-25,WIPRO,163.0500030517578,164.5,161.66000366210938,164.02000427246094,9700283,-0.5924499999999999,2,0.10033845225037112,0.71065,-0.5924,-0.011,-0.013,0.0066,-0.2054666666666667,-0.12042000000000001,0.26401975683649204,0,0.002322200465838753,161.55999755859375,-0.014998211497304736,0.0,0,0
