Date,Symbol,Open,High,Low,Close,Volume,avg_sentiment,news_count,sentiment_std,avg_confidence,effective_sentiment,sentiment_lag1,sentiment_lag2,sentiment_lag3,sentiment_ma3,sentiment_ma5,sentiment_rolling_std_5,news_volume_lag1,current_day_return,next_day_close,next_day_return,target_up
2026-02-23,ASIANPAINT,2403.8442762441377,2425.5560520661024,2390.7578623742984,2408.80126953125,634365,0.0,0,0.0,0.0,0.0,0.0,0.0,0.0,0.0,0.0,0.0,0,0.0,2392.34423828125,-0.006832041919839438,0.0
2026-02-24,ASIANPAINT,2392.245001597522,2420.4998638211146,2383.0249455164217,2392.34423828125,499660,0.0,0,0.0,0.0,0.0,0.0,0.0,0.0,0.0,0.0,0.0,0,-0.006832041919839438,2395.615478515625,0.0013673785661905136,1.0
2026-02-25,ASIANPAINT,2395.219015892177,2407.0165624074957,2379.356638303487,2395.615478515625,526764,0.0,0,0.0,0.0,0.0,0.0,0.0,0.0,0.0,0.0,0.0,0,0.0013673785661905136,2374.300537109375,-0.008897480249817513,0.0
2026-02-26,ASIANPAINT,2395.318382184249,2401.3657687427703,2361.5115913027257,2374.300537109375,588742,0.0,0,0.0,0.0,0.0,0.0,0.0,0.0,0.0,0.0,0.0,0,-0.008897480249817513,2355.761474609375,-0.007808220657091081,0.0
2026-02-27,ASIANPAINT,2364.4858313259697,2376.977551402081,2338.7094658691667,2355.761474609375,2531619,0.0,0,0.0,0.0,0.0,0.0,0.0,0.0,0.0,0.0,0.0,0,-0.007808220657091081,2287.255859375,-0.029080030373505594,0.0
2026-03-02,ASIANPAINT,2280.2168323371657,2317.7907433233195,2263.8587550617035,2287.255859375,2528308,-0.9430333333333333,3,0.011642307904077012,0.9565999999999999,-0.943,0.0,0.0,0.0,-0.3143333333333333,-0.1886,0.4217224205564603,0,-0.029080030373505594,2265.544189453125,-0.009492453514932886,0.0
2026-03-04,ASIANPAINT,2241.254922068388,2271.1951134569463,2197.236917991508,2265.544189453125,1610358,-0.9443,1,0.0,0.9584,-0.9443,-0.943,0.0,0.0,-0.6291,-0.37746,0.5168585957493597,3,-0.009492453514932886,2268.121826171875,0.0011377560988437008,1.0
2026-03-05,ASIANPAINT,2265.5440929266383,2293.105023152167,2234.315036191103,2268.121826171875,925040,-0.8027,0,0.0,0.0,-0.8027,-0.9443,-0.943,0.0,-0.8966666666666666,-0.538,0.49448427174178144,1,0.0011377560988437008,2259.89306640625,-0.003628006075631962,0.0
2026-03-06,ASIANPAINT,2242.2461232483765,2288.0486893030497,2234.314934596808,2259.89306640625,979742,-0.6823,0,0.0,0.0,-0.6823,-0.8027,-0.9443,-0.943,-0.8097666666666666,-0.6744600000000001,0.3925336329539163,0,-0.003628006075631962,2201.6982421875,-0.025751140655205007,0.0
2026-03-09,ASIANPAINT,2181.077101186327,2210.8190616570496,2143.998887282437,2201.6982421875,2198153,-0.5799,0,0.0,0.0,-0.5799,-0.6823,-0.8027,-0.9443,-0.6882999999999999,-0.79044,0.16056082336609975,0,-0.025751140655205007,2260.785400390625,0.026837082880358354,1.0
2026-03-10,ASIANPAINT,2232.233312704302,2285.2731408487366,2232.233312704302,2260.785400390625,1192174,-0.4929,0,0.0,0.0,-0.4929,-0.5799,-0.6823,-0.8027,-0.5850333333333334,-0.70042,0.17878521191642194,0,0.026837082880358354,2212.8017578125,-0.02122432432986976,0.0
2026-03-11,ASIANPAINT,2270.3028787592407,2282.199662403394,2206.8533659904233,2212.8017578125,687786,-0.419,0,0.0,0.0,-0.419,-0.4929,-0.5799,-0.6823,-0.4972666666666666,-0.5953600000000001,0.1519772614571006,0,-0.02122432432986976,2202.094482421875,-0.004838786553211127,0.0
2026-03-12,ASIANPAINT,2189.0080695446873,2230.547573323493,2182.068279469138,2202.094482421875,1384055,-0.3561,0,0.0,0.0,-0.3561,-0.419,-0.4929,-0.5799,-0.4226666666666667,-0.5060399999999999,0.12918350513900737,0,-0.004838786553211127,2177.904541015625,-0.01098496980912722,0.0
2026-03-13,ASIANPAINT,2185.736493312427,2200.6074726410466,2171.162981978515,2177.904541015625,949233,-0.3027,0,0.0,0.0,-0.3027,-0.3561,-0.419,-0.4929,-0.3592666666666667,-0.43011999999999995,0.1097882598459415,0,-0.01098496980912722,2198.624755859375,0.009513830589694905,1.0
2026-03-16,ASIANPAINT,2166.602530791707,2208.637979123367,2156.3913182449023,2198.624755859375,1111587,-0.2573,0,0.0,0.0,-0.2573,-0.3027,-0.3561,-0.419,-0.3053666666666666,-0.36560000000000004,0.093317200986742,0,0.009513830589694905,2218.948486328125,0.009243837728374116,1.0
2026-03-17,ASIANPAINT,2198.624813304225,2242.0481240756235,2198.1291139621785,2218.948486328125,875461,-0.2187,0,0.0,0.0,-0.2187,-0.2573,-0.3027,-0.3561,-0.25956666666666667,-0.31076000000000004,0.07932463677824197,0,0.009243837728374116,2242.642822265625,0.010678182068439623,1.0
2026-03-18,ASIANPAINT,2215.8750606338967,2250.871236838399,2209.430969870703,2242.642822265625,844912,-0.1859,0,0.0,0.0,-0.1859,-0.2187,-0.2573,-0.3027,-0.22063333333333332,-0.26414,0.06741029594950639,0,0.010678182068439623,2167.197509765625,-0.033641252075879646,0.0
2026-03-19,ASIANPAINT,2200.9050648122998,2219.741639691324,2161.844053721548,2167.197509765625,889334,-0.158,0,0.0,0.0,-0.158,-0.1859,-0.2187,-0.2573,-0.18753333333333333,-0.22452,0.05730821930578589,0,-0.033641252075879646,2176.516357421875,0.004299953102685938,1.0
2026-03-20,ASIANPAINT,2191.883035494523,2205.366153071308,2166.205908950689,2176.516357421875,875920,-0.1343,0,0.0,0.0,-0.1343,-0.158,-0.1859,-0.2187,-0.15940000000000001,-0.19084,0.04871537744901565,0,0.004299953102685938,2103.053955078125,-0.033752285891739175,0.0
2026-03-23,ASIANPAINT,2161.2490060531636,2161.2490060531636,2096.8080953222207,2103.053955078125,978398,-0.1142,0,0.0,0.0,-0.1142,-0.1343,-0.158,-0.1859,-0.13549999999999998,-0.16222,0.04139440783487637,0,-0.033752285891739175,2198.228271484375,0.04525528989707461,1.0
2026-03-24,ASIANPAINT,2165.2146480848346,2205.3662933446494,2134.7787579873834,2198.228271484375,1561016,-0.097,0,0.0,0.0,-0.097,-0.1142,-0.1343,-0.158,-0.11516666666666668,-0.13788,0.03519754252785388,0,0.04525528989707461,2250.673095703125,0.023857769868156575,1.0
2026-03-25,ASIANPAINT,2205.9611632253836,2270.005368767247,2202.887730691226,2250.673095703125,1270855,-0.0825,0,0.0,0.0,-0.0825,-0.097,-0.1142,-0.1343,-0.0979,-0.1172,0.029908945150240413,0,0.023857769868156575,2188.413330078125,-0.027662731537451357,0.0
2026-03-27,ASIANPAINT,2226.978883613762,2249.483585042764,2182.167712081868,2188.413330078125,1089010,-0.0701,0,0.0,0.0,-0.0701,-0.0825,-0.097,-0.1142,-0.0832,-0.09962,0.025429648051046565,0,-0.027662731537451357,2146.576171875,-0.019117576020993954,0.0
2026-03-30,ASIANPAINT,2166.503380287283,2183.951850191729,2132.498360349631,2146.576171875,1513565,-0.0596,0,0.0,0.0,-0.0596,-0.0701,-0.0825,-0.097,-0.07073333333333333,-0.08468,0.021619135042829585,0,-0.019117576020993954,2206.655029296875,0.02798822525333322,1.0
2026-04-01,ASIANPAINT,2205.6636307072044,2227.276168370157,2179.4905627154985,2206.655029296875,1209900,-0.9628,1,0.0,0.9708,-0.9628,-0.0596,-0.0701,-0.0825,-0.3641666666666667,-0.2544,0.3962538517162956,0,0.02798822525333322,2150.34375,-0.02551884120954684,0.0
2026-04-02,ASIANPAINT,2166.206128976487,2166.305365661368,2123.972448135313,2150.34375,1854061,0.2977,1,0.0,0.6034,0.2977,-0.9628,-0.0596,-0.0701,-0.24156666666666662,-0.17546,0.4682281740775539,1,-0.02551884120954684,2165.511962890625,0.007053854943250393,1.0
2026-04-06,ASIANPAINT,2150.3435162351893,2174.3353134208273,2127.4421122612302,2165.511962890625,2048228,0.253,0,0.0,0.0,0.253,0.2977,-0.9628,-0.0596,-0.13736666666666666,-0.10836000000000001,0.5072905607243251,1,0.007053854943250393,2167.395751953125,0.0008699047129647752,1.0
2026-04-07,ASIANPAINT,2149.0548763211227,2179.7882354882618,2126.550174629453,2167.395751953125,1793007,0.8715,1,0.0,0.9235,0.8715,0.253,0.2977,-0.9628,0.4740666666666667,0.07996000000000003,0.6728139661154487,0,0.0008699047129647752,2262.76806640625,0.04400318417491644,1.0
2026-04-08,ASIANPAINT,2264.850100281215,2316.7992900724025,2225.8880869174877,2262.76806640625,2914767,-0.4166,1,0.0,0.5309,-0.4166,0.8715,0.253,0.2977,0.23596666666666674,0.008560000000000022,0.7092812509858133,1,0.04400318417491644,2250.078369140625,-0.005608041519597262,0.0
2026-04-09,ASIANPAINT,2255.431824787587,2269.9063412266696,2232.629656888636,2250.078369140625,1980060,-0.3541,0,0.0,0.0,-0.3541,-0.4166,0.8715,0.253,0.03360000000000005,0.1303,0.5306124904296923,1,-0.005608041519597262,2340.394775390625,0.040139226921458215,1.0
2026-04-10,ASIANPAINT,2248.1946997294717,2356.4553853234625,2248.1946997294717,2340.394775390625,3018178,-0.301,0,0.0,0.0,-0.301,-0.3541,-0.4166,0.8715,-0.3572333333333333,0.010560000000000024,0.5505694897104272,0,0.040139226921458215,2332.166015625,-0.003515970831994175,0.0
2026-04-13,ASIANPAINT,2260.2896157134237,2342.1792384979185,2242.5436772411817,2332.166015625,1734562,-0.5035,1,0.0,0.5289,-0.5035,-0.301,-0.3541,-0.4166,-0.38619999999999993,-0.14073999999999995,0.5708610014705858,0,-0.003515970831994175,2402.258056640625,0.030054481776178754,1.0
2026-04-15,ASIANPAINT,2379.8523513508994,2405.1330157789134,2360.520078553006,2402.258056640625,1182431,-0.428,0,0.0,0.0,-0.428,-0.5035,-0.301,-0.3541,-0.4108333333333332,-0.40063999999999994,0.07693759159214729,1,0.030054481776178754,2419.31005859375,0.007098322308041638,1.0
2026-04-16,ASIANPAINT,2414.0555975912685,2425.5559181989383,2390.8569671041973,2419.31005859375,1496210,-0.3638,0,0.0,0.0,-0.3638,-0.428,-0.5035,-0.301,-0.43176666666666663,-0.39008,0.07781784499714739,0,0.007098322308041638,2442.80615234375,0.009711898508642403,1.0
2026-04-17,ASIANPAINT,2404.1416069129846,2464.7161582374533,2396.706117407068,2442.80615234375,1286575,-0.3092,0,0.0,0.0,-0.3092,-0.3638,-0.428,-0.5035,-0.36699999999999994,-0.3811,0.0852441786868761,0,0.009711898508642403,2495.152099609375,0.02142861283340136,1.0
2026-04-20,ASIANPAINT,2448.7545957036955,2502.0918899615717,2435.3707143101733,2495.152099609375,1203157,0.2813,1,0.0,0.6787,0.2813,-0.3092,-0.3638,-0.428,-0.1305666666666666,-0.26464,0.31369147741052844,0,0.02142861283340136,2521.7216796875,0.010648481141604327,1.0
2026-04-21,ASIANPAINT,2494.656448384103,2559.7912906799447,2492.0787151016143,2521.7216796875,1681872,0.2391,0,0.0,0.0,0.2391,0.2813,-0.3092,-0.3638,0.07040000000000009,-0.11611999999999997,0.346416767781238,1,0.010648481141604327,2540.85546875,0.0075875895490857825,1.0
2026-04-22,ASIANPAINT,2478.496591328449,2549.8772931587087,2478.496591328449,2540.85546875,1126584,0.2032,0,0.0,0.0,0.2032,0.2391,0.2813,-0.3092,0.24120000000000008,0.010120000000000023,0.31821052308181164,0,0.0075875895490857825,2499.71240234375,-0.016192603991950327,0.0
2026-04-23,ASIANPAINT,2508.238527355777,2519.837842888377,2488.41055480751,2499.71240234375,1378614,0.1728,0,0.0,0.0,0.1728,0.2032,0.2391,0.2813,0.2050333333333334,0.11744000000000003,0.24191550797747596,0,-0.016192603991950327,2463.724853515625,-0.014396675711326967,0.0
2026-04-24,ASIANPAINT,2499.7124304630092,2517.061906637907,2449.4485678958704,2463.724853515625,436871,0.1468,0,0.0,0.0,0.1468,0.1728,0.2032,0.2391,0.17426666666666676,0.20864000000000002,0.05325779755115926,0,-0.014396675711326967,2463.82373046875,4.013311510164819e-05,1.0
2026-04-27,ASIANPAINT,2481.470673800435,2498.1262185409096,2454.20721254214,2463.82373046875,452134,0.1248,0,0.0,0.0,0.1248,0.1468,0.1728,0.2032,0.14813333333333342,0.17734000000000003,0.04526806821590971,0,4.013311510164819e-05,2441.41845703125,-0.009093699829426205,0.0
2026-04-28,ASIANPAINT,2453.711703700179,2477.5052717360595,2434.974365688199,2441.41845703125,556571,0.1061,0,0.0,0.0,0.1061,0.1248,0.1468,0.1728,0.1259000000000001,0.15074,0.03847022225046594,0,-0.009093699829426205,2426.25,-0.0062129689351553274,0.0
2026-04-29,ASIANPAINT,2448.6554645929264,2456.586653908799,2417.6248800271264,2426.25,603585,0.0902,0,0.0,0.0,0.0902,0.1061,0.1248,0.1468,0.10703333333333342,0.12814000000000003,0.03270730805187483,0,-0.0062129689351553274,2423.473876953125,-0.0011442032135496882,0.0
2026-04-30,ASIANPAINT,2405.8269334704287,2434.7757241733725,2364.9813595711516,2423.473876953125,823684,0.0767,0,0.0,0.0,0.0767,0.0902,0.1061,0.1248,0.09100000000000008,0.10892000000000002,0.027765031964689466,0,-0.0011442032135496882,2423.473876953125,0.0,0.0
2026-05-01,ASIANPAINT,2423.473876953125,2423.473876953125,2423.473876953125,2423.473876953125,0,0.0652,0,0.0,0.0,0.0652,0.0767,0.0902,0.1061,0.07736666666666675,0.09260000000000002,0.023603071833984256,0,0.0,2427.04296875,0.001472717255513567,1.0
2026-05-04,ASIANPAINT,2438.8405150757653,2485.4362484938797,2421.292808558354,2427.04296875,581159,0.0554,0,0.0,0.0,0.0554,0.0652,0.0767,0.0902,0.06576666666666675,0.07872000000000001,0.02007578142937941,0,0.001472717255513567,2409.0986328125,-0.007393497424045159,0.0
2026-05-05,ASIANPAINT,2409.0986328125,2433.7843614929498,2394.227653597608,2409.0986328125,327682,0.0471,0,0.0,0.0,0.0471,0.0554,0.0652,0.0767,0.05590000000000008,0.06692000000000001,0.017074161765668325,0,-0.007393497424045159,2497.333251953125,0.036625573539766476,1.0
2026-05-06,ASIANPAINT,2438.840730371055,2507.24723866195,2419.4092196054808,2497.333251953125,1395987,0.04,0,0.0,0.0,0.04,0.0471,0.0554,0.0652,0.04750000000000008,0.05688000000000002,0.014532962533503129,0,0.036625573539766476,2508.83349609375,0.004605009816623706,1.0
2026-05-07,ASIANPAINT,2512.799090655162,2533.8166934225105,2489.699453926799,2508.83349609375,1053513,0.034,0,0.0,0.0,0.034,0.04,0.0471,0.0554,0.04036666666666675,0.048340000000000015,0.012357507839374489,0,0.004605009816623706,2577.537109375,0.02738468431174157,1.0
2026-05-08,ASIANPAINT,2518.1524303726387,2584.972598834762,2493.7639281283514,2577.537109375,2327900,0.0289,0,0.0,0.0,0.0289,0.034,0.04,0.0471,0.03430000000000009,0.04108000000000002,0.01049938093414078,0,0.02738468431174157,2544.028076171875,-0.01300040766871835,0.0
2026-05-11,ASIANPAINT,2556.7177847784324,2585.468344538891,2533.0234547576356,2544.028076171875,1271257,0.0246,0,0.0,0.0,0.0246,0.0289,0.034,0.04,0.029166666666666747,0.03492000000000002,0.008912743685319148,0,-0.01300040766871835,2483.94921875,-0.023615642446949137,0.0
2026-05-12,ASIANPAINT,2524.2990937915256,2533.717380591815,2478.496526391938,2483.94921875,628802,0.0209,0,0.0,0.0,0.0209,0.0246,0.0289,0.034,0.024800000000000082,0.02968000000000002,0.007560886191458919,0,-0.023615642446949137,2595.085205078125,0.0447416499054083,1.0
2026-05-13,ASIANPAINT,2532.0321540727255,2619.6716979847315,2532.0321540727255,2595.085205078125,3515018,0.9227,1,0.0,0.9432,0.9227,0.0209,0.0246,0.0289,0.32273333333333337,0.20622000000000001,0.4005543121725195,0,0.0447416499054083,2599.6455078125,0.001757284394921399,1.0
2026-05-14,ASIANPAINT,2597.464479177054,2642.7713493560886,2587.5504926153094,2599.6455078125,1040916,0.7843,0,0.0,0.0,0.7843,0.9227,0.0209,0.0246,0.5759666666666667,0.35628000000000004,0.4565363534265374,1,0.001757284394921399,2583.1884765625,-0.006330490522858945,0.0
2026-05-15,ASIANPAINT,2599.6455492931773,2617.2924940627995,2570.498525152845,2583.1884765625,796240,0.6667,0,0.0,0.0,0.6667,0.7843,0.9227,0.0209,0.7912333333333333,0.48384,0.43055978446668747,0,-0.006330490522858945,2591.51611328125,0.003223782079514237,1.0
2026-05-18,ASIANPAINT,2557.907795315493,2596.869569262112,2534.0149906453235,2591.51611328125,898479,0.5667,0,0.0,0.0,0.5667,0.6667,0.7843,0.9227,0.6725666666666666,0.59226,0.34594682828434836,0,0.003223782079514237,2578.330322265625,-0.00508806059435607,0.0
2026-05-19,ASIANPAINT,2606.3869513982067,2623.240727805118,2572.7786352618723,2578.330322265625,688639,0.4817,0,0.0,0.0,0.4817,0.5667,0.6667,0.7843,0.5717,0.68442,0.1746573559859431,0,-0.00508806059435607,2576.24853515625,-0.0008074167578131508,0.0
2026-05-20,ASIANPAINT,2539.963249067585,2591.5159769955762,2539.963249067585,2576.24853515625,586190,0.4094,0,0.0,0.0,0.4094,0.4817,0.5667,0.6667,0.4859333333333334,0.58176,0.1484789816775439,0,-0.0008074167578131508,2576.44677734375,7.694994671303412e-05,1.0
2026-05-21,ASIANPAINT,2602.4213727320252,2625.5210089438397,2568.515588398281,2576.44677734375,1031843,0.348,0,0.0,0.0,0.348,0.4094,0.4817,0.5667,0.41303333333333336,0.49450000000000005,0.1262277505146962,0,7.694994671303412e-05,2617.09423828125,0.015776557581137496,1.0
2026-05-22,ASIANPAINT,2583.684151755406,2641.7799681669367,2577.8347544208896,2617.09423828125,1556434,0.2958,0,0.0,0.0,0.2958,0.348,0.4094,0.4817,0.3510666666666667,0.42031999999999997,0.10729546588742865,0,0.015776557581137496,2634.939453125,0.006818713129516318,1.0
2026-05-25,ASIANPAINT,2649.0172659355308,2661.013286747998,2630.378922392816,2634.939453125,815621,0.2514,0,0.0,0.0,0.2514,0.2958,0.348,0.4094,0.29840000000000005,0.35726,0.09120486829111889,0,0.006818713129516318,2624.232177734375,-0.004063575494277938,0.0
2026-05-26,ASIANPAINT,2627.2063736290493,2641.383422468467,2613.227556107807,2624.232177734375,486267,0.2137,0,0.0,0.0,0.2137,0.2514,0.2958,0.348,0.25363333333333343,0.30366,0.07751237320583292,0,-0.004063575494277938,2648.91796875,0.009406862405344496,1.0
2026-05-27,ASIANPAINT,2622.0512104312984,2666.4659185712258,2619.275245789924,2648.91796875,858457,-0.0333,1,0.0,0.9258,-0.0333,0.2137,0.2514,0.2958,0.1439333333333334,0.21511999999999998,0.14764578219509114,0,0.009406862405344496,2648.91796875,0.0,0.0
2026-05-28,ASIANPAINT,2648.91796875,2648.91796875,2648.91796875,2648.91796875,0,-0.0283,0,0.0,0.0,-0.0283,-0.0333,0.2137,0.2514,0.05070000000000008,0.13986,0.15848735911737652,1,0.0,2648.62060546875,-0.00011225839560080608,0.0
2026-05-29,ASIANPAINT,2653.081899183728,2724.56159325931,2608.964661335609,2648.62060546875,5062328,-0.0241,0,0.0,0.0,-0.0241,-0.0283,-0.0333,0.2137,-0.02856666666666659,0.07588,0.14367617060598548,0,-0.00011225839560080608,2609.757568359375,-0.014672934669892834,0.0
2026-06-01,ASIANPAINT,2709.095901351661,2754.8984680974218,2604.106644768003,2609.757568359375,2224344,0.4474,3,0.45167810440622425,0.7975666666666666,0.4474,-0.0241,-0.0283,-0.0333,0.13166666666666674,0.11508,0.2133705743536354,0,-0.014672934669892834,2637.814208984375,0.010750669320843453,1.0
2026-06-02,ASIANPAINT,2603.511962617927,2649.1162982589444,2585.468314449159,2637.814208984375,1026319,0.3803,0,0.0,0.0,0.3803,0.4474,-0.0241,-0.0283,0.26786666666666675,0.1484,0.2435018685759932,3,0.010750669320843453,2639.49951171875,0.0006389012268699368,1.0
2026-06-03,ASIANPAINT,2629.288299864542,2652.982629371886,2602.1238332482144,2639.49951171875,958774,0.3232,0,0.0,0.0,0.3232,0.3803,0.4474,-0.0241,0.38363333333333344,0.2197,0.2287434917106939,0,0.0006389012268699368,2638.706787109375,-0.00030033140974472516,0.0
2026-06-04,ASIANPAINT,2640.9868104093725,2675.5867690885616,2622.15023574918,2638.706787109375,1840743,0.2748,0,0.0,0.0,0.2748,0.3232,0.3803,0.4474,0.32610000000000006,0.28032,0.18197007171510463,0,-0.00030033140974472516,2663.590576171875,0.009430297138000476,1.0
2026-06-05,ASIANPAINT,2643.0686735140903,2676.577994677205,2642.077274911872,2663.590576171875,1615011,0.2335,0,0.0,0.0,0.2335,0.2748,0.3232,0.3803,0.27716666666666673,0.33184,0.08470751442463849,0,0.009430297138000476,2636.3271484375,-0.010235592503694102,0.0
2026-06-08,ASIANPAINT,2620.5640072762417,2651.9912949616705,2607.477593967183,2636.3271484375,1262904,0.1985,0,0.0,0.0,0.1985,0.2335,0.2748,0.3232,0.23560000000000006,0.28206000000000003,0.07200113193554888,0,-0.010235592503694102,2684.806640625,0.01838902740740389,1.0
2026-06-09,ASIANPAINT,2643.2668941356555,2695.6127885292044,2638.6073691322094,2684.806640625,1416560,0.1687,0,0.0,0.0,0.1687,0.1985,0.2335,0.2748,0.2002333333333334,0.23973999999999998,0.06119871730682191,0,0.01838902740740389,2691.74658203125,0.0025848943090496235,1.0
2026-06-10,ASIANPAINT,2687.7809874156337,2720.397906312803,2676.7763655410236,2691.74658203125,1395772,0.1434,0,0.0,0.0,0.1434,0.1687,0.1985,0.2335,0.17020000000000005,0.20378,0.052036881151739794,0,0.0025848943090496235,2667.75439453125,-0.008913241558533014,0.0
2026-06-11,ASIANPAINT,2670.7285903296975,2683.4185408112085,2648.0256592178175,2667.75439453125,771558,0.1219,0,0.0,0.0,0.1219,0.1434,0.1687,0.1985,0.14466666666666672,0.17320000000000002,0.044204524655291615,0,-0.008913241558533014,2723.7685546875,0.020996745529152205,1.0
2026-06-12,ASIANPAINT,2702.255252386737,2729.320483944781,2686.0954059806704,2723.7685546875,1078025,0.1036,0,0.0,0.0,0.1036,0.1219,0.1434,0.1687,0.12296666666666674,0.14722,0.03758133845408218,0,0.020996745529152205,2715.73828125,-0.0029482216555001273,0.0
2026-06-15,ASIANPAINT,2796.041569265256,2808.3348153056413,2706.518225699372,2715.73828125,2752021,0.8604,1,0.0,0.9006,0.8604,0.1036,0.1219,0.1434,0.36196666666666677,0.2796,0.32558531140086827,0,-0.0029482216555001273,2724.462646484375,0.003212520622701387,1.0
2026-06-16,ASIANPAINT,2717.423619460817,2747.1655780831534,2711.4752277363496,2724.462646484375,962931,0.7313,0,0.0,0.0,0.7313,0.8604,0.1036,0.1219,0.5651,0.39211999999999997,0.3716360814022239,1,0.003212520622701387,2714.449462890625,-0.0036752875311654165,0.0
2026-06-17,ASIANPAINT,2740.2258274031,2745.083583898793,2708.9967703976017,2714.449462890625,557209,0.6216,0,0.0,0.0,0.6216,0.7313,0.8604,0.1036,0.7377666666666668,0.48776,0.3526747410858912,0,-0.0036752875311654165,2731.30322265625,0.006208905340119086,1.0
2026-06-18,ASIANPAINT,2721.3892363671166,2741.2172089453834,2704.7336909932365,2731.30322265625,600888,0.5284,0,0.0,0.0,0.5284,0.6216,0.7313,0.8604,0.6271,0.56906,0.2882132509098088,0,0.006208905340119086,2709.393310546875,-0.008021779466897527,0.0
2026-06-19,ASIANPAINT,2729.2212838160262,2729.2212838160262,2695.4147346165373,2709.393310546875,838991,0.0385,1,0.0,0.924,0.0385,0.5284,0.6216,0.7313,0.3961666666666668,0.5560400000000001,0.3147462517648152,0,-0.008021779466897527,2651.0,-0.02155217196394743,0.0
2026-06-22,ASIANPAINT,2719.1090391012117,2732.790388930441,2647.034405385191,2651.0,1033475,0.0327,0,0.0,0.0,0.0327,0.0385,0.5284,0.6216,0.19986666666666675,0.39049999999999996,0.3318482710516967,1,-0.02155217196394743,2661.199951171875,0.003847586258723057,1.0
2026-06-23,ASIANPAINT,2669.0,2695.39990234375,2650.10009765625,2661.199951171875,1182151,0.0278,0,0.0,0.0,0.0278,0.0327,0.0385,0.5284,0.03300000000000008,0.24980000000000002,0.298712780108251,0,0.003847586258723057,2667.5,0.002367371465398893,1.0
2026-06-24,ASIANPAINT,2662.0,2687.60009765625,2653.60009765625,2667.5,1264476,0.0236,0,0.0,0.0,0.0236,0.0278,0.0327,0.0385,0.028033333333333407,0.1302,0.22266999124264641,0,0.002367371465398893,2645.199951171875,-0.008359905839971926,0.0
2026-06-25,ASIANPAINT,2690.0,2690.699951171875,2637.10009765625,2645.199951171875,2050810,0.05,1,0.0,0.9013,0.05,0.0236,0.0278,0.0327,0.03380000000000007,0.03452,0.010285766864954539,0,-0.008359905839971926,2645.199951171875,0.0,0.0
2026-06-26,ASIANPAINT,2645.199951171875,2645.199951171875,2645.199951171875,2645.199951171875,0,0.0425,0,0.0,0.0,0.0425,0.05,0.0236,0.0278,0.038700000000000075,0.035320000000000004,0.010814665968036048,1,0.0,2656.89990234375,0.004423087625830213,1.0
2026-06-29,ASIANPAINT,2631.300048828125,2687.800048828125,2630.0,2656.89990234375,4752587,0.0361,0,0.0,0.0,0.0361,0.0425,0.05,0.0236,0.04286666666666674,0.036000000000000004,0.010715176153484244,0,0.004423087625830213,2635.699951171875,-0.007979205822987057,0.0
2026-06-30,ASIANPAINT,2658.0,2672.10009765625,2630.300048828125,2635.699951171875,1821479,0.0307,0,0.0,0.0,0.0307,0.0361,0.0425,0.05,0.03643333333333341,0.03658,0.010227756352211253,0,-0.007979205822987057,2716.39990234375,0.030618034171907338,1.0
2026-07-01,ASIANPAINT,2648.0,2723.0,2624.0,2716.39990234375,1097512,0.0261,0,0.0,0.0,0.0261,0.0307,0.0361,0.0425,0.030966666666666743,0.03708,0.009467417810585832,0,0.030618034171907338,2744.5,0.010344610022995804,1.0
2026-07-02,ASIANPAINT,2720.0,2759.89990234375,2711.0,2744.5,1629567,0.0222,0,0.0,0.0,0.0222,0.0261,0.0307,0.0361,0.026333333333333406,0.031520000000000006,0.00803815899321451,0,0.010344610022995804,2737.800048828125,-0.0024412283373564936,0.0
2026-07-03,ASIANPAINT,2744.0,2762.39990234375,2730.0,2737.800048828125,472124,0.0189,0,0.0,0.0,0.0189,0.0222,0.0261,0.0307,0.022400000000000073,0.0268,0.0068146900149745,0,-0.0024412283373564936,2754.89990234375,0.006245837245471675,1.0
2026-07-06,ASIANPAINT,2724.0,2758.0,2722.0,2754.89990234375,504943,0.016,0,0.0,0.0,0.016,0.0189,0.0222,0.0261,0.019033333333333406,0.02278,0.005811798344763117,0,0.006245837245471675,2731.39990234375,-0.008530255484058502,0.0
2026-07-07,ASIANPAINT,2750.0,2751.800048828125,2726.39990234375,2731.39990234375,489066,0.0136,0,0.0,0.0,0.0136,0.016,0.0189,0.0222,0.01616666666666674,0.01936,0.0049540892200473875,0,-0.008530255484058502,2665.89990234375,-0.023980377221144322,0.0
2026-07-08,ASIANPAINT,2676.60009765625,2713.10009765625,2653.300048828125,2665.89990234375,1481672,0.0116,0,0.0,0.0,0.0116,0.0136,0.016,0.0189,0.013733333333333405,0.01646,0.004210463157443416,0,-0.023980377221144322,2673.800048828125,0.0029634070196820073,1.0
2026-07-09,ASIANPAINT,2658.0,2722.800048828125,2656.0,2673.800048828125,918568,0.0098,0,0.0,0.0,0.0098,0.0116,0.0136,0.016,0.011666666666666737,0.013980000000000001,0.0035905431344278862,0,0.0029634070196820073,2677.800048828125,0.0014959981774826936,1.0
2026-07-10,ASIANPAINT,2695.0,2728.199951171875,2672.89990234375,2677.800048828125,982095,0.0084,0,0.0,0.0,0.0084,0.0098,0.0116,0.0136,0.009933333333333403,0.01188,0.003018608951186995,0,0.0014959981774826936,2652.10009765625,-0.009597412317294607,0.0
2026-07-13,ASIANPAINT,2650.5,2664.39990234375,2630.10009765625,2652.10009765625,1107802,0.0071,0,0.0,0.0,0.0071,0.0084,0.0098,0.0116,0.008433333333333405,0.0101,0.002572936066089753,0,-0.009597412317294607,2641.0,-0.004185399211010021,0.0
2026-07-14,ASIANPAINT,2604.0,2655.89990234375,2579.89990234375,2641.0,975301,0.006,0,0.0,0.0,0.006,0.0071,0.0084,0.0098,0.007166666666666738,0.00858,0.0022072607458532623,0,-0.004185399211010021,2670.0,0.010980689132904287,1.0
2026-07-15,ASIANPAINT,2644.89990234375,2684.0,2644.89990234375,2670.0,809114,0.0051,0,0.0,0.0,0.0051,0.006,0.0071,0.0084,0.006066666666666738,0.00728,0.0018726985876494086,0,0.010980689132904287,2674.699951171875,0.0017602813377808335,1.0
2026-07-16,ASIANPAINT,2688.0,2693.10009765625,2660.10009765625,2674.699951171875,455037,0.0044,0,0.0,0.0,0.0044,0.0051,0.006,0.0071,0.005166666666666739,0.0062,0.001592168332866717,0,0.0017602813377808335,2689.0,0.005346412341264539,1.0
2026-07-17,ASIANPAINT,2665.0,2700.0,2665.0,2689.0,452284,0.0037,0,0.0,0.0,0.0037,0.0044,0.0051,0.006,0.004400000000000071,0.00526,0.0013352902306926157,0,0.005346412341264539,2691.39990234375,0.0008924887853292152,1.0
2026-07-20,ASIANPAINT,2689.0,2708.5,2666.699951171875,2691.39990234375,571087,0.0032,0,0.0,0.0,0.0032,0.0037,0.0044,0.0051,0.003766666666666739,0.0044800000000000005,0.0011122050171541084,0,0.0008924887853292152,2692.39990234375,0.0003715538516328998,1.0
2026-07-21,ASIANPAINT,2695.0,2720.0,2680.5,2692.39990234375,1000078,0.0027,0,0.0,0.0,0.0027,0.0032,0.0037,0.0044,0.003200000000000072,0.0038200000000000005,0.000952365476160523,0,0.0003715538516328998,2692.800048828125,0.00014862074687593818,1.0
2026-07-22,ASIANPAINT,2683.0,2700.0,2665.60009765625,2692.800048828125,528096,0.0023,0,0.0,0.0,0.0023,0.0027,0.0032,0.0037,0.0027333333333334053,0.0032600000000000003,0.0008264381405660046,0,0.00014862074687593818,2668.800048828125,-0.008912655809867664,0.0
2026-07-23,ASIANPAINT,2671.10009765625,2693.39990234375,2656.0,2668.800048828125,584245,0.7295,1,0.0,0.8346,0.7295,0.0023,0.0027,0.0032,0.24483333333333343,0.14828000000000002,0.32491228354742185,0,-0.008912655809867664,2637.89990234375,-0.011578292085966946,0.0
2026-07-24,ASIANPAINT,2620.10009765625,2657.10009765625,2620.10009765625,2637.89990234375,645563,0.6201,0,0.0,0.0,0.6201,0.7295,0.0023,0.0027,0.4506333333333334,0.27156,0.3701327167381996,1,-0.011578292085966946,2710.199951171875,0.027408185111151173,1.0
2026-07-27,ASIANPAINT,2665.800048828125,2723.89990234375,2664.300048828125,2710.199951171875,715239,-0.5282,1,0.0,0.755,-0.5282,0.6201,0.7295,0.0023,0.2738000000000001,0.16528000000000004,0.5145664893869404,0,0.027408185111151173,2736.199951171875,0.009593388114687906,1.0
2026-07-28,ASIANPAINT,2712.0,2749.800048828125,2706.300048828125,2736.199951171875,1282146,0.9388,1,0.0,0.9544,0.9388,-0.5282,0.6201,0.7295,0.34356666666666674,0.3525,0.60327418724822,1,0.009593388114687906,2758.39990234375,0.008113424299407423,1.0
2026-07-29,ASIANPAINT,2746.199951171875,2864.0,2718.5,2758.39990234375,3803474,0.5616,14,0.42117645306377777,0.8465357142857143,0.5616,0.9388,-0.5282,0.6201,0.3240666666666667,0.46436,0.5732099205352262,1,0.008113424299407423,2746.199951171875,-0.004422836283277443,0.0
2026-07-30,ASIANPAINT,2758.10009765625,2767.89990234375,2666.199951171875,2746.199951171875,2387024,-0.3987,4,0.5700035146090475,0.89435,-0.3987,0.5616,0.9388,-0.5282,0.36723333333333336,0.23872,0.6584612266489199,14,-0.004422836283277443,2747.300048828125,0.00040058905972251146,1.0
2026-07-31,ASIANPAINT,2773.89990234375,2774.89990234375,2732.39990234375,2747.300048828125,891738,-0.3389,0,0.0,0.0,-0.3389,-0.3987,0.5616,0.9388,-0.05866666666666659,0.046919999999999996,0.6592690475064034,4,0.00040058905972251146,2810.0,0.022822389275834576,1.0
2026-08-03,ASIANPAINT,2770.89990234375,2810.0,2762.10009765625,2810.0,1040453,0.9286,1,0.0,0.9488,0.9286,-0.3389,-0.3987,0.5616,0.06366666666666672,0.33827999999999997,0.6634542312774865,0,0.022822389275834576,2775.0,-0.01245551601423489,0.0
2026-08-04,ASIANPAINT,2774.89990234375,2807.300048828125,2732.39990234375,2775.0,820097,0.7893,0,0.0,0.0,0.7893,0.9286,-0.3389,-0.3987,0.45966666666666683,0.30838,0.6322599916173729,1,-0.01245551601423489,2760.0,-0.00540540540540535,0.0
2026-08-05,ASIANPAINT,2787.0,2787.0,2748.699951171875,2760.0,688876,0.6709,0,0.0,0.0,0.6709,0.7893,0.9286,-0.3389,0.7962666666666668,0.33024,0.6449654781459241,0,-0.00540540540540535,2755.0,-0.0018115942028985588,0.0
2026-08-06,ASIANPAINT,2788.0,2788.0,2741.60009765625,2755.0,797083,0.5703,0,0.0,0.0,0.5703,0.6709,0.7893,0.9286,0.6768333333333335,0.5240400000000001,0.5006008769468953,0,-0.0018115942028985588,2735.0,-0.007259528130671544,0.0
2026-08-07,ASIANPAINT,2755.0,2755.0,2695.0,2735.0,1067986,0.4847,0,0.0,0.0,0.4847,0.5703,0.6709,0.7893,0.5753000000000001,0.68876,0.17580084755199737,0,-0.007259528130671544,2750.0,0.005484460694698434,1.0
2026-08-10,ASIANPAINT,2724.699951171875,2761.5,2713.5,2750.0,977656,0.412,0,0.0,0.0,0.412,0.4847,0.5703,0.6709,0.48900000000000005,0.58544,0.14943352368193896,0,0.005484460694698434,2735.5,-0.005272727272727318,0.0
2026-08-11,ASIANPAINT,2742.10009765625,2747.60009765625,2720.0,2735.5,951134,0.3502,0,0.0,0.0,0.3502,0.412,0.4847,0.5703,0.41563333333333335,0.49762000000000006,0.12702234842735588,0,-0.005272727272727318,2740.0,0.001645037470297872,1.0
2026-08-12,ASIANPAINT,2733.199951171875,2748.39990234375,2698.199951171875,2740.0,648174,0.2977,0,0.0,0.0,0.2977,0.3502,0.412,0.4847,0.3533000000000001,0.42298,0.10796423944992425,0,0.001645037470297872,2755.5,0.005656934306569328,1.0
2026-08-13,ASIANPAINT,2725.0,2755.5,2720.0,2755.5,579435,0.253,0,0.0,0.0,0.253,0.2977,0.3502,0.412,0.30030000000000007,0.35952,0.09175956080976287,0,0.005656934306569328,2696.300048828125,-0.021484286398793295,0.0
2026-08-14,ASIANPAINT,2751.0,2751.0,2690.300048828125,2696.300048828125,667311,0.0744,1,0.0,0.8846,0.0744,0.253,0.2977,0.3502,0.20836666666666673,0.27746,0.12809511309960486,0,-0.021484286398793295,2687.5,-0.0032637498307911406,0.0
2026-08-17,ASIANPAINT,2694.5,2714.60009765625,2687.5,2687.5,312900,0.0632,0,0.0,0.0,0.0632,0.0744,0.253,0.2977,0.13020000000000007,0.2077,0.13144150790370807,1,-0.0032637498307911406,2628.39990234375,-0.021990734011627877,0.0
2026-08-18,ASIANPAINT,2663.10009765625,2670.10009765625,2610.10009765625,2628.39990234375,1017022,0.0538,0,0.0,0.0,0.0538,0.0632,0.0744,0.253,0.06380000000000008,0.14841999999999997,0.11717065332241064,0,-0.021990734011627877,2630.800048828125,0.0009131587937720731,1.0
2026-08-19,ASIANPAINT,2625.0,2634.89990234375,2601.0,2630.800048828125,742443,0.0457,0,0.0,0.0,0.0457,0.0538,0.0632,0.0744,0.05423333333333341,0.09801999999999997,0.08729537215683618,0,0.0009131587937720731,2625.199951171875,-0.002128667155356201,0.0
2026-08-20,ASIANPAINT,2635.10009765625,2641.800048828125,2607.0,2625.199951171875,476939,0.0388,0,0.0,0.0,0.0388,0.0457,0.0538,0.0632,0.04610000000000008,0.05517999999999997,0.014087299244373372,0,-0.002128667155356201,2640.0,0.0056376844062937526,1.0
2026-08-21,ASIANPAINT,2620.199951171875,2644.0,2615.5,2640.0,330334,0.033,0,0.0,0.0,0.033,0.0388,0.0457,0.0538,0.03916666666666674,0.04689999999999998,0.011974556359236091,0,0.0056376844062937526,,,
2026-02-23,AXISBANK,1379.4361742227843,1400.9196061284633,1379.1363566149982,1385.63134765625,6160153,0.0,0,0.0,0.0,0.0,0.0,0.0,0.0,0.0,0.0,0.0,0,0.0,1386.5306396484375,0.0006490124474367587,1.0
2026-02-24,AXISBANK,1396.9226494184725,1396.9226494184725,1382.4338236555484,1386.5306396484375,7888492,0.0,0,0.0,0.0,0.0,0.0,0.0,0.0,0.0,0.0,0.0,0,0.0006490124474367587,1401.9188232421875,0.01109833649089187,1.0
2026-02-25,AXISBANK,1392.9257588022874,1403.2178702295591,1386.5306663608878,1401.9188232421875,4379373,0.0,0,0.0,0.0,0.0,0.0,0.0,0.0,0.0,0.0,0.0,0,0.01109833649089187,1394.424560546875,-0.005345718005255629,0.0
2026-02-26,AXISBANK,1401.918780685966,1404.616651145543,1384.9318817040264,1394.424560546875,8979547,-0.9364,1,0.0,0.9532,-0.9364,0.0,0.0,0.0,-0.3121333333333333,-0.2341,0.4682,0,-0.005345718005255629,1382.83349609375,-0.008312435667784834,0.0
2026-02-27,AXISBANK,1385.9310826257845,1394.4245319425252,1379.935706637497,1382.83349609375,5840317,-0.7959,0,0.0,0.0,-0.7959,-0.9364,0.0,0.0,-0.5774333333333334,-0.34646,0.47700343604632456,1,-0.008312435667784834,1371.2425537109375,-0.00838202315430947,0.0
2026-03-02,AXISBANK,1368.0449464468218,1383.6329006836204,1352.5568907547233,1371.2425537109375,5132511,-0.6765,0,0.0,0.0,-0.6765,-0.7959,-0.9364,0.0,-0.8029333333333334,-0.4817600000000001,0.4493023848145033,0,-0.00838202315430947,1350.2586669921875,-0.015302826375947931,0.0
2026-03-04,AXISBANK,1343.4638586340375,1356.5537387000065,1325.977345040809,1350.2586669921875,5832353,-0.5751,0,0.0,0.0,-0.5751,-0.6765,-0.7959,-0.9364,-0.6825000000000001,-0.5967800000000001,0.3598479498343711,0,-0.015302826375947931,1348.060302734375,-0.001628106015204911,0.0
2026-03-05,AXISBANK,1353.8558818023537,1354.7552126199696,1334.2710107771431,1348.060302734375,6057499,-0.4888,0,0.0,0.0,-0.4888,-0.5751,-0.6765,-0.7959,-0.5801333333333334,-0.69454,0.17726421804752374,0,-0.001628106015204911,1314.7860107421875,-0.02468308867540625,0.0
2026-03-06,AXISBANK,1345.9619172738485,1346.8612480726197,1312.4877344760207,1314.7860107421875,11629935,-0.4155,0,0.0,0.0,-0.4155,-0.4888,-0.5751,-0.6765,-0.49313333333333337,-0.59036,0.15065698788970935,0,-0.02468308867540625,1287.3072509765625,-0.020899796271876547,0.0
2026-03-09,AXISBANK,1281.21185421577,1290.005121495157,1259.8284431987802,1287.3072509765625,7926265,-0.3532,0,0.0,0.0,-0.3532,-0.4155,-0.4888,-0.5751,-0.4191666666666667,-0.50182,0.12805431269582457,0,-0.020899796271876547,1313.686767578125,0.020492012751074595,1.0
2026-03-10,AXISBANK,1294.2017954025807,1318.483117211831,1283.609988769071,1313.686767578125,6289277,-0.3002,0,0.0,0.0,-0.3002,-0.3532,-0.4155,-0.4888,-0.3563,-0.42656,0.10886782352926877,0,0.020492012751074595,1254.832275390625,-0.04480100861181879,0.0
2026-03-11,AXISBANK,1308.9904577529614,1316.4846779309364,1251.7345668027367,1254.832275390625,6859908,-0.9456,1,0.0,0.9595,-0.9456,-0.3002,-0.3532,-0.4155,-0.533,-0.5006600000000001,0.2585020077291471,0,-0.04480100861181879,1233.5487060546875,-0.016961286184093427,0.0
2026-03-12,AXISBANK,1242.2419531270289,1250.1358898575004,1230.8508354394771,1233.5487060546875,9663320,-0.8038,0,0.0,0.0,-0.8038,-0.9456,-0.3002,-0.3532,-0.6831999999999999,-0.56366,0.2912049759190252,1,-0.016961286184093427,1196.3773193359375,-0.030133700060889224,0.0
2026-03-13,AXISBANK,1223.0566935167647,1233.548601426835,1193.3796313616317,1196.3773193359375,9098187,-0.6832,0,0.0,0.0,-0.6832,-0.8038,-0.9456,-0.3002,-0.8108666666666666,-0.6172,0.28160571727150724,0,-0.030133700060889224,1213.763916015625,0.014532703352599707,1.0
2026-03-16,AXISBANK,1198.2758601545113,1218.9599821354238,1179.1906028112269,1213.763916015625,8743794,-0.5807,0,0.0,0.0,-0.5807,-0.6832,-0.8038,-0.9456,-0.6892333333333333,-0.6627000000000001,0.24417827503690837,0,0.014532703352599707,1227.153564453125,0.011031509720155208,1.0
2026-03-17,AXISBANK,1218.7600133529452,1231.3504009913356,1209.0675372579854,1227.153564453125,5707317,-0.4936,0,0.0,0.0,-0.4936,-0.5807,-0.6832,-0.8038,-0.5858333333333333,-0.70138,0.17902511555644943,0,0.011031509720155208,1252.2342529296875,0.020438100986765795,1.0
2026-03-18,AXISBANK,1227.0537204854681,1259.0290617359037,1223.25659992148,1252.2342529296875,6018952,-0.4196,0,0.0,0.0,-0.4196,-0.4936,-0.5807,-0.6832,-0.49796666666666667,-0.59618,0.15216876157740142,0,0.020438100986765795,1206.06982421875,-0.03686564922092861,0.0
2026-03-19,AXISBANK,1220.0590351044686,1240.543236758557,1201.0736774738505,1206.06982421875,8264698,-0.3566,0,0.0,0.0,-0.3566,-0.4196,-0.4936,-0.5807,-0.4232666666666667,-0.50674,0.12934089840417845,0,-0.03686564922092861,1202.9722900390625,-0.0025682876044875735,0.0
2026-03-20,AXISBANK,1207.6686193933658,1230.850814485364,1198.7754534047704,1202.9722900390625,7518686,-0.3031,0,0.0,0.0,-0.3031,-0.3566,-0.4196,-0.4936,-0.3597666666666666,-0.43072,0.10994565475724806,0,-0.0025682876044875735,1169.6978759765625,-0.027660166687147436,0.0
2026-03-23,AXISBANK,1180.0898858184764,1184.1867018397022,1164.1022159005292,1169.6978759765625,6697446,-0.2577,0,0.0,0.0,-0.2577,-0.3031,-0.3566,-0.4196,-0.30579999999999996,-0.36611999999999995,0.09344558309518948,0,-0.027660166687147436,1191.78076171875,0.018879136395584917,1.0
2026-03-24,AXISBANK,1186.0852033826384,1201.8730754363555,1168.698588811437,1191.78076171875,8274701,-0.219,0,0.0,0.0,-0.219,-0.2577,-0.3031,-0.3566,-0.2599333333333333,-0.31120000000000003,0.07943616934369346,0,0.018879136395584917,1221.158203125,0.02465003828714507,1.0
2026-03-25,AXISBANK,1199.0752581820623,1238.0452040729795,1197.0767994184255,1221.158203125,9645791,-0.1862,0,0.0,0.0,-0.1862,-0.219,-0.2577,-0.3031,-0.22096666666666667,-0.26452,0.067490273373279,0,0.02465003828714507,1204.271240234375,-0.01382864468126288,0.0
2026-03-27,AXISBANK,1208.5679755024764,1212.5648931560606,1201.0737549020064,1204.271240234375,9479301,-0.1582,0,0.0,0.0,-0.1582,-0.1862,-0.219,-0.2577,-0.1878,-0.22484,0.057385651516732986,0,-0.01382864468126288,1160.4051513671875,-0.03642542261380444,0.0
2026-03-30,AXISBANK,1184.1867379087505,1187.883959875634,1153.0108294096656,1160.4051513671875,18534887,-0.1345,0,0.0,0.0,-0.1345,-0.1582,-0.1862,-0.219,-0.15963333333333335,-0.19112,0.04879535838581277,0,-0.03642542261380444,1192.1805419921875,0.027383014102929648,1.0
2026-04-01,AXISBANK,1174.0945147139696,1207.0690840633831,1174.0945147139696,1192.1805419921875,6595695,-0.1143,0,0.0,0.0,-0.1143,-0.1345,-0.1582,-0.1862,-0.13566666666666669,-0.16244,0.04147183381525226,0,0.027383014102929648,1196.9769287109375,0.004023205001093988,1.0
2026-04-02,AXISBANK,1173.694834782652,1201.3735624884298,1149.4136334255566,1196.9769287109375,9501543,0.0375,1,0.0,0.9225,0.0375,-0.1143,-0.1345,-0.1582,-0.07043333333333333,-0.11114000000000002,0.08731862916926655,0,0.004023205001093988,1244.34033203125,0.039569186493276565,1.0
2026-04-06,AXISBANK,1201.1735518383607,1248.8368640111612,1195.4779934543012,1244.34033203125,7847086,0.0319,0,0.0,0.0,0.0319,0.0375,-0.1143,-0.1345,-0.014966666666666668,-0.06752,0.0946190889831427,1,0.039569186493276565,1249.1365966796875,0.003854463706571387,1.0
2026-04-07,AXISBANK,1236.846148755743,1254.5324596108962,1220.0590467422576,1249.1365966796875,9248545,0.0271,0,0.0,0.0,0.0271,0.0319,0.0375,-0.1143,0.03216666666666666,-0.030460000000000004,0.08613064495288461,0,0.003854463706571387,1331.9727783203125,0.0663147504130539,1.0
2026-04-08,AXISBANK,1299.0981069582683,1334.5707503418926,1299.0981069582683,1331.9727783203125,13519723,0.0223,1,0.0,0.9365,0.0223,0.0271,0.0319,0.0375,0.027100000000000003,0.0008999999999999994,0.06464518543557485,0,0.0663147504130539,1317.48388671875,-0.01087776855307343,0.0
2026-04-09,AXISBANK,1321.281007006804,1337.5683720869056,1311.788328262907,1317.48388671875,6542529,0.019,0,0.0,0.0,0.019,0.0223,0.0271,0.0319,0.0228,0.027559999999999994,0.0073958096243650516,1,-0.01087776855307343,1349.759033203125,0.02449756449375462,1.0
2026-04-10,AXISBANK,1327.775987854385,1357.552948822845,1325.077995466752,1349.759033203125,6755589,0.0161,0,0.0,0.0,0.0161,0.019,0.0223,0.0271,0.019133333333333336,0.023280000000000002,0.006319177161613041,0,0.02449756449375462,1352.556884765625,0.0020728526304880646,1.0
2026-04-13,AXISBANK,1316.9843426965365,1365.846684510496,1314.286472120357,1352.556884765625,8974851,0.0137,0,0.0,0.0,0.0137,0.0161,0.019,0.0223,0.01626666666666667,0.019639999999999998,0.005266687763656847,0,0.0020728526304880646,1354.4554443359375,0.0014036818648417437,1.0
2026-04-15,AXISBANK,1365.946582373461,1383.4330967783883,1347.9604532712501,1354.4554443359375,6789879,0.0116,0,0.0,0.0,0.0116,0.0137,0.0161,0.019,0.013800000000000002,0.01654,0.0042394575124482066,0,0.0014036818648417437,1348.5599365234375,-0.004352677555510498,0.0
2026-04-16,AXISBANK,1360.950405135781,1363.448478566647,1341.9650470611996,1348.5599365234375,5232398,0.0099,0,0.0,0.0,0.0099,0.0116,0.0137,0.0161,0.011733333333333337,0.01406,0.003607353600612802,0,-0.004352677555510498,1358.0526123046875,0.007039120415902378,1.0
2026-04-17,AXISBANK,1351.957337543237,1363.248678214176,1343.0641717554277,1358.0526123046875,4062181,0.0084,0,0.0,0.0,0.0084,0.0099,0.0116,0.0137,0.009966666666666669,0.011940000000000001,0.0030500819660879068,0,0.007039120415902378,1353.656005859375,-0.00323743454817349,0.0
2026-04-20,AXISBANK,1358.4523557219322,1372.941181877113,1346.9612177367892,1353.656005859375,4878641,0.0071,0,0.0,0.0,0.0071,0.0084,0.0099,0.0116,0.00846666666666667,0.010140000000000001,0.0026044193210493414,0,-0.00323743454817349,1376.6383056640625,0.016977946912071662,1.0
2026-04-21,AXISBANK,1359.9512233524406,1379.236399704072,1353.656029295873,1376.6383056640625,5145338,0.0061,0,0.0,0.0,0.0061,0.0071,0.0084,0.0099,0.007200000000000002,0.008620000000000001,0.0021924871721073955,0,0.016977946912071662,1378.536865234375,0.0013791273731822429,1.0
2026-04-22,AXISBANK,1368.944287324286,1389.928104867213,1364.947369697062,1378.536865234375,3997911,0.0052,0,0.0,0.0,0.0052,0.0061,0.0071,0.0084,0.006133333333333335,0.007340000000000002,0.0018609137540079067,0,0.0013791273731822429,1368.5445556640625,-0.00724848919336929,0.0
2026-04-23,AXISBANK,1367.945042422019,1383.1332804429271,1364.347840993514,1368.5445556640625,5671255,0.0044,0,0.0,0.0,0.0044,0.0052,0.0061,0.0071,0.0052333333333333355,0.006240000000000001,0.0015725775020189207,0,-0.00724848919336929,1364.847412109375,-0.0027015149337930033,0.0
2026-04-24,AXISBANK,1367.9449987412254,1373.9403749227063,1348.9596408332025,1364.847412109375,3648313,-0.4958,1,0.0,0.5246,-0.4958,0.0044,0.0052,0.0061,-0.16206666666666666,-0.0946,0.2242798809523491,0,-0.0027015149337930033,1323.179443359375,-0.030529397191442875,0.0
2026-04-27,AXISBANK,1323.9788756219436,1326.2771518946506,1298.8982435808812,1323.179443359375,10768267,-0.6229,3,0.5462201845409963,0.9536666666666666,-0.6229,-0.4958,0.0044,0.0052,-0.37143333333333334,-0.2206,0.31248354356669716,1,-0.030529397191442875,1288.0067138671875,-0.02658197999425438,0.0
2026-04-28,AXISBANK,1310.9889903752908,1320.3817712564608,1284.5094109203021,1288.0067138671875,9939787,-0.5295,0,0.0,0.0,-0.5295,-0.6229,-0.4958,0.0044,-0.5494,-0.32771999999999996,0.3070979925040213,3,-0.02658197999425438,1295.4010009765625,0.005740876215756696,1.0
2026-04-29,AXISBANK,1294.0020554402972,1308.1910639372534,1278.014385257251,1295.4010009765625,6228275,-0.45,0,0.0,0.0,-0.45,-0.5295,-0.6229,-0.4958,-0.5341333333333333,-0.41875999999999997,0.24490404855779735,0,0.005740876215756696,1267.3226318359375,-0.02167542646598053,0.0
2026-04-30,AXISBANK,1287.0074012162179,1287.0074012162179,1256.3311089994636,1267.3226318359375,16481853,-0.3825,0,0.0,0.0,-0.3825,-0.45,-0.5295,-0.6229,-0.454,-0.49614,0.08975529510842234,0,-0.02167542646598053,1267.3226318359375,0.0,0.0
2026-05-01,AXISBANK,1267.3226318359375,1267.3226318359375,1267.3226318359375,1267.3226318359375,0,-0.3252,0,0.0,0.0,-0.3252,-0.3825,-0.45,-0.5295,-0.38589999999999997,-0.46202,0.11792322502374149,0,0.0,1274.1173095703125,0.005361442748427647,1.0
2026-05-04,AXISBANK,1267.3226232305547,1293.4024846611255,1263.525502940515,1274.1173095703125,9759479,-0.2764,0,0.0,0.0,-0.2764,-0.3252,-0.3825,-0.45,-0.32803333333333334,-0.39272,0.10022912251436676,0,0.005361442748427647,1258.729248046875,-0.012077429140827767,0.0
2026-05-05,AXISBANK,1267.0229010000714,1272.7184598875697,1251.0352303249917,1258.729248046875,10163714,-0.2349,0,0.0,0.0,-0.2349,-0.2764,-0.3252,-0.3825,-0.2788333333333333,-0.3338,0.08518224580274884,0,-0.012077429140827767,1293.20263671875,0.027387453437954346,1.0
2026-05-06,AXISBANK,1274.0174810881558,1299.9974454083847,1254.2326902384063,1293.20263671875,7277673,-0.1997,0,0.0,0.0,-0.1997,-0.2349,-0.2764,-0.3252,-0.23700000000000002,-0.28374,0.07241272678196775,0,0.027387453437954346,1291.7037353515625,-0.0011590614839687152,0.0
2026-05-07,AXISBANK,1297.9989290636138,1307.0918917772797,1280.212597796342,1291.7037353515625,6785048,-0.1697,0,0.0,0.0,-0.1697,-0.1997,-0.2349,-0.2764,-0.20143333333333333,-0.24118,0.06158170994702807,0,-0.0011590614839687152,1267.3226318359375,-0.01887515135890605,0.0
2026-05-08,AXISBANK,1279.0135664260551,1281.0120251235958,1263.625410059744,1267.3226318359375,6358595,0.2587,1,0.0,0.7166,0.2587,-0.1697,-0.1997,-0.2349,-0.03690000000000001,-0.12439999999999998,0.21783137974130326,0,-0.01887515135890605,1271.319580078125,0.0031538521776395267,1.0
2026-05-11,AXISBANK,1257.7299630241207,1282.011285578894,1250.735357413012,1271.319580078125,7341360,0.2199,0,0.0,0.0,0.2199,0.2587,-0.1697,-0.1997,0.10296666666666665,-0.02513999999999999,0.24288772714980852,1,0.0031538521776395267,1259.12890625,-0.009588992428934295,0.0
2026-05-12,AXISBANK,1269.421017563825,1273.0182189048855,1255.9314210526663,1259.12890625,5727828,0.1869,0,0.0,0.0,0.1869,0.2199,0.2587,-0.1697,0.22183333333333333,0.05922000000000001,0.2243637938705793,0,-0.009588992428934295,1254.7322998046875,-0.0034917842196210414,0.0
2026-05-13,AXISBANK,1255.1320159570741,1274.3172934854406,1246.538667573858,1254.7322998046875,6045406,0.1589,0,0.0,0.0,0.1589,0.1869,0.2199,0.2587,0.1885666666666667,0.13094,0.17214397462589212,0,-0.0034917842196210414,1253.6331787109375,-0.0008759805529203746,0.0
2026-05-14,AXISBANK,1255.631637507536,1268.022106441695,1234.8477392086593,1253.6331787109375,5822618,0.135,0,0.0,0.0,0.135,0.1589,0.1869,0.2199,0.1602666666666667,0.19188,0.0489843036083986,0,-0.0008759805529203746,1243.8408203125,-0.007811183179202819,0.0
2026-05-15,AXISBANK,1258.6293424179842,1262.4264629724478,1241.0429291696062,1243.8408203125,4805485,0.1148,0,0.0,0.0,0.1148,0.135,0.1589,0.1869,0.13623333333333335,0.16310000000000002,0.041631778727310956,0,-0.007811183179202819,1236.946044921875,-0.005543133235402897,0.0
2026-05-18,AXISBANK,1238.0451728188796,1241.0428608886589,1221.1581722972078,1236.946044921875,6052023,0.0976,0,0.0,0.0,0.0976,0.1148,0.135,0.1589,0.11580000000000001,0.13864000000000004,0.03537432684871597,0,-0.005543133235402897,1237.3458251953125,0.0003231994435639596,1.0
2026-05-19,AXISBANK,1237.5456222864914,1248.8369633917555,1230.351219336608,1237.3458251953125,9200314,0.0829,0,0.0,0.0,0.0829,0.0976,0.1148,0.135,0.09843333333333333,0.11784000000000001,0.030083600183485246,0,0.0003231994435639596,1248.8369140625,0.00928688539064959,1.0
2026-05-20,AXISBANK,1233.0490412431207,1253.1335271630967,1225.6547195178894,1248.8369140625,3562641,0.0705,0,0.0,0.0,0.0705,0.0829,0.0976,0.1148,0.08366666666666667,0.10016,0.025555488647251472,0,0.00928688539064959,1252.334228515625,0.0028004573005038225,1.0
2026-05-21,AXISBANK,1255.9314298819743,1261.726887089914,1243.8407788007414,1252.334228515625,5171528,0.0599,0,0.0,0.0,0.0599,0.0705,0.0829,0.0976,0.0711,0.08514000000000002,0.021744953437517485,0,0.0028004573005038225,1284.409423828125,0.02561232822847792,1.0
2026-05-22,AXISBANK,1253.1334965544734,1287.8068279947058,1253.1334965544734,1284.409423828125,5016900,0.0509,0,0.0,0.0,0.0509,0.0599,0.0705,0.0829,0.06043333333333333,0.07236000000000001,0.018489131942841658,0,0.02561232822847792,1310.189453125,0.020071504318333933,1.0
2026-05-25,AXISBANK,1299.39784951034,1313.4869587156177,1292.9028588434312,1310.189453125,5671455,0.0433,0,0.0,0.0,0.0433,0.0509,0.0599,0.0705,0.05136666666666667,0.06150000000000002,0.015693310676839708,0,0.020071504318333933,1298.298828125,-0.009075500471812714,0.0
2026-05-26,AXISBANK,1308.7907369859347,1315.985139985791,1290.50478989495,1298.298828125,6455265,0.0368,0,0.0,0.0,0.0368,0.0433,0.0509,0.0599,0.043666666666666666,0.052280000000000014,0.013343612704204744,0,-0.009075500471812714,1303.094970703125,0.0036941746185288338,1.0
2026-05-27,AXISBANK,1295.3010549602839,1313.4869803364859,1292.103447855121,1303.094970703125,7243174,0.0313,0,0.0,0.0,0.0313,0.0368,0.0433,0.0509,0.03713333333333333,0.04444000000000001,0.011325546344429347,0,0.0036941746185288338,1303.094970703125,0.0,0.0
2026-05-28,AXISBANK,1303.094970703125,1303.094970703125,1303.094970703125,1303.094970703125,0,0.0266,0,0.0,0.0,0.0266,0.0313,0.0368,0.0433,0.031566666666666666,0.037780000000000015,0.009624811686460117,0,0.0,1285.6085205078125,-0.013419167895243445,0.0
2026-05-29,AXISBANK,1295.1011997994176,1311.5884848848368,1276.4156588264402,1285.6085205078125,15215715,0.0226,0,0.0,0.0,0.0226,0.0266,0.0313,0.0368,0.026833333333333334,0.03212000000000001,0.00819554757168923,0,-0.013419167895243445,1274.916748046875,-0.008316507156248654,0.0
2026-06-01,AXISBANK,1288.0066280954209,1292.2033425617142,1266.0235824646225,1274.916748046875,4311076,-0.9563,1,0.0,0.964,-0.9563,0.0226,0.0266,0.0313,-0.3023666666666667,-0.1678,0.4408167816678488,0,-0.008316507156248654,1250.1358642578125,-0.019437256453824103,0.0
2026-06-02,AXISBANK,1262.0267183828762,1274.8169033533427,1243.9406908361375,1250.1358642578125,11884695,-0.8129,0,0.0,0.0,-0.8129,-0.9563,0.0226,0.0266,-0.5821999999999999,-0.33774,0.501789939117954,1,-0.019437256453824103,1254.232666015625,0.003277085215249498,1.0
2026-06-03,AXISBANK,1244.1404736967706,1263.8253656219047,1229.3519520935338,1254.232666015625,7953326,-0.6909,0,0.0,0.0,-0.6909,-0.8129,-0.9563,0.0226,-0.8200333333333333,-0.48217999999999994,0.4720671212867933,0,0.003277085215249498,1252.334228515625,-0.0015136246658531416,0.0
2026-06-04,AXISBANK,1245.0398052641103,1258.929118016639,1243.1412450502407,1252.334228515625,6392593,-0.5873,0,0.0,0.0,-0.5873,-0.6909,-0.8129,-0.9563,-0.6970333333333333,-0.6049599999999999,0.37689784822946404,0,-0.0015136246658531416,1271.319580078125,0.015159971779261427,1.0
2026-06-05,AXISBANK,1259.0290099995375,1275.0166799677856,1251.1350735574667,1271.319580078125,7825303,-0.4992,0,0.0,0.0,-0.4992,-0.5873,-0.6909,-0.8129,-0.5924666666666667,-0.70932,0.18104317717053067,0,0.015159971779261427,1267.1226806640625,-0.003301215115246281,0.0
2026-06-08,AXISBANK,1261.0274061863013,1278.2141017590434,1261.0274061863013,1267.1226806640625,5034388,-0.4243,0,0.0,0.0,-0.4243,-0.4992,-0.5873,-0.6909,-0.5035999999999999,-0.6029199999999999,0.15389851201359975,0,-0.003301215115246281,1291.404052734375,0.019162605516292563,1.0
2026-06-09,AXISBANK,1274.916768250008,1297.3994289105083,1270.520134658929,1291.404052734375,7533504,-0.3607,0,0.0,0.0,-0.3607,-0.4243,-0.4992,-0.5873,-0.42806666666666665,-0.5124799999999999,0.13078701005833898,0,0.019162605516292563,1313.487060546875,0.017099998846791697,1.0
2026-06-10,AXISBANK,1282.5109488108894,1325.477813476934,1282.5109488108894,1313.487060546875,12262606,0.00825,2,0.01760695885154503,0.8806,0.0082,-0.3607,-0.4243,-0.4992,-0.25893333333333335,-0.37266,0.2290997446528477,0,0.017099998846791697,1316.284912109375,0.002130094499244617,1.0
2026-06-11,AXISBANK,1307.7914623726329,1338.4677555724868,1306.2926183014429,1316.284912109375,8196686,0.007,0,0.0,0.0,0.007,0.0082,-0.3607,-0.4243,-0.11516666666666668,-0.2537999999999999,0.24360811768083585,2,0.002130094499244617,1355.2548828125,0.029606030081036794,1.0
2026-06-12,AXISBANK,1330.9735596234657,1357.4531387000588,1317.4839627353902,1355.2548828125,8535670,0.006,0,0.0,0.0,0.006,0.007,0.0082,-0.3607,0.007066666666666666,-0.15275999999999998,0.22000518857517873,0,0.029606030081036794,1367.24560546875,0.008847577535648687,1.0
2026-06-15,AXISBANK,1370.9427053735023,1376.9380816360685,1359.5514660793779,1367.24560546875,7522828,0.0051,0,0.0,0.0,0.0051,0.006,0.007,0.0082,0.006033333333333334,-0.06687999999999998,0.1642544276419967,0,0.008847577535648687,1364.6474609375,-0.0019002763811108991,0.0
2026-06-16,AXISBANK,1362.4492051798502,1370.4430399003772,1348.1601768264127,1364.6474609375,7709061,0.0043,0,0.0,0.0,0.0043,0.0051,0.006,0.007,0.0051333333333333335,0.006120000000000023,0.0015385057685611233,0,-0.0019002763811108991,1349.8590087890625,-0.010836829710054174,0.0
2026-06-17,AXISBANK,1363.048787960663,1364.647530591123,1348.2602661586025,1349.8590087890625,4761917,0.0037,0,0.0,0.0,0.0037,0.0043,0.0051,0.006,0.004366666666666667,0.005220000000000022,0.0013179529581499277,0,-0.010836829710054174,1359.0518798828125,0.006810245391477343,1.0
2026-06-18,AXISBANK,1346.561512407277,1364.8474591819588,1343.9635403676145,1359.0518798828125,5186573,0.0031,0,0.0,0.0,0.0031,0.0037,0.0043,0.0051,0.0036999999999999997,0.004440000000000022,0.0011436782763943716,0,0.006810245391477343,1356.8536376953125,-0.0016174821727111821,0.0
2026-06-19,AXISBANK,1355.7545097416184,1361.9496832815275,1349.4593156798994,1356.8536376953125,4640277,-0.2772,1,0.0,0.6767,-0.2772,0.0031,0.0037,0.0043,-0.09013333333333334,-0.05219999999999998,0.12578100015503102,0,-0.0016174821727111821,1357.552978515625,0.0005154136016471966,1.0
2026-06-22,AXISBANK,1359.9511533650066,1365.0471986847929,1354.1555743103543,1357.552978515625,3153284,-0.2356,0,0.0,0.0,-0.2356,-0.2772,0.0031,0.0037,-0.16990000000000002,-0.10033999999999998,0.14322046990566653,1,0.0005154136016471966,1362.44921875,0.00360666604682236,1.0
2026-06-23,AXISBANK,1357.5529705396623,1370.8427696854017,1355.0548971646165,1362.44921875,5745853,-0.2003,0,0.0,0.0,-0.2003,-0.2356,-0.2772,0.0031,-0.23770000000000002,-0.14126,0.13483198062774257,0,0.00360666604682236,1383.43310546875,0.015401591802446823,1.0
2026-06-24,AXISBANK,1354.9550675446912,1385.0318481148515,1354.9550675446912,1383.43310546875,8343829,0.0751,1,0.0,0.9034,0.0751,-0.2003,-0.2356,-0.2772,-0.12026666666666667,-0.12697999999999998,0.15612279462013207,0,0.015401591802446823,1376.138671875,-0.005272704234787318,0.0
2026-06-25,AXISBANK,1385.831270177255,1399.021049380356,1371.6421396044548,1376.138671875,7995552,0.0638,0,0.0,0.0,0.0638,0.0751,-0.2003,-0.2356,-0.02046666666666667,-0.11483999999999998,0.17046745437179478,1,-0.005272704234787318,1376.138671875,0.0,0.0
2026-06-26,AXISBANK,1376.138671875,1376.138671875,1376.138671875,1376.138671875,0,0.0543,0,0.0,0.0,0.0543,0.0638,0.0751,-0.2003,0.0644,-0.048539999999999986,0.15532685859180928,0,0.0,1355.7545166015625,-0.01481257353640375,0.0
2026-06-29,AXISBANK,1391.5268564078813,1391.5268564078813,1351.1579637199086,1355.7545166015625,12602010,0.0461,0,0.0,0.0,0.0461,0.0543,0.0638,0.0751,0.054733333333333335,0.0078000000000000205,0.11683325725152018,0,-0.01481257353640375,1344.6629638671875,-0.00818109222470298,0.0
2026-06-30,AXISBANK,1356.6537167481358,1373.9404342753348,1342.5646065082708,1344.6629638671875,7781221,0.0392,0,0.0,0.0,0.0392,0.0461,0.0543,0.0638,0.046533333333333336,0.05570000000000003,0.014215660378606366,0,-0.00818109222470298,1367.6451416015625,0.017091403832733887,1.0
2026-07-01,AXISBANK,1344.6628669036613,1376.6382056137847,1344.6628669036613,1367.6451416015625,3187785,0.0333,0,0.0,0.0,0.0333,0.0392,0.0461,0.0543,0.03953333333333334,0.04734000000000002,0.012086066357582262,0,0.017091403832733887,1361.5499267578125,-0.004456722477449326,0.0
2026-07-02,AXISBANK,1372.941166068036,1374.440010135796,1357.053394554533,1361.5499267578125,4013561,0.0283,0,0.0,0.0,0.0283,0.0333,0.0392,0.0461,0.0336,0.04024000000000002,0.010293590238584605,0,-0.004456722477449326,1341.065673828125,-0.015044804841248482,0.0
2026-07-03,AXISBANK,1371.941884852612,1371.941884852612,1337.3685740578373,1341.065673828125,3500465,0.0241,0,0.0,0.0,0.0241,0.0283,0.0333,0.0392,0.028566666666666667,0.03420000000000002,0.008721238444159543,0,-0.015044804841248482,1338.567626953125,-0.0018627326936713207,0.0
2026-07-06,AXISBANK,1354.6551952621983,1369.9434532686023,1334.470810970254,1338.567626953125,5154081,0.0205,0,0.0,0.0,0.0205,0.0241,0.0283,0.0333,0.0243,0.029080000000000016,0.00740351267979519,0,-0.0018627326936713207,1339.966552734375,0.0010450915987221254,1.0
2026-07-07,AXISBANK,1345.762131730582,1355.8543237280394,1335.1702030839804,1339.966552734375,6198988,0.0174,0,0.0,0.0,0.0174,0.0205,0.0241,0.0283,0.020666666666666667,0.02472000000000002,0.006289038082241966,0,0.0010450915987221254,1308.4908447265625,-0.023489920657782326,0.0
2026-07-08,AXISBANK,1342.9642575887744,1342.9642575887744,1302.9950832557752,1308.4908447265625,6917968,-0.9539,1,0.0,0.9661,-0.9539,0.0174,0.0205,0.0241,-0.3053333333333333,-0.17271999999999998,0.4367118409203029,0,-0.023489920657782326,1296.5999755859375,-0.009087468352222072,0.0
2026-07-09,AXISBANK,1311.8882333774443,1320.5814799012492,1291.2041127197447,1296.5999755859375,5609851,-0.8108,0,0.0,0.0,-0.8108,-0.9539,0.0174,0.0205,-0.5824333333333332,-0.34053999999999995,0.4971891521342757,1,-0.009087468352222072,1323.699951171875,0.02090079908700515,1.0
2026-07-10,AXISBANK,1304.0,1326.5999755859375,1303.9000244140625,1323.699951171875,3549139,-0.6892,0,0.0,0.0,-0.6892,-0.8108,-0.9539,0.0174,-0.8179666666666666,-0.48319999999999996,0.46787559778214555,0,0.02090079908700515,1319.4000244140625,-0.0032484149855908084,0.0
2026-07-13,AXISBANK,1315.9000244140625,1329.9000244140625,1313.5,1319.4000244140625,3674483,-0.5858,0,0.0,0.0,-0.5858,-0.6892,-0.8108,-0.9539,-0.6952666666666666,-0.60446,0.37380590953060133,0,-0.0032484149855908084,1317.5999755859375,-0.0013642934627990932,0.0
2026-07-14,AXISBANK,1320.0999755859375,1323.699951171875,1298.5999755859375,1317.5999755859375,6005505,0.0016,1,0.0,0.9426,0.0016,-0.5858,-0.6892,-0.8108,-0.4244666666666667,-0.60762,0.3672439134961942,0,-0.0013642934627990932,1312.300048828125,-0.004022409574996888,0.0
2026-07-15,AXISBANK,1328.0,1348.0,1303.300048828125,1312.300048828125,9442403,0.0014,0,0.0,0.0,0.0014,0.0016,-0.5858,-0.6892,-0.19426666666666667,-0.41656000000000004,0.3898551884995249,1,-0.004022409574996888,1307.5999755859375,-0.0035815538118623147,0.0
2026-07-16,AXISBANK,1315.0999755859375,1315.5,1299.4000244140625,1307.5999755859375,5001226,0.8921,1,0.0,0.9134,0.8921,0.0014,0.0016,-0.5858,0.29836666666666667,-0.07598,0.6295117965534879,0,-0.0035815538118623147,1328.5,0.015983500156228736,1.0
2026-07-17,AXISBANK,1307.0,1333.0,1305.0,1328.5,11192836,0.065,1,0.0,0.8765,0.065,0.8921,0.0014,0.0016,0.31949999999999995,0.07486000000000001,0.5280183405905516,1,0.015983500156228736,1256.0,-0.05457282649604822,0.0
2026-07-20,AXISBANK,1275.0,1284.0,1249.0999755859375,1256.0,25314148,-0.8518399999999999,5,0.12516398443641846,0.8880000000000001,-0.8518,0.065,0.8921,0.0014,0.03510000000000002,0.021659999999999992,0.6171080521270159,1,-0.05457282649604822,1258.199951171875,0.0017515534807921451,1.0
2026-07-21,AXISBANK,1245.0,1267.699951171875,1244.5,1258.199951171875,15014867,0.1142,1,0.0,0.8222,0.1142,-0.8518,0.065,0.8921,-0.22419999999999998,0.04418000000000001,0.6182464896786716,5,0.0017515534807921451,1238.4000244140625,-0.015736709208557076,0.0
2026-07-22,AXISBANK,1258.199951171875,1258.199951171875,1230.5,1238.4000244140625,8358923,0.0971,0,0.0,0.0,0.0971,0.1142,-0.8518,0.065,-0.2135,0.06332000000000002,0.6180723234379613,1,-0.015736709208557076,1223.0,-0.012435419985839302,0.0
2026-07-23,AXISBANK,1230.0999755859375,1239.4000244140625,1219.199951171875,1223.0,8240787,0.0825,0,0.0,0.0,0.0825,0.0971,0.1142,-0.8518,0.09793333333333337,-0.0986,0.421442386335309,0,-0.012435419985839302,1227.300048828125,0.003515984323896104,1.0
2026-07-24,AXISBANK,1216.800048828125,1233.9000244140625,1210.5999755859375,1227.300048828125,8088828,0.0701,0,0.0,0.0,0.0701,0.0825,0.0971,0.1142,0.08323333333333337,-0.09757999999999999,0.4219432035238864,0,0.003515984323896104,1227.5,0.00016291955016689563,1.0
2026-07-27,AXISBANK,1237.0,1237.0,1221.5999755859375,1227.5,5967502,0.0596,0,0.0,0.0,0.0596,0.0701,0.0825,0.0971,0.07073333333333337,0.08470000000000003,0.021633423215011716,0,0.00016291955016689563,1223.5,-0.0032586558044807035,0.0
2026-07-28,AXISBANK,1222.5,1233.9000244140625,1219.699951171875,1223.5,6093182,0.0507,0,0.0,0.0,0.0507,0.0596,0.0701,0.0825,0.06013333333333337,0.07200000000000002,0.01838015233886304,0,-0.0032586558044807035,1235.4000244140625,0.009726215295514873,1.0
2026-07-29,AXISBANK,1229.5,1237.0999755859375,1214.4000244140625,1235.4000244140625,10110233,0.0431,0,0.0,0.0,0.0431,0.0507,0.0596,0.0701,0.05113333333333337,0.06120000000000002,0.015599038431897558,0,0.009726215295514873,1228.9000244140625,-0.005261453676174921,0.0
2026-07-30,AXISBANK,1229.0,1232.199951171875,1220.199951171875,1228.9000244140625,6878684,0.0366,0,0.0,0.0,0.0366,0.0431,0.0507,0.0596,0.04346666666666671,0.05202000000000001,0.013261108550940261,0,-0.005261453676174921,1229.5,0.0004882216405062145,1.0
2026-07-31,AXISBANK,1226.199951171875,1239.699951171875,1226.0,1229.5,7487936,0.0311,0,0.0,0.0,0.0311,0.0366,0.0431,0.0507,0.036933333333333374,0.044220000000000016,0.011291456947614171,0,0.0004882216405062145,1272.0,0.03456689711264738,1.0
2026-08-03,AXISBANK,1236.9000244140625,1272.0,1230.5,1272.0,6713421,0.0265,0,0.0,0.0,0.0265,0.0311,0.0366,0.0431,0.03140000000000004,0.037600000000000015,0.00959583242870712,0,0.03456689711264738,1261.800048828125,-0.00801882953763755,0.0
2026-08-04,AXISBANK,1264.0,1264.0,1244.0,1261.800048828125,5694891,-0.9596,1,0.0,0.9666,-0.9596,0.0265,0.0311,0.0366,-0.30066666666666664,-0.16446,0.44454002406982424,0,-0.00801882953763755,1253.9000244140625,-0.006260916237401881,0.0
2026-08-05,AXISBANK,1260.0,1263.0,1246.199951171875,1253.9000244140625,4295407,-0.8157,0,0.0,0.0,-0.8157,-0.9596,0.0265,0.0311,-0.5829333333333333,-0.33621999999999996,0.5059615173113465,1,-0.006260916237401881,1256.0,0.0016747551998164134,1.0
2026-08-06,AXISBANK,1256.0999755859375,1259.9000244140625,1248.300048828125,1256.0,4845792,-0.6933,0,0.0,0.0,-0.6933,-0.8157,-0.9596,0.0265,-0.8228666666666666,-0.4822,0.47590671354793895,0,0.0016747551998164134,1238.0,-0.014331210191082855,0.0
2026-08-07,AXISBANK,1252.0999755859375,1256.0,1238.0,1238.0,3628823,-0.5893,0,0.0,0.0,-0.5893,-0.6933,-0.8157,-0.9596,-0.6994333333333334,-0.6062799999999999,0.37979043168568644,0,-0.014331210191082855,1247.300048828125,0.007512155757774641,1.0
2026-08-10,AXISBANK,1235.0,1250.0,1235.0,1247.300048828125,3661847,-0.8945,1,0.0,0.9154,-0.8945,-0.5893,-0.6933,-0.8157,-0.7256999999999999,-0.79048,0.14997927190115357,0,0.007512155757774641,1229.800048828125,-0.01403030491054802,0.0
2026-08-11,AXISBANK,1242.0,1243.0,1225.4000244140625,1229.800048828125,5843702,-0.7603,0,0.0,0.0,-0.7603,-0.8945,-0.5893,-0.6933,-0.7480333333333333,-0.75062,0.11655501705203483,1,-0.01403030491054802,1230.0,0.00016258835903082414,1.0
2026-08-12,AXISBANK,1230.0,1234.9000244140625,1216.9000244140625,1230.0,7218881,-0.6463,0,0.0,0.0,-0.6463,-0.7603,-0.8945,-0.5893,-0.7670333333333333,-0.71674,0.11752475483914068,0,0.00016258835903082414,1221.800048828125,-0.006666626969004108,0.0
2026-08-13,AXISBANK,1224.5,1224.800048828125,1215.5999755859375,1221.800048828125,5284300,-0.5493,0,0.0,0.0,-0.5493,-0.6463,-0.7603,-0.8945,-0.6519666666666667,-0.68794,0.1401675711425439,0,-0.006666626969004108,1217.4000244140625,-0.003601263904255636,0.0
2026-08-14,AXISBANK,1216.0,1218.699951171875,1208.5999755859375,1217.4000244140625,5557745,0.0436,1,0.0,0.8891,0.0436,-0.5493,-0.6463,-0.7603,-0.3839999999999999,-0.5613599999999999,0.36190338213396134,0,-0.003601263904255636,1227.300048828125,0.008132104662004869,1.0
2026-08-17,AXISBANK,1220.0,1235.0,1213.5999755859375,1227.300048828125,6068014,0.0371,0,0.0,0.0,0.0371,0.0436,-0.5493,-0.6463,-0.15619999999999998,-0.37503999999999993,0.3864882378546597,1,0.008132104662004869,1243.0,0.012792268025138442,1.0
2026-08-18,AXISBANK,1223.9000244140625,1250.5,1223.4000244140625,1243.0,5064697,0.0315,0,0.0,0.0,0.0315,0.0371,0.0436,-0.5493,0.03740000000000004,-0.21667999999999998,0.3496257599205183,0,0.012792268025138442,1235.0,-0.006436041834271933,0.0
2026-08-19,AXISBANK,1243.0999755859375,1245.0,1224.0,1235.0,3061937,-0.7481,1,0.0,0.8107,-0.7481,0.0315,0.0371,0.0436,-0.22649999999999995,-0.23704,0.38233294129593376,0,-0.006436041834271933,1251.0,0.012955465587044523,1.0
2026-08-20,AXISBANK,1237.5,1253.9000244140625,1236.199951171875,1251.0,4163816,0.0287,1,0.0,0.9312,0.0287,-0.7481,0.0315,0.0371,-0.22929999999999998,-0.12143999999999999,0.3503600119876695,1,0.012955465587044523,1245.800048828125,-0.004156635628996819,0.0
2026-08-21,AXISBANK,1250.5999755859375,1256.4000244140625,1240.4000244140625,1245.800048828125,3690270,-0.39305,2,0.7067532277959543,0.9028499999999999,-0.393,0.0287,-0.7481,0.0315,-0.37079999999999996,-0.20875999999999997,0.35333810720045455,1,-0.004156635628996819,,,
2026-02-23,BAJFINANCE,1026.142020179564,1039.6092826480663,1022.7628901253963,1024.700927734375,9452225,0.0,0,0.0,0.0,0.0,0.0,0.0,0.0,0.0,0.0,0.0,0,0.0,1017.2964477539062,-0.007225991291761713,0.0
2026-02-24,BAJFINANCE,1020.0297068575513,1022.4646896664448,1004.1274007181052,1017.2964477539062,6610984,0.0,0,0.0,0.0,0.0,0.0,0.0,0.0,0.0,0.0,0.0,0,-0.007225991291761713,1014.8117065429688,-0.0024424947284772403,0.0
2026-02-25,BAJFINANCE,1021.7192564500571,1027.6825984137733,1007.2084819365814,1014.8117065429688,3182612,0.0,0,0.0,0.0,0.0,0.0,0.0,0.0,0.0,0.0,0.0,0,-0.0024424947284772403,1006.76123046875,-0.00793297517392988,0.0
2026-02-26,BAJFINANCE,1014.5135629762356,1024.8996684832712,999.9033628685212,1006.76123046875,4336261,0.0,0,0.0,0.0,0.0,0.0,0.0,0.0,0.0,0.0,0.0,0,-0.00793297517392988,989.8154296875,-0.01683199577854222,0.0
2026-02-27,BAJFINANCE,1002.7856866993056,1008.6993464492525,987.0324881612286,989.8154296875,8145772,0.0,0,0.0,0.0,0.0,0.0,0.0,0.0,0.0,0.0,0.0,0,-0.01683199577854222,972.2732543945312,-0.01772267310331488,0.0
2026-03-02,BAJFINANCE,965.0675492124609,984.3490466542129,962.0858781026386,972.2732543945312,8493269,-0.2564,1,0.0,0.6885,-0.2564,0.0,0.0,0.0,-0.08546666666666668,-0.051280000000000006,0.11466556588618923,0,-0.01772267310331488,939.3257446289062,-0.033887088446285185,0.0
2026-03-04,BAJFINANCE,961.0919675381565,961.0919675381565,935.5489734349401,939.3257446289062,8964293,-0.2179,0,0.0,0.0,-0.2179,-0.2564,0.0,0.0,-0.15810000000000002,-0.09486000000000001,0.13060366763609665,1,-0.033887088446285185,956.5200805664062,0.018304976772773207,1.0
2026-03-05,BAJFINANCE,952.146938837118,962.3343147484754,940.1208900749527,956.5200805664062,6181254,-0.1852,0,0.0,0.0,-0.1852,-0.2179,-0.2564,0.0,-0.21983333333333333,-0.1319,0.12301662489273553,0,0.018304976772773207,944.3945922851562,-0.012676668820240433,0.0
2026-03-06,BAJFINANCE,954.1347052689937,955.6255407459765,940.816550743047,944.3945922851562,6560051,-0.1575,0,0.0,0.0,-0.1575,-0.1852,-0.2179,-0.2564,-0.18686666666666665,-0.16340000000000002,0.09852519982217747,0,-0.012676668820240433,932.31884765625,-0.012786757492635026,0.0
2026-03-09,BAJFINANCE,916.168129174755,935.3502011464798,903.496026981582,932.31884765625,9182152,-0.1338,0,0.0,0.0,-0.1338,-0.1575,-0.1852,-0.2179,-0.15883333333333335,-0.19016000000000002,0.04854114749364707,0,-0.012786757492635026,934.05810546875,0.0018655182364619716,1.0
2026-03-10,BAJFINANCE,944.1957988094701,946.3326872506235,926.1566653357364,934.05810546875,8474956,-0.1138,0,0.0,0.0,-0.1138,-0.1338,-0.1575,-0.1852,-0.13503333333333334,-0.16164,0.04123448799245602,0,0.0018655182364619716,888.1901245117188,-0.049106132357807364,0.0
2026-03-11,BAJFINANCE,926.5045848959302,935.499280319272,884.5624005143713,888.1901245117188,11172537,-0.9513,1,0.0,0.9646,-0.9513,-0.1138,-0.1338,-0.1575,-0.39963333333333334,-0.30832,0.3604246620307772,0,-0.049106132357807364,857.8267211914062,-0.034185702455321376,0.0
2026-03-12,BAJFINANCE,874.7228568335765,882.7734049192558,853.1057421149175,857.8267211914062,15508258,-0.8086,0,0.0,0.0,-0.8086,-0.9513,-0.1138,-0.1338,-0.6245666666666667,-0.433,0.41140605853584605,1,-0.034185702455321376,849.825927734375,-0.009326817711995727,0.0
2026-03-13,BAJFINANCE,855.7395874221821,863.0446571962509,843.6141130753871,849.825927734375,6668639,-0.6873,0,0.0,0.0,-0.6873,-0.8086,-0.9513,-0.1138,-0.8157333333333333,-0.5389600000000001,0.390400567366391,0,-0.009326817711995727,872.7848510742188,0.027016030684133163,1.0
2026-03-16,BAJFINANCE,844.9061777172205,876.5119399548598,844.9061777172205,872.7848510742188,8982957,-0.5842,0,0.0,0.0,-0.5842,-0.6873,-0.8086,-0.9513,-0.6933666666666666,-0.62904,0.3189711632734219,0,0.027016030684133163,863.2931518554688,-0.010875187862240843,0.0
2026-03-17,BAJFINANCE,872.7848534268901,875.6670991050029,854.2984561317264,863.2931518554688,7941385,-0.4966,0,0.0,0.0,-0.4966,-0.5842,-0.6873,-0.8086,-0.5893666666666667,-0.7056,0.18009118523681264,0,-0.010875187862240843,874.7228393554688,0.013239636472772043,1.0
2026-03-18,BAJFINANCE,870.7472781073361,888.488256574478,852.9566779192932,874.7228393554688,12375517,-0.4221,0,0.0,0.0,-0.4221,-0.4966,-0.5842,-0.6873,-0.5009666666666667,-0.5997600000000001,0.15307234564087643,0,0.013239636472772043,827.1155395507812,-0.054425582210436474,0.0
2026-03-19,BAJFINANCE,862.8955912055036,864.5852168883157,821.6491427701986,827.1155395507812,11585591,-0.3588,0,0.0,0.0,-0.3588,-0.4221,-0.4966,-0.5842,-0.4258333333333333,-0.5098,0.13010393921784208,0,-0.054425582210436474,825.4755859375,-0.001982738244975968,0.0
2026-03-20,BAJFINANCE,831.5880356170413,836.8059597514911,814.2446375519916,825.4755859375,14881843,-0.305,0,0.0,0.0,-0.305,-0.3588,-0.4221,-0.4966,-0.3619666666666667,-0.43334,0.11058285581409058,0,-0.001982738244975968,807.63525390625,-0.02161218615689109,0.0
2026-03-23,BAJFINANCE,813.1016506942655,813.7973860542813,783.0862114062364,807.63525390625,15835828,-0.2592,0,0.0,0.0,-0.2592,-0.305,-0.3588,-0.4221,-0.3076666666666667,-0.36834,0.09401498816678085,0,-0.02161218615689109,843.8129272460938,0.04479456928714409,1.0
2026-03-24,BAJFINANCE,824.9290101463579,848.7823791144452,812.6047452479443,843.8129272460938,18828248,0.3761,1,0.0,0.5654,0.3761,-0.2592,-0.305,-0.3588,-0.06269999999999999,-0.19379999999999997,0.32433566717214424,0,0.04479456928714409,877.356689453125,0.03975260525636437,1.0
2026-03-25,BAJFINANCE,856.7831474745351,883.3697138215995,848.0866070806355,877.356689453125,15995501,0.3197,0,0.0,0.0,0.3197,0.3761,-0.2592,-0.305,0.14553333333333332,-0.04544,0.3613455451503449,1,0.03975260525636437,838.6446533203125,-0.04412348660262966,0.0
2026-03-27,BAJFINANCE,869.6540439335951,869.8031517488845,836.1102450961564,838.6446533203125,11282824,0.2717,0,0.0,0.0,0.2717,0.3197,0.3761,-0.2592,0.3225,0.08066,0.3336014283542562,0,-0.04412348660262966,796.6527709960938,-0.050071126260648025,0.0
2026-03-30,BAJFINANCE,825.9228529471898,829.7990494461383,794.1183628216662,796.6527709960938,20377282,0.231,0,0.0,0.0,0.231,0.2717,0.3197,0.3761,0.27413333333333334,0.18785999999999997,0.255719050913302,0,-0.050071126260648025,812.3065795898438,0.01964947485738011,1.0
2026-04-01,BAJFINANCE,827.711880179218,836.9053660148123,809.8218536883318,812.3065795898438,15094026,0.1963,0,0.0,0.0,0.1963,0.231,0.2717,0.3197,0.233,0.27896,0.07120651655571936,0,0.01964947485738011,821.7982177734375,0.011684797860909146,1.0
2026-04-02,BAJFINANCE,804.0572991582707,824.9786790496539,787.6084258753081,821.7982177734375,9113618,0.1669,0,0.0,0.0,0.1669,0.1963,0.231,0.2717,0.1980666666666667,0.23712,0.06051819561090641,0,0.011684797860909146,845.6515502929688,0.029025777865713698,1.0
2026-04-06,BAJFINANCE,823.8357064074843,847.7884387352203,809.2751890271433,845.6515502929688,12504591,0.0435,1,0.0,0.9236,0.0435,0.1669,0.1963,0.231,0.13556666666666667,0.18188,0.08669164896343784,0,0.029025777865713698,849.8756103515625,0.004995036143587095,1.0
2026-04-07,BAJFINANCE,842.8190131619239,857.5285781459786,839.2907145671045,849.8756103515625,11569047,0.037,0,0.0,0.0,0.037,0.0435,0.1669,0.1963,0.08246666666666666,0.13494,0.08939733217495884,1,0.004995036143587095,909.4593505859375,0.07010877769480572,1.0
2026-04-08,BAJFINANCE,884.5624095069836,920.3424620263672,875.6173963771378,909.4593505859375,13826150,0.0314,0,0.0,0.0,0.0314,0.037,0.0435,0.1669,0.0373,0.09502000000000001,0.07983186707073767,0,0.07010877769480572,897.7314453125,-0.012895469452132824,0.0
2026-04-09,BAJFINANCE,896.4890823934403,907.8194564801651,885.9538691047153,897.7314453125,9457820,0.0267,0,0.0,0.0,0.0267,0.0314,0.037,0.0435,0.0317,0.0611,0.05947617169926059,0,-0.012895469452132824,918.9013061523438,0.02358150753255006,1.0
2026-04-10,BAJFINANCE,910.1550832505548,921.6345046005437,906.7261494285443,918.9013061523438,9491544,0.0227,0,0.0,0.0,0.0227,0.0267,0.0314,0.037,0.026933333333333333,0.03226,0.00824396749144028,0,0.02358150753255006,893.457763671875,-0.027689091646856845,0.0
2026-04-13,BAJFINANCE,890.6748827576488,900.365313902328,875.7167841019559,893.457763671875,10723313,0.0193,0,0.0,0.0,0.0193,0.0227,0.0267,0.0314,0.022900000000000004,0.02742,0.007006211529772982,0,-0.027689091646856845,907.5709838867188,0.01579618062396393,1.0
2026-04-15,BAJFINANCE,919.3485600943784,919.3485600943784,905.533460169681,907.5709838867188,5975197,0.0164,0,0.0,0.0,0.0164,0.0193,0.0227,0.0267,0.01946666666666667,0.023299999999999998,0.00594011784394246,0,0.01579618062396393,900.3652954101562,-0.007939531567772051,0.0
2026-04-16,BAJFINANCE,913.3852347747978,926.9021193161395,898.4768794737946,900.3652954101562,11805227,0.0139,0,0.0,0.0,0.0139,0.0164,0.0193,0.0227,0.016533333333333334,0.0198,0.0050655700567580186,0,-0.007939531567772051,902.700927734375,0.002594094126156632,1.0
2026-04-17,BAJFINANCE,896.6382207477712,904.887498678844,890.3269805066387,902.700927734375,6035241,0.0119,0,0.0,0.0,0.0119,0.0139,0.0164,0.0193,0.014066666666666667,0.01684,0.004290454521367552,0,0.002594094126156632,912.1428833007812,0.010459671942626647,1.0
2026-04-20,BAJFINANCE,902.7009248247721,915.2736622182542,892.5135485743411,912.1428833007812,6184179,0.0101,0,0.0,0.0,0.0101,0.0119,0.0139,0.0164,0.011966666666666667,0.01432,0.0036389558941986562,0,0.010459671942626647,933.1139526367188,0.022990991564884267,1.0
2026-04-21,BAJFINANCE,913.8821981797305,940.1706106839638,913.3852529931185,933.1139526367188,6713975,0.0086,0,0.0,0.0,0.0086,0.0101,0.0119,0.0139,0.0102,0.01218,0.003081720298781678,0,0.022990991564884267,929.0390014648438,-0.004367045590048635,0.0
2026-04-22,BAJFINANCE,932.2691450912259,940.5681052202607,924.4671301354808,929.0390014648438,5759028,0.0073,0,0.0,0.0,0.0073,0.0086,0.0101,0.0119,0.008666666666666666,0.01036,0.0026187783411207102,0,-0.004367045590048635,912.7391967773438,-0.017544801307372015,0.0
2026-04-23,BAJFINANCE,920.4418471427572,924.1689360292474,903.7941834497668,912.7391967773438,9143598,0.0062,0,0.0,0.0,0.0062,0.0073,0.0086,0.0101,0.007366666666666666,0.00882,0.002255437873212842,0,-0.017544801307372015,915.9196166992188,0.003484478296871929,1.0
2026-04-24,BAJFINANCE,914.3790988282084,919.050395487281,904.2414053826628,915.9196166992188,3982355,0.0053,0,0.0,0.0,0.0053,0.0062,0.0073,0.0086,0.006266666666666667,0.0075,0.0019065675964735167,0,0.003484478296871929,916.1680908203125,0.0002712837639500254,1.0
2026-04-27,BAJFINANCE,917.4104537284172,923.2744309195722,902.7505714127813,916.1680908203125,7813458,0.0045,0,0.0,0.0,0.0045,0.0053,0.0062,0.0073,0.005333333333333333,0.006379999999999999,0.0016208022704582903,0,0.0002712837639500254,918.0068359375,0.0020069953708397037,1.0
2026-04-28,BAJFINANCE,916.1681024128881,924.2186505566239,908.7636072544419,918.0068359375,7119135,0.9243,2,0.008768124086713167,0.9388000000000001,0.9243,0.0045,0.0053,0.0062,0.3113666666666667,0.18952,0.4107558301473029,0,0.0020069953708397037,924.3179931640625,0.006874847745678592,1.0
2026-04-29,BAJFINANCE,919.3485415879115,931.2752253706736,910.9998386750779,924.3179931640625,5438997,0.6967833333333333,6,0.30095874412727514,0.80825,0.6968,0.9243,0.0045,0.0053,0.5418666666666666,0.32742,0.44831022406364984,2,0.006874847745678592,931.2752685546875,0.007526928440297231,1.0
2026-04-30,BAJFINANCE,939.2263914452292,969.0431022847603,928.194232699504,931.2752685546875,27364272,0.5923,0,0.0,0.0,0.5923,0.6968,0.9243,0.0045,0.7378,0.44464000000000004,0.4189882790723387,6,0.007526928440297231,931.2752685546875,0.0,0.0
2026-05-01,BAJFINANCE,931.2752685546875,931.2752685546875,931.2752685546875,931.2752685546875,0,0.5034,0,0.0,0.0,0.5034,0.5923,0.6968,0.9243,0.5975,0.54426,0.34022679641674314,0,0.0,944.3945922851562,0.014087482158556153,1.0
2026-05-04,BAJFINANCE,932.3684830401445,960.0980471769249,932.3684830401445,944.3945922851562,7503756,0.4279,0,0.0,0.0,0.4279,0.5034,0.5923,0.6968,0.5078666666666666,0.6289399999999999,0.19323714187495106,0,0.014087482158556153,952.7432861328125,0.00884026011569472,1.0
2026-05-05,BAJFINANCE,944.3946434071306,955.2280120622871,927.4488247005652,952.7432861328125,7290077,0.3637,0,0.0,0.0,0.3637,0.4279,0.5034,0.5923,0.43166666666666664,0.5168200000000001,0.13193050064333103,0,0.00884026011569472,974.7579345703125,0.023106589947075262,1.0
2026-05-06,BAJFINANCE,959.1041619784364,977.988078121017,959.1041619784364,974.7579345703125,7771237,0.3092,0,0.0,0.0,0.3092,0.3637,0.4279,0.5034,0.36693333333333333,0.43929999999999997,0.11212620121987538,0,0.023106589947075262,966.8068237304688,-0.008157010636029027,0.0
2026-05-07,BAJFINANCE,986.1876852701698,986.1876852701698,963.079734972834,966.8068237304688,7873561,0.2628,0,0.0,0.0,0.2628,0.3092,0.3637,0.4279,0.3119,0.3734,0.09528685638638722,0,-0.008157010636029027,949.5131225585938,-0.01788744219361882,0.0
2026-05-08,BAJFINANCE,965.0675308165735,966.0117387824698,945.1897237966647,949.5131225585938,5555386,0.2234,0,0.0,0.0,0.2234,0.2628,0.3092,0.3637,0.2651333333333333,0.31739999999999996,0.08099126496110547,0,-0.01788744219361882,930.3310546875,-0.02020200396957661,0.0
2026-05-11,BAJFINANCE,940.2202758524367,950.1591794026738,927.8463287999407,930.3310546875,5581022,0.1899,0,0.0,0.0,0.1899,0.2234,0.2628,0.3092,0.22536666666666663,0.2698,0.06883955984751783,0,-0.02020200396957661,898.6756591796875,-0.03402594737466391,0.0
2026-05-12,BAJFINANCE,922.330237181858,926.9518515360861,896.2406157098496,898.6756591796875,7174645,0.1614,0,0.0,0.0,0.1614,0.1899,0.2234,0.2628,0.19156666666666666,0.22934000000000002,0.058531683727704134,0,-0.03402594737466391,890.6748657226562,-0.00890287099167053,0.0
2026-05-13,BAJFINANCE,896.4891000333595,901.8561322142032,884.612098160999,890.6748657226562,7422952,0.1372,0,0.0,0.0,0.1372,0.1614,0.1899,0.2234,0.16283333333333333,0.19493999999999997,0.04974734163751851,0,-0.00890287099167053,906.5770874023438,0.017854126451390506,1.0
2026-05-14,BAJFINANCE,897.3836018637576,909.4096505736561,883.5685020327653,906.5770874023438,6815238,0.1166,0,0.0,0.0,0.1166,0.1372,0.1614,0.1899,0.1384,0.16570000000000001,0.04229799049600324,0,0.017854126451390506,904.887451171875,-0.0018637535119160331,0.0
2026-05-15,BAJFINANCE,907.4218593475697,915.9692918081777,901.8063547920738,904.887451171875,5012279,0.1248,2,0.16206887424795668,0.8482000000000001,0.1248,0.1166,0.1372,0.1614,0.1262,0.14598,0.02981445957920382,0,-0.0018637535119160331,915.4723510742188,0.01169747672888577,1.0
2026-05-18,BAJFINANCE,894.5012895507624,919.3485475938392,885.2581216911881,915.4723510742188,6387223,0.1061,0,0.0,0.0,0.1061,0.1248,0.1166,0.1372,0.11583333333333333,0.12922,0.02128713226341152,2,0.01169747672888577,917.9074096679688,0.0026598931042458585,1.0
2026-05-19,BAJFINANCE,921.9326534050346,924.3180144815005,914.4784758688934,917.9074096679688,8313548,0.0902,0,0.0,0.0,0.0902,0.1061,0.1248,0.1166,0.10703333333333333,0.11498,0.017928245870691698,0,0.0026598931042458585,917.4601440429688,-0.0004872666025887984,0.0
2026-05-20,BAJFINANCE,904.4402049183851,920.6406052476597,902.8996870314689,917.4601440429688,5864990,0.0766,0,0.0,0.0,0.0766,0.0902,0.1061,0.1248,0.09096666666666665,0.10286,0.019560879325837385,0,-0.0004872666025887984,902.1046142578125,-0.01673699929621908,0.0
2026-05-21,BAJFINANCE,927.2997107512654,929.1881267100869,897.7314723859383,902.1046142578125,9713326,0.0651,0,0.0,0.0,0.0651,0.0766,0.0902,0.1061,0.07730000000000001,0.09256,0.02364895346521641,0,-0.01673699929621908,910.9501953125,0.00980549363663874,1.0
2026-05-22,BAJFINANCE,902.5518096566084,918.354690610588,902.5518096566084,910.9501953125,4811990,0.0554,0,0.0,0.0,0.0554,0.0651,0.0766,0.0902,0.0657,0.07868,0.020095198431465414,0,0.00980549363663874,936.1453247070312,0.02765807562716205,1.0
2026-05-25,BAJFINANCE,920.4418089864607,938.232470132043,918.8019263417376,936.1453247070312,7065528,0.0471,0,0.0,0.0,0.0471,0.0554,0.0651,0.0766,0.05586666666666667,0.06688000000000001,0.017062444139101778,0,0.02765807562716205,924.5167846679688,-0.012421725272944828,0.0
2026-05-26,BAJFINANCE,938.1827765217242,942.605600563208,922.4295786056811,924.5167846679688,8489543,0.04,0,0.0,0.0,0.04,0.0471,0.0554,0.0651,0.04750000000000001,0.05684,0.014484578005588129,0,-0.012421725272944828,925.4609985351562,0.0010213052730314587,1.0
2026-05-27,BAJFINANCE,926.3057810448138,930.2316599531514,917.3607681377288,925.4609985351562,5349669,0.034,0,0.0,0.0,0.034,0.04,0.0471,0.0554,0.04036666666666667,0.04832000000000001,0.012323432963260128,0,0.0010213052730314587,925.4609985351562,0.0,0.0
2026-05-28,BAJFINANCE,925.4609985351562,925.4609985351562,925.4609985351562,925.4609985351562,0,0.0289,0,0.0,0.0,0.0289,0.034,0.04,0.0471,0.034300000000000004,0.04108,0.01049938093412966,0,0.0,902.700927734375,-0.024593225254015527,0.0
2026-05-29,BAJFINANCE,909.509052497803,932.0703760088064,889.8300353220891,902.700927734375,46752428,0.0246,0,0.0,0.0,0.0246,0.0289,0.034,0.04,0.029166666666666664,0.03492,0.008912743685306151,0,-0.024593225254015527,883.6182250976562,-0.02113956245133486,0.0
2026-06-01,BAJFINANCE,905.8813937458372,912.3913635647469,882.5746523371408,883.6182250976562,6887616,0.0209,0,0.0,0.0,0.0209,0.0246,0.0289,0.034,0.0248,0.02968,0.007560886191443699,0,-0.02113956245133486,876.6112670898438,-0.00792984776546235,0.0
2026-06-02,BAJFINANCE,868.6601444858543,878.9966281359411,855.1929427077972,876.6112670898438,15697997,-0.9642,1,0.0,0.9729,-0.9642,0.0209,0.0246,0.0289,-0.3062333333333333,-0.17115999999999998,0.44334977500840117,0,-0.00792984776546235,871.4430541992188,-0.005895672443022915,0.0
2026-06-03,BAJFINANCE,876.6112961958627,876.6112961958627,858.2243245636365,871.4430541992188,14747769,-0.8196,0,0.0,0.0,-0.8196,-0.9642,0.0209,0.0246,-0.5876333333333333,-0.34188,0.5047012254789955,1,-0.005895672443022915,869.0577392578125,-0.0027372011629585025,0.0
2026-06-04,BAJFINANCE,864.8833876892113,873.7787183820307,862.6968168044914,869.0577392578125,9676279,-0.01745000000000002,2,1.3168449586037074,0.9418500000000001,-0.0175,-0.8196,-0.9642,0.0209,-0.6004333333333334,-0.35115999999999997,0.4965398503644999,0,-0.0027372011629585025,883.9661254882812,0.017154655619545656,1.0
2026-06-05,BAJFINANCE,868.660189418972,907.4219141184456,868.660189418972,883.9661254882812,13274646,-0.0148,0,0.0,0.0,-0.0148,-0.0175,-0.8196,-0.9642,-0.28396666666666665,-0.35903999999999997,0.4893463221482307,2,0.017154655619545656,865.77783203125,-0.02057578105380964,0.0
2026-06-08,BAJFINANCE,867.6662479009749,874.027170203179,861.2059608318382,865.77783203125,6203084,-0.0126,0,0.0,0.0,-0.0126,-0.0148,-0.0175,-0.8196,-0.014966666666666668,-0.36574,0.48303237779676833,0,-0.02057578105380964,881.4813842773438,0.01813808538993289,1.0
2026-06-09,BAJFINANCE,880.5868586887179,883.3200571778759,866.7717584240726,881.4813842773438,9183355,0.2808,1,0.0,0.6154,0.2808,-0.0126,-0.0148,-0.0175,0.08446666666666668,-0.11674,0.41326012147314667,0,0.01813808538993289,878.6984252929688,-0.0031571386917677025,0.0
2026-06-10,BAJFINANCE,884.6617673327235,889.2336992938868,874.7228639331322,878.6984252929688,6939714,0.2387,0,0.0,0.0,0.2387,0.2808,-0.0126,-0.0148,0.16896666666666668,0.09492,0.15121288635562752,1,-0.0031571386917677025,865.231201171875,-0.015326332372342155,0.0
2026-06-11,BAJFINANCE,874.6234767765276,881.5310265948833,863.1937381595617,865.231201171875,5191085,0.2029,0,0.0,0.0,0.2029,0.2387,0.2808,-0.0126,0.24080000000000001,0.139,0.14209815269735185,0,-0.015326332372342155,912.6895141601562,0.05485044104281411,1.0
2026-06-12,BAJFINANCE,875.8162057173853,915.3730302902005,875.716780283085,912.6895141601562,11729668,0.1724,0,0.0,0.0,0.1724,0.2029,0.2387,0.2808,0.20466666666666666,0.17644,0.11315906061822856,0,0.05485044104281411,936.5428466796875,0.026135210440629164,1.0
2026-06-15,BAJFINANCE,936.2446917128663,953.1408273382576,933.26302072015,936.5428466796875,11989428,0.1466,0,0.0,0.0,0.1466,0.1724,0.2029,0.2387,0.17396666666666669,0.20827999999999997,0.0531631169138899,0,0.026135210440629164,953.786865234375,0.018412418199362124,1.0
2026-06-16,BAJFINANCE,940.2202381671683,958.010899073921,940.2202381671683,953.786865234375,9335988,0.1246,0,0.0,0.0,0.1246,0.1466,0.1724,0.2029,0.14786666666666667,0.17704000000000003,0.045190629559676704,0,0.018412418199362124,952.5445556640625,-0.0013025022838905054,0.0
2026-06-17,BAJFINANCE,949.2646689105351,955.9237465275168,945.7363702265553,952.5445556640625,5682977,0.1059,0,0.0,0.0,0.1059,0.1246,0.1466,0.1724,0.1257,0.15048,0.038407512286008895,0,-0.0013025022838905054,952.9917602539062,0.0004694841697268082,1.0
2026-06-18,BAJFINANCE,952.4948150672145,955.0789664353642,942.2080739675965,952.9917602539062,5750456,0.09,0,0.0,0.0,0.09,0.1059,0.1246,0.1466,0.10683333333333334,0.1279,0.03263908699703353,0,0.0004694841697268082,955.9237060546875,0.003076569938023521,1.0
2026-06-19,BAJFINANCE,948.2210560069122,965.7632445741657,947.4259558763664,955.9237060546875,12941776,0.0765,0,0.0,0.0,0.0765,0.09,0.1059,0.1246,0.09079999999999999,0.10872,0.027765031964683974,0,0.003076569938023521,962.384033203125,0.0067582037222413405,1.0
2026-06-22,BAJFINANCE,960.147779870475,967.0056476888367,955.6752732051749,962.384033203125,5680845,0.065,0,0.0,0.0,0.065,0.0765,0.09,0.1059,0.07716666666666668,0.0924,0.02360307183397793,0,0.0067582037222413405,956.5200805664062,-0.006093152457238515,0.0
2026-06-23,BAJFINANCE,962.3839971326659,971.7265905260309,954.6316646691564,956.5200805664062,8202516,0.0553,0,0.0,0.0,0.0553,0.065,0.0765,0.09,0.0656,0.07854,0.02004677031344257,0,-0.006093152457238515,984.8956298828125,0.02966539845102223,1.0
2026-06-24,BAJFINANCE,946.5811699790587,987.8276184745832,946.5811699790587,984.8956298828125,9873777,0.047,0,0.0,0.0,0.047,0.0553,0.065,0.0765,0.055766666666666666,0.06676,0.017028299973864753,0,0.02966539845102223,974.4100952148438,-0.010646340941949717,0.0
2026-06-25,BAJFINANCE,990.1135501580862,999.4560827804515,972.9192597329742,974.4100952148438,12807092,0.0763,1,0.0,0.8769,0.0763,0.047,0.0553,0.065,0.059533333333333334,0.06402,0.012973318773541426,0,-0.010646340941949717,974.4100952148438,0.0,0.0
2026-06-26,BAJFINANCE,974.4100952148438,974.4100952148438,974.4100952148438,974.4100952148438,0,0.0649,0,0.0,0.0,0.0649,0.0763,0.047,0.0553,0.06273333333333334,0.0617,0.011083095235534272,1,0.0,976.0499877929688,0.0016829593475871096,1.0
2026-06-29,BAJFINANCE,969.3412280561971,986.2373636895479,969.3412280561971,976.0499877929688,19875760,0.0551,0,0.0,0.0,0.0551,0.0649,0.0763,0.047,0.06543333333333333,0.05972000000000001,0.011229514682296937,0,0.0016829593475871096,1004.75,0.02940424421491694,1.0
2026-06-30,BAJFINANCE,986.9000244140625,1010.9500122070312,977.7000122070312,1004.75,12445420,-0.9411,1,0.0,0.9544,-0.9411,0.0551,0.0649,0.0763,-0.2737,-0.13956,0.44820836449133783,0,0.02940424421491694,1014.9000244140625,0.010102039725367051,1.0
2026-07-01,BAJFINANCE,1000.4000244140625,1025.4000244140625,998.9000244140625,1014.9000244140625,6834299,0.9184,1,0.0,0.9472,0.9184,-0.9411,0.0551,0.0649,0.010799999999999995,0.034720000000000015,0.6588190358512722,1,0.010102039725367051,1018.4000244140625,0.0034486155441968425,1.0
2026-07-02,BAJFINANCE,994.7000122070312,1025.699951171875,993.4000244140625,1018.4000244140625,8168339,0.806,1,0.0,0.8527,0.806,0.9184,-0.9411,0.0551,0.2611,0.18066000000000002,0.7454565064442056,1,0.0034486155441968425,1031.4000244140625,0.012765121453605088,1.0
2026-07-03,BAJFINANCE,1035.0,1040.0,1017.5999755859375,1031.4000244140625,9399193,0.6851,0,0.0,0.0,0.6851,0.806,0.9184,-0.9411,0.8031666666666668,0.3047000000000001,0.7724880808141961,1,0.012765121453605088,1029.0999755859375,-0.002230025958581572,0.0
2026-07-06,BAJFINANCE,1040.0,1040.199951171875,1024.800048828125,1029.0999755859375,4819952,0.5823,0,0.0,0.0,0.5823,0.6851,0.806,0.9184,0.6911333333333335,0.41014,0.765853277723612,0,-0.002230025958581572,1042.5,0.013021110418774295,1.0
2026-07-07,BAJFINANCE,1024.0,1052.9000244140625,1024.0,1042.5,9101171,0.495,0,0.0,0.0,0.495,0.5823,0.6851,0.806,0.5874666666666667,0.69736,0.1695582584246487,0,0.013021110418774295,1010.4000244140625,-0.030791343487709844,0.0
2026-07-08,BAJFINANCE,1025.0,1034.699951171875,1004.0999755859375,1010.4000244140625,8313859,-0.9317,1,0.0,0.9411,-0.9317,0.495,0.5823,0.6851,0.04853333333333335,0.3273400000000001,0.7133378953903962,0,-0.030791343487709844,1003.7999877929688,-0.006532102594634437,0.0
2026-07-09,BAJFINANCE,1000.0,1013.5,994.0999755859375,1003.7999877929688,11712515,-0.7919,0,0.0,0.0,-0.7919,-0.9317,0.495,0.5823,-0.40953333333333336,0.007760000000000033,0.7981744345692863,1,-0.006532102594634437,1020.5,0.0166367925982438,1.0
2026-07-10,BAJFINANCE,1010.0999755859375,1023.9000244140625,1004.2000122070312,1020.5,7039305,-0.6732,0,0.0,0.0,-0.6732,-0.7919,-0.9317,0.495,-0.7989333333333334,-0.26389999999999997,0.7389605841991843,0,0.0166367925982438,1022.5999755859375,0.002057790873040144,1.0
2026-07-13,BAJFINANCE,1014.0,1028.0,1003.7000122070312,1022.5999755859375,4874070,-0.5722,0,0.0,0.0,-0.5722,-0.6732,-0.7919,-0.9317,-0.6791,-0.4948,0.5693573965445604,0,0.002057790873040144,1006.5999755859375,-0.01564639192449835,0.0
2026-07-14,BAJFINANCE,1007.0,1022.0,995.2000122070312,1006.5999755859375,6458393,-0.4864,0,0.0,0.0,-0.4864,-0.5722,-0.6732,-0.7919,-0.5772666666666667,-0.69108,0.1763580930947026,0,-0.01564639192449835,1021.2999877929688,0.014603628614707986,1.0
2026-07-15,BAJFINANCE,1006.5999755859375,1037.300048828125,1006.5999755859375,1021.2999877929688,5538356,-0.4134,0,0.0,0.0,-0.4134,-0.4864,-0.5722,-0.6732,-0.49066666666666675,-0.58742,0.14990824527023122,0,0.014603628614707986,1037.5999755859375,0.01596003915381705,1.0
2026-07-16,BAJFINANCE,1024.0,1042.4000244140625,1021.2000122070312,1037.5999755859375,9079076,-0.3514,0,0.0,0.0,-0.3514,-0.4134,-0.4864,-0.5722,-0.41706666666666664,-0.49932,0.1274512141958632,0,0.01596003915381705,1056.300048828125,0.018022430302802928,1.0
2026-07-17,BAJFINANCE,1044.9000244140625,1058.5,1037.5999755859375,1056.300048828125,12882360,-0.2987,0,0.0,0.0,-0.2987,-0.3514,-0.4134,-0.4864,-0.35450000000000004,-0.4244199999999999,0.10832742958272291,0,0.018022430302802928,1064.0,0.007289549196194178,1.0
2026-07-20,BAJFINANCE,1057.0,1067.699951171875,1038.199951171875,1064.0,9348760,-0.2539,0,0.0,0.0,-0.2539,-0.2987,-0.3514,-0.4134,-0.3013333333333334,-0.36075999999999997,0.09207943852999856,0,0.007289549196194178,1069.199951171875,0.004887172154017794,1.0
2026-07-21,BAJFINANCE,1064.0,1074.4000244140625,1060.9000244140625,1069.199951171875,6970658,-0.2158,0,0.0,0.0,-0.2158,-0.2539,-0.2987,-0.3514,-0.2561333333333333,-0.30663999999999997,0.07825856502645433,0,0.004887172154017794,1060.300048828125,-0.008323889590525546,0.0
2026-07-22,BAJFINANCE,1064.0,1070.5999755859375,1056.0999755859375,1060.300048828125,6757716,-0.1834,0,0.0,0.0,-0.1834,-0.2158,-0.2539,-0.2987,-0.2177,-0.26064,0.06653572724484025,0,-0.008323889590525546,1039.800048828125,-0.01933414982170112,0.0
2026-07-23,BAJFINANCE,1053.300048828125,1061.199951171875,1036.5,1039.800048828125,8016651,-0.1559,0,0.0,0.0,-0.1559,-0.1834,-0.2158,-0.2539,-0.18503333333333336,-0.22154,0.0565620278985803,0,-0.01933414982170112,1012.7999877929688,-0.025966589504959003,0.0
2026-07-24,BAJFINANCE,1027.300048828125,1030.199951171875,1001.2999877929688,1012.7999877929688,18416962,-0.1325,0,0.0,0.0,-0.1325,-0.1559,-0.1834,-0.2158,-0.15726666666666667,-0.1883,0.048080713389047944,0,-0.025966589504959003,1048.300048828125,0.03505140349825231,1.0
2026-07-27,BAJFINANCE,1026.699951171875,1050.0,1026.5999755859375,1048.300048828125,7610916,-0.1126,0,0.0,0.0,-0.1126,-0.1325,-0.1559,-0.1834,-0.13366666666666668,-0.16004000000000002,0.04086872887673133,0,0.03505140349825231,1048.4000244140625,9.536924666675439e-05,1.0
2026-07-28,BAJFINANCE,1049.0,1055.0,1042.4000244140625,1048.4000244140625,4726447,-0.0958,0,0.0,0.0,-0.0958,-0.1126,-0.1325,-0.1559,-0.11363333333333332,-0.13604,0.0347081114438653,0,9.536924666675439e-05,1054.4000244140625,0.005723006352802429,1.0
2026-07-29,BAJFINANCE,1056.0,1065.9000244140625,1048.4000244140625,1054.4000244140625,6444368,-0.0814,0,0.0,0.0,-0.0814,-0.0958,-0.1126,-0.1325,-0.0966,-0.11563999999999999,0.029497338863019026,0,0.005723006352802429,1053.5,-0.0008535891438001819,0.0
2026-07-30,BAJFINANCE,1046.0,1068.0,1035.0999755859375,1053.5,9866564,0.60876,5,0.37603861902735464,0.8105800000000001,0.6088,-0.0814,-0.0958,-0.1126,0.14386666666666667,0.03730000000000002,0.32004671534011997,0,-0.0008535891438001819,1141.199951171875,0.08324627543604657,1.0
2026-07-31,BAJFINANCE,1095.0,1151.5,1083.5999755859375,1141.199951171875,40814590,0.91435,2,0.016334166645409178,0.9389000000000001,0.9144,0.6088,-0.0814,-0.0958,0.48059999999999997,0.24668,0.48243964596620764,5,0.08324627543604657,1153.0,0.010340036218900783,1.0
2026-08-03,BAJFINANCE,1176.300048828125,1176.4000244140625,1140.199951171875,1153.0,13758012,0.8731,1,0.0,0.895,0.8731,0.9144,0.6088,-0.0814,0.7987666666666667,0.44382,0.4999977619949911,2,0.010340036218900783,1149.0,-0.003469210754553309,0.0
2026-08-04,BAJFINANCE,1164.0,1164.0,1139.5,1149.0,9437990,0.7421,0,0.0,0.0,0.7421,0.8731,0.9144,0.6088,0.8432,0.6114,0.40538777115250996,1,-0.003469210754553309,1158.800048828125,0.008529198283833805,1.0
2026-08-05,BAJFINANCE,1152.0,1166.0,1145.0999755859375,1158.800048828125,5154683,0.6308,0,0.0,0.0,0.6308,0.7421,0.8731,0.9144,0.7486666666666667,0.7538400000000001,0.13812651085146463,0,0.008529198283833805,1144.800048828125,-0.012081463073942755,0.0
2026-08-06,BAJFINANCE,1155.5,1160.199951171875,1144.5999755859375,1144.800048828125,6472397,0.5362,0,0.0,0.0,0.5362,0.6308,0.7421,0.8731,0.6363666666666666,0.73932,0.15936761590737242,0,-0.012081463073942755,1078.0,-0.058350843797137286,0.0
2026-08-07,BAJFINANCE,1113.0,1113.0,1074.5,1078.0,15614001,-0.47050000000000003,2,0.6617105258343712,0.9474,-0.4705,0.5362,0.6308,0.7421,0.23216666666666672,0.46234000000000003,0.5364265960968003,0,-0.058350843797137286,1102.199951171875,0.022448934296730005,1.0
2026-08-10,BAJFINANCE,1078.0,1106.0999755859375,1070.800048828125,1102.199951171875,7303098,-0.3999,0,0.0,0.0,-0.3999,-0.4705,0.5362,0.6308,-0.11139999999999999,0.20773999999999998,0.591954857231529,2,0.022448934296730005,1093.300048828125,-0.008074671328271665,0.0
2026-08-11,BAJFINANCE,1098.0,1101.5,1086.300048828125,1093.300048828125,6523358,-0.3399,0,0.0,0.0,-0.3399,-0.3999,-0.4705,0.5362,-0.4034333333333333,-0.008659999999999956,0.5435683885216283,0,-0.008074671328271665,1094.199951171875,0.0008231064699160129,1.0
2026-08-12,BAJFINANCE,1093.0,1094.699951171875,1080.0,1094.199951171875,7054842,-0.2889,0,0.0,0.0,-0.2889,-0.3399,-0.3999,-0.4705,-0.3429,-0.19259999999999997,0.4130139586018853,0,0.0008231064699160129,1090.800048828125,-0.0031072038891143405,0.0
2026-08-13,BAJFINANCE,1095.0,1095.300048828125,1083.0,1090.800048828125,2405186,-0.2456,0,0.0,0.0,-0.2456,-0.2889,-0.3399,-0.3999,-0.29146666666666665,-0.34896,0.08907781991045703,0,-0.0031072038891143405,1087.0,-0.0034837263091502813,0.0
2026-08-14,BAJFINANCE,1090.800048828125,1098.5,1085.199951171875,1087.0,4225781,0.1343,1,0.0,0.8231,0.1343,-0.2456,-0.2889,-0.3399,-0.1334,-0.22799999999999998,0.21056535802453316,0,-0.0034837263091502813,1089.300048828125,0.0021159602834637248,1.0
2026-08-17,BAJFINANCE,1080.0,1100.4000244140625,1078.800048828125,1089.300048828125,2295675,0.1142,0,0.0,0.0,0.1142,0.1343,-0.2456,-0.2889,0.000966666666666662,-0.12517999999999999,0.23024038959313772,1,0.0021159602834637248,1094.300048828125,0.004590103530591971,1.0
2026-08-18,BAJFINANCE,1088.5999755859375,1100.0,1087.5999755859375,1094.300048828125,3374018,0.097,0,0.0,0.0,0.097,0.1142,0.1343,-0.2456,0.11516666666666668,-0.03779999999999998,0.2104314021243024,0,0.004590103530591971,1080.199951171875,-0.01288503794854956,0.0
2026-08-19,BAJFINANCE,1093.9000244140625,1093.9000244140625,1076.4000244140625,1080.199951171875,2877930,0.0825,0,0.0,0.0,0.0825,0.097,0.1142,0.1343,0.0979,0.036480000000000026,0.15887006325925557,0,-0.01288503794854956,1095.0,0.013701212272847263,1.0
2026-08-20,BAJFINANCE,1089.699951171875,1102.300048828125,1086.300048828125,1095.0,6741475,0.0701,0,0.0,0.0,0.0701,0.0825,0.097,0.1142,0.0832,0.09962000000000003,0.025429648051042298,0,0.013701212272847263,1095.0,0.0,0.0
2026-08-21,BAJFINANCE,1105.4000244140625,1105.5,1090.5999755859375,1095.0,3042594,0.0128,1,0.0,0.9488,0.0128,0.0701,0.0825,0.097,0.05513333333333333,0.07532000000000003,0.03863038959161395,0,0.0,,,
2026-02-23,BHARTIARTL,1969.2169190561328,1975.6361316809398,1959.2424743189804,1972.4759521484375,3728878,-0.9231,1,0.0,0.954,-0.9231,0.0,0.0,0.0,-0.9231,-0.9231,0.0,0,0.0,1916.8756103515625,-0.028188096152105047,0.0
2026-02-24,BHARTIARTL,1972.475914555702,1972.475914555702,1897.914292411682,1916.8756103515625,10006761,-0.7846,0,0.0,0.0,-0.7846,-0.9231,0.0,0.0,-0.85385,-0.85385,0.09793428919433687,1,-0.028188096152105047,1889.6187744140625,-0.014219407764545,0.0
2026-02-25,BHARTIARTL,1930.7017125761574,1937.417245015064,1880.335580943736,1889.6187744140625,8285195,-0.6669,0,0.0,0.0,-0.6669,-0.7846,-0.9231,0.0,-0.7915333333333333,-0.7915333333333333,0.12824064618260986,0,-0.014219407764545,1905.6173095703125,0.008466541173740572,1.0
2026-02-26,BHARTIARTL,1890.2112233962027,1910.9502180102677,1880.8292972612687,1905.6173095703125,10795028,-0.5669,0,0.0,0.0,-0.5669,-0.6669,-0.7846,-0.9231,-0.6728,-0.735375,0.1535539291801635,0,0.008466541173740572,1855.942626953125,-0.026067501784179492,0.0
2026-02-27,BHARTIARTL,1886.2610149406055,1891.1988710006594,1846.8568994707498,1855.942626953125,13754648,-0.4819,0,0.0,0.0,-0.4819,-0.5669,-0.6669,-0.7846,-0.5719,-0.68468,0.17473986952038165,0,-0.026067501784179492,1849.9183349609375,-0.003245947317928377,0.0
2026-03-02,BHARTIARTL,1827.1054642116926,1872.3362736702609,1824.932855779622,1849.9183349609375,11785758,-0.4096,0,0.0,0.0,-0.4096,-0.4819,-0.5669,-0.6669,-0.4861333333333333,-0.58198,0.1485130869654253,0,-0.003245947317928377,1882.2119140625,0.017456759301887947,1.0
2026-03-04,BHARTIARTL,1837.9686774946206,1896.1366434270433,1792.7379903114106,1882.2119140625,20565585,-0.3481,0,0.0,0.0,-0.3481,-0.4096,-0.4819,-0.5669,-0.4132,-0.49467999999999995,0.12625677011550698,0,0.017456759301887947,1883.2982177734375,0.0005771420862983323,1.0
2026-03-05,BHARTIARTL,1895.1490717919385,1905.1235164802192,1873.6199721037467,1883.2982177734375,11398717,-0.2959,0,0.0,0.0,-0.2959,-0.3481,-0.4096,-0.4819,-0.3512,-0.42047999999999996,0.10734133407033826,0,0.0005771420862983323,1847.5482177734375,-0.01898265482471817,0.0
2026-03-06,BHARTIARTL,1876.385248101966,1878.4591234760856,1843.894132063681,1847.5482177734375,10896859,-0.2515,0,0.0,0.0,-0.2515,-0.2959,-0.3481,-0.4096,-0.29850000000000004,-0.3574,0.09125327391387096,0,-0.01898265482471817,1843.4990234375,-0.0021916582728310763,0.0
2026-03-09,BHARTIARTL,1808.2427814898845,1849.1282513425515,1795.5030895031166,1843.4990234375,8073518,-0.2138,0,0.0,0.0,-0.2138,-0.2515,-0.2959,-0.3481,-0.2537333333333333,-0.30378,0.07754648283449071,0,-0.0021916582728310763,1827.4017333984375,-0.008731922194917474,0.0
2026-03-10,BHARTIARTL,1857.4239213451783,1857.6213873596932,1823.5501816904166,1827.4017333984375,11741600,-0.1817,0,0.0,0.0,-0.1817,-0.2138,-0.2515,-0.2959,-0.21566666666666667,-0.25820000000000004,0.06590106220691712,0,-0.008731922194917474,1784.5411376953125,-0.023454391511064543,0.0
2026-03-11,BHARTIARTL,1818.1185581057389,1824.7352368477207,1777.134353781248,1784.5411376953125,9548404,-0.1545,0,0.0,0.0,-0.1545,-0.1817,-0.2138,-0.2515,-0.18333333333333335,-0.21947999999999998,0.05600733880483839,0,-0.023454391511064543,1778.9119873046875,-0.0031543965402192065,0.0
2026-03-12,BHARTIARTL,1775.554221233877,1795.206911523239,1768.7399560864042,1778.9119873046875,12922735,-0.1313,0,0.0,0.0,-0.1313,-0.1545,-0.1817,-0.2138,-0.15583333333333335,-0.18656,0.04760344525346831,0,-0.0031543965402192065,1780.98583984375,0.001165798282243724,1.0
2026-03-13,BHARTIARTL,1758.9629549302274,1793.4292122498375,1754.5188847456875,1780.98583984375,8970772,-0.1116,0,0.0,0.0,-0.1116,-0.1313,-0.1545,-0.1817,-0.13246666666666668,-0.15858,0.04047143437042913,0,0.001165798282243724,1766.5673828125,-0.008095772975103999,0.0
2026-03-16,BHARTIARTL,1775.6529894874043,1782.467254770144,1748.8898345017506,1766.5673828125,14261268,-0.0949,0,0.0,0.0,-0.0949,-0.1116,-0.1313,-0.1545,-0.11259999999999999,-0.1348,0.0343882247288218,0,-0.008095772975103999,1804.2926025390625,0.021355098080946933,1.0
2026-03-17,BHARTIARTL,1774.6654662083718,1811.6993866217351,1768.8387719527107,1804.2926025390625,7181491,-0.0806,0,0.0,0.0,-0.0806,-0.0949,-0.1116,-0.1313,-0.09570000000000001,-0.11458000000000002,0.029257426407665276,0,0.021355098080946933,1832.339599609375,0.015544594613337015,1.0
2026-03-18,BHARTIARTL,1804.09508784673,1845.770543606319,1804.09508784673,1832.339599609375,6428092,-0.0685,0,0.0,0.0,-0.0685,-0.0806,-0.0949,-0.1116,-0.08133333333333333,-0.09738,0.02487241443848885,0,0.015544594613337015,1804.2926025390625,-0.015306658807292983,0.0
2026-03-19,BHARTIARTL,1803.897549944028,1838.1663432984026,1793.7256388023666,1804.2926025390625,7145082,-0.0583,0,0.0,0.0,-0.0583,-0.0685,-0.0806,-0.0949,-0.06913333333333334,-0.08278,0.021127162611196702,0,-0.015306658807292983,1823.1551513671875,0.010454262685321014,1.0
2026-03-20,BHARTIARTL,1811.2055640682022,1837.771253213415,1811.2055640682022,1823.1551513671875,7691633,-0.0495,0,0.0,0.0,-0.0495,-0.0583,-0.0685,-0.0806,-0.05876666666666667,-0.07036,0.017966023488795373,0,0.010454262685321014,1773.5791015625,-0.027192446988129504,0.0
2026-03-23,BHARTIARTL,1804.2925410683094,1807.2552546004413,1769.727549860104,1773.5791015625,6874051,0.0829,1,0.0,0.8921,0.0829,-0.0495,-0.0583,-0.0685,-0.008299999999999997,-0.034800000000000005,0.06681122660152218,0,-0.027192446988129504,1779.7020263671875,0.0034522986876048822,1.0
2026-03-24,BHARTIARTL,1793.7256096678125,1804.0951072151279,1758.8642982636834,1779.7020263671875,7535860,0.0705,0,0.0,0.0,0.0705,0.0829,-0.0495,-0.0583,0.03463333333333333,-0.004580000000000001,0.07463103911912217,1,0.0034522986876048822,1812.0943603515625,0.018200987302630534,1.0
2026-03-25,BHARTIARTL,1791.4540988288527,1826.2165557226956,1787.6025471628632,1812.0943603515625,12473682,0.0599,0,0.0,0.0,0.0599,0.0705,0.0829,-0.0495,0.0711,0.0211,0.06901767889461324,0,0.018200987302630534,1820.9825439453125,0.00490492315865132,1.0
2026-03-27,BHARTIARTL,1817.032259179686,1833.8209694335987,1795.7994785644432,1820.9825439453125,24490425,0.0509,0,0.0,0.0,0.0509,0.0599,0.0705,0.0829,0.06043333333333334,0.04294,0.05303892909929406,0,0.00490492315865132,1760.2469482421875,-0.033353200394516835,0.0
2026-03-30,BHARTIARTL,1795.404459196129,1801.8236720590414,1752.4451115750994,1760.2469482421875,14240129,0.0433,0,0.0,0.0,0.0433,0.0509,0.0599,0.0705,0.05136666666666667,0.0615,0.01569331067684385,0,-0.033353200394516835,1759.7530517578125,-0.00028058363337502,0.0
2026-04-01,BHARTIARTL,1788.4913480380824,1794.713094488286,1754.4201434509405,1759.7530517578125,10694662,0.043,1,0.0,0.9216,0.043,0.0433,0.0509,0.0599,0.04573333333333333,0.05352,0.011736779796858316,0,-0.00028058363337502,1767.4560546875,0.004377320398446294,1.0
2026-04-02,BHARTIARTL,1743.0630952863276,1777.035567259756,1725.1880814226272,1767.4560546875,10857093,0.0366,0,0.0,0.0,0.0366,0.043,0.0433,0.0509,0.04096666666666667,0.04674,0.008932133003932597,1,0.004377320398446294,1770.5177001953125,0.0017322328890116978,1.0
2026-04-06,BHARTIARTL,1789.577752073109,1791.7504810506462,1741.4830827290216,1770.5177001953125,8183498,0.0311,0,0.0,0.0,0.0311,0.0366,0.043,0.0433,0.0369,0.04098,0.007494464623970302,0,0.0017322328890116978,1807.5516357421875,0.020917009495465377,1.0
2026-04-07,BHARTIARTL,1765.8760583054745,1817.1310282677834,1749.9761859187568,1807.5516357421875,10057628,0.8274,1,0.0,0.8595,0.8274,0.0311,0.0366,0.043,0.29836666666666667,0.19628,0.3528428219476768,0,0.020917009495465377,1838.4625244140625,0.017100971314262248,1.0
2026-04-08,BHARTIARTL,1840.8327194080457,1848.2395034185392,1817.3284765934955,1838.4625244140625,11587604,0.7033,0,0.0,0.0,0.7033,0.8274,0.0311,0.0366,0.5206000000000001,0.32828,0.4014158155827943,1,0.017100971314262248,1836.2899169921875,-0.001181752357213517,0.0
2026-04-09,BHARTIARTL,1846.6594146125253,1846.6594146125253,1823.155171785176,1836.2899169921875,10113053,0.5978,0,0.0,0.0,0.5978,0.7033,0.8274,0.0311,0.7094999999999999,0.43924,0.3788912680440128,0,-0.001181752357213517,1846.758056640625,0.005700700935930669,1.0
2026-04-10,BHARTIARTL,1844.7829143340575,1851.3008598351064,1836.783612103083,1846.758056640625,5857988,0.5081,0,0.0,0.0,0.5081,0.5978,0.7033,0.8274,0.6030666666666668,0.53354,0.30512073511972265,0,0.005700700935930669,1847.64697265625,0.0004813386422919397,1.0
2026-04-13,BHARTIARTL,1815.1558562332882,1870.1635235681833,1815.1558562332882,1847.64697265625,10371983,0.4319,0,0.0,0.0,0.4319,0.5081,0.5978,0.7033,0.5126000000000001,0.6137,0.1566455074363767,0,0.0004813386422919397,1832.6357421875,-0.008124512253100624,0.0
2026-04-15,BHARTIARTL,1857.127555027025,1867.398319138862,1830.561866874802,1832.6357421875,11049107,0.3671,0,0.0,0.0,0.3671,0.4319,0.5081,0.5978,0.4357,0.52164,0.1331539635159238,0,-0.008124512253100624,1817.7235107421875,-0.008137040603340417,0.0
2026-04-16,BHARTIARTL,1840.338915135399,1841.7215389139549,1800.5397479015621,1817.7235107421875,15871247,0.3121,0,0.0,0.0,0.3121,0.3671,0.4319,0.5081,0.3703666666666667,0.4433999999999999,0.11315816364717121,0,-0.008137040603340417,1823.9451904296875,0.00342278660683637,1.0
2026-04-17,BHARTIARTL,1814.266944888646,1828.389260627552,1806.958894230423,1823.9451904296875,7344787,0.2652,0,0.0,0.0,0.2652,0.3121,0.3671,0.4319,0.3148,0.37688,0.09619044651107507,0,0.00342278660683637,1823.1551513671875,-0.00043314846665643003,0.0
2026-04-20,BHARTIARTL,1841.8202709853854,1841.8202709853854,1816.3408860395123,1823.1551513671875,9243641,0.2255,0,0.0,0.0,0.2255,0.2652,0.3121,0.3671,0.2676,0.32036,0.08175431487083731,0,-0.00043314846665643003,1831.944580078125,0.004820998752819383,1.0
2026-04-21,BHARTIARTL,1807.2553000231637,1845.6718438993087,1807.2553000231637,1831.944580078125,10485373,0.1916,0,0.0,0.0,0.1916,0.2255,0.2652,0.3121,0.22743333333333335,0.2723,0.06950579112563225,0,0.004820998752819383,1806.2677001953125,-0.014016188132567553,0.0
2026-04-22,BHARTIARTL,1827.2041611288694,1834.808531597159,1802.6137350263361,1806.2677001953125,5687058,0.1629,0,0.0,0.0,0.1629,0.1916,0.2255,0.2652,0.19333333333333333,0.23146,0.05908894143577148,0,-0.014016188132567553,1818.3160400390625,0.006670295794165559,1.0
2026-04-23,BHARTIARTL,1799.1572552561386,1823.056430006809,1789.577742311552,1818.3160400390625,7489947,0.1385,0,0.0,0.0,0.1385,0.1629,0.1916,0.2255,0.16433333333333333,0.19674,0.05019305728883271,0,0.006670295794165559,1791.9478759765625,-0.014501419710257646,0.0
2026-04-24,BHARTIARTL,1822.0687964600484,1827.6979038701402,1784.8374118213812,1791.9478759765625,6306448,0.1177,0,0.0,0.0,0.1177,0.1385,0.1629,0.1916,0.1397,0.16724,0.0426810027998412,0,-0.014501419710257646,1797.478271484375,0.0030862479773852147,1.0
2026-04-27,BHARTIARTL,1793.5279867844245,1805.675160458021,1791.4541114275748,1797.478271484375,4413769,0.1,0,0.0,0.0,0.1,0.1177,0.1385,0.1629,0.11873333333333332,0.14214,0.0362753773240205,0,0.0030862479773852147,1820.8837890625,0.013021307656084558,1.0
2026-04-28,BHARTIARTL,1803.304973845387,1828.981824513503,1790.071495928887,1820.8837890625,10558455,0.8261,1,0.0,0.883,0.8261,0.1,0.1177,0.1385,0.34793333333333326,0.26904,0.312290150340993,0,0.013021307656084558,1864.6331787109375,0.024026458970762832,1.0
2026-04-29,BHARTIARTL,1825.03159727464,1876.7803528231393,1822.4639362375847,1864.6331787109375,7713013,0.7022,0,0.0,0.0,0.7022,0.8261,0.1,0.1177,0.5427666666666666,0.3769,0.3564735403925514,1,0.024026458970762832,1863.349365234375,-0.0006885072577385021,0.0
2026-04-30,BHARTIARTL,1836.8824091819024,1882.310683817584,1836.8824091819024,1863.349365234375,12709188,0.5969,0,0.0,0.0,0.5969,0.7022,0.8261,0.1,0.7084,0.46858000000000005,0.3383167406440301,0,-0.0006885072577385021,1863.349365234375,0.0,0.0
2026-05-01,BHARTIARTL,1863.349365234375,1863.349365234375,1863.349365234375,1863.349365234375,0,0.5073,0,0.0,0.0,0.5073,0.5969,0.7022,0.8261,0.6021333333333333,0.5465,0.2765220153984126,0,0.0,1804.3912353515625,-0.03164094237121051,0.0
2026-05-04,BHARTIARTL,1849.9182415409805,1871.7436605351234,1799.0583269975498,1804.3912353515625,10707858,0.4312,0,0.0,0.0,0.4312,0.5073,0.5969,0.7022,0.5118,0.61274,0.15640560411954524,0,-0.03164094237121051,1783.65234375,-0.011493567024294382,0.0
2026-05-05,BHARTIARTL,1805.280177426069,1823.0564592606802,1778.6157546741522,1783.65234375,11407461,0.3665,0,0.0,0.0,0.3665,0.4312,0.5073,0.5969,0.435,0.52082,0.13296246462817968,0,-0.011493567024294382,1810.9091796875,0.015281473451375982,1.0
2026-05-06,BHARTIARTL,1794.416789611275,1818.6122829219387,1791.2566101348034,1810.9091796875,5507749,0.3116,0,0.0,0.0,0.3116,0.3665,0.4312,0.5073,0.36976666666666663,0.44270000000000004,0.11300077433362987,0,0.015281473451375982,1803.8974609375,-0.003871932854860205,0.0
2026-05-07,BHARTIARTL,1812.1930828114023,1820.9824902664523,1798.5645525504826,1803.8974609375,7914845,0.2648,0,0.0,0.0,0.2648,0.3116,0.3665,0.4312,0.31429999999999997,0.37627999999999995,0.0960330516020394,0,-0.003871932854860205,1811.6993408203125,0.004325012952098639,1.0
2026-05-08,BHARTIARTL,1797.379558622496,1817.9210875137167,1792.6391687081764,1811.6993408203125,4839183,0.2251,0,0.0,0.0,0.2251,0.2648,0.3116,0.3665,0.26716666666666666,0.31984,0.08162593337904309,0,0.004325012952098639,1737.9278564453125,-0.04071949617291204,0.0
2026-05-11,BHARTIARTL,1791.4541675863443,1797.1821288020824,1734.1750376414666,1737.9278564453125,15803791,0.1913,0,0.0,0.0,0.1913,0.2251,0.2648,0.3116,0.22706666666666667,0.27186,0.06939425768750605,0,-0.04071949617291204,1734.965087890625,-0.0017047707381522281,0.0
2026-05-12,BHARTIARTL,1729.7309124435978,1754.4201918104775,1729.7309124435978,1734.965087890625,11945399,-0.945,1,0.0,0.9548,-0.945,0.1913,0.2251,0.2648,-0.1762,0.00955999999999999,0.53550147805585,0,-0.0017047707381522281,1766.9622802734375,0.018442556917219965,1.0
2026-05-13,BHARTIARTL,1718.8676127570984,1775.652954747063,1718.8676127570984,1766.9622802734375,9825413,-0.7103,1,0.0,0.844,-0.7103,-0.945,0.1913,0.2251,-0.488,-0.19482,0.5842006650116037,1,0.018442556917219965,1860.09033203125,0.05270517248585582,1.0
2026-05-14,BHARTIARTL,1797.3795616123573,1865.7194395798856,1774.9617438728374,1860.09033203125,21279151,0.921,1,0.0,0.9421,0.921,-0.7103,-0.945,0.1913,-0.24476666666666666,-0.06358,0.7604021482084332,1,0.05270517248585582,1881.7181396484375,0.011627288871271846,1.0
2026-05-15,BHARTIARTL,1859.7939872467946,1899.0006351989316,1857.0288602905885,1881.7181396484375,15807294,0.7829,0,0.0,0.0,0.7829,0.921,-0.7103,-0.945,0.3312,0.04798,0.8490891867171552,1,0.011627288871271846,1914.01171875,0.017161751497807076,1.0
2026-05-18,BHARTIARTL,1881.1256701194588,1929.5166589230141,1866.904620727789,1914.01171875,13888648,0.4632,1,0.0,0.4986,0.4632,0.7829,0.921,-0.7103,0.7223666666666667,0.10236,0.8690355130833262,0,0.017161751497807076,1889.7174072265625,-0.012692875015051452,0.0
2026-05-19,BHARTIARTL,1904.432241563304,1917.8631851758478,1884.0882998579534,1889.7174072265625,8962228,0.3937,0,0.0,0.0,0.3937,0.4632,0.7829,0.921,0.5466000000000001,0.3701,0.6423362398308226,1,-0.012692875015051452,1881.224365234375,-0.004494345006141542,0.0
2026-05-20,BHARTIARTL,1890.2112388633832,1890.2112388633832,1874.1137804052098,1881.224365234375,5778742,0.3347,0,0.0,0.0,0.3347,0.3937,0.4632,0.7829,0.3972,0.5791000000000001,0.25786012681296794,0,-0.004494345006141542,1861.8680419921875,-0.010289215683093711,0.0
2026-05-21,BHARTIARTL,1887.248573752857,1891.4951781578525,1857.423971567338,1861.8680419921875,6419014,0.2845,0,0.0,0.0,0.2845,0.3347,0.3937,0.4632,0.3376333333333333,0.4518,0.19674506347047163,0,-0.010289215683093711,1848.1407470703125,-0.007372861347996973,0.0
2026-05-22,BHARTIARTL,1867.7934378406026,1873.0274928100464,1846.0668716841888,1848.1407470703125,5099120,0.2418,0,0.0,0.0,0.2418,0.2845,0.3347,0.3937,0.287,0.34357999999999994,0.0876775740996518,0,-0.007372861347996973,1851.49853515625,0.0018168465206236384,1.0
2026-05-25,BHARTIARTL,1868.9784971860931,1868.9784971860931,1839.9438797770422,1851.49853515625,5903841,0.2055,0,0.0,0.0,0.2055,0.2418,0.2845,0.3347,0.24393333333333334,0.29203999999999997,0.07453977461731386,0,0.0018168465206236384,1823.9451904296875,-0.014881645436590762,0.0
2026-05-26,BHARTIARTL,1850.7083446217582,1850.7083446217582,1821.8713151146414,1823.9451904296875,5803034,0.1747,0,0.0,0.0,0.1747,0.2055,0.2418,0.2845,0.20733333333333334,0.24824000000000002,0.06337671496693373,0,-0.014881645436590762,1829.1793212890625,0.002869675518123449,1.0
2026-05-27,BHARTIARTL,1817.5260535063592,1846.1656181947292,1817.5260535063592,1829.1793212890625,8653155,0.9242,1,0.0,0.9381,0.9242,0.1747,0.2055,0.2418,0.4348,0.36613999999999997,0.31464701333398976,0,0.002869675518123449,1829.1793212890625,0.0,0.0
2026-05-28,BHARTIARTL,1829.1793212890625,1829.1793212890625,1829.1793212890625,1829.1793212890625,0,0.7856,0,0.0,0.0,0.7856,0.9242,0.1747,0.2055,0.6281666666666667,0.46636,0.35884269952167047,1,0.0,1806.2677001953125,-0.012525628748964679,0.0
2026-05-29,BHARTIARTL,1836.8824069782838,1836.8824069782838,1795.8982027365641,1806.2677001953125,52886264,0.6677,0,0.0,0.0,0.6677,0.7856,0.9242,0.1747,0.7925,0.5515399999999999,0.34238310852026543,0,-0.012525628748964679,1788.0963134765625,-0.010060184720562249,0.0
2026-06-01,BHARTIARTL,1807.255218040733,1819.1060719295247,1781.4796349432352,1788.0963134765625,6391656,0.5676,0,0.0,0.0,0.5676,0.6677,0.7856,0.9242,0.6736333333333334,0.6239600000000001,0.28425153121839086,0,-0.010060184720562249,1791.651611328125,0.0019883145134671487,1.0
2026-06-02,BHARTIARTL,1762.8145806943191,1802.3174284409706,1755.3090637330802,1791.651611328125,10791294,0.4824,0,0.0,0.0,0.4824,0.5676,0.6677,0.7856,0.5725666666666666,0.6855,0.1749746838831258,0,0.0019883145134671487,1801.4285888671875,0.005456963550974692,1.0
2026-06-03,BHARTIARTL,1807.1565500072857,1812.686924576928,1782.4672701846632,1801.4285888671875,5832363,0.4101,0,0.0,0.0,0.4101,0.4824,0.5676,0.6677,0.48669999999999997,0.58268,0.14872144095590203,0,0.005456963550974692,1796.293212890625,-0.002850724146546302,0.0
2026-06-04,BHARTIARTL,1792.4416612434447,1807.057762680342,1776.0480040446246,1796.293212890625,6735759,0.07,1,0.0,0.9074,0.07,0.4101,0.4824,0.5676,0.32083333333333336,0.43956,0.2278814669954534,0,-0.002850724146546302,1775.8504638671875,-0.01138051899140713,0.0
2026-06-05,BHARTIARTL,1802.2186869457869,1805.0826675045578,1768.443679949568,1775.8504638671875,3926715,0.0595,0,0.0,0.0,0.0595,0.07,0.4101,0.4824,0.1798666666666667,0.31792,0.23776887306794384,1,-0.01138051899140713,1790.7628173828125,0.008397302486354175,1.0
2026-06-08,BHARTIARTL,1753.0375270605523,1797.478228881691,1748.9885094496947,1790.7628173828125,6324919,0.4658,2,0.5796861392167316,0.9035,0.4658,0.0595,0.07,0.4101,0.19843333333333332,0.29756,0.21423812219117305,0,0.008397302486354175,1776.6405029296875,-0.00788620040356025,0.0
2026-06-09,BHARTIARTL,1814.1682067158622,1814.1682067158622,1766.9622574162158,1776.6405029296875,10377475,-0.005599999999999994,2,1.2408309796261536,0.9143,-0.0056,0.4658,0.0595,0.07,0.17323333333333332,0.19995999999999997,0.22005865808915598,2,-0.00788620040356025,1753.1363525390625,-0.013229547762682703,0.0
2026-06-10,BHARTIARTL,1776.6405954077302,1785.232416658435,1748.9886017048862,1753.1363525390625,7999362,0.9064,1,0.0,0.9157,0.9064,-0.0056,0.4658,0.0595,0.45553333333333335,0.29921999999999993,0.38708499325083634,2,-0.013229547762682703,1760.4443359375,0.004168519686362782,1.0
2026-06-11,BHARTIARTL,1750.9636768570203,1773.6778136690402,1746.61833961714,1760.4443359375,5020731,0.7704,0,0.0,0.0,0.7704,0.9064,-0.0056,0.4658,0.5570666666666666,0.43929999999999997,0.40948013382824805,1,0.004168519686362782,1799.8485107421875,0.022383084770302153,1.0
2026-06-12,BHARTIARTL,1761.8270195687587,1802.3174387404622,1761.8270195687587,1799.8485107421875,5910557,0.6549,0,0.0,0.0,0.6549,0.7704,0.9064,-0.0056,0.7772333333333333,0.55838,0.3542707326325445,0,0.022383084770302153,1818.3160400390625,0.010260602037701405,1.0
2026-06-15,BHARTIARTL,1818.118574020875,1833.9197131758635,1793.4292940912053,1818.3160400390625,5307277,0.5566,0,0.0,0.0,0.5566,0.6549,0.7704,0.9064,0.6606333333333333,0.5765399999999999,0.350647327096614,0,0.010260602037701405,1829.9693603515625,0.006408853057386921,1.0
2026-06-16,BHARTIARTL,1817.3284012762938,1836.0922533252306,1814.365687794883,1829.9693603515625,5957732,0.4731,0,0.0,0.0,0.4731,0.5566,0.6549,0.7704,0.5615333333333333,0.67228,0.17160733375936976,0,0.006408853057386921,1852.38720703125,0.012250394550529897,1.0
2026-06-17,BHARTIARTL,1829.9693895521034,1854.6586689578253,1818.6123210254714,1852.38720703125,7653632,0.4022,0,0.0,0.0,0.4022,0.4731,0.5566,0.6549,0.47730000000000006,0.57144,0.14584564786101717,0,0.012250394550529897,1851.49853515625,-0.00047974412240958664,0.0
2026-06-18,BHARTIARTL,1855.448819958757,1855.448819958757,1838.6601095481026,1851.49853515625,4262944,0.3418,0,0.0,0.0,0.3418,0.4022,0.4731,0.5566,0.4057,0.48572,0.12398958423996716,0,-0.00047974412240958664,1887.051025390625,0.019202008297227513,1.0
2026-06-19,BHARTIARTL,1851.0046779619659,1893.6677039576514,1843.9928262662233,1887.051025390625,15918432,0.2906,0,0.0,0.0,0.2906,0.3418,0.4022,0.4731,0.34486666666666665,0.41285999999999995,0.1053573822757569,0,0.019202008297227513,1892.7789306640625,0.003035373816800746,1.0
2026-06-22,BHARTIARTL,1891.9889460389197,1900.5807672252354,1877.372844112846,1892.7789306640625,3798060,0.247,0,0.0,0.0,0.247,0.2906,0.3418,0.4022,0.29313333333333336,0.35094,0.08955254323580118,0,0.003035373816800746,1877.96533203125,-0.007826375490990523,0.0
2026-06-23,BHARTIARTL,1883.890759112051,1903.74091572211,1873.1262091379713,1877.96533203125,5155908,0.2099,0,0.0,0.0,0.2099,0.247,0.2906,0.3418,0.24916666666666668,0.29829999999999995,0.07614624087898295,0,-0.007826375490990523,1853.9674072265625,-0.012778683607929442,0.0
2026-06-24,BHARTIARTL,1867.694550058648,1870.5585305646887,1849.6220699642718,1853.9674072265625,8957457,0.1784,0,0.0,0.0,0.1784,0.2099,0.247,0.2906,0.21176666666666666,0.25354,0.06472347333077959,0,-0.012778683607929442,1827.6978759765625,-0.014169359799748538,0.0
2026-06-25,BHARTIARTL,1861.5716145852227,1865.521899178507,1825.031482097343,1827.6978759765625,8521503,0.0489,2,0.058972705550958064,0.90375,0.0489,0.1784,0.2099,0.247,0.14573333333333335,0.19495999999999997,0.0917689108576548,0,-0.014169359799748538,1827.6978759765625,0.0,0.0
2026-06-26,BHARTIARTL,1827.6978759765625,1827.6978759765625,1827.6978759765625,1827.6978759765625,0,0.0416,0,0.0,0.0,0.0416,0.0489,0.1784,0.2099,0.08963333333333334,0.14515999999999998,0.09441691056161623,2,0.0,1818.21728515625,-0.005187176143785166,0.0
2026-06-29,BHARTIARTL,1814.2670004150261,1826.809226800286,1810.316715673802,1818.21728515625,10940130,0.0353,0,0.0,0.0,0.0353,0.0416,0.0489,0.1784,0.04193333333333333,0.10281999999999998,0.0842506201757606,0,-0.005187176143785166,1828.9818115234375,0.005920374014188434,1.0
2026-06-30,BHARTIARTL,1829.9693826959665,1853.276038257023,1820.2911369839348,1828.9818115234375,7233634,0.03,0,0.0,0.0,0.03,0.0353,0.0416,0.0489,0.03563333333333333,0.06683999999999998,0.06276243303123544,0,0.005920374014188434,1847.7457275390625,0.010259214114324955,1.0
2026-07-01,BHARTIARTL,1822.661394780927,1863.546866844581,1822.661394780927,1847.7457275390625,4307333,0.0255,0,0.0,0.0,0.0255,0.03,0.0353,0.0416,0.030266666666666664,0.03625999999999997,0.009275936610409853,0,0.010259214114324955,1851.6959228515625,0.002137845729326182,1.0
2026-07-02,BHARTIARTL,1837.6724606170815,1860.3865972707272,1827.2041098907312,1851.6959228515625,5282404,0.0217,0,0.0,0.0,0.0217,0.0255,0.03,0.0353,0.02573333333333333,0.030819999999999976,0.007880799451854308,0,0.002137845729326182,1886.656005859375,0.01888003455447196,1.0
2026-07-03,BHARTIARTL,1866.5095296823379,1889.2236668160383,1861.5716737837074,1886.656005859375,5087043,0.0184,0,0.0,0.0,0.0184,0.0217,0.0255,0.03,0.021866666666666663,0.026179999999999974,0.00668632933681491,0,0.01888003455447196,1901.7657470703125,0.00800874200914814,1.0
2026-07-06,BHARTIARTL,1892.9764601311326,1908.6787452356762,1891.7913023994834,1901.7657470703125,2740217,0.0157,0,0.0,0.0,0.0157,0.0184,0.0217,0.0255,0.018600000000000002,0.022259999999999978,0.005671243249972228,0,0.00800874200914814,1901.8646240234375,5.199218319984489e-05,1.0
2026-07-07,BHARTIARTL,1899.5931620913436,1932.1830109860744,1893.1739494302603,1901.8646240234375,5767438,0.9228,1,0.0,0.9447,0.9228,0.0157,0.0184,0.0217,0.3189666666666667,0.20081999999999994,0.403615741764367,0,5.199218319984489e-05,1864.6331787109375,-0.0195762857367503,0.0
2026-07-08,BHARTIARTL,1887.2485835453665,1900.284475304649,1851.7947529725336,1864.6331787109375,6188780,-0.3573,1,0.0,0.584,-0.3573,0.9228,0.0157,0.0184,0.1937333333333333,0.12426,0.4751516421101797,1,-0.0195762857367503,1907.0986328125,0.02277415986500886,1.0
2026-07-09,BHARTIARTL,1878.360336320119,1941.564890223635,1875.2001568461908,1907.0986328125,11145066,-0.3037,0,0.0,0.0,-0.3037,-0.3573,0.9228,0.0157,0.08726666666666665,0.05917999999999997,0.5134516793233812,1,0.02277415986500886,1896.53173828125,-0.005540822246653532,0.0
2026-07-10,BHARTIARTL,1906.0123975990975,1906.0123975990975,1882.310689027917,1896.53173828125,6420887,-0.2581,0,0.0,0.0,-0.2581,-0.3037,-0.3573,0.9228,-0.3063666666666667,0.0038799999999999724,0.5334425104919933,0,-0.005540822246653532,1878.1629638671875,-0.009685455847266433,0.0
2026-07-13,BHARTIARTL,1890.2112843339596,1893.1739979457682,1873.1262542846123,1878.1629638671875,7862506,-0.2194,0,0.0,0.0,-0.2194,-0.2581,-0.3037,-0.3573,-0.2604,-0.04314000000000003,0.5424259147570296,0,-0.009685455847266433,1912.431640625,0.018245848425874733,1.0
2026-07-14,BHARTIARTL,1861.5717235105217,1916.9744440624643,1861.5717235105217,1912.431640625,6964062,-0.1865,0,0.0,0.0,-0.1865,-0.2194,-0.2581,-0.3037,-0.22133333333333335,-0.265,0.06765020325173199,0,0.018245848425874733,1894.4578857421875,-0.009398377699366245,0.0
2026-07-15,BHARTIARTL,1929.417809863854,1929.417809863854,1892.7789423662703,1894.4578857421875,5763065,-0.1585,0,0.0,0.0,-0.1585,-0.1865,-0.2194,-0.2581,-0.18813333333333335,-0.22524000000000002,0.057499721738462455,0,-0.009398377699366245,1897.914306640625,0.0018244907550866163,1.0
2026-07-16,BHARTIARTL,1904.037199621479,1911.9377689145142,1893.1739168435556,1897.914306640625,4644787,-0.1348,0,0.0,0.0,-0.1348,-0.1585,-0.1865,-0.2194,-0.15993333333333334,-0.19146000000000002,0.0488437611164474,0,0.0018244907550866163,1885.075927734375,-0.0067644671107276455,0.0
2026-07-17,BHARTIARTL,1894.1615344227657,1901.2719987394955,1879.0516470583107,1885.075927734375,4715613,-0.1145,0,0.0,0.0,-0.1145,-0.1348,-0.1585,-0.1865,-0.13593333333333332,-0.16274000000000002,0.041534961177308836,0,-0.0067644671107276455,1915.98681640625,0.016397688929711274,1.0
2026-07-20,BHARTIARTL,1877.570273509941,1918.3570113416981,1877.570273509941,1915.98681640625,6437294,0.0457,1,0.0,0.9318,0.0457,-0.1145,-0.1348,-0.1585,-0.06786666666666667,-0.10972000000000001,0.09094213544886938,0,0.016397688929711274,1924.1837158203125,0.0042781606553208285,1.0
2026-07-21,BHARTIARTL,1922.208573455593,1927.7389479661829,1914.6042030195495,1924.1837158203125,5061312,0.0388,0,0.0,0.0,0.0388,0.0457,-0.1145,-0.1348,-0.010000000000000002,-0.06466000000000002,0.09885961258269457,1,0.0042781606553208285,1924.7762451171875,0.0003079380061286052,1.0
2026-07-22,BHARTIARTL,1918.2582993880105,1931.6892434321287,1915.3943188326245,1924.7762451171875,6589708,0.033,0,0.0,0.0,0.033,0.0388,0.0457,-0.1145,0.03916666666666666,-0.026360000000000022,0.090124874479804,0,0.0003079380061286052,1907.0,-0.009235486546700034,0.0
2026-07-23,BHARTIARTL,1923.7887105126877,1924.6775487092787,1901.864677946781,1907.0,5612121,0.0281,0,0.0,0.0,0.0281,0.033,0.0388,0.0457,0.0333,0.006219999999999977,0.06780366509268063,0,-0.009235486546700034,1898.199951171875,-0.004614603475681656,0.0
2026-07-24,BHARTIARTL,1900.199951171875,1905.0,1878.0,1898.199951171875,4483600,0.0239,0,0.0,0.0,0.0239,0.0281,0.033,0.0388,0.028333333333333335,0.03389999999999998,0.008626992523491044,0,-0.004614603475681656,1905.300048828125,0.0037404371714722107,1.0
2026-07-27,BHARTIARTL,1892.0,1917.0,1890.0,1905.300048828125,5230299,0.0203,0,0.0,0.0,0.0203,0.0239,0.0281,0.033,0.0241,0.028819999999999974,0.0073209971998611685,0,0.0037404371714722107,1901.800048828125,-0.00183698100577534,0.0
2026-07-28,BHARTIARTL,1901.0,1908.4000244140625,1892.4000244140625,1901.800048828125,6309089,0.0172,0,0.0,0.0,0.0172,0.0203,0.0239,0.0281,0.02046666666666667,0.024499999999999973,0.006254998001628701,0,-0.00183698100577534,1950.199951171875,0.02544952208491824,1.0
2026-07-29,BHARTIARTL,1915.199951171875,1957.0,1913.0999755859375,1950.199951171875,6315728,0.0147,0,0.0,0.0,0.0147,0.0172,0.0203,0.0239,0.017400000000000002,0.020839999999999977,0.0053224054712491045,0,0.02544952208491824,1956.800048828125,0.003384318439903611,1.0
2026-07-30,BHARTIARTL,1954.0,1963.199951171875,1943.9000244140625,1956.800048828125,5356472,0.0125,0,0.0,0.0,0.0125,0.0147,0.0172,0.0203,0.014800000000000002,0.01771999999999998,0.004513535199861112,0,0.003384318439903611,1972.0,0.007767758990489426,1.0
2026-07-31,BHARTIARTL,1969.0,1976.4000244140625,1947.4000244140625,1972.0,6529385,0.0106,0,0.0,0.0,0.0106,0.0125,0.0147,0.0172,0.012600000000000002,0.015059999999999976,0.0038279237192488233,0,0.007767758990489426,1970.5,-0.0007606490872210658,0.0
2026-08-03,BHARTIARTL,1987.4000244140625,1987.4000244140625,1943.0,1970.5,4361200,0.9369,1,0.0,0.9561,0.9369,0.0106,0.0125,0.0147,0.32,0.19837999999999995,0.4128525850712336,0,-0.0007606490872210658,1970.0999755859375,-0.000203006553698315,0.0
2026-08-04,BHARTIARTL,1980.0,1980.0,1936.0,1970.0999755859375,4977391,0.9074333333333334,3,0.015550026795260952,0.9372666666666666,0.9074,0.9369,0.0106,0.0125,0.6183,0.37642,0.4982923308661293,1,-0.000203006553698315,1978.0,0.004009961175555521,1.0
2026-08-05,BHARTIARTL,2020.0,2031.0,1951.800048828125,1978.0,14286999,0.7713,0,0.0,0.0,0.7713,0.9074,0.9369,0.0106,0.8718666666666667,0.52774,0.47533702043918263,3,0.004009961175555521,1948.0,-0.015166835187057637,0.0
2026-08-06,BHARTIARTL,1969.0,1970.0,1944.300048828125,1948.0,5391645,0.6556,0,0.0,0.0,0.6556,0.7713,0.9074,0.9369,0.7780999999999999,0.6563599999999999,0.3781340807174087,0,-0.015166835187057637,1959.9000244140625,0.006108842101674838,1.0
2026-08-07,BHARTIARTL,1938.300048828125,1961.0,1938.300048828125,1959.9000244140625,3019876,-0.2309,1,0.0,0.6913,-0.2309,0.6556,0.7713,0.9074,0.39866666666666667,0.60806,0.4823125055397173,0,0.006108842101674838,1943.0,-0.008622901272280492,0.0
2026-08-10,BHARTIARTL,1955.0,1959.0,1935.0,1943.0,3671000,-0.1963,0,0.0,0.0,-0.1963,-0.2309,0.6556,0.7713,0.07613333333333332,0.38142,0.550575205580491,1,-0.008622901272280492,1915.199951171875,-0.014307796617666013,0.0
2026-08-11,BHARTIARTL,1934.800048828125,1938.300048828125,1914.4000244140625,1915.199951171875,6798617,-0.1668,0,0.0,0.0,-0.1668,-0.1963,-0.2309,0.6556,-0.19800000000000004,0.16657999999999998,0.5014083435683935,0,-0.014307796617666013,1945.0,0.015559758556745518,1.0
2026-08-12,BHARTIARTL,1908.5999755859375,1945.0,1901.300048828125,1945.0,10871157,-0.1418,0,0.0,0.0,-0.1418,-0.1668,-0.1963,-0.2309,-0.1683,-0.016040000000000033,0.3769293474910123,0,0.015559758556745518,1939.0999755859375,-0.003033431575353518,0.0
2026-08-13,BHARTIARTL,1965.0,1970.0,1930.5,1939.0999755859375,13019222,-0.0023,1,0.0,0.9372,-0.0023,-0.1418,-0.1668,-0.1963,-0.10363333333333334,-0.14762000000000003,0.08778517528603806,0,-0.003033431575353518,1992.0999755859375,0.027332267890924467,1.0
2026-08-14,BHARTIARTL,1939.0999755859375,2005.800048828125,1932.0,1992.0999755859375,12282580,0.5259,2,0.5573415649312368,0.8773500000000001,0.5259,-0.0023,-0.1418,-0.1668,0.12726666666666667,0.0037399999999999877,0.3012346809383015,1,0.027332267890924467,1969.300048828125,-0.011445171947811694,0.0
2026-08-17,BHARTIARTL,1984.199951171875,1993.199951171875,1969.300048828125,1969.300048828125,5537411,0.447,0,0.0,0.0,0.447,0.5259,-0.0023,-0.1418,0.3235333333333334,0.1324,0.33040345791168746,2,-0.011445171947811694,1934.199951171875,-0.017823641286728753,0.0
2026-08-18,BHARTIARTL,1956.699951171875,1959.699951171875,1923.199951171875,1934.199951171875,6710275,0.0163,1,0.0,0.9443,0.0163,0.447,0.5259,-0.0023,0.3297333333333334,0.16902,0.29745555466321383,0,-0.017823641286728753,1922.0,-0.006307492234442158,0.0
2026-08-19,BHARTIARTL,1924.800048828125,1941.800048828125,1922.0,1922.0,6252338,0.0139,0,0.0,0.0,0.0139,0.0163,0.447,0.5259,0.15906666666666666,0.20015999999999998,0.2629276858757939,1,-0.006307492234442158,1941.699951171875,0.010249714449466651,1.0
2026-08-20,BHARTIARTL,1944.0,1952.199951171875,1933.0,1941.699951171875,4390604,0.0118,0,0.0,0.0,0.0118,0.0139,0.0163,0.447,0.013999999999999999,0.20298,0.2602755981647149,0,0.010249714449466651,1946.0,0.002214579459369981,1.0
2026-08-21,BHARTIARTL,1950.0,1954.9000244140625,1940.5,1946.0,3016258,0.01,0,0.0,0.0,0.01,0.0118,0.0139,0.0163,0.011899999999999999,0.0998,0.19410495872079164,0,0.002214579459369981,,,
2026-02-23,HCLTECH,1396.9214511058526,1400.2238897093428,1374.8730226483146,1385.265869140625,2629763,0.0,0,0.0,0.0,0.0,0.0,0.0,0.0,0.0,0.0,0.0,0,0.0,1300.762939453125,-0.0610012356255647,0.0
2026-02-24,HCLTECH,1362.0519713376468,1366.3255900015026,1284.542301484879,1300.762939453125,10004684,-0.9404,1,0.0,0.9588,-0.9404,0.0,0.0,0.0,-0.4702,-0.4702,0.6649632170278293,0,-0.0610012356255647,1338.6435546875,0.029121843869799324,1.0
2026-02-25,HCLTECH,1316.1094767557106,1351.4647661176937,1315.13817824888,1338.6435546875,5703505,-0.7993,0,0.0,0.0,-0.7993,-0.9404,0.0,0.0,-0.5799,-0.5799,0.507139339826837,1,0.029121843869799324,1334.0784912109375,-0.0034102158566237106,0.0
2026-02-26,HCLTECH,1351.0762149795514,1364.6743939944429,1328.7363494550873,1334.0784912109375,2329520,0.7451,1,0.0,0.81,0.7451,-0.7993,-0.9404,0.0,-0.33153333333333335,-0.24865,0.7812595322085143,0,-0.0034102158566237106,1349.2308349609375,0.011357910235286317,1.0
2026-02-27,HCLTECH,1357.8754160439462,1364.480293820491,1342.3346387501672,1349.2308349609375,8651443,0.6333,0,0.0,0.0,0.6333,0.7451,-0.7993,-0.9404,0.1930333333333333,-0.07226000000000002,0.7831615433612659,1,0.011357910235286317,1331.6502685546875,-0.013030065686839287,0.0
2026-03-02,HCLTECH,1312.2242981891923,1346.2197463288087,1311.2529996709177,1331.6502685546875,2088938,0.5383,0,0.0,0.0,0.5383,0.6333,0.7451,-0.7993,0.6389,0.03539999999999999,0.8311101972662831,0,-0.013030065686839287,1324.8511962890625,-0.005105749179177832,0.0
2026-03-04,HCLTECH,1317.080808041033,1342.3345698471294,1317.080808041033,1324.8511962890625,3161598,0.4576,0,0.0,0.0,0.4576,0.5383,0.6333,0.7451,0.5430666666666667,0.315,0.6320923666680369,0,-0.005105749179177832,1315.2352294921875,-0.007258148555709165,0.0
2026-03-05,HCLTECH,1338.643498816475,1338.643498816475,1294.255206333629,1315.2352294921875,2217963,0.3889,0,0.0,0.0,0.3889,0.4576,0.5383,0.6333,0.4616,0.55264,0.14106373736719138,0,-0.007258148555709165,1317.7606201171875,0.001920105672637007,1.0
2026-03-06,HCLTECH,1317.080758597693,1341.169008688996,1315.3323738808347,1317.7606201171875,1871596,0.3306,0,0.0,0.0,0.3306,0.3889,0.4576,0.5383,0.3923666666666667,0.46974,0.11989033739213498,0,0.001920105672637007,1319.606201171875,0.0014005434875747902,1.0
2026-03-09,HCLTECH,1291.8270860425002,1333.3014871677035,1289.8844889206318,1319.606201171875,2256550,0.281,0,0.0,0.0,0.281,0.3306,0.3889,0.4576,0.3335000000000001,0.39927999999999997,0.10191004366597023,0,0.0014005434875747902,1322.4229736328125,0.002134555338127342,1.0
2026-03-10,HCLTECH,1321.9373243586176,1325.2397631364865,1306.3965475843795,1322.4229736328125,1671877,-0.291,1,0.0,0.5457,-0.291,0.281,0.3306,0.3889,0.10686666666666668,0.23342000000000002,0.30048080138338285,0,0.002134555338127342,1311.54443359375,-0.008226218279600905,0.0
2026-03-11,HCLTECH,1327.959283660933,1336.506758028498,1308.2419949259765,1311.54443359375,1837000,-0.2474,0,0.0,0.0,-0.2474,-0.291,0.281,0.3306,-0.08579999999999999,0.09242000000000002,0.33267140243790116,1,-0.008226218279600905,1319.1204833984375,0.005776433958801119,1.0
2026-03-12,HCLTECH,1311.25298917672,1324.2684129307795,1302.5113025822084,1319.1204833984375,2616965,-0.2102,0,0.0,0.0,-0.2102,-0.2474,-0.291,0.281,-0.2495333333333333,-0.02739999999999999,0.30601281018937754,0,0.005776433958801119,1287.3590087890625,-0.024077766215522822,0.0
2026-03-13,HCLTECH,1311.252927306642,1317.7605795932589,1283.0852718311662,1287.3590087890625,2190786,-0.1787,0,0.0,0.0,-0.1787,-0.2102,-0.2474,-0.291,-0.21209999999999998,-0.12925999999999999,0.23314467182417017,0,-0.024077766215522822,1290.4671630859375,0.002414364816383685,1.0
2026-03-16,HCLTECH,1275.1207179295407,1299.3059557205356,1265.0191898185524,1290.4671630859375,3618375,-0.1519,0,0.0,0.0,-0.1519,-0.1787,-0.2102,-0.2474,-0.18026666666666666,-0.21583999999999998,0.05510120688333439,0,0.002414364816383685,1283.182373046875,-0.005645079741232739,0.0
2026-03-17,HCLTECH,1290.4671115039953,1290.4671115039953,1260.4539653473184,1283.182373046875,2285672,-0.1291,0,0.0,0.0,-0.1291,-0.1519,-0.1787,-0.2102,-0.15323333333333333,-0.18346,0.04684296105072794,0,-0.005645079741232739,1318.246337890625,0.027325784378172013,1.0
2026-03-18,HCLTECH,1288.427519984832,1338.8379381853317,1288.427519984832,1318.246337890625,2564106,-0.1098,0,0.0,0.0,-0.1098,-0.1291,-0.1519,-0.1787,-0.13026666666666667,-0.15594,0.03977364705429979,0,0.027325784378172013,1274.1494140625,-0.0334512014641255,0.0
2026-03-19,HCLTECH,1302.899825821349,1315.3323754260534,1271.6239431203578,1274.1494140625,1663249,-0.0933,0,0.0,0.0,-0.0933,-0.1098,-0.1291,-0.1519,-0.11073333333333334,-0.13255999999999998,0.03381668227369455,0,-0.0334512014641255,1295.4207763671875,0.016694558793435288,1.0
2026-03-20,HCLTECH,1296.586405720121,1313.6812357960657,1290.7586146555914,1295.4207763671875,5050431,-0.0793,0,0.0,0.0,-0.0793,-0.0933,-0.1098,-0.1291,-0.09413333333333333,-0.11267999999999997,0.028748599965911448,0,0.016694558793435288,1319.606201171875,0.018669937402510994,1.0
2026-03-23,HCLTECH,1277.0633953429879,1325.8225356751977,1272.401114823816,1319.606201171875,5166409,-0.0674,0,0.0,0.0,-0.0674,-0.0793,-0.0933,-0.1098,-0.08,-0.09578,0.02444354720575556,0,0.018669937402510994,1333.88427734375,0.010819952315467507,1.0
2026-03-24,HCLTECH,1340.3919298664168,1353.9901088650618,1320.965959868353,1333.88427734375,3555664,-0.0573,0,0.0,0.0,-0.0573,-0.0674,-0.0793,-0.0933,-0.06799999999999999,-0.08141999999999999,0.020792955537873838,0,0.010819952315467507,1341.6546630859375,0.005825382212061969,1.0
2026-03-25,HCLTECH,1309.3103756668886,1370.8907241704983,1309.3103756668886,1341.6546630859375,4167275,-0.0487,0,0.0,0.0,-0.0487,-0.0573,-0.0674,-0.0793,-0.0578,-0.0692,0.017662955585065497,0,0.005825382212061969,1325.23974609375,-0.012234830201709013,0.0
2026-03-27,HCLTECH,1337.4780839327325,1367.005583137401,1320.7717965419583,1325.23974609375,8956139,-0.0414,0,0.0,0.0,-0.0414,-0.0487,-0.0573,-0.0674,-0.049133333333333334,-0.05882,0.01501022984500886,0,-0.012234830201709013,1303.093994140625,-0.016710751408114177,0.0
2026-03-30,HCLTECH,1311.2529249424974,1320.188823374682,1297.8489587275135,1303.093994140625,5541018,-0.0352,0,0.0,0.0,-0.0352,-0.0414,-0.0487,-0.0573,-0.041766666666666674,-0.05,0.012754803016902816,0,-0.016710751408114177,1315.5267333984375,0.009540938193036252,1.0
2026-04-01,HCLTECH,1359.5264850203223,1359.5264850203223,1310.281697700231,1315.5267333984375,2469237,-0.0299,0,0.0,0.0,-0.0299,-0.0352,-0.0414,-0.0487,-0.0355,-0.042499999999999996,0.01084827175175806,0,0.009540938193036252,1361.9547119140625,0.03529231093288865,1.0
2026-04-02,HCLTECH,1308.3390820367895,1372.2505708873946,1302.7055032991818,1361.9547119140625,6509389,0.2977,1,0.0,0.6034,0.2977,-0.0299,-0.0352,-0.0414,0.07753333333333334,0.028500000000000004,0.15065087122217374,0,0.03529231093288865,1363.023193359375,0.0007845205394612087,1.0
2026-04-06,HCLTECH,1356.9039655583058,1381.4778643297457,1354.0871762758024,1363.023193359375,2134581,0.253,0,0.0,0.0,0.253,0.2977,-0.0299,-0.0352,0.1736,0.08884,0.17103988716086072,1,0.0007845205394612087,1400.223876953125,0.02729277372167327,1.0
2026-04-07,HCLTECH,1351.0761971608322,1404.98326325891,1348.2594078315547,1400.223876953125,3459049,0.2151,0,0.0,0.0,0.2151,0.253,0.2977,-0.0299,0.2552666666666667,0.14014000000000001,0.1603427984039195,0,0.02729277372167327,1419.067138671875,0.013457320667715544,1.0
2026-04-08,HCLTECH,1408.2857488059858,1423.9236312751325,1390.8023754342585,1419.067138671875,4239052,0.1828,0,0.0,0.0,0.1828,0.2151,0.253,0.2977,0.21696666666666667,0.18374000000000001,0.12689583523504605,0,0.013457320667715544,1422.855224609375,0.002669419814093743,1.0
2026-04-09,HCLTECH,1417.0274334936837,1426.837524825088,1394.784673688786,1422.855224609375,3101205,0.1554,0,0.0,0.0,0.1554,0.1828,0.2151,0.253,0.18443333333333334,0.22080000000000002,0.05635623301818484,0,0.002669419814093743,1409.5484619140625,-0.009352155064803358,0.0
2026-04-10,HCLTECH,1410.3255482102886,1415.7647965837057,1380.312398161064,1409.5484619140625,3450066,0.1321,0,0.0,0.0,0.1321,0.1554,0.1828,0.2151,0.15676666666666667,0.18768,0.047889215905044344,0,-0.009352155064803358,1388.3741455078125,-0.015022056338167222,0.0
2026-04-13,HCLTECH,1399.6411847669165,1406.2460622119338,1376.8156692623902,1388.3741455078125,2252652,0.1123,0,0.0,0.0,0.1123,0.1321,0.1554,0.1828,0.13326666666666667,0.15954,0.040711337487240054,0,-0.015022056338167222,1409.6455078125,0.015321059077275878,1.0
2026-04-15,HCLTECH,1403.526280064429,1432.5681278427714,1395.8529984877596,1409.6455078125,3993858,0.0954,0,0.0,0.0,0.0954,0.1123,0.1321,0.1554,0.11326666666666667,0.1356,0.0346087416702769,0,0.015321059077275878,1408.5770263671875,-0.0007579788247404906,0.0
2026-04-16,HCLTECH,1418.0957990201716,1426.5460484780597,1393.9104428440883,1408.5770263671875,5229848,0.0811,0,0.0,0.0,0.0811,0.0954,0.1123,0.1321,0.09626666666666667,0.11526,0.029431666619475765,0,-0.0007579788247404906,1400.90380859375,-0.005447496040189792,0.0
2026-04-17,HCLTECH,1401.8751070484177,1416.1531469053489,1388.9567901746564,1400.90380859375,3319268,0.069,0,0.0,0.0,0.069,0.0811,0.0954,0.1123,0.08183333333333333,0.09798,0.025003339776917124,0,-0.005447496040189792,1387.3056640625,-0.009706693955597201,0.0
2026-04-20,HCLTECH,1404.400493568223,1410.228284438359,1383.129033178886,1387.3056640625,2352656,0.0586,0,0.0,0.0,0.0586,0.069,0.0811,0.0954,0.06956666666666667,0.08327999999999999,0.021253399728042764,0,-0.009706693955597201,1399.8353271484375,0.009031652800469692,1.0
2026-04-21,HCLTECH,1388.9568315587173,1413.2392936489045,1381.5749867966422,1399.8353271484375,3091487,0.0498,0,0.0,0.0,0.0498,0.0586,0.069,0.0811,0.059133333333333336,0.07078,0.018057740722470524,0,0.009031652800469692,1248.4100341796875,-0.10817364730836876,0.0
2026-04-22,HCLTECH,1306.3965083504145,1319.0233891002697,1244.2334031203575,1248.4100341796875,33066256,-0.5705833333333333,6,0.4667987849884216,0.9179,-0.5706,0.0498,0.0586,0.069,-0.15406666666666666,-0.062419999999999996,0.2843216875301636,0,-0.10817364730836876,1240.9310302734375,-0.005990823288411273,0.0
2026-04-23,HCLTECH,1252.9751562640483,1257.15178754495,1235.4917819905966,1240.9310302734375,8304759,-0.485,0,0.0,0.0,-0.485,-0.5706,0.0498,0.0586,-0.33526666666666666,-0.17564,0.32296954655199306,6,-0.005990823288411273,1191.040283203125,-0.0402042868243202,0.0
2026-04-24,HCLTECH,1251.6218619302792,1252.0178436546378,1185.9918485183598,1191.040283203125,10903519,-0.4122,0,0.0,0.0,-0.4122,-0.485,-0.5706,0.0498,-0.4892666666666667,-0.27188,0.3029185236990304,0,-0.0402042868243202,1215.78759765625,0.020777898784893223,1.0
2026-04-27,HCLTECH,1196.7816837673115,1219.549242680999,1188.8625328408116,1215.78759765625,6066942,-0.3504,0,0.0,0.0,-0.3504,-0.4122,-0.485,-0.5706,-0.41586666666666666,-0.35368,0.2400680570171718,0,0.020777898784893223,1183.9130859375,-0.02621717130541268,0.0
2026-04-28,HCLTECH,1215.4907250223948,1220.2421431663045,1180.2505268992788,1183.9130859375,6643295,-0.2978,0,0.0,0.0,-0.2978,-0.3504,-0.4122,-0.485,-0.35346666666666665,-0.4232,0.10804165863221492,0,-0.02621717130541268,1188.0706787109375,0.003511738169652334,1.0
2026-04-29,HCLTECH,1187.8727482542276,1198.5636513231816,1180.0525618275544,1188.0706787109375,4777201,-0.2532,0,0.0,0.0,-0.2532,-0.2978,-0.3504,-0.4122,-0.30046666666666666,-0.35972,0.09181052227277677,0,0.003511738169652334,1186.9818115234375,-0.0009165003454857379,0.0
2026-04-30,HCLTECH,1187.8727402459547,1201.4342390290972,1172.0344370426753,1186.9818115234375,5070033,-0.2152,0,0.0,0.0,-0.2152,-0.2532,-0.2978,-0.3504,-0.2554,-0.30576,0.07802120224656896,0,-0.0009165003454857379,1186.9818115234375,0.0,0.0
2026-05-01,HCLTECH,1186.9818115234375,1186.9818115234375,1186.9818115234375,1186.9818115234375,0,-0.1829,0,0.0,0.0,-0.1829,-0.2152,-0.2532,-0.2978,-0.2171,-0.2599,0.06632993291116765,0,0.0,1188.36767578125,0.0011675530697761172,1.0
2026-05-04,HCLTECH,1195.7918803363182,1201.2362970100348,1179.359665088433,1188.36767578125,3318673,-0.1555,0,0.0,0.0,-0.1555,-0.1829,-0.2152,-0.2532,-0.18453333333333333,-0.22092,0.05637053308245353,0,0.0011675530697761172,1188.0706787109375,-0.00024992018578529063,0.0
2026-05-05,HCLTECH,1187.8727482542276,1193.2181997887046,1177.9738086854425,1188.0706787109375,2459953,-0.1322,0,0.0,0.0,-0.1322,-0.1555,-0.1829,-0.2152,-0.15686666666666668,-0.18780000000000002,0.04792332417518609,0,-0.00024992018578529063,1177.0828857421875,-0.009248433755365326,0.0
2026-05-06,HCLTECH,1195.7919057864779,1199.751481633453,1174.4102203801453,1177.0828857421875,3541520,-0.1123,0,0.0,0.0,-0.1123,-0.1322,-0.1555,-0.1829,-0.13333333333333333,-0.15962,0.040740360823144,0,-0.009248433755365326,1171.4404296875,-0.004793592807298186,0.0
2026-05-07,HCLTECH,1182.9231744098379,1183.913068279637,1169.1636254523005,1171.4404296875,3725309,-0.0955,0,0.0,0.0,-0.0955,-0.1123,-0.1322,-0.1555,-0.11333333333333334,-0.13568,0.03462559746776882,0,-0.004793592807298186,1186.2889404296875,0.012675429638490998,1.0
2026-05-08,HCLTECH,1167.8769370248579,1190.644498001188,1164.90725515838,1186.2889404296875,2813749,-0.0812,0,0.0,0.0,-0.0812,-0.0955,-0.1123,-0.1322,-0.09633333333333333,-0.11534,0.02943421478483757,0,0.012675429638490998,1182.82421875,-0.0029206389452072212,0.0
2026-05-11,HCLTECH,1184.804006505599,1194.1090331242458,1179.0625736796997,1182.82421875,2505962,-0.069,0,0.0,0.0,-0.069,-0.0812,-0.0955,-0.1123,-0.08189999999999999,-0.09804,0.025018053481435053,0,-0.0029206389452072212,1134.220458984375,-0.041091278818241594,0.0
2026-05-12,HCLTECH,1171.0444630813495,1172.0343569639203,1131.0527260581548,1134.220458984375,3959561,-0.0586,0,0.0,0.0,-0.0586,-0.069,-0.0812,-0.0955,-0.06960000000000001,-0.08331999999999999,0.02126515929872004,0,-0.041091278818241594,1131.646728515625,-0.0022691624440054348,0.0
2026-05-13,HCLTECH,1134.7154964657793,1142.931543844691,1125.6083995174693,1131.646728515625,2635034,-0.0498,0,0.0,0.0,-0.0498,-0.0586,-0.069,-0.0812,-0.059133333333333336,-0.07082,0.018106131558119624,0,-0.0022691624440054348,1112.6407470703125,-0.016794977590084637,0.0
2026-05-14,HCLTECH,1127.4891556166244,1131.6466616749285,1092.2489568340422,1112.6407470703125,5837032,-0.0424,0,0.0,0.0,-0.0424,-0.0498,-0.0586,-0.069,-0.05026666666666666,-0.0602,0.015378556499227482,0,-0.016794977590084637,1121.15380859375,0.007651222145021341,1.0
2026-05-15,HCLTECH,1110.5619921830983,1140.3577744488487,1110.4630269602867,1121.15380859375,3729249,-0.036,0,0.0,0.0,-0.036,-0.0424,-0.0498,-0.0586,-0.042733333333333325,-0.051160000000000004,0.013057871189437001,0,0.007651222145021341,1135.0123291015625,0.012360944949377783,1.0
2026-05-18,HCLTECH,1117.5902205133277,1137.8830455979364,1110.0670509907557,1135.0123291015625,2588569,-0.0306,0,0.0,0.0,-0.0306,-0.036,-0.0424,-0.0498,-0.036333333333333336,-0.043480000000000005,0.011085666421100999,0,0.012360944949377783,1167.48095703125,0.028606409901633878,1.0
2026-05-19,HCLTECH,1144.3174142705511,1186.1899769855322,1140.6548549643858,1167.48095703125,5756760,-0.026,0,0.0,0.0,-0.026,-0.0306,-0.036,-0.0424,-0.030866666666666664,-0.03696,0.009433345111884971,0,0.028606409901633878,1157.9779052734375,-0.008139791660480289,0.0
2026-05-20,HCLTECH,1154.4141906480702,1169.0646683575774,1150.652666418684,1157.9779052734375,1415960,-0.0221,0,0.0,0.0,-0.0221,-0.026,-0.0306,-0.036,-0.02623333333333333,-0.031420000000000003,0.008038158993197526,0,-0.008139791660480289,1156.39404296875,-0.0013677828371979617,0.0
2026-05-21,HCLTECH,1161.8384595944722,1168.6687518922563,1151.4445733090024,1156.39404296875,2245247,-0.0188,0,0.0,0.0,-0.0188,-0.0221,-0.026,-0.0306,-0.0223,-0.026699999999999995,0.006814690014954514,0,-0.0013677828371979617,1152.236572265625,-0.0035952024557751594,0.0
2026-05-22,HCLTECH,1158.0769708112805,1164.1152998147552,1148.1780311870052,1152.236572265625,2044782,-0.016,0,0.0,0.0,-0.016,-0.0188,-0.0221,-0.026,-0.01896666666666667,-0.0227,0.005782732917913424,0,-0.0035952024557751594,1153.9193115234375,0.0014604112543519232,1.0
2026-05-25,HCLTECH,1156.1961159082641,1166.0950552567938,1150.3557175252993,1153.9193115234375,1419803,-0.0136,0,0.0,0.0,-0.0136,-0.016,-0.0188,-0.0221,-0.016133333333333333,-0.0193,0.0049081564767149005,0,0.0014604112543519232,1150.15771484375,-0.0032598437708103445,0.0
2026-05-26,HCLTECH,1153.9192390579726,1161.838390039478,1148.2768923183116,1150.15771484375,1196820,-0.0115,0,0.0,0.0,-0.0115,-0.0136,-0.016,-0.0188,-0.013699999999999999,-0.0164,0.004191061917929334,0,-0.0032598437708103445,1153.42431640625,0.0028401335924124194,1.0
2026-05-27,HCLTECH,1143.6244635296307,1157.9779249858127,1142.0405366306575,1153.42431640625,1004168,-0.0098,0,0.0,0.0,-0.0098,-0.0115,-0.0136,-0.016,-0.011633333333333334,-0.01394,0.0035732338294487145,0,0.0028401335924124194,1153.42431640625,0.0,0.0
2026-05-28,HCLTECH,1153.42431640625,1153.42431640625,1153.42431640625,1153.42431640625,0,-0.0083,0,0.0,0.0,-0.0083,-0.0098,-0.0115,-0.0136,-0.009866666666666666,-0.01184,0.003050081966097969,0,0.0,1171.83642578125,0.015962997409632473,1.0
2026-05-29,HCLTECH,1168.0747806951965,1179.6564907792917,1165.1050990493613,1171.83642578125,12446602,-0.0071,0,0.0,0.0,-0.0071,-0.0083,-0.0098,-0.0115,-0.0084,-0.010060000000000001,0.002575461123743763,0,0.015962997409632473,1183.022216796875,0.009545522540116869,1.0
2026-06-01,HCLTECH,1178.072747125031,1200.5434119372007,1178.072747125031,1183.022216796875,5970435,-0.006,0,0.0,0.0,-0.006,-0.0071,-0.0083,-0.0098,-0.007133333333333334,-0.00854,0.0021755459084825133,0,0.009545522540116869,1230.93310546875,0.04049872267115773,1.0
2026-06-02,HCLTECH,1197.7716587190891,1244.2966735618968,1190.0504377083842,1230.93310546875,7663067,-0.0051,0,0.0,0.0,-0.0051,-0.006,-0.0071,-0.0083,-0.006066666666666667,-0.00726,0.0018582249594477507,0,0.04049872267115773,1167.0849609375,-0.05186971107332117,0.0
2026-06-03,HCLTECH,1216.3817277239782,1217.5695521230916,1164.907242593571,1167.0849609375,4800922,-0.0044,0,0.0,0.0,-0.0044,-0.0051,-0.006,-0.0071,-0.005166666666666667,-0.006180000000000001,0.0015578831791614707,0,-0.05186971107332117,1156.4931640625,-0.009075429149983938,0.0
2026-06-04,HCLTECH,1154.6123413674918,1164.610246215695,1146.4951383776315,1156.4931640625,2025595,-0.0037,0,0.0,0.0,-0.0037,-0.0044,-0.0051,-0.006,-0.0044,-0.00526,0.001335290230591821,0,-0.009075429149983938,1143.0303955078125,-0.011641027351511402,0.0
2026-06-05,HCLTECH,1167.0848647183482,1170.5494932395648,1135.4082610957976,1143.0303955078125,1971395,-0.0031,0,0.0,0.0,-0.0031,-0.0037,-0.0044,-0.0051,-0.0037333333333333333,-0.00446,0.0011414902539722814,0,-0.011641027351511402,1139.6649169921875,-0.002944347349686849,0.0
2026-06-08,HCLTECH,1130.3598899886003,1147.2870518319028,1120.856932535927,1139.6649169921875,1546444,-0.0027,0,0.0,0.0,-0.0027,-0.0031,-0.0037,-0.0044,-0.0031666666666666666,-0.0038,0.0009695359714386535,0,-0.002944347349686849,1134.7154541015625,-0.004342910637003428,0.0
2026-06-09,HCLTECH,1146.9900420972515,1147.2870586092952,1124.9154800807084,1134.7154541015625,2225582,0.0288,1,0.0,0.9288,0.0288,-0.0027,-0.0031,-0.0037,0.007666666666666666,0.00298,0.014448079457142783,0,-0.004342910637003428,1120.658935546875,-0.012387703458059507,0.0
2026-06-10,HCLTECH,1129.2710855592654,1140.3578496517691,1118.5801823841139,1120.658935546875,1600595,0.0245,0,0.0,0.0,0.0245,0.0288,-0.0027,-0.0031,0.016866666666666665,0.00876,0.016405730706064558,1,-0.012387703458059507,1098.980224609375,-0.019344610790901218,0.0
2026-06-11,HCLTECH,1101.6530107998524,1102.7418699870848,1078.4894679990384,1098.980224609375,3435236,-0.6315,1,0.0,0.6629,-0.6315,0.0245,0.0288,-0.0027,-0.1927333333333333,-0.11679999999999999,0.2881091980482399,0,-0.019344610790901218,1098.38623046875,-0.0005404957498995611,0.0
2026-06-12,HCLTECH,1108.6811510385824,1111.155885750722,1089.3782202838927,1098.38623046875,2203987,-0.8587,1,0.0,0.8743,-0.8587,-0.6315,0.0245,0.0288,-0.48856666666666665,-0.28792,0.4251779886118283,1,-0.0005404957498995611,1107.98828125,0.008741962084823474,1.0
2026-06-15,HCLTECH,1112.1457872602355,1116.6003097726264,1101.7519013979902,1107.98828125,2361006,-0.7299,0,0.0,0.0,-0.7299,-0.8587,-0.6315,0.0245,-0.7400333333333333,-0.4333600000000001,0.42759127446663364,1,0.008741962084823474,1147.2869873046875,0.03546852139117562,1.0
2026-06-16,HCLTECH,1129.4688977693256,1150.1577036749375,1126.0042692485608,1147.2869873046875,8343470,-0.01765,2,0.02199102089490163,0.9389,-0.0176,-0.7299,-0.8587,-0.6315,-0.5354,-0.44264000000000003,0.415382688613765,0,0.03546852139117562,1155.00830078125,0.006730062802073666,1.0
2026-06-17,HCLTECH,1157.1860191207213,1161.7395070902196,1147.58409621033,1155.00830078125,2263670,-0.015,0,0.0,0.0,-0.015,-0.0176,-0.7299,-0.8587,-0.25416666666666665,-0.45054000000000005,0.4045105845339526,2,0.006730062802073666,1150.058837890625,-0.004285218458843221,0.0
2026-06-18,HCLTECH,1140.3578288590681,1156.9880955312617,1124.6184909080034,1150.058837890625,3368037,-0.9454,1,0.0,0.9577,-0.9454,-0.015,-0.0176,-0.7299,-0.326,-0.51332,0.4601490269467057,0,-0.004285218458843221,1120.262939453125,-0.025908151353499442,0.0
2026-06-19,HCLTECH,1098.7822889851088,1124.5195317901655,1080.370285607286,1120.262939453125,10014063,-0.8036,0,0.0,0.0,-0.8036,-0.9454,-0.015,-0.0176,-0.588,-0.5023,0.4503655293203511,1,-0.025908151353499442,1119.0750732421875,-0.0010603458965779966,0.0
2026-06-22,HCLTECH,1124.519489786046,1137.0910941981099,1115.6104445324595,1119.0750732421875,2312385,-0.6831,0,0.0,0.0,-0.6831,-0.8036,-0.9454,-0.015,-0.8107000000000001,-0.49294000000000004,0.44490596534548743,0,-0.0010603458965779966,1098.287353515625,-0.018575804451024247,0.0
2026-06-23,HCLTECH,1110.2650463176826,1114.4226734702142,1094.3277776579753,1098.287353515625,3235632,-0.9613,1,0.0,0.9709,-0.9613,-0.6831,-0.8036,-0.9454,-0.8160000000000002,-0.6816800000000001,0.3895716583633878,0,-0.018575804451024247,1102.642822265625,0.0039656914340842064,1.0
2026-06-24,HCLTECH,1086.5075036113628,1110.1659916215428,1082.1519463516245,1102.642822265625,3503015,-0.8171,0,0.0,0.0,-0.8171,-0.9613,-0.6831,-0.8036,-0.8205,-0.8421,0.11431073877812267,1,0.0039656914340842064,1089.576171875,-0.011850301953425513,0.0
2026-06-25,HCLTECH,1121.5497933111187,1122.0447402631537,1086.4085597166397,1089.576171875,5877425,0.0216,1,0.0,0.9417,0.0216,-0.8171,-0.9613,-0.6831,-0.5856,-0.6487,0.3874779929234693,0,-0.011850301953425513,1089.576171875,0.0,0.0
2026-06-26,HCLTECH,1089.576171875,1089.576171875,1089.576171875,1089.576171875,0,0.0184,0,0.0,0.0,0.0184,0.0216,-0.8171,-0.9613,-0.25903333333333334,-0.4843,0.47075693834504456,1,0.0,1091.259033203125,0.0015445100320330418,1.0
2026-06-29,HCLTECH,1084.5277065108403,1097.0994312395699,1075.0247494674097,1091.259033203125,5186504,0.0156,0,0.0,0.0,0.0156,0.0184,0.0216,-0.8171,0.018533333333333332,-0.34456,0.49979761203911327,0,0.0015445100320330418,1060.9683837890625,-0.027757524558721602,0.0
2026-06-30,HCLTECH,1091.35807971494,1094.5256920198099,1057.8006506475288,1060.9683837890625,3794233,-0.8991,1,0.0,0.9267,-0.8991,0.0156,0.0184,0.0216,-0.28836666666666666,-0.33212,0.4810309834095928,0,-0.027757524558721602,1023.7482299804688,-0.03508130343683613,0.0
2026-07-01,HCLTECH,1059.1864801751997,1065.6207905687872,1019.5907239069678,1023.7482299804688,3819777,-0.7642,0,0.0,0.0,-0.7642,-0.8991,0.0156,0.0184,-0.5492333333333334,-0.32154,0.4681055094740928,1,-0.03508130343683613,1067.20458984375,0.04244828815392454,1.0
2026-07-02,HCLTECH,1038.3987015097157,1071.956128900288,1037.408807609325,1067.20458984375,3726609,-0.6496,0,0.0,0.0,-0.6496,-0.7642,-0.8991,0.0156,-0.7709666666666667,-0.45578,0.4405302168977743,0,0.04244828815392454,1127.4891357421875,0.056488274574665986,1.0
2026-07-03,HCLTECH,1115.7093743357589,1147.2870134549564,1103.8306477080976,1127.4891357421875,12768463,0.9019,2,0.0,0.933,0.9019,-0.6496,-0.7642,-0.8991,-0.1706333333333333,-0.27907999999999994,0.7480978124550292,0,0.056488274574665986,1122.7376708984375,-0.004214200113442534,0.0
2026-07-06,HCLTECH,1133.4285739039879,1136.2992905292433,1114.6205888348386,1122.7376708984375,2747815,0.7666,0,0.0,0.0,0.7666,0.9019,-0.6496,-0.7642,0.3396333333333333,-0.12888000000000002,0.8849310012650703,2,-0.004214200113442534,1156.39404296875,0.029977057813852515,1.0
2026-07-07,HCLTECH,1123.529612762691,1163.1253700406712,1122.5397188307415,1156.39404296875,5179529,0.6516,0,0.0,0.0,0.6516,0.7666,0.9019,-0.6496,0.7733666666666666,0.18126,0.8166069421698543,0,0.029977057813852515,1134.0224609375,-0.01934598519187858,0.0
2026-07-08,HCLTECH,1153.2264273281507,1164.6102075120768,1130.1618504469234,1134.0224609375,3091794,0.5539,0,0.0,0.0,0.5539,0.6516,0.7666,0.9019,0.6573666666666667,0.44488000000000005,0.6254750250809377,0,-0.01934598519187858,1138.77392578125,0.004189921282354403,1.0
2026-07-09,HCLTECH,1132.5375461008239,1150.1577052219316,1109.6710220003508,1138.77392578125,2033525,0.4708,0,0.0,0.0,0.4708,0.5539,0.6516,0.7666,0.5587666666666666,0.66896,0.17073530097785736,0,0.004189921282354403,1152.33544921875,0.011908881236630142,1.0
2026-07-10,HCLTECH,1161.1455289767832,1179.4585658788042,1141.8425981881667,1152.33544921875,3979475,-0.9522,1,0.0,0.9647,-0.9522,0.4708,0.5539,0.6516,0.02416666666666667,0.2981399999999999,0.7076304671224946,0,0.011908881236630142,1208.8583984375,0.04905077706068228,1.0
2026-07-13,HCLTECH,1150.2567271120654,1224.4987706003656,1150.2567271120654,1208.8583984375,9028077,0.5631666666666667,12,0.3729703969079811,0.8553416666666668,0.5632,-0.9522,0.4708,0.5539,0.02726666666666666,0.25745999999999997,0.6792442918420439,1,0.04905077706068228,1154.9091796875,-0.044628236706409585,0.0
2026-07-14,HCLTECH,1187.8726953172163,1196.88070575604,1152.2365144577,1154.9091796875,9754723,-0.67586,10,0.4055721533285484,0.8929199999999999,-0.6759,0.5632,-0.9522,0.4708,-0.35496666666666665,-0.008040000000000002,0.7431107811087119,12,-0.044628236706409585,1156.196044921875,0.001114256650659895,1.0
2026-07-15,HCLTECH,1145.3072123070285,1169.6585774419905,1132.9335388810666,1156.196044921875,3253196,-0.5745,0,0.0,0.0,-0.5745,-0.6759,0.5632,-0.9522,-0.22906666666666664,-0.23372,0.6998745580459401,10,0.001114256650659895,1175.4000244140625,0.01660962219731954,1.0
2026-07-16,HCLTECH,1163.521297781958,1191.8322387544756,1162.8282995597583,1175.4000244140625,5147444,-0.4883,0,0.0,0.0,-0.4883,-0.5745,-0.6759,0.5632,-0.5795666666666667,-0.42554,0.5796088275725277,0,0.01660962219731954,1203.9000244140625,0.024247064325362055,1.0
2026-07-17,HCLTECH,1197.800048828125,1223.5,1195.800048828125,1203.9000244140625,5037972,-0.4151,0,0.0,0.0,-0.4151,-0.4883,-0.5745,-0.6759,-0.4926333333333333,-0.31812,0.5022022819541944,0,0.024247064325362055,1221.300048828125,0.014453047646154182,1.0
2026-07-20,HCLTECH,1205.0,1224.699951171875,1200.0999755859375,1221.300048828125,3612829,-0.3528,0,0.0,0.0,-0.3528,-0.4151,-0.4883,-0.5745,-0.41873333333333335,-0.50132,0.1279600406376934,0,0.014453047646154182,1239.5,0.014902112866808093,1.0
2026-07-21,HCLTECH,1219.0,1240.699951171875,1217.199951171875,1239.5,4642320,-0.2999,0,0.0,0.0,-0.2999,-0.3528,-0.4151,-0.4883,-0.3559333333333334,-0.42611999999999994,0.10875629636945214,0,0.014902112866808093,1237.300048828125,-0.0017748698441911737,0.0
2026-07-22,HCLTECH,1243.800048828125,1243.800048828125,1227.699951171875,1237.300048828125,2377718,-0.2549,0,0.0,0.0,-0.2549,-0.2999,-0.3528,-0.4151,-0.3025333333333334,-0.36219999999999997,0.09244263085827918,0,-0.0017748698441911737,1244.699951171875,0.005980685405095221,1.0
2026-07-23,HCLTECH,1236.0,1248.800048828125,1228.800048828125,1244.699951171875,1878476,0.0723,1,0.0,0.8984,0.0723,-0.2549,-0.2999,-0.3528,-0.1608333333333333,-0.25007999999999997,0.18987965135843285,0,0.005980685405095221,1271.0,0.02112962951702846,1.0
2026-07-24,HCLTECH,1237.0,1276.0,1236.5999755859375,1271.0,3674904,0.3406666666666667,3,0.46498593885550266,0.9030666666666667,0.3407,0.0723,-0.2549,-0.2999,0.052700000000000004,-0.09891999999999998,0.2965467113289236,1,0.02112962951702846,1295.9000244140625,0.019590892536634597,1.0
2026-07-27,HCLTECH,1284.5999755859375,1303.0,1277.300048828125,1295.9000244140625,3847049,0.2896,0,0.0,0.0,0.2896,0.3407,0.0723,-0.2549,0.23420000000000005,0.02956000000000001,0.29821007360583884,3,0.019590892536634597,1318.5999755859375,0.01751674569351036,1.0
2026-07-28,HCLTECH,1301.0,1342.0,1301.0,1318.5999755859375,5187064,0.2461,0,0.0,0.0,0.2461,0.2896,0.3407,0.0723,0.29213333333333336,0.13876000000000002,0.24209475004633982,0,0.01751674569351036,1344.300048828125,0.019490424479014168,1.0
2026-07-29,HCLTECH,1344.0,1352.699951171875,1323.199951171875,1344.300048828125,3061520,0.0384,1,0.0,0.9305,0.0384,0.2461,0.2896,0.3407,0.19136666666666668,0.19742,0.13447902066865192,0,0.019490424479014168,1352.699951171875,0.006248532350402458,1.0
2026-07-30,HCLTECH,1349.0,1369.9000244140625,1345.5999755859375,1352.699951171875,3747919,0.0326,0,0.0,0.0,0.0326,0.0384,0.2461,0.2896,0.1057,0.18948,0.14451109645975188,1,0.006248532350402458,1346.9000244140625,-0.004287666864176254,0.0
2026-07-31,HCLTECH,1317.699951171875,1356.5,1294.300048828125,1346.9000244140625,3369019,0.0277,0,0.0,0.0,0.0277,0.0326,0.0384,0.2461,0.0329,0.12688000000000002,0.12965850145671035,0,-0.004287666864176254,1377.0,0.0223475945061562,1.0
2026-08-03,HCLTECH,1352.0,1377.0,1343.5,1377.0,2314332,0.0236,0,0.0,0.0,0.0236,0.0277,0.0326,0.0384,0.027966666666666667,0.07368,0.09654411944805234,0,0.0223475945061562,1369.9000244140625,-0.0051561187987926305,0.0
2026-08-04,HCLTECH,1375.699951171875,1375.9000244140625,1347.4000244140625,1369.9000244140625,3013543,0.02,0,0.0,0.0,0.02,0.0236,0.0277,0.0326,0.02376666666666667,0.028459999999999996,0.007275163228397537,0,-0.0051561187987926305,1350.0,-0.014526625344483901,0.0
2026-08-05,HCLTECH,1370.0,1375.0,1337.0999755859375,1350.0,3215211,0.017,0,0.0,0.0,0.017,0.02,0.0236,0.0277,0.0202,0.02418,0.006177539963434527,0,-0.014526625344483901,1335.0,-0.011111111111111072,0.0
2026-08-06,HCLTECH,1349.9000244140625,1363.199951171875,1332.5,1335.0,3821560,0.0145,0,0.0,0.0,0.0145,0.017,0.02,0.0236,0.017166666666666667,0.020560000000000002,0.005242423103855056,0,-0.011111111111111072,1356.5999755859375,0.016179756993211614,1.0
2026-08-07,HCLTECH,1329.0,1369.0,1328.0,1356.5999755859375,1725616,0.0123,0,0.0,0.0,0.0123,0.0145,0.017,0.02,0.0146,0.017480000000000002,0.0044650867852523875,0,0.016179756993211614,1357.199951171875,0.00044226418747972396,1.0
2026-08-10,HCLTECH,1356.5999755859375,1367.5,1351.5999755859375,1357.199951171875,1321698,0.0105,0,0.0,0.0,0.0105,0.0123,0.0145,0.017,0.012433333333333333,0.014860000000000002,0.003764704503654621,0,0.00044226418747972396,1365.4000244140625,0.006041905052462715,1.0
2026-08-11,HCLTECH,1360.0999755859375,1379.800048828125,1358.0,1365.4000244140625,1828636,0.0089,0,0.0,0.0,0.0089,0.0105,0.0123,0.0145,0.010566666666666669,0.012640000000000002,0.003207491231451613,0,0.006041905052462715,1365.4000244140625,0.0,0.0
2026-08-12,HCLTECH,1370.0,1370.0,1340.4000244140625,1365.4000244140625,1418468,0.0076,0,0.0,0.0,0.0076,0.0089,0.0105,0.0123,0.009,0.01076,0.0027327641683541474,0,0.0,1370.0,0.0033689581834535076,1.0
2026-08-13,HCLTECH,1362.9000244140625,1372.9000244140625,1354.0,1370.0,778760,0.0064,0,0.0,0.0,0.0064,0.0076,0.0089,0.0105,0.007633333333333335,0.009139999999999999,0.002333023788957477,0,0.0033689581834535076,1360.0,-0.007299270072992692,0.0
2026-08-14,HCLTECH,1372.800048828125,1374.9000244140625,1346.5,1360.0,1033374,0.0055,0,0.0,0.0,0.0055,0.0064,0.0076,0.0089,0.0065,0.0077800000000000005,0.0019867058161294245,0,-0.007299270072992692,1325.0,-0.02573529411764708,0.0
2026-08-17,HCLTECH,1355.0999755859375,1362.800048828125,1325.0,1325.0,970745,0.0046,0,0.0,0.0,0.0046,0.0055,0.0064,0.0076,0.0055000000000000005,0.0066,0.0016985287751001843,0,-0.02573529411764708,1298.0,-0.02037735849056599,0.0
2026-08-18,HCLTECH,1318.0,1320.0,1292.5,1298.0,3056990,0.0039,0,0.0,0.0,0.0039,0.0046,0.0055,0.0064,0.004666666666666666,0.0056,0.0014611639195668818,0,-0.02037735849056599,1324.800048828125,0.02064718707867863,1.0
2026-08-19,HCLTECH,1309.0,1324.800048828125,1301.4000244140625,1324.800048828125,1693632,-0.6634,1,0.0,0.6838,-0.6634,0.0039,0.0046,0.0055,-0.21830000000000002,-0.1286,0.29896376870784847,0,0.02064718707867863,1318.4000244140625,-0.004830936124831653,0.0
2026-08-20,HCLTECH,1339.699951171875,1345.300048828125,1318.4000244140625,1318.4000244140625,1510868,-0.5639,0,0.0,0.0,-0.5639,-0.6634,0.0039,0.0046,-0.4078,-0.24265999999999996,0.3404886238921941,1,-0.004830936124831653,1302.5,-0.012060091110153714,0.0
2026-08-21,HCLTECH,1319.9000244140625,1321.699951171875,1302.5,1302.5,1484443,-0.4793,0,0.0,0.0,-0.4793,-0.5639,-0.6634,0.0039,-0.5688666666666667,-0.33962,0.32060057236380607,0,-0.012060091110153714,,,
2026-02-23,HDFCBANK,901.5882362795462,910.5893867142319,900.3585742006053,908.5726928710938,23270122,0.0,0,0.0,0.0,0.0,0.0,0.0,0.0,0.0,0.0,0.0,0,0.0,895.6858520507812,-0.014183610096832222,0.0
2026-02-24,HDFCBANK,912.8519465614362,912.8519465614362,894.3578410316289,895.6858520507812,31313985,0.0,0,0.0,0.0,0.0,0.0,0.0,0.0,0.0,0.0,0.0,0,-0.014183610096832222,892.8330078125,-0.0031850946754928833,0.0
2026-02-25,HDFCBANK,895.7350222932594,901.0963609031212,888.4062243801156,892.8330078125,27884303,0.0,0,0.0,0.0,0.0,0.0,0.0,0.0,0.0,0.0,0.0,0,-0.0031850946754928833,883.9794311523438,-0.009916273908654127,0.0
2026-02-26,HDFCBANK,897.1614323550999,897.1614323550999,880.4380284625158,883.9794311523438,41165937,0.0,0,0.0,0.0,0.0,0.0,0.0,0.0,0.0,0.0,0.0,0,-0.009916273908654127,873.3060302734375,-0.012074263837782429,0.0
2026-02-27,HDFCBANK,883.9794733683615,884.3238147843207,870.6007736322075,873.3060302734375,34620755,0.0,0,0.0,0.0,0.0,0.0,0.0,0.0,0.0,0.0,0.0,0,-0.012074263837782429,865.0918579101562,-0.009405834929033241,0.0
2026-03-02,HDFCBANK,861.9439110956672,873.3059762779105,857.3695443137591,865.0918579101562,38378924,0.0,0,0.0,0.0,0.0,0.0,0.0,0.0,0.0,0.0,0.0,0,-0.009405834929033241,854.5167846679688,-0.0122242200588204,0.0
2026-03-04,HDFCBANK,834.202743374385,864.993469417403,834.202743374385,854.5167846679688,39862322,0.0,0,0.0,0.0,0.0,0.0,0.0,0.0,0.0,0.0,0.0,0,-0.0122242200588204,863.4686889648438,0.010475984155599027,1.0
2026-03-05,HDFCBANK,859.6321193633155,867.0593261570968,849.4505416361635,863.4686889648438,31324582,0.333,1,0.0,0.4988,0.333,0.0,0.0,0.0,0.111,0.0666,0.14892212730148602,0,0.010475984155599027,843.10546875,-0.023583044150976562,0.0
2026-03-06,HDFCBANK,853.9264946975441,857.5171318697022,841.1871839599715,843.10546875,34439647,0.2831,0,0.0,0.0,0.2831,0.333,0.0,0.0,0.2053666666666667,0.12322000000000002,0.1696457839146025,1,-0.023583044150976562,827.0215454101562,-0.01907700037065352,0.0
2026-03-09,HDFCBANK,811.5769775858611,828.7430723323081,808.1339237415574,827.0215454101562,35592613,0.2406,0,0.0,0.0,0.2406,0.2831,0.333,0.0,0.2855666666666667,0.17134,0.15979361063571973,0,-0.01907700037065352,835.629150390625,0.010407957360046627,1.0
2026-03-10,HDFCBANK,836.2193641547399,842.8595391904452,826.923107096334,835.629150390625,52866024,0.2045,0,0.0,0.0,0.2045,0.2406,0.2831,0.333,0.24273333333333336,0.21223999999999998,0.12797864274948378,0,0.010407957360046627,820.38134765625,-0.018247092896708117,0.0
2026-03-11,HDFCBANK,831.2515482012323,835.0388833093358,814.1346283989498,820.38134765625,42261076,0.1738,0,0.0,0.0,0.1738,0.2045,0.2406,0.2831,0.2063,0.24700000000000003,0.06305683943871589,0,-0.018247092896708117,819.2008666992188,-0.0014389417316761355,0.0
2026-03-12,HDFCBANK,806.7566625998296,822.7915039414563,806.7566625998296,819.2008666992188,46107561,0.1478,0,0.0,0.0,0.1478,0.1738,0.2045,0.2406,0.17536666666666667,0.20996,0.05359452397400314,0,-0.0014389417316761355,803.7071533203125,-0.01891320432964705,0.0
2026-03-13,HDFCBANK,806.6583423777922,810.3965031755142,798.7885048911796,803.7071533203125,41700464,0.1256,0,0.0,0.0,0.1256,0.1478,0.1738,0.2045,0.14906666666666665,0.17845999999999998,0.04553952129744009,0,-0.01891320432964705,826.9231567382812,0.028886147550208685,1.0
2026-03-16,HDFCBANK,803.7071599773169,830.7597265616207,802.3791489072894,826.9231567382812,52182605,0.1068,0,0.0,0.0,0.1068,0.1256,0.1478,0.1738,0.12673333333333334,0.1517,0.0386932810704908,0,0.028886147550208685,831.5958251953125,0.0056506682863521895,1.0
2026-03-17,HDFCBANK,833.907625869114,835.0881134427475,821.5125964091002,831.5958251953125,38826979,0.0907,0,0.0,0.0,0.0907,0.1068,0.1256,0.1478,0.1077,0.12894,0.032908023337781984,0,0.0056506682863521895,829.333251953125,-0.0027207607032612158,0.0
2026-03-18,HDFCBANK,831.5958180920426,833.0222380629118,818.0695356894909,829.333251953125,23507063,0.0771,0,0.0,0.0,0.0771,0.0907,0.1068,0.1256,0.09153333333333334,0.1096,0.02800241061051717,0,-0.0027207607032612158,785.2130126953125,-0.053199650627666184,0.0
2026-03-19,HDFCBANK,757.4718247668609,802.3791069663046,757.4718247668609,785.2130126953125,171637393,-0.41910000000000003,2,0.6513867668290476,0.90925,-0.4191,0.0771,0.0907,0.1068,-0.08376666666666666,-0.0037799999999999943,0.23287650589958622,0,-0.053199650627666184,767.7518310546875,-0.022237509259669497,0.0
2026-03-20,HDFCBANK,772.2277890336613,780.8354236248008,765.5384393026802,767.7518310546875,103129469,-0.343,2,0.5284916082588256,0.84675,-0.343,-0.4191,0.0771,0.0907,-0.22833333333333336,-0.0975,0.2604513870187679,2,-0.022237509259669497,732.04248046875,-0.04651157983808685,0.0
2026-03-23,HDFCBANK,750.7333447737776,756.1930326018271,728.9928823726722,732.04248046875,72341738,-0.2195,1,0.0,0.6992,-0.2195,-0.343,-0.4191,0.0771,-0.3272,-0.16276000000000002,0.23621540593280538,2,-0.04651157983808685,752.454833984375,0.027884110635976178,1.0
2026-03-24,HDFCBANK,742.7158864237038,760.1770877270425,735.5346719806084,752.454833984375,61269986,-0.1866,0,0.0,0.0,-0.1866,-0.2195,-0.343,-0.4191,-0.2497,-0.21822,0.1898276771179588,1,0.027884110635976178,769.5717163085938,0.022748052841367272,1.0
2026-03-25,HDFCBANK,755.7011518436857,781.8683373030494,755.7011518436857,769.5717163085938,59230640,-0.1586,0,0.0,0.0,-0.1586,-0.1866,-0.2195,-0.343,-0.18823333333333334,-0.26536,0.1110944778105556,0,0.022748052841367272,743.8963623046875,-0.03336317260600907,0.0
2026-03-27,HDFCBANK,760.6197661066401,762.2921184952538,742.2731843894259,743.8963623046875,65485199,-0.1348,0,0.0,0.0,-0.1348,-0.1586,-0.1866,-0.2195,-0.16,-0.2085,0.08156678245462445,0,-0.03336317260600907,719.6473999023438,-0.03259723212950971,0.0
2026-03-30,HDFCBANK,733.0753333889118,738.7809532430898,714.8271607333363,719.6473999023438,103500135,-0.1146,0,0.0,0.0,-0.1146,-0.1348,-0.1586,-0.1866,-0.13599999999999998,-0.16282,0.041551798998359,0,-0.03259723212950971,730.17333984375,0.014626523965534544,1.0
2026-04-01,HDFCBANK,730.9111370884557,743.6012737142313,727.0745673991486,730.17333984375,78862761,0.0031,1,0.0,0.9499,0.0031,-0.1146,-0.1348,-0.1586,-0.08209999999999999,-0.11829999999999999,0.07299465733873968,0,0.014626523965534544,738.6826171875,0.011653777095683715,1.0
2026-04-02,HDFCBANK,718.1226435138951,742.7158847301245,714.8271732077576,738.6826171875,49310300,0.0026,0,0.0,0.0,0.0026,0.0031,-0.1146,-0.1348,-0.0363,-0.08045999999999999,0.0776296850438028,1,0.011653777095683715,758.45556640625,0.026767855041769595,1.0
2026-04-06,HDFCBANK,746.6508105088765,760.1770933079504,732.8785952952741,758.45556640625,42976659,0.0071,1,0.0,0.9466,0.0071,0.0026,0.0031,-0.1146,0.004266666666666667,-0.04732,0.07101948324227667,0,0.026767855041769595,759.4392700195312,0.0012969825219191211,1.0
2026-04-07,HDFCBANK,753.5368922732654,761.4067292682865,748.6182441513773,759.4392700195312,51309793,0.006,0,0.0,0.0,0.006,0.0071,0.0026,0.0031,0.005233333333333333,-0.01916,0.05338635593482677,1,0.0012969825219191211,802.82177734375,0.05712439300525385,1.0
2026-04-08,HDFCBANK,786.9837533249241,804.4941298279846,783.0488345582994,802.82177734375,70269512,0.0051,0,0.0,0.0,0.0051,0.006,0.0071,0.0026,0.006066666666666667,0.00478,0.0019070920271480197,0,0.05712439300525385,784.72119140625,-0.022546206951919445,0.0
2026-04-09,HDFCBANK,801.7397031581198,805.674621946626,780.1959987742106,784.72119140625,48879392,0.0044,0,0.0,0.0,0.0044,0.0051,0.006,0.0071,0.005166666666666667,0.005040000000000001,0.0016979399282694093,0,-0.022546206951919445,797.1161499023438,0.015795366089045526,1.0
2026-04-10,HDFCBANK,790.9186649096054,799.0344347920734,787.9674758614352,797.1161499023438,38156026,0.0037,0,0.0,0.0,0.0037,0.0044,0.0051,0.006,0.0044,0.00526,0.0013352902306283474,0,0.015795366089045526,781.7699584960938,-0.019252139613693764,0.0
2026-04-13,HDFCBANK,778.6220116333144,785.5081191272287,774.5395096022282,781.7699584960938,47549328,0.0032,0,0.0,0.0,0.0032,0.0037,0.0044,0.0051,0.003766666666666667,0.0044800000000000005,0.001112205017077149,0,-0.019252139613693764,796.72265625,0.01912672339401622,1.0
2026-04-15,HDFCBANK,791.8531825431569,801.5428954413671,790.9186273804953,796.72265625,39769515,0.0027,0,0.0,0.0,0.0027,0.0032,0.0037,0.0044,0.0032,0.0038200000000000005,0.0009523654760708447,0,0.01912672339401622,782.5077514648438,-0.01784172280484997,0.0
2026-04-16,HDFCBANK,804.6908427624061,806.7074765090769,779.3106301457999,782.5077514648438,62861293,0.0023,0,0.0,0.0,0.0023,0.0027,0.0032,0.0037,0.0027333333333333337,0.0032600000000000003,0.0008264381404628554,0,-0.01784172280484997,786.8853759765625,0.005594352903883548,1.0
2026-04-17,HDFCBANK,777.2447773125524,790.8694690755784,775.3757269911107,786.8853759765625,37282544,0.0019,0,0.0,0.0,0.0019,0.0023,0.0027,0.0032,0.0023000000000000004,0.00276,0.0007127411872564626,0,0.005594352903883548,782.5077514648438,-0.005563230230687499,0.0
2026-04-20,HDFCBANK,784.130869340026,796.7718311959621,777.146412936798,782.5077514648438,52148044,0.0016,0,0.0,0.0,0.0016,0.0019,0.0023,0.0027,0.0019333333333333336,0.0023400000000000005,0.000634822809933444,0,-0.005563230230687499,798.5425415039062,0.020491541469136454,1.0
2026-04-21,HDFCBANK,782.2618278432276,801.6413139109341,782.2618278432276,798.5425415039062,49135752,0.0014,0,0.0,0.0,0.0014,0.0016,0.0019,0.0023,0.0016333333333333332,0.00198,0.0005263078946888689,0,0.020491541469136454,786.8853759765625,-0.014598051977781523,0.0
2026-04-22,HDFCBANK,796.8210214869076,799.8213849297669,785.0162656130275,786.8853759765625,23876412,0.0012,0,0.0,0.0,0.0012,0.0014,0.0016,0.0019,0.0014000000000000002,0.0016800000000000003,0.00043243496622250537,0,-0.014598051977781523,771.5883178710938,-0.01944000812886426,0.0
2026-04-23,HDFCBANK,779.1138736217773,783.6882404572269,769.7684420568696,771.5883178710938,37677616,0.001,0,0.0,0.0,0.001,0.0012,0.0014,0.0016,0.0012,0.00142,0.00034928498394847326,0,-0.01944000812886426,772.0802001953125,0.0006374932238164543,1.0
2026-04-24,HDFCBANK,764.6530532653331,774.7854567622786,764.3579463755373,772.0802001953125,27720358,0.0009,0,0.0,0.0,0.0009,0.001,0.0012,0.0014,0.0010333333333333332,0.00122,0.00028635642128631425,0,0.0006374932238164543,776.9496459960938,0.006306917078756191,1.0
2026-04-27,HDFCBANK,774.6870798664892,780.0975928052393,772.227755803421,776.9496459960938,18115375,0.0007,0,0.0,0.0,0.0007,0.0009,0.001,0.0012,0.0008666666666666666,0.00104,0.00027018512174419024,0,0.006306917078756191,769.817626953125,-0.009179512571661053,0.0
2026-04-28,HDFCBANK,772.2277766082829,781.5732082997206,765.6367759332712,769.817626953125,35366803,0.0006,0,0.0,0.0,0.0006,0.0007,0.0009,0.001,0.0007333333333333332,0.0008799999999999999,0.0002387467277512694,0,-0.009179512571661053,766.3253784179688,-0.004536462160496746,0.0
2026-04-29,HDFCBANK,772.7196209849993,777.1464043006358,764.7022005187322,766.3253784179688,25799963,0.0005,0,0.0,0.0,0.0005,0.0006,0.0007,0.0009,0.0006,0.00074,0.00020736441356209757,0,-0.004536462160496746,759.1441650390625,-0.009370971627915337,0.0
2026-04-30,HDFCBANK,757.4718126650201,766.1286213727735,749.847908057028,759.1441650390625,47998755,0.0004,0,0.0,0.0,0.0004,0.0005,0.0006,0.0007,0.0004999999999999999,0.00062,0.0001923538406478138,0,-0.009370971627915337,759.1441650390625,0.0,0.0
2026-05-01,HDFCBANK,759.1441650390625,759.1441650390625,759.1441650390625,759.1441650390625,0,0.0004,0,0.0,0.0,0.0004,0.0004,0.0005,0.0006,0.0004333333333333333,0.00052,0.00013038404814997293,0,0.0,766.7189331054688,0.009978036340457797,1.0
2026-05-04,HDFCBANK,760.0295232783589,773.8017387354295,760.0295232783589,766.7189331054688,29028060,0.0003,0,0.0,0.0,0.0003,0.0004,0.0004,0.0005,0.00036666666666666667,0.00044,0.00011401754256246005,0,0.009978036340457797,759.734375,-0.009109672141757286,0.0
2026-05-05,HDFCBANK,761.8002432312857,764.2595672860843,751.2743242683289,759.734375,38887657,0.0003,0,0.0,0.0,0.0003,0.0003,0.0004,0.0004,0.0003333333333333333,0.00038,8.366600272505161e-05,0,-0.009109672141757286,783.58984375,0.031399749089936924,1.0
2026-05-06,HDFCBANK,762.5380651832903,785.9508189360297,760.9148872376333,783.58984375,35530831,0.0002,0,0.0,0.0,0.0002,0.0003,0.0003,0.0004,0.0002666666666666666,0.00032,8.366600272508713e-05,0,0.031399749089936924,783.0979614257812,-0.0006277293256695682,0.0
2026-05-07,HDFCBANK,781.0813276889071,788.5084744009563,775.7199891869062,783.0979614257812,46137553,0.0002,0,0.0,0.0,0.0002,0.0002,0.0003,0.0003,0.00023333333333333336,0.00028,8.366600272511082e-05,0,-0.0006277293256695682,768.145263671875,-0.019094287675940236,0.0
2026-05-08,HDFCBANK,771.2440360478325,775.9167518274592,764.5546865191014,768.145263671875,38016841,0.0002,0,0.0,0.0,0.0002,0.0002,0.0002,0.0003,0.0002,0.00024000000000000003,5.477225586008135e-05,0,-0.019094287675940236,751.2251586914062,-0.022027220345781418,0.0
2026-05-11,HDFCBANK,759.3901026416063,762.2428825536997,749.5036318326614,751.2251586914062,41123422,0.0001,0,0.0,0.0,0.0001,0.0002,0.0002,0.0002,0.00016666666666666666,0.0002,7.071067820355125e-05,0,-0.022027220345781418,738.2399291992188,-0.017285402840883424,0.0
2026-05-12,HDFCBANK,744.2898305325124,747.3394284783378,735.6330216051203,738.2399291992188,43937132,0.0001,0,0.0,0.0,0.0001,0.0001,0.0002,0.0002,0.00013333333333333334,0.00016,5.477225586015373e-05,0,-0.017285402840883424,737.4037475585938,-0.001132669214373161,0.0
2026-05-13,HDFCBANK,739.7647228184694,747.5853858194506,735.1903557682459,737.4037475585938,28960919,0.0001,0,0.0,0.0,0.0001,0.0001,0.0001,0.0002,0.0001,0.00014000000000000001,5.4772255860171825e-05,0,-0.001132669214373161,757.0291748046875,0.026614222277917543,1.0
2026-05-14,HDFCBANK,738.7810009702333,765.6368096362314,734.846082190099,757.0291748046875,50992358,0.0001,0,0.0,0.0,0.0001,0.0001,0.0001,0.0001,0.0001,0.00011999999999999999,4.472135968431761e-05,0,0.026614222277917543,755.0125122070312,-0.0026639166161285255,0.0
2026-05-15,HDFCBANK,760.4230253238243,769.1782432932904,752.9467039429112,755.0125122070312,24347873,0.0001,0,0.0,0.0,0.0001,0.0001,0.0001,0.0001,0.0001,0.0001,3.46642329403804e-09,0,-0.0026639166161285255,756.143798828125,0.0014983680439768499,1.0
2026-05-18,HDFCBANK,746.6507839481793,761.5050772404568,739.1252283144738,756.143798828125,29812079,0.0001,0,0.0,0.0,0.0001,0.0001,0.0001,0.0001,0.0001,0.0001,3.46642329403804e-09,0,0.0014983680439768499,750.044677734375,-0.008066086243387116,0.0
2026-05-19,HDFCBANK,754.2255287138954,758.2587962302428,747.8804605130283,750.044677734375,40307830,0.0001,0,0.0,0.0,0.0001,0.0001,0.0001,0.0001,0.0001,0.0001,3.46642329403804e-09,0,-0.008066086243387116,747.1427001953125,-0.003869072903534665,0.0
2026-05-20,HDFCBANK,747.2410491475586,749.8479568451309,742.8635000569833,747.1427001953125,24013451,0.0,0,0.0,0.0,0.0,0.0001,0.0001,0.0001,6.666666666666668e-05,8e-05,4.4721359684361926e-05,0,-0.003869072903534665,746.7984008789062,-0.0004608213615903134,0.0
2026-05-21,HDFCBANK,754.5206547496631,755.7503168336749,742.8634822100684,746.7984008789062,34664725,0.0,0,0.0,0.0,0.0,0.0,0.0001,0.0001,3.3333333333333335e-05,6.000000000000001e-05,5.4772255860244196e-05,0,-0.0004608213615903134,754.3239135742188,0.010077033756975995,1.0
2026-05-22,HDFCBANK,746.7984174780529,762.390509033052,746.7984174780529,754.3239135742188,25604071,0.0,0,0.0,0.0,0.0,0.0,0.0,0.0001,0.0,3.9999999999999996e-05,5.477225586026229e-05,0,0.010077033756975995,774.0476684570312,0.026147593265809732,1.0
2026-05-25,HDFCBANK,763.3742255318324,775.0313981291084,762.5872538025895,774.0476684570312,26043952,0.0,0,0.0,0.0,0.0,0.0,0.0,0.0,0.0,2e-05,4.472135968442841e-05,0,0.026147593265809732,766.22705078125,-0.01010353495589067,0.0
2026-05-26,HDFCBANK,771.2932224692265,777.9825721015808,764.1120080103449,766.22705078125,31528062,0.0,0,0.0,0.0,0.0,0.0,0.0,0.0,0.0,0.0,3.4678523724616537e-09,0,-0.01010353495589067,746.3065185546875,-0.025998210590779114,0.0
2026-05-27,HDFCBANK,756.9799611769273,761.3083956280444,744.584991677417,746.3065185546875,63680153,0.0,0,0.0,0.0,0.0,0.0,0.0,0.0,0.0,0.0,3.4678523724616537e-09,0,-0.025998210590779114,746.3065185546875,0.0,0.0
2026-05-28,HDFCBANK,746.3065185546875,746.3065185546875,746.3065185546875,746.3065185546875,0,0.0,0,0.0,0.0,0.0,0.0,0.0,0.0,0.0,0.0,3.4678523724616537e-09,0,0.0,732.4359130859375,-0.01858566838678044,0.0
2026-05-29,HDFCBANK,733.9115075895189,748.1264133157719,725.7465633447872,732.4359130859375,101299431,0.0,0,0.0,0.0,0.0,0.0,0.0,0.0,0.0,0.0,3.4678523724616537e-09,0,-0.01858566838678044,730.6160278320312,-0.0024847023765377507,0.0
2026-06-01,HDFCBANK,736.8135126590627,740.1089829912345,727.1729740345589,730.6160278320312,47996441,0.0,0,0.0,0.0,0.0,0.0,0.0,0.0,0.0,0.0,3.4678523724616537e-09,0,-0.0024847023765377507,736.0757446289062,0.007472758041013217,1.0
2026-06-02,HDFCBANK,725.0087855549667,741.3386744827858,721.2214502442791,736.0757446289062,47314447,0.0,0,0.0,0.0,0.0,0.0,0.0,0.0,0.0,0.0,3.4678523724616537e-09,0,0.007472758041013217,741.3878784179688,0.007216830370820881,1.0
2026-06-03,HDFCBANK,732.3375535846441,744.5849997963322,730.5176176978582,741.3878784179688,36109480,0.0,0,0.0,0.0,0.0,0.0,0.0,0.0,0.0,0.0,3.4678523724616537e-09,0,0.007216830370820881,741.9288940429688,0.0007297335723297493,1.0
2026-06-04,HDFCBANK,736.9610714527732,744.9784318589446,732.8785694984622,741.9288940429688,42673538,0.0,0,0.0,0.0,0.0,0.0,0.0,0.0,0.0,0.0,3.4678523724616537e-09,0,0.0007297335723297493,734.8952026367188,-0.009480276968216628,0.0
2026-06-05,HDFCBANK,741.6829610502508,746.355676758121,732.5342875674706,734.8952026367188,22116568,0.0,0,0.0,0.0,0.0,0.0,0.0,0.0,0.0,0.0,3.4678523724616537e-09,0,-0.009480276968216628,726.6319580078125,-0.011244112901075853,0.0
2026-06-08,HDFCBANK,725.9925096938186,729.4355636015806,722.5494557860566,726.6319580078125,21550700,0.0,0,0.0,0.0,0.0,0.0,0.0,0.0,0.0,0.0,3.4678523724616537e-09,0,-0.011244112901075853,726.3367919921875,-0.0004062111669768109,0.0
2026-06-09,HDFCBANK,727.4189306755471,731.8457142768752,720.3852393810432,726.3367919921875,38539563,0.0,0,0.0,0.0,0.0,0.0,0.0,0.0,0.0,0.0,3.4678523724616537e-09,0,-0.0004062111669768109,734.698486328125,0.011512144817837466,1.0
2026-06-10,HDFCBANK,724.5169081730804,743.6504624272108,724.418559222074,734.698486328125,44458159,0.0,0,0.0,0.0,0.0,0.0,0.0,0.0,0.0,0.0,3.4678523724616537e-09,0,0.011512144817837466,732.485107421875,-0.003012635723958046,0.0
2026-06-11,HDFCBANK,730.9111639255492,743.699649970007,728.0583237911012,732.485107421875,32632007,0.0,0,0.0,0.0,0.0,0.0,0.0,0.0,0.0,0.0,3.4678523724616537e-09,0,-0.003012635723958046,759.8819580078125,0.03740260424183384,1.0
2026-06-12,HDFCBANK,742.4207572291352,761.8494172504803,740.8467538097462,759.8819580078125,36088159,0.0,0,0.0,0.0,0.0,0.0,0.0,0.0,0.0,0.0,3.4678523724616537e-09,0,0.03740260424183384,764.7022094726562,0.006343421388081083,1.0
2026-06-15,HDFCBANK,777.1464134002696,780.5894671305239,762.980682607529,764.7022094726562,39990334,0.0,0,0.0,0.0,0.0,0.0,0.0,0.0,0.0,0.0,3.4678523724616537e-09,0,0.006343421388081083,772.1294555664062,0.009712599233722363,1.0
2026-06-16,HDFCBANK,767.8010209255166,774.8838866823837,766.7681167622869,772.1294555664062,27820970,0.0,0,0.0,0.0,0.0,0.0,0.0,0.0,0.0,0.0,3.4678523724616537e-09,0,0.009712599233722363,774.2935791015625,0.002802798830629616,1.0
2026-06-17,HDFCBANK,774.8346784396643,781.376444549763,770.3586605239058,774.2935791015625,32405604,0.0,0,0.0,0.0,0.0,0.0,0.0,0.0,0.0,0.0,3.4678523724616537e-09,0,0.002802798830629616,786.0,0.015118840210480489,1.0
2026-06-18,HDFCBANK,773.7033792240301,789.8857441736253,773.4082723338255,786.0,41492071,0.0,0,0.0,0.0,0.0,0.0,0.0,0.0,0.0,0.0,3.4678523724616537e-09,0,0.015118840210480489,779.7999877929688,-0.00788805624304234,0.0
2026-06-19,HDFCBANK,788.7000122070312,789.0499877929688,776.2000122070312,779.7999877929688,33798761,0.0286,1,0.0,0.9397,0.0286,0.0,0.0,0.0,0.009533333333333333,0.00572,0.012790308831299245,0,-0.00788805624304234,786.4000244140625,0.008463755737895706,1.0
2026-06-22,HDFCBANK,789.9000244140625,789.9000244140625,783.0999755859375,786.4000244140625,25194765,0.0243,0,0.0,0.0,0.0243,0.0286,0.0,0.0,0.017633333333333334,0.01058,0.014566811593482321,1,0.008463755737895706,774.6500244140625,-0.014941505131252697,0.0
2026-06-23,HDFCBANK,783.0499877929688,790.9000244140625,772.5499877929688,774.6500244140625,28289062,0.0207,0,0.0,0.0,0.0207,0.0243,0.0286,0.0,0.024533333333333334,0.01472,0.01372541438354451,0,-0.014941505131252697,793.2000122070312,0.02394628181545566,1.0
2026-06-24,HDFCBANK,773.0,794.9000244140625,772.6500244140625,793.2000122070312,34701292,0.7218,1,0.0,0.7511,0.7218,0.0207,0.0243,0.0286,0.2556,0.15908,0.31476179406020677,0,0.02394628181545566,796.2999877929688,0.003908189029538711,1.0
2026-06-25,HDFCBANK,798.5,804.4500122070312,794.75,796.2999877929688,46707966,0.6135,0,0.0,0.0,0.6135,0.7218,0.0207,0.0243,0.452,0.28178000000000003,0.35433550062052777,1,0.003908189029538711,796.2999877929688,0.0,0.0
2026-06-26,HDFCBANK,796.2999877929688,796.2999877929688,796.2999877929688,796.2999877929688,0,0.5215,0,0.0,0.0,0.5215,0.6135,0.7218,0.0207,0.6189333333333334,0.38036000000000003,0.33428658064600797,0,0.0,798.9000244140625,0.0032651471316733627,1.0
2026-06-29,HDFCBANK,800.0,805.9000244140625,793.2999877929688,798.9000244140625,46695977,0.4433,0,0.0,0.0,0.4433,0.5215,0.6135,0.7218,0.5261,0.46416,0.26882177739163915,0,0.0032651471316733627,797.9500122070312,-0.0011891503041673301,0.0
2026-06-30,HDFCBANK,806.0999755859375,806.0999755859375,792.75,797.9500122070312,45778356,0.08134999999999999,2,0.09496444071335332,0.89,0.0813,0.4433,0.5215,0.6135,0.3487,0.4762799999999999,0.24405487497691994,0,-0.0011891503041673301,796.1500244140625,-0.0022557651048719096,0.0
2026-07-01,HDFCBANK,793.5,802.25,793.5,796.1500244140625,26094378,0.0691,0,0.0,0.0,0.0691,0.0813,0.4433,0.5215,0.1979,0.34574,0.25424552700096814,2,-0.0022557651048719096,795.9000244140625,-0.0003140111691687375,0.0
2026-07-02,HDFCBANK,795.0,805.4500122070312,794.0,795.9000244140625,34143823,0.0588,0,0.0,0.0,0.0588,0.0691,0.0813,0.4433,0.06973333333333333,0.23479999999999998,0.22785076256181377,0,-0.0003140111691687375,801.0499877929688,0.0064706159328209445,1.0
2026-07-03,HDFCBANK,803.0,807.0,798.5499877929688,801.0499877929688,25871958,0.05,0,0.0,0.0,0.05,0.0588,0.0691,0.0813,0.0593,0.1405,0.169672905910166,0,0.0064706159328209445,829.8499755859375,0.03595279724342504,1.0
2026-07-06,HDFCBANK,805.0,831.5,805.0,829.8499755859375,63203327,0.3167333333333333,3,0.49432764775332294,0.9250333333333334,0.3167,0.05,0.0588,0.0691,0.14183333333333334,0.11517999999999999,0.11325708366367221,0,0.03595279724342504,829.2999877929688,-0.0006627556897623732,0.0
2026-07-07,HDFCBANK,843.0,843.0,826.0999755859375,829.2999877929688,57611729,0.2692,0,0.0,0.0,0.2692,0.3167,0.05,0.0588,0.21196666666666664,0.15276,0.12924946034703605,3,-0.0006627556897623732,810.2999877929688,-0.022910889038555315,0.0
2026-07-08,HDFCBANK,825.9000244140625,834.3499755859375,806.9500122070312,810.2999877929688,38754632,0.2288,0,0.0,0.0,0.2288,0.2692,0.3167,0.05,0.2715666666666667,0.1847,0.12298776361898787,0,-0.022910889038555315,817.5499877929688,0.008947303602641066,1.0
2026-07-09,HDFCBANK,813.0,822.8499755859375,812.2999877929688,817.5499877929688,39891798,-0.0616,1,0.0,0.8933,-0.0616,0.2288,0.2692,0.3167,0.14546666666666666,0.16061999999999999,0.1600137556586934,0,0.008947303602641066,824.9500122070312,0.009051464160667821,1.0
2026-07-10,HDFCBANK,824.0,827.7000122070312,820.2999877929688,824.9500122070312,23595785,-0.0524,0,0.0,0.0,-0.0524,-0.0616,0.2288,0.2692,0.038266666666666664,0.14014,0.18266170370386903,1,0.009051464160667821,817.9500122070312,-0.008485362623697035,0.0
2026-07-13,HDFCBANK,817.0,821.9500122070312,811.0,817.9500122070312,21741736,-0.6878,1,0.0,0.7082,-0.6878,-0.0524,-0.0616,0.2288,-0.26726666666666665,-0.06076,0.3827428483982425,0,-0.008485362623697035,809.4000244140625,-0.010452946592541479,0.0
2026-07-14,HDFCBANK,811.4000244140625,818.4000244140625,807.0,809.4000244140625,25605395,-0.5846,0,0.0,0.0,-0.5846,-0.6878,-0.0524,-0.0616,-0.4416,-0.23152,0.3891362897494914,1,-0.010452946592541479,815.4500122070312,0.007474657289945563,1.0
2026-07-15,HDFCBANK,811.0,819.7000122070312,809.7000122070312,815.4500122070312,21488739,-0.4969,0,0.0,0.0,-0.4969,-0.5846,-0.6878,-0.0524,-0.5897666666666667,-0.37666000000000005,0.2995463870588329,0,0.007474657289945563,808.2999877929688,-0.008768194625089043,0.0
2026-07-16,HDFCBANK,814.5,818.0,806.5,808.2999877929688,18698186,0.8423,1,0.0,0.9107,0.8423,-0.4969,-0.5846,-0.6878,-0.07973333333333332,-0.19588,0.6289089337893048,0,-0.008768194625089043,819.5999755859375,0.013979943045431487,1.0
2026-07-17,HDFCBANK,810.0,823.7000122070312,808.5,819.5999755859375,17415322,0.54525,2,0.553593898990948,0.8769,0.5452,0.8423,-0.4969,-0.5846,0.29686666666666667,-0.07635999999999998,0.7140192035232666,1,0.013979943045431487,777.5999755859375,-0.051244511043297525,0.0
2026-07-20,HDFCBANK,790.0,790.0,774.5499877929688,777.5999755859375,56061789,0.0029,1,0.0,0.946,0.0029,0.5452,0.8423,-0.4969,0.4634666666666667,0.061780000000000015,0.6277546630651182,2,-0.051244511043297525,761.4500122070312,-0.020768986478860052,0.0
2026-07-21,HDFCBANK,769.1500244140625,772.5,760.0999755859375,761.4500122070312,42246009,0.0025,0,0.0,0.0,0.0025,0.0029,0.5452,0.8423,0.18353333333333333,0.1792,0.5227507532275779,1,-0.020768986478860052,753.1500244140625,-0.010900239884311769,0.0
2026-07-22,HDFCBANK,760.25,761.3499755859375,750.3499755859375,753.1500244140625,23385446,0.0021,0,0.0,0.0,0.0021,0.0025,0.0029,0.5452,0.0025,0.279,0.39291424000664577,0,-0.010900239884311769,747.25,-0.007833797016275179,0.0
2026-07-23,HDFCBANK,749.4000244140625,751.0,743.25,747.25,32532090,-0.8642,1,0.0,0.8784,-0.8642,0.0021,0.0025,0.0029,-0.2865333333333333,-0.0623,0.5061366663263986,0,-0.007833797016275179,742.7999877929688,-0.005955185288767151,0.0
2026-07-24,HDFCBANK,738.5,748.25,737.25,742.7999877929688,23837859,-0.7346,0,0.0,0.0,-0.7346,-0.8642,0.0021,0.0025,-0.5322333333333332,-0.31826,0.4416024037525161,1,-0.005955185288767151,739.5499877929688,-0.0043753366362545565,0.0
2026-07-27,HDFCBANK,746.0999755859375,747.9500122070312,738.0999755859375,739.5499877929688,29678752,-0.6244,0,0.0,0.0,-0.6244,-0.7346,-0.8642,0.0021,-0.7410666666666667,-0.44372,0.4159109363794132,0,-0.0043753366362545565,735.4000244140625,-0.0056114710937809065,0.0
2026-07-28,HDFCBANK,732.0,740.25,732.0,735.4000244140625,33886037,0.0168,1,0.0,0.9357,0.0168,-0.6244,-0.7346,-0.8642,-0.4474,-0.44086,0.41977765304980236,0,-0.0056114710937809065,748.2000122070312,0.017405476431915146,1.0
2026-07-29,HDFCBANK,743.0,751.25,740.7999877929688,748.2000122070312,20460659,0.0143,0,0.0,0.0,0.0143,0.0168,-0.6244,-0.7346,-0.19776666666666665,-0.43842,0.4230190326687444,1,0.017405476431915146,753.9500122070312,0.007685110807521545,1.0
2026-07-30,HDFCBANK,752.7999877929688,757.9000244140625,745.5,753.9500122070312,35844392,0.0121,0,0.0,0.0,0.0121,0.0143,0.0168,-0.6244,0.014400000000000001,-0.26316,0.3820601169973127,0,0.007685110807521545,748.1500244140625,-0.007692801510793101,0.0
2026-07-31,HDFCBANK,753.9500122070312,757.5499877929688,747.2000122070312,748.1500244140625,25522483,0.0103,0,0.0,0.0,0.0103,0.0121,0.0143,0.0168,0.012233333333333332,-0.11417999999999999,0.28523202309698714,0,-0.007692801510793101,753.0,0.006482624377023738,1.0
2026-08-03,HDFCBANK,753.0499877929688,756.8499755859375,750.0499877929688,753.0,14827841,-0.948,1,0.0,0.9638,-0.948,0.0103,0.0121,0.0143,-0.3085333333333333,-0.1789,0.4299468513665384,0,0.006482624377023738,742.0,-0.014608233731739695,0.0
2026-08-04,HDFCBANK,753.2000122070312,753.2000122070312,738.0,742.0,31559802,-0.8058,0,0.0,0.0,-0.8058,-0.948,0.0103,0.0121,-0.5811666666666667,-0.34341999999999995,0.4895886405953474,1,-0.014608233731739695,735.0,-0.009433962264150941,0.0
2026-08-05,HDFCBANK,733.7999877929688,741.9500122070312,732.5999755859375,735.0,60050538,-0.6849,0,0.0,0.0,-0.6849,-0.8058,-0.948,0.0103,-0.8129,-0.4832599999999999,0.4608842078006148,0,-0.009433962264150941,734.2999877929688,-0.0009523975605867374,0.0
2026-08-06,HDFCBANK,739.0,740.5,733.5499877929688,734.2999877929688,44772122,-0.5822,0,0.0,0.0,-0.5822,-0.6849,-0.8058,-0.948,-0.6909666666666666,-0.60212,0.36858720406438455,0,-0.0009523975605867374,731.0,-0.0044940594414106805,0.0
2026-08-07,HDFCBANK,733.0,736.0,728.2000122070312,731.0,19382042,-0.4949,0,0.0,0.0,-0.4949,-0.5822,-0.6849,-0.8058,-0.5873333333333334,-0.70316,0.17945652119664054,0,-0.0044940594414106805,731.0,0.0,0.0
2026-08-10,HDFCBANK,731.5,737.5499877929688,728.5,731.0,23660590,-0.4206,0,0.0,0.0,-0.4206,-0.4949,-0.5822,-0.6849,-0.49923333333333336,-0.5976800000000001,0.15254667154677715,0,0.0,729.0,-0.002735978112175075,0.0
2026-08-11,HDFCBANK,730.5,730.8499755859375,726.5499877929688,729.0,29154365,-0.3575,0,0.0,0.0,-0.3575,-0.4206,-0.4949,-0.5822,-0.4243333333333333,-0.50802,0.12967253757060632,0,-0.002735978112175075,729.0,0.0,0.0
2026-08-12,HDFCBANK,729.0,730.6500244140625,722.0,729.0,26993177,-0.3039,0,0.0,0.0,-0.3039,-0.3575,-0.4206,-0.4949,-0.36066666666666664,-0.43182,0.11023396482028709,0,0.0,725.0,-0.005486968449931462,0.0
2026-08-13,HDFCBANK,726.9000244140625,729.0,724.5,725.0,22129893,-0.2583,0,0.0,0.0,-0.2583,-0.3039,-0.3575,-0.4206,-0.30656666666666665,-0.36704,0.0937002027745953,0,-0.005486968449931462,727.0,0.0027586206896552667,1.0
2026-08-14,HDFCBANK,725.0,729.5999755859375,723.5,727.0,20364131,-0.2196,0,0.0,0.0,-0.2196,-0.2583,-0.3039,-0.3575,-0.2606,-0.31198000000000004,0.0796104076110672,0,0.0027586206896552667,729.0,0.0027510316368637433,1.0
2026-08-17,HDFCBANK,727.0499877929688,732.0999755859375,724.5,729.0,14823722,-0.30229999999999996,2,0.4326079287299297,0.8236,-0.3023,-0.2196,-0.2583,-0.3039,-0.26006666666666667,-0.28832,0.05207611736679555,0,0.0027510316368637433,723.0,-0.008230452674897082,0.0
2026-08-18,HDFCBANK,726.2999877929688,729.0,723.0,723.0,17916507,-0.4731,2,0.6738727624707798,0.9531000000000001,-0.4731,-0.3023,-0.2196,-0.2583,-0.3316666666666667,-0.31144000000000005,0.09686690869435377,2,-0.008230452674897082,720.0,-0.004149377593360981,0.0
2026-08-19,HDFCBANK,724.0,725.4000244140625,715.0999755859375,720.0,21342651,-0.9223,3,0.0380319602439843,0.9345333333333334,-0.9223,-0.4731,-0.3023,-0.2196,-0.5659,-0.43512000000000006,0.2890251580745183,2,-0.004149377593360981,725.0499877929688,0.007013871934678839,1.0
2026-08-20,HDFCBANK,725.5,728.2999877929688,724.2999877929688,725.0499877929688,17603805,0.344125,8,0.5324290288050472,0.8407625,0.3441,-0.9223,-0.4731,-0.3023,-0.3504333333333333,-0.31464,0.45757062624255096,3,0.007013871934678839,726.9500122070312,0.002620542646785129,1.0
2026-08-21,HDFCBANK,728.2999877929688,732.7999877929688,726.5999755859375,726.9500122070312,26029811,0.33702,5,0.8100030691299879,0.91518,0.337,0.3441,-0.9223,-0.4731,-0.08039999999999996,-0.20332,0.545693340622735,8,0.002620542646785129,,,
2026-02-23,HINDUNILVR,2301.589198978469,2326.3374699352266,2297.4315377942003,2321.78369140625,1300035,0.0,0,0.0,0.0,0.0,0.0,0.0,0.0,0.0,0.0,0.0,0,0.0,2334.85107421875,0.0056281654750469645,1.0
2026-02-24,HINDUNILVR,2307.627974972371,2348.116051360412,2306.835981930553,2334.85107421875,1544803,0.0,0,0.0,0.0,0.0,0.0,0.0,0.0,0.0,0.0,0.0,0,0.0056281654750469645,2350.98681640625,0.006910822863894772,1.0
2026-02-25,HINDUNILVR,2345.0472309590837,2356.0355607092815,2325.3477025655893,2350.98681640625,1158620,0.0,0,0.0,0.0,0.0,0.0,0.0,0.0,0.0,0.0,0.0,0,0.006910822863894772,2359.30224609375,0.0035369954563211348,1.0
2026-02-26,HINDUNILVR,2354.0555642457175,2363.261969498705,2331.485092501007,2359.30224609375,1470677,0.0,0,0.0,0.0,0.0,0.0,0.0,0.0,0.0,0.0,0.0,0,0.0035369954563211348,2314.557373046875,-0.018965299219698584,0.0
2026-02-27,HINDUNILVR,2345.443166643118,2354.946357613014,2307.1328918130507,2314.557373046875,3053227,0.0,0,0.0,0.0,0.0,0.0,0.0,0.0,0.0,0.0,0.0,0,-0.018965299219698584,2297.233642578125,-0.007484683970458317,0.0
2026-03-02,HINDUNILVR,2279.810762828429,2330.29723651677,2267.139599527044,2297.233642578125,2273224,0.0,0,0.0,0.0,0.0,0.0,0.0,0.0,0.0,0.0,0.0,0,-0.007484683970458317,2238.53076171875,-0.025553726783094755,0.0
2026-03-04,HINDUNILVR,2269.812432719107,2288.3243336403816,2229.4234459004774,2238.53076171875,2648737,0.0,0,0.0,0.0,0.0,0.0,0.0,0.0,0.0,0.0,0.0,0,-0.025553726783094755,2232.294189453125,-0.002786011419756651,0.0
2026-03-05,HINDUNILVR,2252.5877729936083,2254.86466241023,2205.961930722778,2232.294189453125,1751288,0.0,0,0.0,0.0,0.0,0.0,0.0,0.0,0.0,0.0,0.0,0,-0.002786011419756651,2203.2890625,-0.012993415962002208,0.0
2026-03-06,HINDUNILVR,2222.4938661562232,2227.344430687897,2197.15153951635,2203.2890625,1674258,0.0,0,0.0,0.0,0.0,0.0,0.0,0.0,0.0,0.0,0.0,0,-0.012993415962002208,2172.50244140625,-0.013973028604252868,0.0
2026-03-09,HINDUNILVR,2176.8580406764563,2177.8479715726257,2148.545920373073,2172.50244140625,1512817,0.0,0,0.0,0.0,0.0,0.0,0.0,0.0,0.0,0.0,0.0,0,-0.013973028604252868,2168.146484375,-0.002005041259438345,0.0
2026-03-10,HINDUNILVR,2201.606195210621,2201.606195210621,2153.0995838952795,2168.146484375,1084986,0.0,0,0.0,0.0,0.0,0.0,0.0,0.0,0.0,0.0,0.0,0,-0.002005041259438345,2139.636474609375,-0.013149485042217246,0.0
2026-03-11,HINDUNILVR,2168.1465318534633,2172.8982483412015,2134.290944612132,2139.636474609375,1313256,0.0,0,0.0,0.0,0.0,0.0,0.0,0.0,0.0,0.0,0.0,0,-0.013149485042217246,2115.383056640625,-0.01133529842875658,0.0
2026-03-12,HINDUNILVR,2143.2992989000727,2143.2992989000727,2088.061111223958,2115.383056640625,1791973,0.0,0,0.0,0.0,0.0,0.0,0.0,0.0,0.0,0.0,0.0,0,-0.01133529842875658,2138.250732421875,0.010810181971281141,1.0
2026-03-13,HINDUNILVR,2114.492390950521,2169.8294312879443,2098.950524241146,2138.250732421875,2298875,0.0,0,0.0,0.0,0.0,0.0,0.0,0.0,0.0,0.0,0.0,0,0.010810181971281141,2153.79248046875,0.007268440417776301,1.0
2026-03-16,HINDUNILVR,2147.7540473535414,2164.681719709848,2132.3110295750503,2153.79248046875,1981511,0.0,0,0.0,0.0,0.0,0.0,0.0,0.0,0.0,0.0,0.0,0,0.007268440417776301,2136.46875,-0.008043361013582717,0.0
2026-03-17,HINDUNILVR,2150.921837339099,2162.8010077496438,2123.8966763186418,2136.46875,1705956,-0.1457,1,0.0,0.8249,-0.1457,0.0,0.0,0.0,-0.04856666666666667,-0.02914,0.06515902086434387,0,-0.008043361013582717,2113.79931640625,-0.010610702166249819,0.0
2026-03-18,HINDUNILVR,2143.2002132585976,2153.099521402979,2108.2556071724653,2113.79931640625,2441148,-0.1238,0,0.0,0.0,-0.1238,-0.1457,0.0,0.0,-0.08983333333333332,-0.05389999999999999,0.07421064613652141,1,-0.010610702166249819,2056.383544921875,-0.027162356917585617,0.0
2026-03-19,HINDUNILVR,2090.734099450428,2112.1167039586576,2049.256090646583,2056.383544921875,2098905,-0.1053,0,0.0,0.0,-0.1053,-0.1238,-0.1457,0.0,-0.12493333333333334,-0.07496,0.06990710264343673,0,-0.027162356917585617,2061.72900390625,0.002599446488265933,1.0
2026-03-20,HINDUNILVR,2078.5578289353593,2078.656918696704,2048.166999131025,2061.72900390625,2429744,-0.0895,0,0.0,0.0,-0.0895,-0.1053,-0.1238,-0.1457,-0.1062,-0.09286,0.055987436090608744,0,0.002599446488265933,2031.5361328125,-0.014644442134026936,0.0
2026-03-23,HINDUNILVR,2041.534531517212,2075.8850852106953,2012.8265355843985,2031.5361328125,2599535,-0.0761,0,0.0,0.0,-0.0761,-0.0895,-0.1053,-0.1238,-0.0903,-0.10808,0.027559245272684788,0,-0.014644442134026936,2064.005859375,0.015982844724276912,1.0
2026-03-24,HINDUNILVR,2049.1568963579134,2093.7037854091727,2045.1971728866906,2064.005859375,1702418,-0.0646,0,0.0,0.0,-0.0646,-0.0761,-0.0895,-0.1053,-0.07673333333333333,-0.09186,0.02344062712471658,0,0.015982844724276912,2113.304443359375,0.02388490505511598,1.0
2026-03-25,HINDUNILVR,2076.874939459462,2133.0039707547157,2064.9957691670343,2113.304443359375,2069217,-0.055,0,0.0,0.0,-0.055,-0.0646,-0.0761,-0.0895,-0.06523333333333334,-0.0781,0.019935270251491423,0,0.02388490505511598,2053.512451171875,-0.02829312755925162,0.0
2026-03-27,HINDUNILVR,2101.920214571949,2105.5829103672913,2048.6618866972776,2053.512451171875,2789151,-0.0467,0,0.0,0.0,-0.0467,-0.055,-0.0646,-0.0761,-0.055433333333333334,-0.06638000000000001,0.016948362752785263,0,-0.02829312755925162,2034.505859375,-0.009255649648497899,0.0
2026-03-30,HINDUNILVR,2043.2172992976207,2061.4319304866403,2025.5964816164349,2034.505859375,2482193,-0.0397,0,0.0,0.0,-0.0397,-0.0467,-0.055,-0.0646,-0.04713333333333333,-0.056420000000000005,0.014407185707139294,0,-0.009255649648497899,2043.91015625,0.00462239852083246,1.0
2026-04-01,HINDUNILVR,2098.5542902611737,2098.5542902611737,2031.338082923151,2043.91015625,2028470,-0.0337,0,0.0,0.0,-0.0337,-0.0397,-0.0467,-0.055,-0.04003333333333334,-0.047939999999999997,0.012243488065089896,0,0.00462239852083246,2044.5042724609375,0.00029067628492418507,1.0
2026-04-02,HINDUNILVR,2034.3079361718803,2049.0578094497764,2002.13518292342,2044.5042724609375,1431905,0.1211,1,0.0,0.8304,0.1211,-0.0337,-0.0397,-0.0467,0.0159,-0.010799999999999999,0.07416144550910532,0,0.00029067628492418507,2063.807861328125,0.009441696516462761,1.0
2026-04-06,HINDUNILVR,2044.5042099690797,2071.727308039528,2021.3398041699922,2063.807861328125,1661298,0.1029,0,0.0,0.0,0.1029,0.1211,-0.0337,-0.0397,0.06343333333333334,0.02078,0.08364694853968073,1,0.009441696516462761,2089.34814453125,0.012375320242597132,1.0
2026-04-07,HINDUNILVR,2043.9101735971367,2098.1584324058085,2030.1502314824131,2089.34814453125,2709707,0.0875,0,0.0,0.0,0.0875,0.1029,0.1211,-0.0337,0.10383333333333333,0.047619999999999996,0.07791554402043277,0,0.012375320242597132,2123.995849609375,0.016583021440832457,1.0
2026-04-08,HINDUNILVR,2108.552830795398,2170.720540058606,2108.552830795398,2123.995849609375,3794437,0.0744,0,0.0,0.0,0.0744,0.0875,0.1029,0.1211,0.08826666666666666,0.07044,0.06076995968404123,0,0.016583021440832457,2111.720458984375,-0.005779385410408233,0.0
2026-04-09,HINDUNILVR,2123.896656880212,2141.1213571449207,2093.7037656964103,2111.720458984375,2506245,-0.4914,1,0.0,0.5154,-0.4914,0.0744,0.0875,0.1029,-0.10983333333333334,-0.021099999999999997,0.2634829880656434,0,-0.005779385410408233,2133.59814453125,0.010360123876148375,1.0
2026-04-10,HINDUNILVR,2111.7205746871014,2148.1500806118274,2100.039341580484,2133.59814453125,2144484,-0.4177,0,0.0,0.0,-0.4177,-0.4914,0.0744,0.0875,-0.27823333333333333,-0.12886,0.2986229947609527,1,0.010360123876148375,2105.781005859375,-0.013037665383790586,0.0
2026-04-13,HINDUNILVR,2109.5427916939393,2119.145073286812,2092.2190005842986,2105.781005859375,1994541,-0.355,0,0.0,0.0,-0.355,-0.4177,-0.4914,0.0744,-0.42136666666666667,-0.22044000000000002,0.2793720154202994,0,-0.013037665383790586,2135.875,0.014291131915848743,1.0
2026-04-15,HINDUNILVR,2119.342960674532,2146.1701846556675,2119.342960674532,2135.875,1552971,-0.3018,0,0.0,0.0,-0.3018,-0.355,-0.4177,-0.4914,-0.3581666666666667,-0.29829999999999995,0.2200434048091421,0,0.014291131915848743,2117.561279296875,-0.008574341056066026,0.0
2026-04-16,HINDUNILVR,2136.270876584757,2141.9134343634555,2107.6619703228953,2117.561279296875,1845734,-0.2565,0,0.0,0.0,-0.2565,-0.3018,-0.355,-0.4177,-0.30443333333333333,-0.36448,0.09303143017281838,0,-0.008574341056066026,2218.237060546875,0.04754326698088707,1.0
2026-04-17,HINDUNILVR,2120.4318458384037,2222.3947217120526,2111.522468334881,2218.237060546875,4882697,-0.218,0,0.0,0.0,-0.218,-0.2565,-0.3018,-0.355,-0.2587666666666667,-0.30979999999999996,0.07908473303994895,0,0.04754326698088707,2209.03076171875,-0.0041502772593003945,0.0
2026-04-20,HINDUNILVR,2218.2371672517165,2230.710151347242,2200.814287067127,2209.03076171875,1460822,-0.1853,0,0.0,0.0,-0.1853,-0.218,-0.2565,-0.3018,-0.21993333333333331,-0.26332,0.06721879945372428,0,-0.0041502772593003945,2287.43310546875,0.03549173923182436,1.0
2026-04-21,HINDUNILVR,2216.1580861785023,2312.1813760556415,2204.773881708532,2287.43310546875,3217281,0.8718,1,0.0,0.9124,0.8718,-0.1853,-0.218,-0.2565,0.15616666666666665,-0.017959999999999976,0.49928899747541006,0,0.03549173923182436,2344.9482421875,0.025143964464466206,1.0
2026-04-22,HINDUNILVR,2287.136135627566,2383.753483110979,2287.136135627566,2344.9482421875,5558325,0.741,0,0.0,0.0,0.741,0.8718,-0.1853,-0.218,0.47583333333333333,0.19060000000000002,0.5646075583978664,1,0.025143964464466206,2342.572265625,-0.001013231985147578,0.0
2026-04-23,HINDUNILVR,2312.478464472606,2375.8340388417187,2312.478464472606,2342.572265625,2063531,0.6299,0,0.0,0.0,0.6299,0.741,0.8718,-0.1853,0.7475666666666667,0.36788,0.527036969291529,0,-0.001013231985147578,2303.8662109375,-0.016522886083590316,0.0
2026-04-24,HINDUNILVR,2364.5490228916565,2364.5490228916565,2275.8511183860137,2303.8662109375,1676706,0.5354,0,0.0,0.0,0.5354,0.6299,0.741,0.8718,0.6354333333333333,0.51856,0.4130245549601139,0,-0.016522886083590316,2304.856201171875,0.00042970821381693725,1.0
2026-04-27,HINDUNILVR,2311.3896002112174,2339.0088177903613,2301.5893808110277,2304.856201171875,1099681,0.4551,0,0.0,0.0,0.4551,0.5354,0.6299,0.741,0.5401333333333332,0.64664,0.1650325513345782,0,0.00042970821381693725,2266.44677734375,-0.016664564066337983,0.0
2026-04-28,HINDUNILVR,2297.62960044326,2310.8945777237636,2258.131454523486,2266.44677734375,1629120,0.3868,0,0.0,0.0,0.3868,0.4551,0.5354,0.6299,0.4591,0.5496399999999999,0.14028343808162158,0,-0.016664564066337983,2291.095947265625,0.010875688839586894,1.0
2026-04-29,HINDUNILVR,2281.7906936045574,2326.0405558989446,2267.9316611922086,2291.095947265625,1778765,0.9217,2,0.007071067811865481,0.9468000000000001,0.9217,0.3868,0.4551,0.5354,0.5878666666666666,0.58578,0.2085648987725407,0,0.010875688839586894,2228.2353515625,-0.02743691104606416,0.0
2026-04-30,HINDUNILVR,2288.720225829817,2344.948348918507,2189.331260792845,2228.2353515625,4434979,0.925,1,0.0,0.9474,0.925,0.9217,0.3868,0.4551,0.7444999999999999,0.6448,0.2596652171547051,2,-0.02743691104606416,2228.2353515625,0.0,0.0
2026-05-01,HINDUNILVR,2228.2353515625,2228.2353515625,2228.2353515625,2228.2353515625,0,0.7862,0,0.0,0.0,0.7862,0.925,0.9217,0.3868,0.8776333333333333,0.69496,0.2574633818623537,1,0.0,2286.04736328125,0.02594519994407718,1.0
2026-05-04,HINDUNILVR,2245.955163802939,2341.978456380622,2245.955163802939,2286.04736328125,2554255,0.6683,0,0.0,0.0,0.6683,0.7862,0.925,0.9217,0.7931666666666666,0.7376,0.22317966977303322,0,0.02594519994407718,2303.965087890625,0.00783786237204498,1.0
2026-05-05,HINDUNILVR,2278.3259741656116,2311.884535117792,2265.0609967330465,2303.965087890625,1741424,0.5681,0,0.0,0.0,0.5681,0.6683,0.7862,0.925,0.6742,0.77386,0.15678993271253144,0,0.00783786237204498,2293.768798828125,-0.0044255397428071275,0.0
2026-05-06,HINDUNILVR,2306.5388097283676,2315.84406275992,2265.258742886433,2293.768798828125,1196175,0.4829,0,0.0,0.0,0.4829,0.5681,0.6683,0.7862,0.5731,0.6861,0.17508876320312547,0,-0.0044255397428071275,2249.32080078125,-0.019377714994459505,0.0
2026-05-07,HINDUNILVR,2286.7402347777156,2304.4599000972157,2245.262229356629,2249.32080078125,1859012,0.4104,0,0.0,0.0,0.4104,0.4829,0.5681,0.6683,0.48713333333333325,0.5831800000000001,0.14882787709296988,0,-0.019377714994459505,2264.664794921875,0.006821612166346247,1.0
2026-05-08,HINDUNILVR,2249.3208664913536,2274.16822791307,2233.2840347907604,2264.664794921875,1104526,0.0074,1,0.0,0.9366,0.0074,0.4104,0.4829,0.5681,0.3002333333333333,0.42742,0.25377083559778923,0,0.006821612166346247,2283.968505859375,0.008523871162207097,1.0
2026-05-11,HINDUNILVR,2254.1717310173203,2293.7689667003274,2236.4518230397666,2283.968505859375,1903862,0.0063,0,0.0,0.0,0.0063,0.0074,0.4104,0.4829,0.1413666666666666,0.29502,0.2689184950872665,1,0.008523871162207097,2239.2236328125,-0.0195908450278911,0.0
2026-05-12,HINDUNILVR,2262.289070470158,2283.770522059433,2233.2840475795756,2239.2236328125,983506,0.0053,0,0.0,0.0,0.0053,0.0063,0.0074,0.4104,0.006333333333333296,0.18246,0.24253084958413063,0,-0.0195908450278911,2244.47021484375,0.0023430361998548754,1.0
2026-05-13,HINDUNILVR,2242.193325602698,2272.683243444049,2227.3443631814885,2244.47021484375,1308559,0.0045,0,0.0,0.0,0.0045,0.0053,0.0063,0.0074,0.00536666666666663,0.08678000000000002,0.1809123461790273,0,0.0023430361998548754,2226.057373046875,-0.00820364720150979,0.0
2026-05-14,HINDUNILVR,2245.1630860930386,2262.882750990242,2222.3946773716366,2226.057373046875,1380764,0.0039,0,0.0,0.0,0.0039,0.0045,0.0053,0.0063,0.0045666666666666295,0.005480000000000022,0.0014007141036753148,0,-0.00820364720150979,2249.32080078125,0.010450506809055682,1.0
2026-05-15,HINDUNILVR,2226.0574260984463,2275.7519058077983,2223.582599004531,2249.32080078125,1038522,0.0033,0,0.0,0.0,0.0033,0.0039,0.0045,0.0053,0.003899999999999963,0.004660000000000023,0.0011781341181016226,0,0.010450506809055682,2231.502197265625,-0.00792177065602917,0.0
2026-05-18,HINDUNILVR,2240.312727327763,2242.193499373944,2202.299235574,2231.502197265625,1118204,0.0028,0,0.0,0.0,0.0028,0.0033,0.0039,0.0045,0.0033333333333332963,0.003960000000000022,0.000983869910219443,0,-0.00792177065602917,2210.41650390625,-0.009449102665107123,0.0
2026-05-19,HINDUNILVR,2219.424971337065,2259.022205437637,2207.0508356806363,2210.41650390625,1145022,0.0024,0,0.0,0.0,0.0024,0.0028,0.0033,0.0039,0.0028333333333332967,0.003380000000000022,0.0008408329205230492,0,-0.009449102665107123,2187.05419921875,-0.010569186687764076,0.0
2026-05-20,HINDUNILVR,2202.4969749325523,2204.4768365637315,2178.83772511289,2187.05419921875,1071994,0.002,0,0.0,0.0,0.002,0.0024,0.0028,0.0033,0.002399999999999963,0.0028800000000000223,0.0007463243264395254,0,-0.010569186687764076,2157.059326171875,-0.01371473695420522,0.0
2026-05-21,HINDUNILVR,2201.6062145049336,2206.5558687641624,2154.0895336163376,2157.059326171875,1581812,0.0017,0,0.0,0.0,0.0017,0.002,0.0024,0.0028,0.0020333333333332963,0.002440000000000022,0.0006348228101096332,0,-0.01371473695420522,2181.411865234375,0.011289693689472413,1.0
2026-05-22,HINDUNILVR,2158.0493989217307,2202.101324725408,2153.4956200308816,2181.411865234375,1382889,0.0015,0,0.0,0.0,0.0015,0.0017,0.002,0.0024,0.0017333333333332962,0.002080000000000022,0.0005263078949014131,0,0.011289693689472413,2174.383056640625,-0.0032221373257245167,0.0
2026-05-25,HINDUNILVR,2192.696776899151,2215.56427562462,2170.8192089984664,2174.383056640625,780722,0.0012,0,0.0,0.0,0.0012,0.0015,0.0017,0.002,0.0014666666666666294,0.001760000000000022,0.00046151923062383337,0,-0.0032221373257245167,2187.153076171875,0.005872939219357054,1.0
2026-05-26,HINDUNILVR,2177.451947396857,2197.6464396286196,2167.9485147687737,2187.153076171875,2302703,0.0011,0,0.0,0.0,0.0011,0.0012,0.0015,0.0017,0.0012666666666666295,0.0015000000000000221,0.0003674234617381726,0,0.005872939219357054,2176.263916015625,-0.004978691375049582,0.0
2026-05-27,HINDUNILVR,2182.8966461541704,2192.3009893676626,2164.9788008323703,2176.263916015625,616538,0.0009,0,0.0,0.0,0.0009,0.0011,0.0012,0.0015,0.0010666666666666296,0.001280000000000022,0.00031937438882243257,0,-0.004978691375049582,2176.263916015625,0.0,0.0
2026-05-28,HINDUNILVR,2176.263916015625,2176.263916015625,2176.263916015625,2176.263916015625,0,0.0008,0,0.0,0.0,0.0008,0.0009,0.0011,0.0012,0.0009333333333332964,0.0011000000000000222,0.0002738612791829743,0,0.0,2131.816162109375,-0.020423880384703663,0.0
2026-05-29,HINDUNILVR,2112.017544397656,2185.569457533162,2096.77270543257,2131.816162109375,17701621,0.0006,0,0.0,0.0,0.0006,0.0008,0.0009,0.0011,0.0007666666666666296,0.0009200000000000221,0.00023874672822002743,0,-0.020423880384703663,2063.31298828125,-0.03213371539520693,0.0
2026-06-01,HINDUNILVR,2136.7658114814612,2145.6751894306544,2059.3532647482753,2063.31298828125,1470488,0.0005,0,0.0,0.0,0.0005,0.0006,0.0008,0.0009,0.0006333333333332963,0.0007800000000000222,0.0002387467282200806,0,-0.03213371539520693,2072.6181640625,0.004509822714294565,1.0
2026-06-02,HINDUNILVR,2058.066228961863,2075.88498419097,2044.9001003727778,2072.6181640625,2148903,-0.9549,1,0.0,0.964,-0.9549,0.0005,0.0006,0.0008,-0.31793333333333335,-0.19041999999999998,0.4273573411092879,0,0.004509822714294565,2069.549560546875,-0.0014805445444955323,0.0
2026-06-03,HINDUNILVR,2070.9353670832684,2078.4589383211337,2051.334687643431,2069.549560546875,1544973,-0.8117,0,0.0,0.0,-0.8117,-0.9549,0.0005,0.0006,-0.5887000000000001,-0.35294,0.48679023511159336,1,-0.0014805445444955323,2058.462158203125,-0.005357398805573954,0.0
2026-06-04,HINDUNILVR,2067.9655912455964,2089.64498066566,2052.621662732285,2058.462158203125,2142735,0.7869,1,0.0,0.8551,0.7869,-0.8117,-0.9549,0.0005,-0.32656666666666667,-0.19571999999999995,0.7068188466644055,0,-0.005357398805573954,2100.138427734375,0.02024631318344472,1.0
2026-06-05,HINDUNILVR,2065.688783694319,2106.07801320051,2056.284440039605,2100.138427734375,1822999,0.6689,0,0.0,0.0,0.6689,0.7869,-0.8117,-0.9549,0.2147,-0.062059999999999935,0.8090229836042981,1,0.02024631318344472,2088.853271484375,-0.005373529716407477,0.0
2026-06-08,HINDUNILVR,2084.101554867211,2103.603145099428,2070.440460223743,2088.853271484375,1601497,0.5685,0,0.0,0.0,0.5685,0.6689,0.7869,-0.8117,0.6747666666666667,0.05154000000000005,0.8583763906352506,0,-0.005373529716407477,2111.32470703125,0.010757785553269894,1.0
2026-06-09,HINDUNILVR,2098.3565153522595,2117.0663546833757,2088.8533235633454,2111.32470703125,1460636,0.4833,0,0.0,0.0,0.4833,0.5685,0.6689,0.7869,0.5735666666666667,0.33918000000000004,0.6532709024593093,0,0.010757785553269894,2147.655029296875,0.017207359031339742,1.0
2026-06-10,HINDUNILVR,2113.403324412981,2182.6984855334144,2112.017517863509,2147.655029296875,2325534,0.4108,0,0.0,0.0,0.4108,0.4833,0.5685,0.6689,0.4875333333333334,0.58368,0.1489587929596652,0,0.017207359031339742,2118.254150390625,-0.013689758599580881,0.0
2026-06-11,HINDUNILVR,2142.2104294070446,2143.2003602893956,2113.7994614200466,2118.254150390625,1178896,0.3492,0,0.0,0.0,0.3492,0.4108,0.4833,0.5685,0.41443333333333326,0.49614,0.12661075388765514,0,-0.013689758599580881,2146.962158203125,0.013552673935375514,1.0
2026-06-12,HINDUNILVR,2129.539277901612,2157.455280606382,2123.40175473256,2146.962158203125,1156153,0.2968,0,0.0,0.0,0.2968,0.3492,0.4108,0.4833,0.3522666666666667,0.42172,0.1076102550875165,0,0.013552673935375514,2134.39013671875,-0.005855725698908909,0.0
2026-06-15,HINDUNILVR,2177.848007096508,2188.7372471319904,2128.351461480678,2134.39013671875,1439449,0.2523,0,0.0,0.0,0.2523,0.2968,0.3492,0.4108,0.2994333333333333,0.35848,0.09149063886540723,0,-0.005855725698908909,2177.748779296875,0.020314300479658876,1.0
2026-06-16,HINDUNILVR,2139.2405659215233,2186.7572467009,2138.3497248298445,2177.748779296875,1337309,0.2144,0,0.0,0.0,0.2144,0.2523,0.2968,0.3492,0.2545,0.3047000000000001,0.07778129595217836,0,0.020314300479658876,2175.47216796875,-0.001045396672824661,0.0
2026-06-17,HINDUNILVR,2178.9369260000276,2202.2003013528906,2161.0190806510564,2175.47216796875,1511401,0.1823,0,0.0,0.0,0.1823,0.2144,0.2523,0.2968,0.2163333333333333,0.259,0.06610941687838696,0,-0.001045396672824661,2196.16162109375,0.00951032765650961,1.0
2026-06-18,HINDUNILVR,2186.460250293131,2199.2305034441215,2174.68016968817,2196.16162109375,1120482,0.1549,0,0.0,0.0,0.1549,0.1823,0.2144,0.2523,0.18386666666666662,0.22014000000000006,0.05619628991312817,0,0.00951032765650961,2172.50244140625,-0.010772968373665037,0.0
2026-06-19,HINDUNILVR,2187.3514048487905,2188.34133574496,2157.950263886682,2172.50244140625,1508994,-0.0086,1,0.0,0.9103,-0.0086,0.1549,0.1823,0.2144,0.10953333333333327,0.15906000000000003,0.10052797123189318,0,-0.010772968373665037,2162.89990234375,-0.004420036028260688,0.0
2026-06-22,HINDUNILVR,2181.5106513903265,2185.9653403900866,2160.524164883483,2162.89990234375,765860,0.7668,1,0.0,0.8209,0.7668,-0.0086,0.1549,0.1823,0.3043666666666666,0.26196,0.2950151063928767,1,-0.004420036028260688,2160.10009765625,-0.0012944679892333832,0.0
2026-06-23,HINDUNILVR,2160.10009765625,2179.699951171875,2156.0,2160.10009765625,710082,0.1441,1,0.0,0.5455,0.1441,0.7668,-0.0086,0.1549,0.3007666666666666,0.2479,0.2994896742794321,1,-0.0012944679892333832,2157.800048828125,-0.0010647880765435325,0.0
2026-06-24,HINDUNILVR,2160.0,2166.0,2140.0,2157.800048828125,942271,0.1225,0,0.0,0.0,0.1225,0.1441,0.7668,-0.0086,0.34446666666666664,0.23594000000000004,0.3039255056753223,1,-0.0010647880765435325,2174.199951171875,0.007600288243879039,1.0
2026-06-25,HINDUNILVR,2161.0,2200.89990234375,2161.0,2174.199951171875,1898262,0.0689,1,0.0,0.8878,0.0689,0.1225,0.1441,0.7668,0.1118333333333333,0.21874000000000002,0.31198498842091804,0,0.007600288243879039,2174.199951171875,0.0,0.0
2026-06-26,HINDUNILVR,2174.199951171875,2174.199951171875,2174.199951171875,2174.199951171875,0,0.0586,0,0.0,0.0,0.0586,0.0689,0.1225,0.1441,0.0833333333333333,0.23218,0.30099697174556483,1,0.0,2151.300048828125,-0.010532565016114104,0.0
2026-06-29,HINDUNILVR,2172.0,2189.89990234375,2143.0,2151.300048828125,1423514,0.0498,0,0.0,0.0,0.0498,0.0586,0.0689,0.1225,0.059099999999999965,0.08878000000000003,0.04190115750191538,0,-0.010532565016114104,2118.199951171875,-0.015386090691663634,0.0
2026-06-30,HINDUNILVR,2151.0,2151.300048828125,2114.199951171875,2118.199951171875,2364422,0.0423,0,0.0,0.0,0.0423,0.0498,0.0586,0.0689,0.0502333333333333,0.06842000000000002,0.03182085793941322,0,-0.015386090691663634,2182.0,0.030119936879815512,1.0
2026-07-01,HINDUNILVR,2133.5,2190.0,2120.199951171875,2182.0,2497576,0.036,0,0.0,0.0,0.036,0.0423,0.0498,0.0586,0.04269999999999996,0.05112000000000002,0.01304059047744072,0,0.030119936879815512,2210.60009765625,0.013107285818629633,1.0
2026-07-02,HINDUNILVR,2186.0,2216.0,2179.199951171875,2210.60009765625,2585362,0.0306,0,0.0,0.0,0.0306,0.036,0.0423,0.0498,0.036299999999999964,0.04346000000000001,0.011088191917545334,0,0.013107285818629633,2201.199951171875,-0.004252305287754776,0.0
2026-07-03,HINDUNILVR,2224.89990234375,2239.300048828125,2190.0,2201.199951171875,1536616,0.026,0,0.0,0.0,0.026,0.0306,0.036,0.0423,0.030866666666666626,0.036940000000000014,0.009419023303948122,0,-0.004252305287754776,2202.0,0.0003634603152244953,1.0
2026-07-06,HINDUNILVR,2202.10009765625,2221.39990234375,2190.300048828125,2202.0,2131061,0.0221,0,0.0,0.0,0.0221,0.026,0.0306,0.036,0.026233333333333293,0.03140000000000002,0.008004061469049193,0,0.0003634603152244953,2208.800048828125,0.003088123900147677,1.0
2026-07-07,HINDUNILVR,2200.0,2219.39990234375,2193.699951171875,2208.800048828125,2552492,0.0188,0,0.0,0.0,0.0188,0.0221,0.026,0.0306,0.022299999999999962,0.026700000000000022,0.006814690014983665,0,0.003088123900147677,2135.800048828125,-0.03304961897240544,0.0
2026-07-08,HINDUNILVR,2199.0,2199.0,2130.0,2135.800048828125,1326689,0.016,0,0.0,0.0,0.016,0.0188,0.0221,0.026,0.01896666666666663,0.022700000000000022,0.005782732917947898,0,-0.03304961897240544,2144.5,0.004073392158900235,1.0
2026-07-09,HINDUNILVR,2139.0,2166.800048828125,2137.10009765625,2144.5,2201039,0.0136,0,0.0,0.0,0.0136,0.016,0.0188,0.0221,0.016133333333333295,0.019300000000000022,0.004908156476755637,0,0.004073392158900235,2150.60009765625,0.002844531432151909,1.0
2026-07-10,HINDUNILVR,2151.5,2178.0,2145.0,2150.60009765625,1665179,0.0115,0,0.0,0.0,0.0115,0.0136,0.016,0.0188,0.013699999999999962,0.016400000000000022,0.0041910619179771616,0,0.002844531432151909,2130.60009765625,-0.009299729885531183,0.0
2026-07-13,HINDUNILVR,2143.0,2143.0,2120.0,2130.60009765625,1833988,0.0098,0,0.0,0.0,0.0098,0.0115,0.0136,0.016,0.011633333333333296,0.013940000000000022,0.00357323382950493,0,-0.009299729885531183,2120.199951171875,-0.004881322635728602,0.0
2026-07-14,HINDUNILVR,2125.0,2145.0,2116.10009765625,2120.199951171875,2681897,0.0083,0,0.0,0.0,0.0083,0.0098,0.0115,0.0136,0.00986666666666663,0.011840000000000022,0.0030500819661639466,0,-0.004881322635728602,2102.60009765625,-0.00830103477075228,0.0
2026-07-15,HINDUNILVR,2121.0,2128.5,2091.0,2102.60009765625,2029614,0.0071,0,0.0,0.0,0.0071,0.0083,0.0098,0.0115,0.008399999999999963,0.010060000000000024,0.002575461123822019,0,-0.00830103477075228,2098.39990234375,-0.001997619669656614,0.0
2026-07-16,HINDUNILVR,2104.89990234375,2123.0,2096.0,2098.39990234375,2143092,0.006,0,0.0,0.0,0.006,0.0071,0.0083,0.0098,0.007133333333333297,0.008540000000000023,0.002175545908575276,0,-0.001997619669656614,2143.800048828125,0.02163560264831621,1.0
2026-07-17,HINDUNILVR,2100.0,2154.5,2092.10009765625,2143.800048828125,1059832,0.0051,0,0.0,0.0,0.0051,0.006,0.0071,0.0083,0.00606666666666663,0.007260000000000022,0.0018582249595564732,0,0.02163560264831621,2139.699951171875,-0.0019125373462377526,0.0
2026-07-20,HINDUNILVR,2153.800048828125,2153.800048828125,2128.39990234375,2139.699951171875,689849,0.0043,0,0.0,0.0,0.0043,0.0051,0.006,0.0071,0.005133333333333296,0.006160000000000022,0.0015868207209129483,0,-0.0019125373462377526,2142.5,0.0013086175127459132,1.0
2026-07-21,HINDUNILVR,2139.699951171875,2147.699951171875,2127.5,2142.5,1032417,0.0037,0,0.0,0.0,0.0037,0.0043,0.0051,0.006,0.00436666666666663,0.005240000000000022,0.001352035502610311,0,0.0013086175127459132,2154.60009765625,0.005647653515169271,1.0
2026-07-22,HINDUNILVR,2139.699951171875,2159.89990234375,2130.0,2154.60009765625,819175,0.9297,1,0.0,0.9484,0.9297,0.0037,0.0043,0.0051,0.3125666666666666,0.18976,0.41363993762691764,0,0.005647653515169271,2161.800048828125,0.003341664738485406,1.0
2026-07-23,HINDUNILVR,2150.0,2166.0,2139.89990234375,2161.800048828125,833281,0.7902,0,0.0,0.0,0.7902,0.9297,0.0037,0.0043,0.5745333333333332,0.3466,0.4712108126942762,1,0.003341664738485406,2145.0,-0.007771324104295374,0.0
2026-07-24,HINDUNILVR,2148.0,2163.0,2139.0,2145.0,1603494,0.6717,0,0.0,0.0,0.6717,0.7902,0.9297,0.0037,0.7972,0.47992,0.4439468346547819,0,-0.007771324104295374,2174.60009765625,0.013799579326922995,1.0
2026-07-27,HINDUNILVR,2155.0,2181.300048828125,2152.39990234375,2174.60009765625,698681,-0.3475,1,0.0,0.6602,-0.3475,0.6717,0.7902,0.9297,0.3714666666666666,0.40956000000000004,0.5527232562503592,0,0.013799579326922995,2022.699951171875,-0.06985199101576911,0.0
2026-07-28,HINDUNILVR,2174.60009765625,2213.0,2016.0,2022.699951171875,9947304,-0.9491499999999999,2,0.01463711037056157,0.9579,-0.9492,-0.3475,0.6717,0.7902,-0.2083333333333334,0.21898,0.8249113146272152,1,-0.06985199101576911,2117.800048828125,0.04701641368071052,1.0
2026-07-29,HINDUNILVR,2050.5,2123.0,2047.0,2117.800048828125,5183374,0.7340666666666666,3,0.17052848246944946,0.8463333333333334,0.7341,-0.9492,-0.3475,0.6717,-0.1875333333333334,0.17986000000000002,0.7865253543275006,2,0.04701641368071052,2107.89990234375,-0.004674731445895142,0.0
2026-07-30,HINDUNILVR,2120.0,2132.60009765625,2088.0,2107.89990234375,2602039,0.624,0,0.0,0.0,0.624,0.7341,-0.9492,-0.3475,0.13629999999999992,0.14662000000000003,0.7572498709144825,3,-0.004674731445895142,2101.300048828125,-0.003131008976416161,0.0
2026-07-31,HINDUNILVR,2119.60009765625,2119.60009765625,2091.10009765625,2101.300048828125,1759019,0.5304,0,0.0,0.0,0.5304,0.624,0.7341,-0.9492,0.6295,0.11836000000000002,0.735067073810275,0,-0.003131008976416161,2138.0,0.017465354932220345,1.0
2026-08-03,HINDUNILVR,2107.0,2138.0,2105.300048828125,2138.0,740649,0.4508,0,0.0,0.0,0.4508,0.5304,0.624,0.7341,0.5350666666666667,0.27802,0.6941413127022481,0,0.017465354932220345,2096.5,-0.01941066417212345,0.0
2026-08-04,HINDUNILVR,2119.10009765625,2119.10009765625,2070.199951171875,2096.5,1657094,0.3832,0,0.0,0.0,0.3832,0.4508,0.5304,0.624,0.4547999999999999,0.5445,0.13898255286186165,0,-0.01941066417212345,2085.300048828125,-0.005342213771464377,0.0
2026-08-05,HINDUNILVR,2085.300048828125,2097.800048828125,2074.199951171875,2085.300048828125,1150148,0.3257,0,0.0,0.0,0.3257,0.3832,0.4508,0.5304,0.38656666666666667,0.46281999999999995,0.11814373449320179,0,-0.005342213771464377,2079.5,-0.002781397732851132,0.0
2026-08-06,HINDUNILVR,2081.0,2094.0,2075.199951171875,2079.5,1160270,0.2769,0,0.0,0.0,0.2769,0.3257,0.3832,0.4508,0.32859999999999995,0.39339999999999997,0.10040336149751243,0,-0.002781397732851132,2096.0,0.007934599663380615,1.0
2026-08-07,HINDUNILVR,2083.10009765625,2099.39990234375,2077.199951171875,2096.0,1054665,0.2353,0,0.0,0.0,0.2353,0.2769,0.3257,0.3832,0.27929999999999994,0.33438,0.08534217597413465,0,0.007934599663380615,2087.199951171875,-0.004198496578303956,0.0
2026-08-10,HINDUNILVR,2096.0,2097.0,2076.0,2087.199951171875,1118008,0.2,0,0.0,0.0,0.2,0.2353,0.2769,0.3257,0.23739999999999997,0.28422000000000003,0.07255581989062056,0,-0.004198496578303956,2064.89990234375,-0.010684193824173183,0.0
2026-08-11,HINDUNILVR,2086.0,2086.5,2063.800048828125,2064.89990234375,956661,0.17,0,0.0,0.0,0.17,0.2,0.2353,0.2769,0.20176666666666665,0.24158000000000004,0.061675983980802214,0,-0.010684193824173183,2063.0,-0.00092009416126837,0.0
2026-08-12,HINDUNILVR,2065.0,2072.10009765625,2050.10009765625,2063.0,995523,0.1445,0,0.0,0.0,0.1445,0.17,0.2,0.2353,0.17149999999999999,0.20534000000000002,0.05243417778510667,0,-0.00092009416126837,2092.0,0.014057198254968428,1.0
2026-08-13,HINDUNILVR,2063.0,2092.0,2052.89990234375,2092.0,1186057,0.1228,0,0.0,0.0,0.1228,0.1445,0.17,0.2,0.14576666666666663,0.17452000000000004,0.04455341737734802,0,0.014057198254968428,2077.0,-0.0071701720841300665,0.0
2026-08-14,HINDUNILVR,2089.0,2090.89990234375,2066.39990234375,2077.0,1148419,0.0787,1,0.0,0.8723,0.0787,0.1228,0.1445,0.17,0.11533333333333329,0.14320000000000005,0.04615891029909804,0,-0.0071701720841300665,2055.0,-0.010592200288878195,0.0
2026-08-17,HINDUNILVR,2070.89990234375,2076.0,2055.0,2055.0,1024288,0.0669,0,0.0,0.0,0.0669,0.0787,0.1228,0.1445,0.08946666666666664,0.11658000000000004,0.043516973699927505,1,-0.010592200288878195,2035.0,-0.009732360097323589,0.0
2026-08-18,HINDUNILVR,2055.0,2060.0,2034.9000244140625,2035.0,1234596,0.0569,0,0.0,0.0,0.0569,0.0669,0.0787,0.1228,0.06749999999999996,0.09396000000000003,0.037830516782092524,0,-0.009732360097323589,2020.699951171875,-0.00702705102119161,0.0
2026-08-19,HINDUNILVR,2035.0,2041.699951171875,2008.300048828125,2020.699951171875,1449442,-0.7007,2,0.2643165148075314,0.7542500000000001,-0.7007,0.0569,0.0669,0.0787,-0.19230000000000003,-0.07507999999999997,0.35063592514173475,0,-0.00702705102119161,2028.0,0.003612633743021343,1.0
2026-08-20,HINDUNILVR,2022.9000244140625,2043.5999755859375,2018.199951171875,2028.0,1401471,0.933,1,0.0,0.9522,0.933,-0.7007,0.0569,0.0669,0.0964,0.08696000000000004,0.5782659837825499,2,0.003612633743021343,,,
2026-08-21,HINDUNILVR,,,,,857182,0.793,0,0.0,0.0,0.793,0.933,-0.7007,0.0569,0.3417666666666667,0.22982000000000005,0.6583968309462009,1,0.0,,,
2026-02-23,ICICIBANK,1388.29600959884,1396.5266700756697,1383.6353499865377,1387.7010498046875,10728445,0.0,0,0.0,0.0,0.0,0.0,0.0,0.0,0.0,0.0,0.0,0,0.0,1373.2230224609375,-0.010433102537313554,0.0
2026-02-24,ICICIBANK,1389.1884011120849,1389.1884011120849,1370.7439226377844,1373.2230224609375,18274784,0.0,0,0.0,0.0,0.0,0.0,0.0,0.0,0.0,0.0,0.0,0,-0.010433102537313554,1388.791748046875,0.011337361325356232,1.0
2026-02-25,ICICIBANK,1380.164528913772,1395.634087902335,1376.5945282588896,1388.791748046875,16297015,0.0,0,0.0,0.0,0.0,0.0,0.0,0.0,0.0,0.0,0.0,0,0.011337361325356232,1393.155029296875,0.0031417822406680784,1.0
2026-02-26,ICICIBANK,1393.3533088725535,1398.2123689746954,1380.4619891586024,1393.155029296875,27288792,0.0,0,0.0,0.0,0.0,0.0,0.0,0.0,0.0,0.0,0.0,0,0.0031417822406680784,1367.3724365234375,-0.018506621467999862,0.0
2026-02-27,ICICIBANK,1388.296016563106,1390.4775761692113,1365.1907558675261,1367.3724365234375,15096898,-0.9485,1,0.0,0.9566,-0.9485,0.0,0.0,0.0,-0.31616666666666665,-0.1897,0.42418209533171014,0,-0.018506621467999862,1362.5133056640625,-0.0035536264514219873,0.0
2026-03-02,ICICIBANK,1343.672146415433,1367.6697850385044,1343.672146415433,1362.5133056640625,16928683,-0.8062,0,0.0,0.0,-0.8062,-0.9485,0.0,0.0,-0.5849000000000001,-0.35094000000000003,0.48317084763052504,1,-0.0035536264514219873,1353.9852294921875,-0.006259077350968423,0.0
2026-03-04,ICICIBANK,1314.9145907457403,1364.4965888884906,1314.9145907457403,1353.9852294921875,20009132,-0.3467,2,0.6748627119644409,0.85135,-0.3467,-0.8062,-0.9485,0.0,-0.7004666666666667,-0.42028,0.4434622836273678,0,-0.006259077350968423,1346.2503662109375,-0.00571266444623697,0.0
2026-03-05,ICICIBANK,1357.45594601842,1359.3400861254038,1336.3339667529167,1346.2503662109375,17590491,-0.2947,0,0.0,0.0,-0.2947,-0.3467,-0.8062,-0.9485,-0.4825333333333333,-0.47922000000000003,0.3900002012819993,2,-0.00571266444623697,1302.419921875,-0.032557424262248946,0.0
2026-03-06,ICICIBANK,1327.8058801381828,1346.2503588188658,1299.4450020539286,1302.419921875,22778852,-0.2505,0,0.0,0.0,-0.2505,-0.2947,-0.3467,-0.8062,-0.2973,-0.52932,0.32346236566252956,0,-0.032557424262248946,1267.7125244140625,-0.02664839264050245,0.0
2026-03-09,ICICIBANK,1262.060104122135,1271.9765035292385,1240.6407056127512,1267.7125244140625,16116652,-0.2129,0,0.0,0.0,-0.2129,-0.2505,-0.2947,-0.3467,-0.2527,-0.3822,0.24222916835096472,0,-0.02664839264050245,1300.9324951171875,0.026204656074120036,1.0
2026-03-10,ICICIBANK,1276.8355955325096,1304.006554800674,1274.8523156012538,1300.9324951171875,19136143,-0.181,0,0.0,0.0,-0.181,-0.2129,-0.2505,-0.2947,-0.2148,-0.25715999999999994,0.06563214151618117,0,0.026204656074120036,1283.777099609375,-0.013186998996644439,0.0
2026-03-11,ICICIBANK,1289.1319797351587,1295.5776396338345,1280.1080800869731,1283.777099609375,13224259,-0.1538,0,0.0,0.0,-0.1538,-0.181,-0.2129,-0.2505,-0.18256666666666665,-0.21858,0.05579898744601054,0,-0.013186998996644439,1255.9119873046875,-0.021705568913144013,0.0
2026-03-12,ICICIBANK,1265.0350263567016,1269.7949465011072,1247.780588195275,1255.9119873046875,19676187,-0.1308,0,0.0,0.0,-0.1308,-0.1538,-0.181,-0.2129,-0.1552,-0.18580000000000002,0.047414502000970644,0,-0.021705568913144013,1244.3099365234375,-0.009237948915631566,0.0
2026-03-13,ICICIBANK,1241.434156276259,1251.747236619689,1238.2608356053079,1244.3099365234375,17344394,-0.1111,0,0.0,0.0,-0.1111,-0.1308,-0.1538,-0.181,-0.1319,-0.15792,0.04031149959999079,0,-0.009237948915631566,1262.258544921875,0.014424547993713954,1.0
2026-03-16,ICICIBANK,1244.5081652081492,1266.125965023717,1229.7327054112554,1262.258544921875,22740688,-0.0945,0,0.0,0.0,-0.0945,-0.1111,-0.1308,-0.1538,-0.11213333333333335,-0.13424,0.03426241380872141,0,0.014424547993713954,1277.9263916015625,0.012412549507167192,1.0
2026-03-17,ICICIBANK,1268.2083924442081,1283.578812107693,1262.3576923623407,1277.9263916015625,22303102,-0.0803,0,0.0,0.0,-0.0803,-0.0945,-0.1111,-0.1308,-0.0953,-0.11410000000000001,0.0291143435440346,0,0.012412549507167192,1278.521484375,0.0004656706187058379,1.0
2026-03-18,ICICIBANK,1275.2490239961462,1286.2562036480494,1260.1761446052265,1278.521484375,12961135,-0.0262,1,0.0,0.9312,-0.0262,-0.0803,-0.0945,-0.1111,-0.067,-0.08858,0.03963757056127527,0,0.0004656706187058379,1239.6490478515625,-0.030404210643703133,0.0
2026-03-19,ICICIBANK,1257.0027465645267,1275.1498056385733,1233.3025281122907,1239.6490478515625,14422899,-0.0223,0,0.0,0.0,-0.0223,-0.0262,-0.0803,-0.0945,-0.04293333333333333,-0.06688000000000001,0.04043701274822463,1,-0.030404210643703133,1234.9884033203125,-0.0037596483773592038,0.0
2026-03-20,ICICIBANK,1247.8797225177066,1263.34928134462,1231.3192629188682,1234.9884033203125,16421006,-0.0189,0,0.0,0.0,-0.0189,-0.0223,-0.0262,-0.0803,-0.022466666666666666,-0.04844,0.03601080393437621,0,-0.0037596483773592038,1212.4781494140625,-0.018227097392761182,0.0
2026-03-23,ICICIBANK,1216.3455695278035,1224.5762297429494,1207.9166297375125,1212.4781494140625,17049534,-0.0161,0,0.0,0.0,-0.0161,-0.0189,-0.0223,-0.0262,-0.019100000000000002,-0.03276,0.026842838896064786,0,-0.018227097392761182,1240.7398681640625,0.023309054075455027,1.0
2026-03-24,ICICIBANK,1226.757768953439,1243.4173686829902,1213.46976929413,1240.7398681640625,20617782,-0.0137,0,0.0,0.0,-0.0137,-0.0161,-0.0189,-0.0223,-0.016233333333333332,-0.019440000000000002,0.004956611745950214,0,0.023309054075455027,1249.1688232421875,0.0067934909600329,1.0
2026-03-25,ICICIBANK,1248.3755838951454,1262.2585434912949,1243.9132040249544,1249.1688232421875,17290030,-0.0116,0,0.0,0.0,-0.0116,-0.0137,-0.0161,-0.0189,-0.0138,-0.01652,0.004225162718770987,0,0.0067934909600329,1223.4854736328125,-0.020560351116284292,0.0
2026-03-27,ICICIBANK,1245.499833090769,1250.358893273775,1219.8163330232837,1223.4854736328125,23630905,-0.0099,0,0.0,0.0,-0.0099,-0.0116,-0.0137,-0.0161,-0.011733333333333333,-0.01404,0.0035732338294733462,0,-0.020560351116284292,1195.8187255859375,-0.022613058056771163,0.0
2026-03-30,ICICIBANK,1206.3300855990337,1212.3790655174357,1190.3647054702,1195.8187255859375,23952775,-0.0084,0,0.0,0.0,-0.0084,-0.0099,-0.0116,-0.0137,-0.009966666666666667,-0.011940000000000001,0.0030500819661270074,0,-0.022613058056771163,1202.561767578125,0.0056388496415988865,1.0
2026-04-01,ICICIBANK,1217.8330476356737,1223.6837477872427,1199.884388024768,1202.561767578125,25472333,-0.0071,0,0.0,0.0,-0.0071,-0.0084,-0.0099,-0.0116,-0.008466666666666666,-0.01014,0.00260441932109512,0,0.0056388496415988865,1205.635986328125,0.0025563915574924323,1.0
2026-04-02,ICICIBANK,1186.001465486272,1211.883245832491,1177.67166509731,1205.635986328125,20851722,-0.8087,1,0.0,0.8256,-0.8087,-0.0071,-0.0084,-0.0099,-0.27473333333333333,-0.16914,0.3575288561780714,0,0.0025563915574924323,1221.10546875,0.012830972695986542,1.0
2026-04-06,ICICIBANK,1202.8592693089724,1224.0803886246306,1190.4637698313447,1221.10546875,10058414,-0.6874,0,0.0,0.0,-0.6874,-0.8087,-0.0071,-0.0084,-0.5010666666666667,-0.3043,0.40735150054958685,1,0.012830972695986542,1235.0875244140625,0.01145032597255935,1.0
2026-04-07,ICICIBANK,1218.7254656803555,1239.9465842479708,1206.429106422035,1235.0875244140625,25600557,-0.5843,0,0.0,0.0,-0.5843,-0.6874,-0.8087,-0.0071,-0.6934666666666667,-0.41918000000000005,0.3838888341694768,0,0.01145032597255935,1298.2550048828125,0.05114413288136577,1.0
2026-04-08,ICICIBANK,1299.048365281531,1322.3519046587187,1281.595525957938,1298.2550048828125,25148651,-0.4966,0,0.0,0.0,-0.4966,-0.5843,-0.6874,-0.8087,-0.5894333333333334,-0.5168200000000001,0.3078426334996503,0,0.05114413288136577,1270.58837890625,-0.02131062531822081,0.0
2026-04-09,ICICIBANK,1289.032858674316,1297.065118454786,1265.2334987026684,1270.58837890625,22923062,-0.4221,0,0.0,0.0,-0.4221,-0.4966,-0.5843,-0.6874,-0.501,-0.59982,0.15311821250262816,0,-0.02131062531822081,1310.848876953125,0.03168649951098401,1.0
2026-04-10,ICICIBANK,1278.2238983175278,1312.931296642674,1277.7280783414542,1310.848876953125,18174755,-0.3588,0,0.0,0.0,-0.3588,-0.4221,-0.4966,-0.5843,-0.4258333333333333,-0.5098400000000001,0.13015234534959408,0,0.03168649951098401,1339.8046875,0.022089358320372066,1.0
2026-04-13,ICICIBANK,1293.9909710757174,1345.655387306946,1285.8594510059597,1339.8046875,30572141,-0.305,0,0.0,0.0,-0.305,-0.3588,-0.4221,-0.4966,-0.3619666666666667,-0.43335999999999997,0.11061696524493889,0,0.022089358320372066,1336.829833984375,-0.0022203635674509226,0.0
2026-04-15,ICICIBANK,1346.647094004827,1353.3902942945808,1326.8142943876721,1336.829833984375,23827473,-0.2593,0,0.0,0.0,-0.2593,-0.305,-0.3588,-0.4221,-0.30770000000000003,-0.36835999999999997,0.09398597235758127,0,-0.0022203635674509226,1334.2515869140625,-0.001928627716684117,0.0
2026-04-16,ICICIBANK,1340.697246754227,1355.4727065977952,1328.995846624469,1334.2515869140625,24017236,-0.2204,0,0.0,0.0,-0.2204,-0.2593,-0.305,-0.3588,-0.26156666666666667,-0.31312,0.07987932773878383,0,-0.001928627716684117,1335.540771484375,0.0009662229994376048,1.0
2026-04-17,ICICIBANK,1335.7390510601572,1341.5897511433582,1322.8477313394578,1335.540771484375,18151993,-0.1873,0,0.0,0.0,-0.1873,-0.2204,-0.2593,-0.305,-0.22233333333333336,-0.26616,0.0679165885480127,0,0.0009662229994376048,1344.862060546875,0.006979411831912863,1.0
2026-04-20,ICICIBANK,1353.2910001768837,1364.893260297481,1341.6888611060856,1344.862060546875,21551520,0.0087,1,0.0,0.9479,0.0087,-0.1873,-0.2204,-0.2593,-0.133,-0.19266,0.12083589284645543,0,0.006979411831912863,1376.79296875,0.02374288720000073,1.0
2026-04-21,ICICIBANK,1356.5634890022861,1381.4536282235813,1348.6303691835594,1376.79296875,23312455,0.0074,0,0.0,0.0,0.0074,0.0087,-0.1873,-0.2204,-0.05706666666666666,-0.13018,0.12873444372039702,1,0.02374288720000073,1356.166748046875,-0.01498135244099319,0.0
2026-04-22,ICICIBANK,1368.463107425001,1368.5622472083335,1353.588508431251,1356.166748046875,13613487,0.0063,0,0.0,0.0,0.0063,0.0074,0.0087,-0.1873,0.007466666666666667,-0.07706,0.1163361207879998,0,-0.01498135244099319,1336.730712890625,-0.014331596895618803,0.0
2026-04-23,ICICIBANK,1337.1273930984762,1342.680552858981,1332.268332914358,1336.730712890625,20111792,0.0053,0,0.0,0.0,0.0053,0.0063,0.0074,0.0087,0.006333333333333333,-0.03192,0.08686928110673006,0,-0.014331596895618803,1315.1129150390625,-0.01617214121220789,0.0
2026-04-24,ICICIBANK,1325.1285758443225,1337.5240758015216,1312.931355466517,1315.1129150390625,14056743,0.0045,0,0.0,0.0,0.0045,0.0053,0.0063,0.0074,0.005366666666666666,0.0064399999999999995,0.001666733332029403,0,-0.01617214121220789,1303.114013671875,-0.009123856385237494,0.0
2026-04-27,ICICIBANK,1316.7986931874252,1324.7318126631535,1299.9408143015023,1303.114013671875,15385625,0.0039,0,0.0,0.0,0.0039,0.0045,0.0053,0.0063,0.004566666666666667,0.0054800000000000005,0.001400714103626304,0,-0.009123856385237494,1281.1988525390625,-0.016817531622625004,0.0
2026-04-28,ICICIBANK,1303.3124724850059,1306.6839515728986,1275.943112231791,1281.1988525390625,16774778,0.0033,0,0.0,0.0,0.0033,0.0039,0.0045,0.0053,0.0039000000000000003,0.00466,0.0011781341180432266,0,-0.016817531622625004,1270.290771484375,-0.008513964114992723,0.0
2026-04-29,ICICIBANK,1283.876190331697,1285.9587310592146,1265.5308513211887,1270.290771484375,11716030,0.0028,0,0.0,0.0,0.0028,0.0033,0.0039,0.0045,0.0033333333333333335,0.00396,0.0009838699101493878,0,-0.008513964114992723,1252.8380126953125,-0.013739184115041936,0.0
2026-04-30,ICICIBANK,1250.4580524616338,1261.5643721523936,1248.474772441869,1252.8380126953125,17740110,0.0024,0,0.0,0.0,0.0024,0.0028,0.0033,0.0039,0.0028333333333333335,0.0033799999999999998,0.000840832920440951,0,-0.013739184115041936,1252.8380126953125,0.0,0.0
2026-05-01,ICICIBANK,1252.8380126953125,1252.8380126953125,1252.8380126953125,1252.8380126953125,0,0.002,0,0.0,0.0,0.002,0.0024,0.0028,0.0033,0.0024,0.0028799999999999997,0.000746324326346909,0,0.0,1260.1761474609375,0.0058572095444628935,1.0
2026-05-04,ICICIBANK,1253.7304875272214,1271.4807465048432,1253.7304875272214,1260.1761474609375,14597051,0.0017,0,0.0,0.0,0.0017,0.002,0.0024,0.0028,0.002033333333333333,0.00244,0.0006348228100006232,0,0.0058572095444628935,1240.839111328125,-0.015344708889922787,0.0
2026-05-05,ICICIBANK,1253.4328902069624,1256.11026963796,1235.0875512284588,1240.839111328125,24447935,0.0015,0,0.0,0.0,0.0015,0.0017,0.002,0.0024,0.0017333333333333333,0.00208,0.0005263078947698027,0,-0.015344708889922787,1268.8033447265625,0.0225365505835049,1.0
2026-05-06,ICICIBANK,1251.449645209005,1272.0758050555082,1241.6323852719695,1268.8033447265625,22909586,0.0012,0,0.0,0.0,0.0012,0.0015,0.0017,0.002,0.0014666666666666665,0.0017599999999999998,0.00046151923047362095,0,0.0225365505835049,1268.3074951171875,-0.00039080099483967956,0.0
2026-05-07,ICICIBANK,1273.9597944081108,1283.1820943562475,1262.5559349914981,1268.3074951171875,25028552,0.0011,0,0.0,0.0,0.0011,0.0012,0.0015,0.0017,0.0012666666666666666,0.0015,0.0003674234615493625,0,-0.00039080099483967956,1254.226318359375,-0.011102336627374032,0.0
2026-05-08,ICICIBANK,1268.902517705381,1268.902517705381,1250.6563175253964,1254.226318359375,11137424,0.0009,0,0.0,0.0,0.0009,0.0011,0.0012,0.0015,0.0010666666666666667,0.0012799999999999999,0.00031937438860509096,0,-0.011102336627374032,1255.8128662109375,0.0012649613776545277,1.0
2026-05-11,ICICIBANK,1248.871386509416,1265.035045184508,1241.5332266149906,1255.8128662109375,18980488,0.0008,0,0.0,0.0,0.0008,0.0009,0.0011,0.0012,0.0009333333333333333,0.0010999999999999998,0.0002738612789293929,0,0.0012649613776545277,1229.93115234375,-0.02060953073787042,0.0
2026-05-12,ICICIBANK,1245.4998520747622,1249.3672723222166,1225.9645923052954,1229.93115234375,21110708,0.0006,0,0.0,0.0,0.0006,0.0008,0.0009,0.0011,0.0007666666666666667,0.00092,0.00023874672792901225,0,-0.02060953073787042,1225.2703857421875,-0.0037894532492172006,0.0
2026-05-13,ICICIBANK,1227.9478864287817,1238.7566658178762,1216.940585355795,1225.2703857421875,19490295,0.0005,0,0.0,0.0,0.0005,0.0006,0.0008,0.0009,0.0006333333333333333,0.00078,0.00023874672792895864,0,-0.0037894532492172006,1235.5833740234375,0.00841690813820084,1.0
2026-05-14,ICICIBANK,1228.7410341788377,1246.193873036946,1225.6669745529443,1235.5833740234375,16535600,0.0005,0,0.0,0.0,0.0005,0.0005,0.0006,0.0008,0.0005333333333333333,0.00066,0.00018165902151217876,0,0.00841690813820084,1234.095947265625,-0.0012038254876876042,0.0
2026-05-15,ICICIBANK,1236.178367000428,1247.4830869105315,1231.616847331383,1234.095947265625,11745614,0.0004,0,0.0,0.0,0.0004,0.0005,0.0005,0.0006,0.00046666666666666666,0.00056,0.00015165750919998632,0,-0.0012038254876876042,1240.6407470703125,0.005303315207532133,1.0
2026-05-18,ICICIBANK,1225.171187688256,1243.218986792355,1221.7004477797907,1240.6407470703125,13918850,0.0003,0,0.0,0.0,0.0003,0.0004,0.0005,0.0005,0.0004,0.00046,0.00011401754293408386,0,0.005303315207532133,1230.4268798828125,-0.008232735553478587,0.0
2026-05-19,ICICIBANK,1240.6406985843882,1245.7972988767476,1219.518840596794,1230.4268798828125,38929053,0.0003,0,0.0,0.0,0.0003,0.0003,0.0004,0.0005,0.0003333333333333333,0.0004,0.00010000000048357347,0,-0.008232735553478587,1226.9561767578125,-0.0028207309038392747,0.0
2026-05-20,ICICIBANK,1219.7171565954964,1229.3360158332805,1213.0732172518474,1226.9561767578125,14953103,0.0002,0,0.0,0.0,0.0002,0.0003,0.0003,0.0004,0.0002666666666666667,0.00033999999999999997,0.00011401754293398769,0,-0.0028207309038392747,1232.41015625,0.0044451298224843505,1.0
2026-05-21,ICICIBANK,1234.8892560806848,1237.8641758775068,1224.0803566089394,1232.41015625,14394386,0.0002,0,0.0,0.0,0.0002,0.0002,0.0003,0.0003,0.00023333333333333333,0.00028,8.366600323125732e-05,0,0.0044451298224843505,1253.73046875,0.01729968906201962,1.0
2026-05-22,ICICIBANK,1231.6168488886804,1260.1761285871792,1231.6168488886804,1253.73046875,11601085,0.0002,0,0.0,0.0,0.0002,0.0002,0.0002,0.0003,0.0002,0.00024000000000000003,5.4772256633129966e-05,0,0.01729968906201962,1281.0006103515625,0.021751199545107625,1.0
2026-05-25,ICICIBANK,1260.3744497717253,1282.6863499447102,1260.2753099809177,1281.0006103515625,13853923,0.0001,0,0.0,0.0,0.0001,0.0002,0.0002,0.0002,0.00016666666666666666,0.0002,7.071067880227243e-05,0,0.021751199545107625,1268.4066162109375,-0.00983137247465371,0.0
2026-05-26,ICICIBANK,1279.215515708668,1290.9169153575494,1265.5308361904704,1268.4066162109375,18400405,0.0001,0,0.0,0.0,0.0001,0.0001,0.0002,0.0002,0.00013333333333333334,0.00016000000000000004,5.4772256632996494e-05,0,-0.00983137247465371,1262.0601806640625,-0.005003470863179094,0.0
2026-05-27,ICICIBANK,1275.2490410953124,1282.587201311576,1256.1103406589523,1262.0601806640625,18366272,0.0001,0,0.0,0.0,0.0001,0.0001,0.0001,0.0002,0.0001,0.00014,5.477225663296312e-05,0,-0.005003470863179094,1262.0601806640625,0.0,0.0
2026-05-28,ICICIBANK,1262.0601806640625,1262.0601806640625,1262.0601806640625,1262.0601806640625,0,0.0001,0,0.0,0.0,0.0001,0.0001,0.0001,0.0001,0.0001,0.00012000000000000002,4.4721360630726746e-05,0,0.0,1245.896484375,-0.01280738948641702,0.0
2026-05-29,ICICIBANK,1264.4401034217194,1277.0340036893715,1237.4675446174365,1245.896484375,31007884,0.0001,0,0.0,0.0,0.0001,0.0001,0.0001,0.0001,0.0001,0.0001,9.831574625035352e-09,0,-0.01280738948641702,1229.3360595703125,-0.013291974905118242,0.0
2026-06-01,ICICIBANK,1246.5906197801364,1251.3505402000205,1225.5679002002253,1229.3360595703125,9911975,-0.9563,1,0.0,0.964,-0.9563,0.0001,0.0001,0.0001,-0.31870000000000004,-0.19118000000000002,0.4277150827361599,0,-0.013291974905118242,1216.3455810546875,-0.0105670686339141,0.0
2026-06-02,ICICIBANK,1222.692101166893,1227.3527606751832,1210.4948809348448,1216.3455810546875,17920892,-0.8129,0,0.0,0.0,-0.8129,-0.9563,0.0001,0.0001,-0.5897,-0.35378,0.4872152214370976,1,-0.0105670686339141,1231.6168212890625,0.012555017646492583,1.0
2026-06-03,ICICIBANK,1209.7016025437176,1237.8642014111729,1203.5533622069204,1231.6168212890625,13934754,-0.6909,0,0.0,0.0,-0.6909,-0.8129,-0.9563,0.0001,-0.8200333333333333,-0.49198000000000003,0.45892192364279133,0,0.012555017646492583,1241.2357177734375,0.00780997491923463,1.0
2026-06-04,ICICIBANK,1221.8987381131592,1251.7471984286103,1221.8987381131592,1241.2357177734375,19461560,-0.5873,0,0.0,0.0,-0.5873,-0.6909,-0.8129,-0.9563,-0.6970333333333333,-0.6094600000000001,0.3675502523465328,0,0.00780997491923463,1251.548828125,0.008308744426129167,1.0
2026-06-05,ICICIBANK,1246.4914883012805,1254.4246083541127,1239.5500082550523,1251.548828125,10166393,-0.4992,0,0.0,0.0,-0.4992,-0.5873,-0.6909,-0.8129,-0.5924666666666666,-0.70932,0.18104317717053012,0,0.008308744426129167,1239.748291015625,-0.009428746880817962,0.0
2026-06-08,ICICIBANK,1235.98013161075,1243.516571470306,1232.7076711606426,1239.748291015625,10714196,-0.4243,0,0.0,0.0,-0.4243,-0.4992,-0.5873,-0.6909,-0.5036,-0.6029199999999999,0.15389851201359928,0,-0.009428746880817962,1264.3409423828125,0.019836810056854892,1.0
2026-06-09,ICICIBANK,1244.5081432866116,1269.2000023713417,1242.2273229706288,1264.3409423828125,22368579,-0.3607,0,0.0,0.0,-0.3607,-0.4243,-0.4992,-0.5873,-0.42806666666666665,-0.5124799999999999,0.13078701005833865,0,0.019836810056854892,1282.488037109375,0.014353007261128425,1.0
2026-06-10,ICICIBANK,1260.6719575059049,1295.0818164605482,1260.6719575059049,1282.488037109375,25951584,-0.3066,0,0.0,0.0,-0.3066,-0.3607,-0.4243,-0.4992,-0.3638666666666667,-0.43562,0.11117165556021905,0,0.014353007261128425,1305.9898681640625,0.018325185401073085,1.0
2026-06-11,ICICIBANK,1275.7448484381675,1321.8561080202699,1275.7448484381675,1305.9898681640625,35919374,-0.2606,0,0.0,0.0,-0.2606,-0.3066,-0.3607,-0.4243,-0.30929999999999996,-0.37028000000000005,0.09449225894220108,0,0.018325185401073085,1329.5909423828125,0.018071406826400516,1.0
2026-06-12,ICICIBANK,1318.881182108178,1333.0616823357286,1307.6756018402702,1329.5909423828125,18339846,-0.2215,0,0.0,0.0,-0.2215,-0.2606,-0.3066,-0.3607,-0.26289999999999997,-0.31474,0.08032249373618813,0,0.018071406826400516,1316.501220703125,-0.009844923925420912,0.0
2026-06-15,ICICIBANK,1343.2755003149457,1351.3077599885314,1314.2205213660739,1316.501220703125,16172921,-0.1883,0,0.0,0.0,-0.1883,-0.2215,-0.2606,-0.3066,-0.22346666666666667,-0.26754,0.06828486655182085,0,-0.009844923925420912,1323.145263671875,0.005046742733137322,1.0
2026-06-16,ICICIBANK,1320.7653035280132,1326.1201835892518,1315.2121438922036,1323.145263671875,13069159,-0.16,0,0.0,0.0,-0.16,-0.1883,-0.2215,-0.2606,-0.18993333333333332,-0.2274,0.058054414130193244,0,0.005046742733137322,1325.6243896484375,0.001873661225739287,1.0
2026-06-17,ICICIBANK,1330.7808691866162,1334.7474291543856,1322.2527894658729,1325.6243896484375,8026424,-0.136,0,0.0,0.0,-0.136,-0.16,-0.1883,-0.2215,-0.16143333333333332,-0.19328,0.049350045592683925,0,0.001873661225739287,1331.078369140625,0.004114272138304509,1.0
2026-06-18,ICICIBANK,1322.4510288431072,1335.6398887549333,1320.2694693470728,1331.078369140625,13467985,-0.1156,0,0.0,0.0,-0.1156,-0.136,-0.16,-0.1883,-0.13720000000000002,-0.16427999999999998,0.04194910010953729,0,0.004114272138304509,1335.2431640625,0.0031288878389361674,1.0
2026-06-19,ICICIBANK,1329.293324489997,1340.994724069171,1320.8643850956182,1335.2431640625,9057322,0.2262,1,0.0,0.7544,0.2262,-0.1156,-0.136,-0.16,-0.008466666666666678,-0.07474,0.17040565718308762,0,0.0031288878389361674,1341.0938720703125,0.004381754698531193,1.0
2026-06-22,ICICIBANK,1341.6888318212496,1351.307690769155,1337.1273123310036,1341.0938720703125,4814845,0.1923,0,0.0,0.0,0.1923,0.2262,-0.1156,-0.136,0.10096666666666666,0.001379999999999998,0.1907849365122938,1,0.004381754698531193,1327.11181640625,-0.010425859035861351,0.0
2026-06-23,ICICIBANK,1346.647075338441,1357.654254763427,1320.3686162099664,1327.11181640625,11884879,0.1634,0,0.0,0.0,0.1634,0.1923,0.2262,-0.1156,0.19396666666666665,0.06606,0.176695381943049,0,-0.010425859035861351,1362.11669921875,0.02637673960834097,1.0
2026-06-24,ICICIBANK,1329.3925787519856,1366.0832592753275,1329.3925787519856,1362.11669921875,16440708,0.6855,2,0.05133595231414335,0.7684500000000001,0.6855,0.1634,0.1923,0.2262,0.34706666666666663,0.23035999999999998,0.2884398776175027,0,0.02637673960834097,1375.9005126953125,0.01011940715833548,1.0
2026-06-25,ICICIBANK,1370.3473528540349,1392.2625728462838,1368.562352417643,1375.9005126953125,17173209,-0.2465,2,0.3297946027454058,0.72,-0.2465,0.6855,0.1634,0.1923,0.20079999999999995,0.20417999999999997,0.33055651105370765,2,0.01011940715833548,1375.9005126953125,0.0,0.0
2026-06-26,ICICIBANK,1375.9005126953125,1375.9005126953125,1375.9005126953125,1375.9005126953125,0,-0.2095,0,0.0,0.0,-0.2095,-0.2465,0.6855,0.1634,0.07649999999999997,0.11703999999999999,0.3774088605213184,2,0.0,1375.9996337890625,7.204088728474112e-05,1.0
2026-06-29,ICICIBANK,1378.379593988644,1390.2792739367474,1371.6363935981306,1375.9996337890625,13249405,-0.1781,0,0.0,0.0,-0.1781,-0.2095,-0.2465,0.6855,-0.2113666666666667,0.04295999999999998,0.3948905266019938,0,7.204088728474112e-05,1363.7032470703125,-0.008936329935560927,0.0
2026-06-30,ICICIBANK,1390.2792468566804,1390.2792468566804,1354.6793474953972,1363.7032470703125,18398057,-0.1514,0,0.0,0.0,-0.1514,-0.1781,-0.2095,-0.2465,-0.17966666666666672,-0.020000000000000018,0.39598116116805354,0,-0.008936329935560927,1368.264892578125,0.0033450426385743803,1.0
2026-07-01,ICICIBANK,1359.935092537661,1373.5205118412996,1356.2659519824388,1368.264892578125,11948034,-0.1287,0,0.0,0.0,-0.1287,-0.1514,-0.1781,-0.2095,-0.15273333333333336,-0.18284000000000003,0.04665145228178856,0,0.0033450426385743803,1388.2960205078125,0.014639802598416685,1.0
2026-07-02,ICICIBANK,1370.347360452637,1393.2542205810548,1365.2900205878914,1388.2960205078125,15779429,-0.1094,0,0.0,0.0,-0.1094,-0.1287,-0.1514,-0.1781,-0.12983333333333336,-0.15542000000000003,0.0396452645343677,0,0.014639802598416685,1399.6007080078125,0.00814285089995792,1.0
2026-07-03,ICICIBANK,1402.1789477753737,1408.128787723501,1394.1466880553623,1399.6007080078125,12901785,-0.093,0,0.0,0.0,-0.093,-0.1094,-0.1287,-0.1514,-0.11036666666666668,-0.13212000000000002,0.03370514797475295,0,0.00814285089995792,1414.9710693359375,0.010981961669627172,1.0
2026-07-06,ICICIBANK,1400.1956098660596,1419.6317286825692,1399.7989296759679,1414.9710693359375,12306949,-0.079,0,0.0,0.0,-0.079,-0.093,-0.1094,-0.1287,-0.09380000000000004,-0.11230000000000002,0.02866862396418761,0,0.010981961669627172,1402.873046875,-0.008550014006021511,0.0
2026-07-07,ICICIBANK,1419.6317869331858,1421.0201071305735,1398.212387337131,1402.873046875,15664178,-0.0672,0,0.0,0.0,-0.0672,-0.079,-0.093,-0.1094,-0.07973333333333336,-0.09546000000000002,0.0243661240249653,0,-0.008550014006021511,1369.05810546875,-0.024104063786509533,0.0
2026-07-08,ICICIBANK,1398.5098849300493,1406.4430046152802,1364.397446073597,1369.05810546875,10573142,-0.0571,0,0.0,0.0,-0.0571,-0.0672,-0.079,-0.093,-0.0677666666666667,-0.08114000000000002,0.020712991092548417,0,-0.024104063786509533,1369.1572265625,7.240093999949515e-05,1.0
2026-07-09,ICICIBANK,1371.3389070760331,1391.8658055614053,1365.7857475821456,1369.1572265625,13948838,-0.0485,0,0.0,0.0,-0.0485,-0.0571,-0.0672,-0.079,-0.05760000000000002,-0.06896000000000002,0.01761456783460751,0,7.240093999949515e-05,1389.48583984375,0.014847537512027387,1.0
2026-07-10,ICICIBANK,1378.081980498166,1396.4273194454097,1377.9828407138161,1389.48583984375,6409645,-0.0413,0,0.0,0.0,-0.0413,-0.0485,-0.0571,-0.0672,-0.04896666666666669,-0.058620000000000026,0.014947140194699084,0,0.014847537512027387,1397.716552734375,0.005923567304255917,1.0
2026-07-13,ICICIBANK,1381.850313043882,1401.1872926666704,1374.710553603081,1397.716552734375,10091437,-0.0351,0,0.0,0.0,-0.0351,-0.0413,-0.0485,-0.0571,-0.04163333333333336,-0.049840000000000016,0.012708973207934177,0,0.005923567304255917,1395.9315185546875,-0.0012771074193801413,0.0
2026-07-14,ICICIBANK,1388.2959393084109,1399.9973392167874,1380.36281965522,1395.9315185546875,14133017,-0.0298,0,0.0,0.0,-0.0298,-0.0351,-0.0413,-0.0485,-0.03540000000000003,-0.04236000000000002,0.010799907407009956,0,-0.0012771074193801413,1404.3604736328125,0.00603822964528522,1.0
2026-07-15,ICICIBANK,1401.0881343697583,1416.061873669893,1397.4189938599209,1404.3604736328125,12961648,-0.0253,0,0.0,0.0,-0.0253,-0.0298,-0.0351,-0.0413,-0.030066666666666696,-0.03600000000000002,0.009193475947648331,0,0.00603822964528522,1406.34375,0.0014122274191163964,1.0
2026-07-16,ICICIBANK,1408.2278901435363,1411.7977698077207,1394.4440704195183,1406.34375,10165264,-0.8347,1,0.0,0.8889,-0.8347,-0.0253,-0.0298,-0.0351,-0.29660000000000003,-0.19324000000000002,0.3586368051385691,0,0.0014122274191163964,1432.2257080078125,0.018403721001933215,1.0
2026-07-17,ICICIBANK,1410.2112272612976,1442.935347434669,1407.8312670387277,1432.2257080078125,11112550,0.3488,3,0.4479476308677165,0.8807333333333333,0.3488,-0.8347,-0.0253,-0.0298,-0.1704,-0.11522000000000002,0.4343867596969318,1,0.018403721001933215,1447.99267578125,0.011008717191209216,1.0
2026-07-20,ICICIBANK,1432.4239762420166,1467.6271961496604,1427.4657762550246,1447.99267578125,22236415,0.4053285714285714,7,0.46136553373034456,0.9202,0.4053,0.3488,-0.8347,-0.0253,-0.026866666666666688,-0.027140000000000008,0.4951007099570753,3,0.011008717191209216,1450.868408203125,0.001986013099357198,1.0
2026-07-21,ICICIBANK,1457.7107481698004,1461.5781682422519,1444.4227484323062,1450.868408203125,18269907,0.3445,0,0.0,0.0,0.3445,0.4053,0.3488,-0.8347,0.3662,0.047719999999999985,0.5221560992653442,7,0.001986013099357198,1428.6556396484375,-0.01530998154560248,0.0
2026-07-22,ICICIBANK,1454.1408592092237,1454.1408592092237,1426.374940373995,1428.6556396484375,8345136,0.2928,0,0.0,0.0,0.2928,0.3445,0.4053,0.3488,0.3475333333333333,0.11134,0.5303495856508234,0,-0.01530998154560248,1422.606689453125,-0.004234015551011994,0.0
2026-07-23,ICICIBANK,1420.5242697074934,1433.9114094220142,1414.673569622298,1422.606689453125,12409328,0.2489,0,0.0,0.0,0.2489,0.2928,0.3445,0.4053,0.2954,0.32805999999999996,0.05953152946128649,0,-0.004234015551011994,1420.9208984375,-0.0011850014681662469,0.0
2026-07-24,ICICIBANK,1416.0618385071728,1427.9615178223592,1403.5671994361867,1420.9208984375,10870914,0.2116,0,0.0,0.0,0.2116,0.2489,0.2928,0.3445,0.25110000000000005,0.30062,0.07672031673552984,0,-0.0011850014681662469,1433.6138916015625,0.008932934393476977,1.0
2026-07-27,ICICIBANK,1423.6974916567503,1436.8863520032721,1416.8552725346733,1433.6138916015625,10608300,0.1798,0,0.0,0.0,0.1798,0.2116,0.2489,0.2928,0.21343333333333334,0.25551999999999997,0.0652179959827042,0,0.008932934393476977,1418.8385009765625,-0.010306394707499389,0.0
2026-07-28,ICICIBANK,1430.2423604987887,1433.8122401392648,1405.7487808950839,1418.8385009765625,19486209,0.1529,0,0.0,0.0,0.1529,0.1798,0.2116,0.2489,0.18143333333333334,0.21719999999999998,0.055418543827856194,0,-0.010306394707499389,1425.879150390625,0.004962262730547895,1.0
2026-07-29,ICICIBANK,1430.4406700852692,1436.3905099608405,1416.557710375603,1425.879150390625,10856166,0.1299,0,0.0,0.0,0.1299,0.1529,0.1798,0.2116,0.1542,0.18461999999999998,0.04712618168279726,0,0.004962262730547895,1421.91259765625,-0.002781829535335012,0.0
2026-07-30,ICICIBANK,1419.13595728037,1430.143136895818,1410.7070174140658,1421.91259765625,14141173,0.1104,0,0.0,0.0,0.1104,0.1299,0.1529,0.1798,0.13106666666666666,0.15692,0.040074143783741835,0,-0.002781829535335012,1423.4000244140625,0.0010460746745364347,1.0
2026-07-31,ICICIBANK,1422.309244666781,1429.8456841613988,1419.4334645695478,1423.4000244140625,8752440,0.0939,0,0.0,0.0,0.0939,0.1104,0.1299,0.1529,0.1114,0.13338,0.03403934488206276,0,0.0010460746745364347,1460.0,0.02571306376154081,1.0
2026-08-03,ICICIBANK,1442.0,1460.0,1433.0,1460.0,7706747,0.0798,0,0.0,0.0,0.0798,0.0939,0.1104,0.1299,0.0947,0.11338,0.02894265018964247,0,0.02571306376154081,1454.5999755859375,-0.0036986468589469412,0.0
2026-08-04,ICICIBANK,1452.0,1454.5999755859375,1430.800048828125,1454.5999755859375,11458963,0.0678,0,0.0,0.0,0.0678,0.0798,0.0939,0.1104,0.0805,0.09635999999999997,0.024586642715100603,0,-0.0036986468589469412,1450.0999755859375,-0.003093634040649107,0.0
2026-08-05,ICICIBANK,1454.5999755859375,1454.5999755859375,1431.199951171875,1450.0999755859375,11723296,0.7028,1,0.0,0.7289,0.7028,0.0678,0.0798,0.0939,0.2834666666666667,0.21094,0.2754177154795966,0,-0.003093634040649107,1457.5,0.005103113260223502,1.0
2026-08-06,ICICIBANK,1460.0,1460.0,1448.300048828125,1457.5,14954726,0.4334,1,0.0,0.5374,0.4334,0.7028,0.0678,0.0798,0.4013333333333333,0.27554,0.28369615436237416,1,0.005103113260223502,1421.0,-0.025042881646655246,0.0
2026-08-07,ICICIBANK,1451.0,1455.0,1418.199951171875,1421.0,14395789,-0.9452499999999999,2,0.016617009357883843,0.95875,-0.9452,0.4334,0.7028,0.0678,0.06366666666666661,0.06771999999999996,0.6251402498639805,1,-0.025042881646655246,1431.800048828125,0.007600315853712125,1.0
2026-08-10,ICICIBANK,1428.0999755859375,1441.9000244140625,1415.5,1431.800048828125,12749354,-0.8035,0,0.0,0.0,-0.8035,-0.9452,0.4334,0.7028,-0.4384333333333334,-0.10894000000000004,0.7358729360426296,2,0.007600315853712125,1429.5999755859375,-0.0015365785494896311,0.0
2026-08-11,ICICIBANK,1432.0999755859375,1434.0,1412.199951171875,1429.5999755859375,10471914,-0.6829,0,0.0,0.0,-0.6829,-0.8035,-0.9452,0.4334,-0.8105333333333333,-0.25908,0.7667331458858422,0,-0.0015365785494896311,1431.699951171875,0.0014689253090374166,1.0
2026-08-12,ICICIBANK,1429.4000244140625,1435.0,1418.5999755859375,1431.699951171875,8201733,-0.5805,0,0.0,0.0,-0.5805,-0.6829,-0.8035,-0.9452,-0.6889666666666666,-0.51574,0.5477784159676247,0,0.0014689253090374166,1406.800048828125,-0.017391844096501408,0.0
2026-08-13,ICICIBANK,1429.0,1429.0,1406.4000244140625,1406.800048828125,11408206,-0.0014000000000000002,2,0.017819090885900998,0.9349000000000001,-0.0014,-0.5805,-0.6829,-0.8035,-0.4216,-0.6027,0.3626683953696545,0,-0.017391844096501408,1417.0,0.007250462622866438,1.0
2026-08-14,ICICIBANK,1403.0,1417.800048828125,1401.0,1417.0,6097934,-0.0128,1,0.0,0.9266,-0.0128,-0.0014,-0.5805,-0.6829,-0.19823333333333334,-0.4162199999999999,0.38174443938320834,2,0.007250462622866438,1415.300048828125,-0.0011996832546753433,0.0
2026-08-17,ICICIBANK,1418.0,1423.5999755859375,1407.0,1415.300048828125,5605603,0.0,1,0.0,0.9397,0.0,-0.0128,-0.0014,-0.5805,-0.004733333333333333,-0.25552,0.3453426226228092,1,-0.0011996832546753433,1412.0,-0.002331695551665902,0.0
2026-08-18,ICICIBANK,1410.0,1416.5999755859375,1406.300048828125,1412.0,8345198,-0.9489,1,0.0,0.958,-0.9489,0.0,-0.0128,-0.0014,-0.32056666666666667,-0.30872,0.4361814610915966,1,-0.002331695551665902,1402.0,-0.007082152974504208,0.0
2026-08-19,ICICIBANK,1412.0,1416.0,1391.5,1402.0,10304210,-0.8066,0,0.0,0.0,-0.8066,-0.9489,0.0,-0.0128,-0.5851666666666667,-0.35394,0.4808359782711772,1,-0.007082152974504208,1411.9000244140625,0.007061358355251457,1.0
2026-08-20,ICICIBANK,1407.800048828125,1413.0,1403.300048828125,1411.9000244140625,8425049,0.02185,2,0.02708218971944477,0.92885,0.0218,-0.8066,-0.9489,0.0,-0.5779,-0.3493,0.48518073951879004,0,0.007061358355251457,1420.0,0.005736932818100282,1.0
2026-08-21,ICICIBANK,1417.0,1420.0,1411.199951171875,1420.0,4565280,0.19325714285714285,7,0.326442010455879,0.8887571428571429,0.1933,0.0218,-0.8066,-0.9489,-0.19716666666666663,-0.30808,0.5277993150810258,2,0.005736932818100282,,,
2026-02-23,INFY,1323.3632672728343,1323.3632672728343,1290.0834217940796,1299.3822021484375,12887826,0.0,0,0.0,0.0,0.0,0.0,0.0,0.0,0.0,0.0,0.0,0,0.0,1248.4835205078125,-0.039171447443614005,0.0
2026-02-24,INFY,1273.4434027288626,1275.988307999553,1237.3249610296912,1248.4835205078125,27839061,-0.953,1,0.0,0.9613,-0.953,0.0,0.0,0.0,-0.4765,-0.4765,0.6738727624707798,0,-0.039171447443614005,1262.7742919921875,0.011446503898235205,1.0
2026-02-25,INFY,1258.9568742250233,1295.564726518415,1258.9568742250233,1262.7742919921875,16669618,-0.81,0,0.0,0.0,-0.81,-0.953,0.0,0.0,-0.5876666666666667,-0.5876666666666667,0.5139322264008488,1,0.011446503898235205,1261.7955322265625,-0.0007750868637663721,0.0
2026-02-26,INFY,1277.848187510079,1286.168148899459,1259.054910753846,1261.7955322265625,11493914,-0.6885,0,0.0,0.0,-0.6885,-0.81,-0.953,0.0,-0.8171666666666667,-0.6128750000000001,0.42264176615663535,0,-0.0007750868637663721,1272.5625,0.008533052700256505,1.0
2026-02-27,INFY,1298.207628321947,1306.723305439908,1266.7874442662774,1272.5625,23141724,-0.5853,0,0.0,0.0,-0.5853,-0.6885,-0.81,-0.953,-0.6946,-0.60736,0.36622619103499415,0,0.008533052700256505,1261.5997314453125,-0.008614719162860385,0.0
2026-03-02,INFY,1263.6552272829085,1271.290062662244,1246.0364867011174,1261.5997314453125,9700361,-0.4975,0,0.0,0.0,-0.4975,-0.5853,-0.6885,-0.81,-0.5904333333333334,-0.70686,0.1803942155391908,0,-0.008614719162860385,1279.7078857421875,0.01435332764071684,1.0
2026-03-04,INFY,1264.6340504084835,1289.104523520103,1264.6340504084835,1279.7078857421875,15154950,-0.4229,0,0.0,0.0,-0.4229,-0.4975,-0.5853,-0.6885,-0.5019,-0.60084,0.1533097126733986,0,0.01435332764071684,1278.141845703125,-0.00122374805727965,0.0
2026-03-05,INFY,1292.0410271405913,1292.0410271405913,1262.7743163409898,1278.141845703125,10362147,-0.3594,0,0.0,0.0,-0.3594,-0.4229,-0.4975,-0.5853,-0.42660000000000003,-0.5107200000000001,0.13033875862536073,0,-0.00122374805727965,1280.686767578125,0.0019911106764523012,1.0
2026-03-06,INFY,1275.4011212294208,1299.0884925711757,1275.4011212294208,1280.686767578125,8724291,-0.3055,0,0.0,0.0,-0.3055,-0.3594,-0.4229,-0.4975,-0.3626,-0.43411999999999995,0.11082022378609449,0,0.0019911106764523012,1287.14697265625,0.005044328747412452,1.0
2026-03-09,INFY,1262.676497890922,1290.0834296280893,1255.3353554613236,1287.14697265625,10068514,-0.2597,0,0.0,0.0,-0.2597,-0.3055,-0.3594,-0.4229,-0.3082,-0.36899999999999994,0.09419177246447838,0,0.005044328747412452,1268.1578369140625,-0.014752888477840398,0.0
2026-03-10,INFY,1292.0410437407636,1293.0198627132945,1256.9014187299574,1268.1578369140625,9600171,-0.2207,0,0.0,0.0,-0.2207,-0.2597,-0.3055,-0.3594,-0.2619666666666666,-0.31364000000000003,0.08007083114343246,0,-0.014752888477840398,1249.2667236328125,-0.014896500050198491,0.0
2026-03-11,INFY,1260.7188580118502,1271.975276386956,1244.3726286871142,1249.2667236328125,7868891,0.0105,1,0.0,0.9489,0.0105,-0.2207,-0.2597,-0.3055,-0.15663333333333332,-0.22696,0.1424844131826358,0,-0.014896500050198491,1238.9891357421875,-0.00822689638345464,0.0
2026-03-12,INFY,1245.5471752363726,1251.5179472285731,1231.3542997621664,1238.9891357421875,7599940,0.0089,0,0.0,0.0,0.0089,0.0105,-0.2207,-0.2597,-0.0671,-0.15330000000000002,0.15179578386766904,1,-0.00822689638345464,1221.8597412109375,-0.013825298412313392,0.0
2026-03-13,INFY,1224.5025045780033,1242.7085131232232,1216.280401513626,1221.8597412109375,7366098,0.0076,0,0.0,0.0,0.0076,0.0089,0.0105,-0.2207,0.009,-0.09068,0.1371910055360777,0,-0.013825298412313392,1223.3280029296875,0.0012016614257990277,1.0
2026-03-16,INFY,1213.931245180508,1227.7326883178384,1198.2701415781937,1223.3280029296875,12314450,0.0064,0,0.0,0.0,0.0064,0.0076,0.0089,0.0105,0.007633333333333335,-0.03746,0.10244560995962738,0,0.0012016614257990277,1206.785888671875,-0.013522223163531466,0.0
2026-03-17,INFY,1218.6295738865974,1218.6295738865974,1189.3628638376754,1206.785888671875,11223276,0.0055,0,0.0,0.0,0.0055,0.0064,0.0076,0.0089,0.0065,0.0077800000000000005,0.001986705816196686,0,-0.013522223163531466,1240.261474609375,0.027739457555591374,1.0
2026-03-18,INFY,1211.7778669014497,1263.459555545422,1208.7435520363658,1240.261474609375,12365381,0.0047,0,0.0,0.0,0.0047,0.0055,0.0064,0.0076,0.005533333333333334,0.006619999999999999,0.0016694310408368479,0,0.027739457555591374,1194.9422607421875,-0.0365400480422573,0.0
2026-03-19,INFY,1217.846529327881,1228.4178221249233,1189.3629208552388,1194.9422607421875,9156461,0.004,0,0.0,0.0,0.004,0.0047,0.0055,0.0064,0.004733333333333333,0.00564,0.0014152738251340215,0,-0.0365400480422573,1229.2987060546875,0.0287515526408455,1.0
2026-03-20,INFY,1215.6930991638783,1238.0102183433878,1203.1641691885866,1229.2987060546875,27299975,0.652,1,0.0,0.6958,0.652,0.004,0.0047,0.0055,0.22023333333333336,0.13452,0.28928150130971064,0,0.0287515526408455,1230.1796875,0.0007166536830904846,1.0
2026-03-23,INFY,1211.9735596886824,1234.3885372371806,1201.4023868626336,1230.1796875,12420293,0.5542,0,0.0,0.0,0.5542,0.652,0.004,0.0047,0.4034,0.24408000000000002,0.32955832109051675,1,0.0007166536830904846,1251.224365234375,0.017106994976597623,1.0
2026-03-24,INFY,1242.1213008151199,1269.5282325903943,1224.5025589595862,1251.224365234375,13613495,0.4711,0,0.0,0.0,0.4711,0.5542,0.652,0.004,0.5591,0.3372,0.3105220362550783,0,0.017106994976597623,1252.00732421875,0.0006257542660850213,1.0
2026-03-25,INFY,1243.100095463166,1263.263742406015,1230.4733068170258,1252.00732421875,10824030,0.4004,0,0.0,0.0,0.4004,0.4711,0.5542,0.652,0.4752333333333334,0.41634000000000004,0.24890662506249234,0,0.0006257542660850213,1242.806396484375,-0.007348940821984673,0.0
2026-03-27,INFY,1257.9780904958054,1267.3748481809973,1236.444073189259,1242.806396484375,13092541,0.3403,0,0.0,0.0,0.3403,0.4004,0.4711,0.5542,0.4039333333333333,0.48360000000000003,0.12344664839516767,0,-0.007348940821984673,1224.1109619140625,-0.015042917885841112,0.0
2026-03-30,INFY,1223.5236944376795,1238.6953882487069,1216.6719617488286,1224.1109619140625,14108486,0.2893,0,0.0,0.0,0.2893,0.3403,0.4004,0.4711,0.34333333333333327,0.41106,0.1049285137605605,0,-0.015042917885841112,1248.6793212890625,0.02007036954932917,1.0
2026-04-01,INFY,1262.6764804554484,1275.4011271577126,1242.610691424955,1248.6793212890625,8137156,0.2459,0,0.0,0.0,0.2459,0.2893,0.3403,0.4004,0.29183333333333333,0.34940000000000004,0.0891893491399064,0,0.02007036954932917,1273.247802734375,0.019675573244817945,1.0
2026-04-02,INFY,1233.3119397486187,1277.7503462365091,1233.116223742555,1273.247802734375,12873492,0.209,0,0.0,0.0,0.209,0.2459,0.2893,0.3403,0.24806666666666666,0.29698,0.07579734164203987,0,0.019675573244817945,1278.5333251953125,0.004151212709408547,1.0
2026-04-06,INFY,1273.8350657038357,1292.041075138383,1271.4858762157266,1278.5333251953125,10208682,0.1777,0,0.0,0.0,0.1777,0.209,0.2459,0.2893,0.21086666666666667,0.25244,0.06440867953932997,0,0.004151212709408547,1311.0301513671875,0.025417269563083655,1.0
2026-04-07,INFY,1274.4222980187042,1316.609371698259,1266.1023367797188,1311.0301513671875,15355792,0.151,0,0.0,0.0,0.151,0.1777,0.209,0.2459,0.17923333333333333,0.21458,0.0547670247503011,0,0.025417269563083655,1317.68603515625,0.005076835023299475,1.0
2026-04-08,INFY,1320.4267760360608,1347.7358488962445,1302.8080347694565,1317.68603515625,16030133,0.1284,0,0.0,0.0,0.1284,0.151,0.1777,0.209,0.15236666666666668,0.18239999999999998,0.046539929093200025,0,0.005076835023299475,1303.395263671875,-0.010845353978939598,0.0
2026-04-09,INFY,1301.7313192842819,1309.170319257509,1286.1680743957882,1303.395263671875,14894607,0.1091,0,0.0,0.0,0.1091,0.1284,0.151,0.1777,0.12949999999999998,0.15504,0.03956530045380773,0,-0.010845353978939598,1265.12353515625,-0.029363102339199365,0.0
2026-04-10,INFY,1290.0834192154255,1290.9643801968148,1256.1184483091881,1265.12353515625,19233369,0.0927,0,0.0,0.0,0.0927,0.1091,0.1284,0.151,0.11006666666666666,0.13178,0.033656752665699535,0,-0.029363102339199365,1249.756103515625,-0.012146981076221142,0.0
2026-04-13,INFY,1245.0577246851824,1261.6976471062894,1238.8911174058185,1249.756103515625,10366082,0.0788,0,0.0,0.0,0.0788,0.0927,0.1091,0.1284,0.09353333333333334,0.11199999999999999,0.028605506462918432,0,-0.012146981076221142,1277.6524658203125,0.02232144514134693,1.0
2026-04-15,INFY,1278.631284802942,1294.4881045276459,1272.9540869097948,1277.6524658203125,12098912,0.067,0,0.0,0.0,0.067,0.0788,0.0927,0.1091,0.0795,0.09519999999999999,0.024320259044674344,0,0.02232144514134693,1291.2579345703125,0.01064880248265676,1.0
2026-04-16,INFY,1294.0965334739733,1302.808046184627,1281.2740288923192,1291.2579345703125,18527029,0.057,0,0.0,0.0,0.057,0.067,0.0788,0.0927,0.06760000000000001,0.08092,0.02063557607628295,0,0.01064880248265676,1290.7685546875,-0.0003789946762072782,0.0
2026-04-17,INFY,1285.1893342368037,1300.165312581974,1278.4354593069281,1290.7685546875,12064048,0.0484,0,0.0,0.0,0.0484,0.057,0.067,0.0788,0.057466666666666666,0.06878,0.017534594377973462,0,-0.0003789946762072782,1284.7977294921875,-0.004625790714864464,0.0
2026-04-20,INFY,1292.0410136169874,1296.8372503675125,1280.3930442184933,1284.7977294921875,7172300,0.0411,0,0.0,0.0,0.0411,0.0484,0.057,0.067,0.04883333333333333,0.05845999999999999,0.014927759376411992,0,-0.004625790714864464,1285.385009765625,0.000457099401685257,1.0
2026-04-21,INFY,1282.2528368892558,1296.9351212811175,1271.7795218169556,1285.385009765625,10057440,0.035,0,0.0,0.0,0.035,0.0411,0.0484,0.057,0.0415,0.0497,0.01269172959056622,0,0.000457099401685257,1241.729736328125,-0.033962799554866474,0.0
2026-04-22,INFY,1267.5705813427946,1270.2133447995752,1229.2987830540255,1241.729736328125,20088378,0.0297,0,0.0,0.0,0.0297,0.035,0.0411,0.0484,0.03526666666666667,0.04224,0.010802453425035096,0,-0.033962799554866474,1214.32275390625,-0.022071616407382866,0.0
2026-04-23,INFY,1227.438951608261,1238.891085420282,1200.0320212693207,1214.32275390625,14792854,0.0253,0,0.0,0.0,0.0253,0.0297,0.035,0.0411,0.030000000000000002,0.0359,0.009150136611004833,0,-0.022071616407382866,1130.144287109375,-0.06932132872095875,0.0
2026-04-24,INFY,1174.5826894228176,1197.9764852174349,1127.7950978335834,1130.144287109375,42078914,-0.6205666666666666,3,0.5406391156153366,0.9427,-0.6206,0.0253,0.0297,0.035,-0.18853333333333333,-0.09790000000000001,0.2922578912535982,0,-0.06932132872095875,1145.5118408203125,0.013597868773237654,1.0
2026-04-27,INFY,1130.1443119385692,1154.9084786451926,1130.04645394258,1145.5118408203125,19579883,-0.5275,0,0.0,0.0,-0.5275,-0.6206,0.0253,0.0297,-0.3742666666666666,-0.21162,0.3325028826942708,3,0.013597868773237654,1127.697265625,-0.01555162902773255,0.0
2026-04-28,INFY,1138.0727223885278,1144.6308809119316,1125.4460537763027,1127.697265625,12720276,-0.4484,0,0.0,0.0,-0.4484,-0.5275,-0.6206,0.0253,-0.5321666666666667,-0.3083,0.3125463565617107,0,-0.01555162902773255,1142.7711181640625,0.013366931887263345,1.0
2026-04-29,INFY,1133.961747660014,1153.2444330805374,1132.2978032475876,1142.7711181640625,8303109,-0.3811,0,0.0,0.0,-0.3811,-0.4484,-0.5275,-0.6206,-0.4523333333333333,-0.39046000000000003,0.24902078828884944,0,0.013366931887263345,1156.768310546875,0.012248465296620381,1.0
2026-04-30,INFY,1142.7711514334947,1164.5988623339997,1135.0384576467616,1156.768310546875,12205669,-0.3239,0,0.0,0.0,-0.3239,-0.3811,-0.4484,-0.5275,-0.3844666666666667,-0.46030000000000004,0.11750653173334644,0,0.012248465296620381,1156.768310546875,0.0,0.0
2026-05-01,INFY,1156.768310546875,1156.768310546875,1156.768310546875,1156.768310546875,0,-0.2753,0,0.0,0.0,-0.2753,-0.3239,-0.3811,-0.4484,-0.32676666666666665,-0.39124000000000003,0.09989198166019116,0,0.0,1143.652099609375,-0.011338667231728716,0.0
2026-05-04,INFY,1169.6886601132755,1169.6886601132755,1140.5198072387318,1143.652099609375,7735811,-0.234,0,0.0,0.0,-0.234,-0.2753,-0.3239,-0.3811,-0.27773333333333333,-0.33254,0.08491585835401998,0,-0.011338667231728716,1153.1466064453125,0.008301918773358175,1.0
2026-05-05,INFY,1144.728787187228,1160.0961972461241,1135.5278649580357,1153.1466064453125,8164108,0.8539,1,0.0,0.8868,0.8539,-0.234,-0.2753,-0.3239,0.11486666666666663,-0.07208000000000003,0.5205434871362815,0,0.008301918773358175,1142.4774169921875,-0.009252240255914868,0.0
2026-05-06,INFY,1161.8580797644604,1166.2627649868193,1139.443102180398,1142.4774169921875,9856963,0.7258,0,0.0,0.0,0.7258,0.8539,-0.234,-0.2753,0.4485666666666666,0.1493,0.5873533221154028,1,-0.009252240255914868,1138.07275390625,-0.0038553611830102197,0.0
2026-05-07,INFY,1148.1546369607545,1150.5038263553197,1134.6468875555572,1138.07275390625,12013987,0.6169,0,0.0,0.0,0.6169,0.7258,0.8539,-0.234,0.7322000000000001,0.33746,0.5471851359457786,0,-0.0038553611830102197,1154.2232666015625,0.01419110741372065,1.0
2026-05-08,INFY,1136.4088093734103,1158.4322359116547,1134.2554554613432,1154.2232666015625,7582770,0.5244,0,0.0,0.0,0.5244,0.6169,0.7258,0.8539,0.6223666666666666,0.4974,0.42697014532634514,0,0.01419110741372065,1152.0699462890625,-0.0018656012010918044,0.0
2026-05-11,INFY,1151.0911273032605,1161.8581361470833,1147.2737093616843,1152.0699462890625,7336288,0.4457,0,0.0,0.0,0.4457,0.5244,0.6169,0.7258,0.529,0.6333399999999999,0.16166518796574708,0,-0.0018656012010918044,1116.1473388671875,-0.031180925722075647,0.0
2026-05-12,INFY,1137.3876630949442,1137.3876630949442,1099.2137225952,1116.1473388671875,16891948,0.3789,0,0.0,0.0,0.3789,0.4457,0.5244,0.6169,0.44966666666666666,0.53834,0.13739589877430944,0,-0.031180925722075647,1099.3115234375,-0.015083864686515902,0.0
2026-05-13,INFY,1112.5255790772605,1118.398492694932,1097.2560275682617,1099.3115234375,6664111,0.322,0,0.0,0.0,0.322,0.3789,0.4457,0.5244,0.38220000000000004,0.45758,0.11679189612297698,0,-0.015083864686515902,1071.8067626953125,-0.025019987652072695,0.0
2026-05-14,INFY,1096.0815207310736,1098.137016652994,1065.933848927119,1071.8067626953125,16914842,0.2737,0,0.0,0.0,0.2737,0.322,0.3789,0.4457,0.3248666666666667,0.38894,0.09928888658858158,0,-0.025019987652072695,1095.2984619140625,0.021917849407550483,1.0
2026-05-15,INFY,1078.658538900176,1109.1976439317652,1078.266987402901,1095.2984619140625,17482450,0.2327,0,0.0,0.0,0.2327,0.2737,0.322,0.3789,0.27613333333333334,0.3306,0.08437547036906043,0,0.021917849407550483,1118.3006591796875,0.021000848686875795,1.0
2026-05-18,INFY,1095.2984136735845,1121.8243835304838,1094.319594715878,1118.3006591796875,12096377,0.1978,0,0.0,0.0,0.1978,0.2327,0.2737,0.322,0.23473333333333332,0.28102,0.07171789874222595,0,0.021000848686875795,1171.5484619140625,0.04761492564390868,1.0
2026-05-19,INFY,1137.3876555901809,1173.0166903851343,1137.3876555901809,1171.5484619140625,32175705,0.1681,0,0.0,0.0,0.1681,0.1978,0.2327,0.2737,0.19953333333333334,0.23886,0.06094450754580068,0,0.04761492564390868,1168.4161376953125,-0.0026736616713510797,0.0
2026-05-20,INFY,1161.8580984968487,1181.3366195800531,1159.802602590221,1168.4161376953125,15121010,0.1429,0,0.0,0.0,0.1429,0.1681,0.1978,0.2327,0.16959999999999997,0.20303999999999997,0.05181127290465019,0,-0.0026736616713510797,1156.180908203125,-0.010471636857328326,0.0
2026-05-21,INFY,1170.7653346096859,1176.3446743746752,1152.0699163634372,1156.180908203125,10021033,0.1215,0,0.0,0.0,0.1215,0.1429,0.1681,0.1978,0.14416666666666667,0.1726,0.04404713384546291,0,-0.010471636857328326,1149.622802734375,-0.00567221394352746,0.0
2026-05-22,INFY,1157.4533539662823,1166.5564175672662,1147.6651649263981,1149.622802734375,8803066,0.1032,0,0.0,0.0,0.1032,0.1215,0.1429,0.1681,0.12253333333333333,0.1467,0.03745297050969539,0,-0.00567221394352746,1143.75,-0.005108460549326788,0.0
2026-05-25,INFY,1157.9428754813864,1159.900513478819,1141.4008105061328,1143.75,5856136,0.0878,0,0.0,0.0,0.0878,0.1032,0.1215,0.1429,0.10416666666666667,0.12469999999999999,0.031815483651833794,0,-0.005108460549326788,1142.966796875,-0.0006847677595628321,0.0
2026-05-26,INFY,1141.5965459846338,1155.6914427435413,1138.2685377836078,1142.966796875,8005767,0.0746,0,0.0,0.0,0.0746,0.0878,0.1032,0.1215,0.08853333333333334,0.10600000000000001,0.027050415893292584,0,-0.0006847677595628321,1135.3321533203125,-0.0066796722140674,0.0
2026-05-27,INFY,1136.4088302961693,1142.5754376343073,1130.5359164445094,1135.3321533203125,6371871,0.0634,0,0.0,0.0,0.0634,0.0746,0.0878,0.1032,0.07526666666666666,0.0901,0.023000000000001953,0,-0.0066796722140674,1135.3321533203125,0.0,0.0
2026-05-28,INFY,1135.3321533203125,1135.3321533203125,1135.3321533203125,1135.3321533203125,0,0.0539,0,0.0,0.0,0.0539,0.0634,0.0746,0.0878,0.06396666666666667,0.07658000000000001,0.01953540375830724,0,0.0,1136.3109130859375,0.0008620911182357638,1.0
2026-05-29,INFY,1156.96396849116,1184.370898370815,1129.1654871448488,1136.3109130859375,69085430,0.0458,0,0.0,0.0,0.0458,0.0539,0.0634,0.0746,0.05436666666666667,0.0651,0.01663099515964334,0,0.0008620911182357638,1177.02978515625,0.03583427000602346,1.0
2026-06-01,INFY,1150.1122640819906,1191.222659904496,1148.8397516554953,1177.02978515625,19439331,0.0389,0,0.0,0.0,0.0389,0.0458,0.0539,0.0634,0.0462,0.05532,0.014135664115989616,0,0.03583427000602346,1243.8831787109375,0.05679838726070363,1.0
2026-06-02,INFY,1206.3943648530496,1251.811588367994,1206.3943648530496,1243.8831787109375,36032600,0.0331,0,0.0,0.0,0.0331,0.0389,0.0458,0.0539,0.039266666666666665,0.04702,0.012008621902619525,0,0.05679838726070363,1196.7039794921875,-0.037928963126298454,0.0
2026-06-03,INFY,1215.7909483013548,1223.425783618914,1190.2437985614154,1196.7039794921875,18534303,0.0281,0,0.0,0.0,0.0281,0.0331,0.0389,0.0458,0.03336666666666666,0.03996,0.010213618359820906,0,-0.037928963126298454,1175.855224609375,-0.01742181461756276,0.0
2026-06-04,INFY,1182.4132636253246,1189.4607121046952,1170.8631524946943,1175.855224609375,12755957,0.0239,0,0.0,0.0,0.0239,0.0281,0.0331,0.0389,0.028366666666666665,0.03396,0.008672831140986687,0,-0.01742181461756276,1172.1357421875,-0.003163214606722198,0.0
2026-06-05,INFY,1194.159169493737,1197.8787294549086,1169.0035692089534,1172.1357421875,8692290,0.0203,0,0.0,0.0,0.0203,0.0239,0.0281,0.0331,0.0241,0.028860000000000004,0.007369396176082986,0,-0.003163214606722198,1162.4453125,-0.00826732718636769,0.0
2026-06-08,INFY,1152.559265415463,1175.26781631171,1151.5804465064052,1162.4453125,8631711,0.0173,0,0.0,0.0,0.0173,0.0203,0.0239,0.0281,0.0205,0.02454,0.006260031948805449,0,-0.00826732718636769,1155.300048828125,-0.006146752535401534,0.0
2026-06-09,INFY,1168.3182691086097,1168.3182691086097,1142.5754025403635,1155.300048828125,10984054,-0.9614,1,0.0,0.9698,-0.9614,0.0173,0.0203,0.0239,-0.30793333333333334,-0.17436000000000001,0.43998724754247137,0,-0.006146752535401534,1145.300048828125,-0.00865576004272095,0.0
2026-06-10,INFY,1160.0999755859375,1171.4000244140625,1143.300048828125,1145.300048828125,8887626,-0.8172,0,0.0,0.0,-0.8172,-0.9614,0.0173,0.0203,-0.5871000000000001,-0.34342,0.5009246220740201,1,-0.00865576004272095,1114.5999755859375,-0.02680526668413219,0.0
2026-06-11,INFY,1129.699951171875,1133.699951171875,1109.0,1114.5999755859375,9372176,-0.8764,1,0.0,0.8895,-0.8764,-0.8172,-0.9614,0.0173,-0.8850000000000001,-0.52348,0.49767901000544496,0,-0.02680526668413219,1116.4000244140625,0.0016149729656855794,1.0
2026-06-12,INFY,1120.0,1123.300048828125,1111.5,1116.4000244140625,8075333,-0.7449,0,0.0,0.0,-0.7449,-0.8764,-0.8172,-0.9614,-0.8128333333333333,-0.67652,0.39590450489985557,1,0.0016149729656855794,1134.9000244140625,0.016571121099455022,1.0
2026-06-15,INFY,1130.0,1151.0,1123.0,1134.9000244140625,7856192,-0.014400000000000001,2,0.014990663761154809,0.92655,-0.0144,-0.7449,-0.8764,-0.8172,-0.5452333333333333,-0.68286,0.3820265802270829,0,0.016571121099455022,1143.5999755859375,0.007665830456182077,1.0
2026-06-16,INFY,1136.9000244140625,1153.800048828125,1123.199951171875,1143.5999755859375,10456090,-0.0122,0,0.0,0.0,-0.0122,-0.0144,-0.7449,-0.8764,-0.25716666666666665,-0.49302,0.4403922705952045,2,0.007665830456182077,1157.699951171875,0.012329464748994212,1.0
2026-06-17,INFY,1149.0,1162.5,1148.0,1157.699951171875,5995119,-0.0104,0,0.0,0.0,-0.0104,-0.0122,-0.0144,-0.7449,-0.012333333333333333,-0.33165999999999995,0.439723081040784,0,0.012329464748994212,1127.5,-0.02608616433066724,0.0
2026-06-18,INFY,1142.9000244140625,1142.9000244140625,1125.300048828125,1127.5,16781447,-0.9454,1,0.0,0.9577,-0.9454,-0.0104,-0.0122,-0.0144,-0.32266666666666666,-0.34546,0.4616298495548137,0,-0.02608616433066724,1051.4000244140625,-0.06749443510947895,0.0
2026-06-19,INFY,1062.300048828125,1066.0,1030.0,1051.4000244140625,45665442,-0.8937,1,0.0,0.9296,-0.8937,-0.9454,-0.0104,-0.0122,-0.6164999999999999,-0.37522,0.49724113063985353,1,-0.06749443510947895,1065.4000244140625,0.013315578918501547,1.0
2026-06-22,INFY,1055.0,1080.300048828125,1055.0,1065.4000244140625,10178505,-0.7596,0,0.0,0.0,-0.7596,-0.8937,-0.9454,-0.0104,-0.8662333333333333,-0.5242600000000001,0.47315094631628907,1,0.013315578918501547,1029.300048828125,-0.03388396354298129,0.0
2026-06-23,INFY,1053.800048828125,1055.300048828125,1026.0,1029.300048828125,19323064,-0.9613,1,0.0,0.9709,-0.9613,-0.7596,-0.8937,-0.9454,-0.8715333333333334,-0.71408,0.4012878106795667,0,-0.03388396354298129,1056.5999755859375,0.026522807211457833,1.0
2026-06-24,INFY,1040.9000244140625,1065.5,1037.699951171875,1056.5999755859375,12346266,0.0036,1,0.0,0.9466,0.0036,-0.9613,-0.7596,-0.8937,-0.5724333333333335,-0.71128,0.4074271309080923,1,0.026522807211457833,1041.199951171875,-0.014575075496781498,0.0
2026-06-25,INFY,1065.0,1068.0,1039.0999755859375,1041.199951171875,15866779,0.0031,0,0.0,0.0,0.0031,0.0036,-0.9613,-0.7596,-0.3182,-0.52158,0.48466061011804934,1,-0.014575075496781498,1041.199951171875,0.0,0.0
2026-06-26,INFY,1041.199951171875,1041.199951171875,1041.199951171875,1041.199951171875,0,0.0026,0,0.0,0.0,0.0026,0.0031,0.0036,-0.9613,0.0031,-0.34232,0.4783315450605363,0,0.0,1036.699951171875,-0.004321936430111473,0.0
2026-06-29,INFY,1037.0999755859375,1046.5999755859375,1029.0999755859375,1036.699951171875,15080892,0.0022,0,0.0,0.0,0.0022,0.0026,0.0031,0.0036,0.0026333333333333334,-0.18996000000000002,0.4311924894985997,0,-0.004321936430111473,1000.4000244140625,-0.03501488228756977,0.0
2026-06-30,INFY,1030.0,1030.4000244140625,996.0,1000.4000244140625,24128263,0.0019,0,0.0,0.0,0.0019,0.0022,0.0026,0.0031,0.0022333333333333333,0.00268,0.0006833739825383451,0,-0.03501488228756977,985.2999877929688,-0.015093998653126661,0.0
2026-07-01,INFY,1006.0,1014.0,982.4000244140625,985.2999877929688,13037982,0.0016,0,0.0,0.0,0.0016,0.0019,0.0022,0.0026,0.0019,0.00228,0.0005890670590095613,0,-0.015093998653126661,1040.9000244140625,0.05642955172021824,1.0
2026-07-02,INFY,1006.4000244140625,1045.0,1006.0,1040.9000244140625,18741111,0.0014,0,0.0,0.0,0.0014,0.0016,0.0019,0.0022,0.0016333333333333332,0.00194,0.00047749345546305784,0,0.05642955172021824,1047.199951171875,0.006052384100345032,1.0
2026-07-03,INFY,1063.0,1068.699951171875,1042.0,1047.199951171875,11653534,0.0012,0,0.0,0.0,0.0012,0.0014,0.0016,0.0019,0.0014000000000000002,0.00166,0.00039749213829955166,0,0.006052384100345032,1042.199951171875,-0.0047746373502067785,0.0
2026-07-06,INFY,1050.0999755859375,1053.0,1033.0,1042.199951171875,5559747,0.001,0,0.0,0.0,0.001,0.0012,0.0014,0.0016,0.0012,0.00142,0.0003492849839455784,0,-0.0047746373502067785,1071.800048828125,0.02840155348593809,1.0
2026-07-07,INFY,1040.5999755859375,1087.5,1040.5999755859375,1071.800048828125,18866296,0.0008,0,0.0,0.0,0.0008,0.001,0.0012,0.0014,0.0009999999999999998,0.0012000000000000001,0.00031622776603230674,0,0.02840155348593809,1069.300048828125,-0.0023325246184989767,0.0
2026-07-08,INFY,1071.9000244140625,1079.699951171875,1064.4000244140625,1069.300048828125,13022221,0.0007,0,0.0,0.0,0.0007,0.0008,0.001,0.0012,0.0008333333333333334,0.0010199999999999999,0.0002863564212824957,0,-0.0023325246184989767,1050.800048828125,-0.017301037272255515,0.0
2026-07-09,INFY,1062.699951171875,1062.699951171875,1040.4000244140625,1050.800048828125,9003333,0.0006,0,0.0,0.0,0.0006,0.0007,0.0008,0.001,0.0007,0.00086,0.0002408318915959019,0,-0.017301037272255515,1068.0,0.01636843392903975,1.0
2026-07-10,INFY,1075.0,1091.300048828125,1064.699951171875,1068.0,9747266,0.0005,0,0.0,0.0,0.0005,0.0006,0.0007,0.0008,0.0006,0.0007199999999999999,0.00019235384064169228,0,0.01636843392903975,1102.5999755859375,0.03239698088570919,1.0
2026-07-13,INFY,1057.0999755859375,1114.9000244140625,1057.0999755859375,1102.5999755859375,20994760,0.0004,0,0.0,0.0,0.0004,0.0005,0.0006,0.0007,0.0005,0.0006000000000000001,0.00015811388303866957,0,0.03239698088570919,1092.9000244140625,-0.00879734390227993,0.0
2026-07-14,INFY,1107.800048828125,1113.5,1090.0,1092.9000244140625,14819413,0.0004,0,0.0,0.0,0.0004,0.0004,0.0005,0.0006,0.0004333333333333333,0.00052,0.00013038404814062605,0,-0.00879734390227993,1076.300048828125,-0.015188924160594919,0.0
2026-07-15,INFY,1079.0,1088.0999755859375,1073.0,1076.300048828125,8501933,0.0003,0,0.0,0.0,0.0003,0.0004,0.0004,0.0005,0.00036666666666666667,0.00044,0.00011401754255160964,0,-0.015188924160594919,1082.4000244140625,0.0056675418649094755,1.0
2026-07-16,INFY,1082.5,1097.300048828125,1077.9000244140625,1082.4000244140625,8592146,0.0003,0,0.0,0.0,0.0003,0.0003,0.0004,0.0004,0.0003333333333333333,0.00038,8.366600271009958e-05,0,0.0056675418649094755,1096.5,0.013026584689491472,1.0
2026-07-17,INFY,1105.0,1116.800048828125,1092.0,1096.5,12547728,0.0002,0,0.0,0.0,0.0002,0.0003,0.0003,0.0004,0.0002666666666666666,0.00032,8.36660027099697e-05,0,0.013026584689491472,1087.0999755859375,-0.008572753683595558,0.0
2026-07-20,INFY,1102.0,1103.800048828125,1083.199951171875,1087.0999755859375,6372645,0.0002,0,0.0,0.0,0.0002,0.0002,0.0003,0.0003,0.00023333333333333336,0.00028,8.366600270988311e-05,0,-0.008572753683595558,1073.5,-0.012510326456963816,0.0
2026-07-21,INFY,1080.0,1094.5,1067.199951171875,1073.5,9485229,0.9239,1,0.0,0.936,0.9239,0.0002,0.0002,0.0003,0.3081,0.18498,0.41306884050966625,0,-0.012510326456963816,1052.0999755859375,-0.019934815476537082,0.0
2026-07-22,INFY,1064.0,1069.300048828125,1046.199951171875,1052.0999755859375,7517203,0.3159666666666667,3,0.5077618766049036,0.9176666666666667,0.316,0.9239,0.0002,0.0002,0.41336666666666666,0.24812000000000003,0.40175543182388973,1,-0.019934815476537082,1047.4000244140625,-0.004467209657768034,0.0
2026-07-23,INFY,1046.9000244140625,1058.5,1032.0,1047.4000244140625,13794578,0.0643,13,0.654635655664024,0.870523076923077,0.0643,0.316,0.9239,0.0002,0.43473333333333336,0.26092000000000004,0.39280578789014825,3,-0.004467209657768034,1040.9000244140625,-0.006205842895255054,0.0
2026-07-24,INFY,1028.0,1043.4000244140625,1013.9000244140625,1040.9000244140625,29036900,-0.8041,7,0.3519227945634288,0.8762857142857143,-0.8041,0.0643,0.316,0.9239,-0.14126666666666668,0.10006000000000001,0.6233174415977786,13,-0.006205842895255054,1079.199951171875,0.03679500995244189,1.0
2026-07-27,INFY,1065.0,1082.0,1057.4000244140625,1079.199951171875,15956349,-0.6835,0,0.0,0.0,-0.6835,-0.8041,0.0643,0.316,-0.4744333333333333,-0.036680000000000004,0.7184364356016474,7,0.03679500995244189,1105.699951171875,0.0245552272043974,1.0
2026-07-28,INFY,1097.0,1118.5,1097.0,1105.699951171875,28100895,-0.581,0,0.0,0.0,-0.581,-0.6835,-0.8041,0.0643,-0.6895333333333333,-0.33765999999999996,0.4962935552674444,0,0.0245552272043974,1155.5999755859375,0.045129806111663395,1.0
2026-07-29,INFY,1147.0,1164.5,1128.4000244140625,1155.5999755859375,34400369,0.4024,2,0.5232590180780452,0.8818,0.4024,-0.581,-0.6835,-0.8041,-0.28736666666666666,-0.32038,0.5253935639118544,0,0.045129806111663395,1155.0999755859375,-0.00043267567546156904,0.0
2026-07-30,INFY,1168.0,1187.699951171875,1151.300048828125,1155.0999755859375,22630218,0.342,0,0.0,0.0,0.342,0.4024,-0.581,-0.6835,0.054466666666666684,-0.26484,0.587260311105731,2,-0.00043267567546156904,1130.0999755859375,-0.0216431482368602,0.0
2026-07-31,INFY,1118.9000244140625,1139.300048828125,1107.199951171875,1130.0999755859375,14367075,-0.9572,1,0.0,0.9656,-0.9572,0.342,0.4024,-0.581,-0.07093333333333336,-0.29546,0.6251743340861011,0,-0.0216431482368602,1180.0,0.04415540703661214,1.0
2026-08-03,INFY,1145.0999755859375,1180.0,1138.0999755859375,1180.0,8582270,-0.8136,0,0.0,0.0,-0.8136,-0.9572,0.342,0.4024,-0.47626666666666667,-0.32148000000000004,0.6476651542270897,1,0.04415540703661214,1167.5,-0.010593220338983023,0.0
2026-08-04,INFY,1168.0,1175.699951171875,1153.300048828125,1167.5,9243589,-0.6916,0,0.0,0.0,-0.6916,-0.8136,-0.9572,0.342,-0.8208000000000001,-0.3436,0.6605059273011862,0,-0.010593220338983023,1174.0,0.005567451820128522,1.0
2026-08-05,INFY,1174.699951171875,1177.5,1162.300048828125,1174.0,9964155,-0.9582,1,0.0,0.9664,-0.9582,-0.6916,-0.8136,-0.9572,-0.8211333333333334,-0.61572,0.5468187560791966,0,0.005567451820128522,1165.0,-0.0076660988074956915,0.0
2026-08-06,INFY,1174.0999755859375,1185.800048828125,1163.0,1165.0,8521064,-0.8145,0,0.0,0.0,-0.8145,-0.9582,-0.6916,-0.8136,-0.8214333333333333,-0.84702,0.11272804442551024,1,-0.0076660988074956915,1175.0999755859375,0.008669506940718774,1.0
2026-08-07,INFY,1160.0,1183.0,1155.5999755859375,1175.0999755859375,7581410,-0.0536,1,0.0,0.4585,-0.0536,-0.8145,-0.9582,-0.6916,-0.6087666666666668,-0.6663,0.35528422424869904,0,0.008669506940718774,1183.0,0.006722853015228125,1.0
2026-08-10,INFY,1178.0999755859375,1195.0,1175.199951171875,1183.0,9377001,-0.0456,0,0.0,0.0,-0.0456,-0.0536,-0.8145,-0.9582,-0.3045666666666667,-0.5126999999999999,0.43316103241173476,1,0.006722853015228125,1190.699951171875,0.006508834464814095,1.0
2026-08-11,INFY,1188.0,1193.5,1182.0,1190.699951171875,10160091,-0.0387,0,0.0,0.0,-0.0387,-0.0456,-0.0536,-0.8145,-0.045966666666666704,-0.38212,0.46312229162500906,0,0.006508834464814095,1176.0999755859375,-0.012261674800245315,0.0
2026-08-12,INFY,1185.5999755859375,1190.4000244140625,1163.300048828125,1176.0999755859375,7529777,-0.0329,0,0.0,0.0,-0.0329,-0.0387,-0.0456,-0.0536,-0.0390666666666667,-0.19705999999999999,0.34524609049198507,0,-0.012261674800245315,1175.0,-0.0009352738787273829,0.0
2026-08-13,INFY,1170.0,1175.0,1157.0,1175.0,6234215,-0.028,0,0.0,0.0,-0.028,-0.0329,-0.0387,-0.0456,-0.033200000000000035,-0.039760000000000004,0.010150517228197556,0,-0.0009352738787273829,1169.199951171875,-0.004936211768617027,0.0
2026-08-14,INFY,1170.4000244140625,1174.0999755859375,1158.9000244140625,1169.199951171875,5844763,-0.0238,0,0.0,0.0,-0.0238,-0.028,-0.0329,-0.0387,-0.02823333333333337,-0.0338,0.008626992523465842,0,-0.004936211768617027,1139.9000244140625,-0.025059808400133443,0.0
2026-08-17,INFY,1163.9000244140625,1166.5,1129.699951171875,1139.9000244140625,5817153,-0.9612,2,0.003676955262170035,0.96905,-0.9612,-0.0238,-0.028,-0.0329,-0.3376666666666667,-0.21692,0.41610231554270394,0,-0.025059808400133443,1115.0,-0.02184404235525983,0.0
2026-08-18,INFY,1124.5,1131.9000244140625,1112.5,1115.0,8851110,-0.9535,1,0.0,0.9605,-0.9535,-0.9612,-0.0238,-0.028,-0.6461666666666667,-0.39988,0.5089156285672508,2,-0.02184404235525983,1119.800048828125,0.004304976527466309,1.0
2026-08-19,INFY,1125.5999755859375,1134.699951171875,1113.800048828125,1119.800048828125,8408573,-0.7699499999999999,2,0.15068445507085323,0.80505,-0.7699,-0.9535,-0.9612,-0.0238,-0.8948666666666667,-0.54728,0.4820754992737133,1,0.004304976527466309,1130.0,0.00910872542160468,1.0
2026-08-20,INFY,1143.0,1144.699951171875,1125.699951171875,1130.0,8559841,0.1862,1,0.0,0.7256,0.1862,-0.7699,-0.9535,-0.9612,-0.5124000000000001,-0.50444,0.5451495235254269,2,0.00910872542160468,1121.0,-0.007964601769911539,0.0
2026-08-21,INFY,1133.0,1133.5,1118.0,1121.0,6094967,0.1583,0,0.0,0.0,0.1583,0.1862,-0.7699,-0.9535,-0.14180000000000004,-0.46802,0.5895611562849099,1,-0.007964601769911539,,,
2026-02-23,ITC,318.3277143412081,319.39854745647875,315.79666235281263,316.7701416015625,13486092,0.0,0,0.0,0.0,0.0,0.0,0.0,0.0,0.0,0.0,0.0,0,0.0,314.9205322265625,-0.005838963753491799,0.0
2026-02-24,ITC,315.4072718436051,316.7701368296786,313.5089754538475,314.9205322265625,13135859,0.0,0,0.0,0.0,0.0,0.0,0.0,0.0,0.0,0.0,0.0,0,-0.005838963753491799,311.2699890136719,-0.01159195047423689,0.0
2026-02-25,ITC,316.86749468006315,317.93832779267075,309.6637541988749,311.2699890136719,13492101,0.0,0,0.0,0.0,0.0,0.0,0.0,0.0,0.0,0.0,0.0,0,-0.01159195047423689,309.8584289550781,-0.004534841483005092,0.0
2026-02-26,ITC,311.5133555396741,312.87622052851447,309.1770113147723,309.8584289550781,11270119,0.0,0,0.0,0.0,0.0,0.0,0.0,0.0,0.0,0.0,0.0,0,-0.004534841483005092,305.2830810546875,-0.014765930092074164,0.0
2026-02-27,ITC,307.6194251776827,309.32301376648314,304.3582639374763,305.2830810546875,13892595,0.0,0,0.0,0.0,0.0,0.0,0.0,0.0,0.0,0.0,0.0,0,-0.014765930092074164,306.548583984375,0.00414534249757792,1.0
2026-03-02,ITC,298.85810450075655,307.376047218612,298.85810450075655,306.548583984375,22194311,0.0,0,0.0,0.0,0.0,0.0,0.0,0.0,0.0,0.0,0.0,0,0.00414534249757792,303.6768493652344,-0.009367959172458584,0.0
2026-03-04,ITC,302.3626464990797,307.13268865380064,302.2652926371002,303.6768493652344,24165489,0.0,0,0.0,0.0,0.0,0.0,0.0,0.0,0.0,0.0,0.0,0,-0.009367959172458584,303.23876953125,-0.0014425855474333726,0.0
2026-03-05,ITC,303.9202168516899,305.28308178434213,300.026300067982,303.23876953125,19938009,0.0,0,0.0,0.0,0.0,0.0,0.0,0.0,0.0,0.0,0.0,0,-0.0014425855474333726,301.48651123046875,-0.005778477150167549,0.0
2026-03-06,ITC,301.8272051738374,304.0175333092302,300.9997716448259,301.48651123046875,21288269,0.0,0,0.0,0.0,0.0,0.0,0.0,0.0,0.0,0.0,0.0,0,-0.005778477150167549,297.8846435546875,-0.011947027616860173,0.0
2026-03-09,ITC,296.9111643273846,299.05283051074235,295.54829935080625,297.8846435546875,14084931,0.0,0,0.0,0.0,0.0,0.0,0.0,0.0,0.0,0.0,0.0,0,-0.011947027616860173,300.8537292480469,0.00996723314746606,1.0
2026-03-10,ITC,300.8050671722483,301.77854635403554,295.69430146786544,300.8537292480469,18352950,0.0,0,0.0,0.0,0.0,0.0,0.0,0.0,0.0,0.0,0.0,0,0.00996723314746606,300.8050842285156,-0.00016168993368581575,0.0
2026-03-11,ITC,300.85374630707344,302.41131902789596,299.53957310372596,300.8050842285156,14842485,0.0,0,0.0,0.0,0.0,0.0,0.0,0.0,0.0,0.0,0.0,0,-0.00016168993368581575,296.0350341796875,-0.015857611120709714,0.0
2026-03-12,ITC,298.9067800288785,299.83159716315987,294.8181851652266,296.0350341796875,23319679,0.0,0,0.0,0.0,0.0,0.0,0.0,0.0,0.0,0.0,0.0,0,-0.015857611120709714,293.455322265625,-0.008714211550031159,0.0
2026-03-13,ITC,295.937682389217,297.8846408259882,292.67652106597967,293.455322265625,25659996,0.0,0,0.0,0.0,0.0,0.0,0.0,0.0,0.0,0.0,0.0,0,-0.008714211550031159,300.0749816894531,0.022557639686753506,1.0
2026-03-16,ITC,294.52613802796225,301.2431686839447,293.99073631862075,300.0749816894531,37472204,0.0,0,0.0,0.0,0.0,0.0,0.0,0.0,0.0,0.0,0.0,0,0.022557639686753506,296.76513671875,-0.011030059727299979,0.0
2026-03-17,ITC,301.7298865244703,301.7298865244703,295.98633554258623,296.76513671875,25649286,0.0,0,0.0,0.0,0.0,0.0,0.0,0.0,0.0,0.0,0.0,0,-0.011030059727299979,295.986328125,-0.0026243264365924945,0.0
2026-03-18,ITC,297.7872705212262,298.8094414690324,295.45092646773946,295.986328125,16702554,0.0,0,0.0,0.0,0.0,0.0,0.0,0.0,0.0,0.0,0.0,0,-0.0026243264365924945,290.0968017578125,-0.01989796760038276,0.0
2026-03-19,ITC,293.50397895966603,297.3978957617843,289.2206764189814,290.0968017578125,17851126,-0.8797,1,0.0,0.8921,-0.8797,0.0,0.0,0.0,-0.29323333333333335,-0.17594,0.39341379996131304,0,-0.01989796760038276,291.9950866699219,0.006543625784934282,1.0
2026-03-20,ITC,293.0658899820715,300.56169141647746,290.2428063525175,291.9950866699219,58679529,-0.7477,0,0.0,0.0,-0.7477,-0.8797,0.0,0.0,-0.5424666666666668,-0.32548000000000005,0.44811863049866607,1,0.006543625784934282,282.7470397949219,-0.03167192633434346,0.0
2026-03-23,ITC,290.9729210433315,291.07027490300464,281.87088476609046,282.7470397949219,31788160,-0.6356,0,0.0,0.0,-0.6356,-0.7477,-0.8797,0.0,-0.7543333333333333,-0.4526,0.4221021618044618,0,-0.03167192633434346,283.52581787109375,0.0027543279559592015,1.0
2026-03-24,ITC,288.1011820084419,288.14984408530046,281.0921198636166,283.52581787109375,33335721,-0.5402,0,0.0,0.0,-0.5402,-0.6356,-0.7477,-0.8797,-0.6411666666666667,-0.56064,0.33806239512847336,0,0.0027543279559592015,287.8578186035156,0.015279034427797544,1.0
2026-03-25,ITC,284.9373809296547,290.58354854916115,284.49930339528424,287.8578186035156,26184716,-0.4592,0,0.0,0.0,-0.4592,-0.5402,-0.6356,-0.7477,-0.545,-0.65248,0.1665417875489513,0,0.015279034427797544,286.88433837890625,-0.0033818092186345128,0.0
2026-03-27,ITC,286.88433837890625,288.9773127628988,283.81785506545845,286.88433837890625,22179022,-0.3903,0,0.0,0.0,-0.3903,-0.4592,-0.5402,-0.6356,-0.46323333333333333,-0.5546,0.14155530721241094,0,-0.0033818092186345128,280.0699768066406,-0.023752992619853197,0.0
2026-03-30,ITC,285.813498126197,286.64096138513423,279.38852948557997,280.0699768066406,24586921,-0.3318,0,0.0,0.0,-0.3318,-0.3903,-0.4592,-0.5402,-0.39376666666666665,-0.47142,0.12032174367087631,0,-0.023752992619853197,283.9638977050781,0.013903385656813372,1.0
2026-04-01,ITC,285.22940879596706,286.64096553507443,283.1850965114152,283.9638977050781,18604340,-0.282,0,0.0,0.0,-0.282,-0.3318,-0.3903,-0.4592,-0.33469999999999994,-0.40069999999999995,0.10225893603983996,0,0.013903385656813372,285.0834045410156,0.003942426642911556,1.0
2026-04-02,ITC,282.5523525472668,285.86217605837106,280.75140999162466,285.0834045410156,18082775,-0.2397,0,0.0,0.0,-0.2397,-0.282,-0.3318,-0.3903,-0.28450000000000003,-0.34059999999999996,0.0869313809852351,0,0.003942426642911556,287.0303649902344,0.006829441553616089,1.0
2026-04-06,ITC,285.2294224223722,287.51710461894146,282.552354464483,287.0303649902344,18047063,-0.2038,0,0.0,0.0,-0.2038,-0.2397,-0.282,-0.3318,-0.24183333333333334,-0.28952,0.07387609220850891,0,0.006829441553616089,290.5348815917969,0.012209567450056191,1.0
2026-04-07,ITC,286.3489031712945,291.0702832730548,284.98603822136056,290.5348815917969,26963485,-0.1732,0,0.0,0.0,-0.1732,-0.2038,-0.2397,-0.282,-0.20556666666666668,-0.24609999999999999,0.06280517494601957,0,0.012209567450056191,294.4288024902344,0.013402593441115496,1.0
2026-04-08,ITC,295.8403295367806,296.52177687527063,293.5526474241106,294.4288024902344,22310207,-0.1472,0,0.0,0.0,-0.1472,-0.1732,-0.2038,-0.2397,-0.17473333333333332,-0.20917999999999998,0.05338363044979366,0,0.013402593441115496,294.9642028808594,0.001818437551274421,1.0
2026-04-09,ITC,293.5039840547165,296.32706784361375,293.26061425035937,294.9642028808594,17691477,-0.1251,0,0.0,0.0,-0.1251,-0.1472,-0.1732,-0.2038,-0.1485,-0.1778,0.04539388725368371,0,0.001818437551274421,296.1810607910156,0.004125442674980384,1.0
2026-04-10,ITC,294.96421173271233,297.30055598300885,294.57482597570106,296.1810607910156,17744386,-0.1064,0,0.0,0.0,-0.1064,-0.1251,-0.1472,-0.1732,-0.1262333333333333,-0.15114,0.03858429732417265,0,0.004125442674980384,290.72955322265625,-0.018405996500248656,0.0
2026-04-13,ITC,292.0437560666014,293.4553127708808,290.19415155315835,290.72955322265625,16522014,-0.0904,0,0.0,0.0,-0.0904,-0.1064,-0.1251,-0.1472,-0.10729999999999999,-0.12846,0.03278472205159234,0,-0.018405996500248656,294.0393981933594,0.011384618226851773,1.0
2026-04-15,ITC,292.725224960759,295.9376946310278,292.57917930537735,294.0393981933594,18701403,-0.0768,0,0.0,0.0,-0.0768,-0.0904,-0.1064,-0.1251,-0.09119999999999999,-0.10917999999999999,0.027874038099998555,0,0.011384618226851773,295.35357666015625,0.004469395852635616,1.0
2026-04-16,ITC,294.91552885499743,297.2518729405252,293.84469581756434,295.35357666015625,16512053,-0.0653,0,0.0,0.0,-0.0653,-0.0768,-0.0904,-0.1064,-0.0775,-0.0928,0.02369736272246716,0,0.004469395852635616,298.6634216308594,0.011206381883472227,1.0
2026-04-17,ITC,295.7916756720069,301.729905030981,295.7916756720069,298.6634216308594,35111203,-0.0555,0,0.0,0.0,-0.0555,-0.0653,-0.0768,-0.0904,-0.06586666666666667,-0.07887999999999999,0.02015829853931577,0,0.011206381883472227,296.9111633300781,-0.005867000020333912,0.0
2026-04-20,ITC,298.8581217781442,299.7829389242669,296.37576164015127,296.9111633300781,13540471,-0.0472,0,0.0,0.0,-0.0472,-0.0555,-0.0653,-0.0768,-0.055999999999999994,-0.06704,0.017108272852634304,0,-0.005867000020333912,301.4378356933594,0.015245881335384182,1.0
2026-04-21,ITC,296.91116324455527,302.849392451092,296.4730857105753,301.4378356933594,24411865,-0.0401,0,0.0,0.0,-0.0401,-0.0472,-0.0555,-0.0653,-0.047599999999999996,-0.056979999999999996,0.014532962533502482,0,0.015245881335384182,297.39788818359375,-0.013402257551621055,0.0
2026-04-22,ITC,301.77854447435044,302.3139461377078,297.0085024549496,297.39788818359375,24500511,-0.0341,0,0.0,0.0,-0.0341,-0.0401,-0.0472,-0.0555,-0.04046666666666667,-0.04844,0.012357507839373979,0,-0.013402257551621055,297.20318603515625,-0.0006546857128901795,0.0
2026-04-23,ITC,295.93767496628874,298.22535701375915,295.2075655708127,297.20318603515625,10701849,-0.029,0,0.0,0.0,-0.029,-0.0341,-0.0401,-0.0472,-0.0344,-0.04118,0.010499380934140426,0,-0.0006546857128901795,293.6013488769531,-0.012119106817976899,0.0
2026-04-24,ITC,298.5174072251711,298.5174072251711,293.114609250071,293.6013488769531,17011704,-0.0246,0,0.0,0.0,-0.0246,-0.029,-0.0341,-0.0401,-0.029233333333333333,-0.034999999999999996,0.00894175597968281,0,-0.012119106817976899,295.7916564941406,0.00746014153397323,1.0
2026-04-27,ITC,295.5969487737246,297.5439071449768,294.8181773085145,295.7916564941406,14382348,-0.0209,0,0.0,0.0,-0.0209,-0.0246,-0.029,-0.0341,-0.024833333333333332,-0.029739999999999996,0.007606773297541792,0,0.00746014153397323,296.3757629394531,0.0019747225200184015,1.0
2026-04-28,ITC,296.32707115310103,297.6899361310764,294.526128639099,296.3757629394531,12907339,-0.0178,0,0.0,0.0,-0.0178,-0.0209,-0.0246,-0.029,-0.021099999999999997,-0.025280000000000004,0.006465833279647424,0,0.0019747225200184015,307.86279296875,0.038758331367479526,1.0
2026-04-29,ITC,297.00850597252486,309.0796419528162,297.00850597252486,307.86279296875,31199038,-0.0151,0,0.0,0.0,-0.0151,-0.0178,-0.0209,-0.0246,-0.017933333333333332,-0.021480000000000003,0.005496999181389541,0,0.038758331367479526,306.548583984375,-0.004268813946959771,0.0
2026-04-30,ITC,307.86278680248944,309.07963576218305,304.99101137432183,306.548583984375,11541956,-0.0129,0,0.0,0.0,-0.0129,-0.0151,-0.0178,-0.0209,-0.015266666666666664,-0.01826,0.004639288738610501,0,-0.004268813946959771,306.548583984375,0.0,0.0
2026-05-01,ITC,306.548583984375,306.548583984375,306.548583984375,306.548583984375,0,-0.0109,0,0.0,0.0,-0.0109,-0.0129,-0.0151,-0.0178,-0.012966666666666668,-0.01552,0.0039537324138336685,0,0.0,302.8493957519531,-0.012067216831803784,0.0
2026-05-04,ITC,309.4690426623296,309.4690426623296,302.26530226968964,302.8493957519531,20245091,-0.0093,0,0.0,0.0,-0.0093,-0.0109,-0.0129,-0.0151,-0.011033333333333332,-0.0132,0.0033674916481261957,0,-0.012067216831803784,303.19012451171875,0.0011250765712100819,1.0
2026-05-05,ITC,302.8494008323303,305.38045282577866,301.4378440355334,303.19012451171875,26795704,0.0106,1,0.0,0.9508,0.0106,-0.0093,-0.0109,-0.0129,-0.0031999999999999997,-0.007520000000000001,0.010360115829478033,0,0.0011250765712100819,302.4599914550781,-0.0024081689923657335,0.0
2026-05-06,ITC,304.504273955316,305.28307511999276,301.04843476850743,302.4599914550781,20287609,0.009,0,0.0,0.0,0.009,0.0106,-0.0093,-0.0109,0.0034333333333333334,-0.0026999999999999997,0.01149586882319917,1,-0.0024081689923657335,299.24749755859375,-0.010621219292606843,0.0
2026-05-07,ITC,303.1901061095417,303.38478412292693,298.85811182359606,299.24749755859375,25718615,0.0077,0,0.0,0.0,0.0077,0.009,0.0106,-0.0093,0.009099999999999999,0.00142,0.010581446025955236,0,-0.010621219292606843,299.29620361328125,0.00016276177774199319,1.0
2026-05-08,ITC,300.70773068347654,300.70773068347654,297.59261494674206,299.29620361328125,17739844,0.0065,0,0.0,0.0,0.0065,0.0077,0.009,0.0106,0.007733333333333334,0.0049,0.008083006866272282,0,0.00016276177774199319,297.7386169433594,-0.005204164473580852,0.0
2026-05-11,ITC,298.85811207299713,299.83159126541733,297.05716962537434,297.7386169433594,14968661,0.0055,0,0.0,0.0,0.0055,0.0065,0.0077,0.009,0.006566666666666666,0.007859999999999999,0.0020156884680440326,0,-0.005204164473580852,292.7252197265625,-0.016838249832236585,0.0
2026-05-12,ITC,297.25189225671994,298.1280176321973,292.141126240168,292.7252197265625,15968338,0.0047,0,0.0,0.0,0.0047,0.0055,0.0065,0.0077,0.005566666666666667,0.00668,0.0017152259326996436,0,-0.016838249832236585,296.3757629394531,0.012470887258366758,1.0
2026-05-13,ITC,293.99072694682496,297.6899361310764,293.0659097966479,296.3757629394531,13024778,0.004,0,0.0,0.0,0.004,0.0047,0.0055,0.0065,0.004733333333333333,0.005679999999999999,0.0014635573101881181,0,0.012470887258366758,299.0528259277344,0.009032665025406006,1.0
2026-05-14,ITC,296.91115977719784,300.9997843525029,296.7651438369858,299.0528259277344,11113377,0.0034,0,0.0,0.0,0.0034,0.004,0.0047,0.0055,0.004033333333333333,0.00482,0.0012235195136183303,0,0.009032665025406006,301.2431640625,0.007324251586557251,1.0
2026-05-15,ITC,299.0528357626027,303.77418633135375,298.17668067606064,301.2431640625,11954564,0.0029,0,0.0,0.0,0.0029,0.0034,0.004,0.0047,0.0034333333333333334,0.0041,0.0010319883721266595,0,0.007324251586557251,301.924560546875,0.0022619483714945154,1.0
2026-05-18,ITC,301.24314294849347,304.01753483399096,298.371367495507,301.924560546875,14422870,0.003,1,0.0,0.9483,0.003,0.0029,0.0034,0.004,0.0031,0.0036,0.000751664819054671,0,0.0022619483714945154,302.0705871582031,0.0004836526417846265,1.0
2026-05-19,ITC,303.67685162223455,305.91584192326644,300.17232052251813,302.0705871582031,17519355,0.0026,0,0.0,0.0,0.0026,0.003,0.0029,0.0034,0.002833333333333333,0.00318,0.0005403702436333558,1,0.0004836526417846265,299.3935241699219,-0.00886237555753544,0.0
2026-05-20,ITC,300.8050809313701,301.43783648682927,298.07935098097914,299.3935241699219,12127920,0.0584,1,0.0,0.9178,0.0584,0.0026,0.003,0.0029,0.021333333333333333,0.01406,0.024788465059382106,0,-0.00886237555753544,299.8802490234375,0.0016257026763191185,1.0
2026-05-21,ITC,301.6325293694972,303.0440563532439,297.68992087203304,299.8802490234375,21868988,-0.9555,1,0.0,0.9665,-0.9555,0.0584,0.0026,0.003,-0.2981666666666667,-0.17772000000000002,0.4354575145751881,1,0.0016257026763191185,293.6986999511719,-0.02061339182022126,0.0
2026-05-22,ITC,297.7872949531656,298.8581280637695,293.01725259672514,293.6986999511719,30751752,-0.8122,0,0.0,0.0,-0.8122,-0.9555,0.0584,0.0026,-0.5697666666666668,-0.34074,0.49888793130321374,1,-0.02061339182022126,295.8890075683594,0.007457668752199664,1.0
2026-05-25,ITC,295.8890075683594,297.3978884085819,294.33143494437775,295.8890075683594,15734247,-0.6903,0,0.0,0.0,-0.6903,-0.8122,-0.9555,0.0584,-0.8193333333333334,-0.47940000000000005,0.47525222250926935,0,0.007457668752199664,293.6499938964844,-0.007567072836789035,0.0
2026-05-26,ITC,296.27839961224,296.32706168880947,293.1145922213104,293.6499938964844,37560542,-0.5868,0,0.0,0.0,-0.5868,-0.6903,-0.8122,-0.9555,-0.6964333333333333,-0.59728,0.39153256186427204,0,-0.007567072836789035,291.95001220703125,-0.005789142601012265,0.0
2026-05-27,ITC,295.6499938964844,296.3500061035156,291.04998779296875,291.95001220703125,25446093,-0.4988,0,0.0,0.0,-0.4988,-0.5868,-0.6903,-0.8122,-0.5919666666666666,-0.70872,0.1808857844055192,0,-0.005789142601012265,291.95001220703125,0.0,0.0
2026-05-28,ITC,291.95001220703125,291.95001220703125,291.95001220703125,291.95001220703125,0,-0.424,0,0.0,0.0,-0.424,-0.4988,-0.5868,-0.6903,-0.5032,-0.6024200000000001,0.1537411200687702,0,0.0,286.8999938964844,-0.017297544440469936,0.0
2026-05-29,ITC,292.0,292.3999938964844,285.8999938964844,286.8999938964844,31930439,0.0353,1,0.0,0.9125,0.0353,-0.424,-0.4988,-0.5868,-0.2958333333333334,-0.43292,0.2799880479591943,0,-0.017297544440469936,279.6499938964844,-0.025270129502393268,0.0
2026-06-01,ITC,287.79998779296875,288.54998779296875,278.29998779296875,279.6499938964844,23477875,-0.9388,1,0.0,0.9474,-0.9388,0.0353,-0.424,-0.4988,-0.44250000000000006,-0.48262,0.35031874343232056,1,-0.025270129502393268,283.25,0.012873256506660935,1.0
2026-06-02,ITC,279.5,283.6000061035156,277.1000061035156,283.25,20206131,-0.798,0,0.0,0.0,-0.798,-0.9388,0.0353,-0.424,-0.5671666666666667,-0.52486,0.3776846806530549,1,0.012873256506660935,277.0,-0.02206531332744921,0.0
2026-06-03,ITC,282.3500061035156,282.3500061035156,275.20001220703125,277.0,28001438,-0.6783,0,0.0,0.0,-0.6783,-0.798,-0.9388,0.0353,-0.8050333333333333,-0.5607599999999999,0.3830807786877332,0,-0.02206531332744921,280.29998779296875,0.011913313332017061,1.0
2026-06-04,ITC,277.0,280.6499938964844,275.04998779296875,280.29998779296875,22017634,0.0473,1,0.0,0.9209,0.0473,-0.6783,-0.798,-0.9388,-0.47633333333333344,-0.4665,0.47265538714797284,0,0.011913313332017061,280.70001220703125,0.0014271296164234393,1.0
2026-06-05,ITC,280.0,281.3999938964844,277.8500061035156,280.70001220703125,16065822,0.0402,0,0.0,0.0,0.0402,0.0473,-0.6783,-0.798,-0.19693333333333338,-0.46552,0.4739592039405924,1,0.0014271296164234393,279.45001220703125,-0.004453152638547286,0.0
2026-06-08,ITC,279.0,283.45001220703125,276.95001220703125,279.45001220703125,15779677,0.0342,0,0.0,0.0,0.0342,0.0402,0.0473,-0.6783,0.04056666666666663,-0.27092,0.42864018360391754,0,-0.004453152638547286,280.0,0.001968107958289389,1.0
2026-06-09,ITC,281.70001220703125,281.70001220703125,277.1499938964844,280.0,12302522,0.029,0,0.0,0.0,0.029,0.0342,0.0402,0.0473,0.034466666666666625,-0.10551999999999999,0.3202664937204643,0,0.001968107958289389,283.6499938964844,0.013035692487444184,1.0
2026-06-10,ITC,280.0,285.8500061035156,278.6499938964844,283.6499938964844,19823743,0.0247,0,0.0,0.0,0.0247,0.029,0.0342,0.0402,0.029299999999999965,0.03508,0.008958627126980279,0,0.013035692487444184,282.3999938964844,-0.0044068395095970825,0.0
2026-06-11,ITC,283.0,283.25,281.20001220703125,282.3999938964844,12603100,0.021,0,0.0,0.0,0.021,0.0247,0.029,0.0342,0.024899999999999964,0.029820000000000003,0.007609336370555905,0,-0.0044068395095970825,285.1000061035156,0.009560949948252961,1.0
2026-06-12,ITC,283.54998779296875,285.8500061035156,283.0,285.1000061035156,12893433,0.0178,0,0.0,0.0,0.0178,0.021,0.0247,0.029,0.02116666666666663,0.02534,0.006480586393241219,0,0.009560949948252961,287.8999938964844,0.009821072371188011,1.0
2026-06-15,ITC,287.0,288.8500061035156,286.70001220703125,287.8999938964844,11194950,0.0152,0,0.0,0.0,0.0152,0.0178,0.021,0.0247,0.017999999999999964,0.02154,0.0054797810175463944,0,0.009821072371188011,291.6499938964844,0.013025356302537316,1.0
2026-06-16,ITC,288.1499938964844,292.1499938964844,287.5,291.6499938964844,14467499,0.0129,0,0.0,0.0,0.0129,0.0152,0.0178,0.021,0.015299999999999961,0.01832,0.004670867157205457,0,0.013025356302537316,290.75,-0.003085869759365756,0.0
2026-06-17,ITC,291.95001220703125,292.3500061035156,290.0,290.75,8626353,0.011,0,0.0,0.0,0.011,0.0129,0.0152,0.0178,0.013033333333333294,0.01558,0.00395626086099736,0,-0.003085869759365756,291.1499938964844,0.0013757313722593256,1.0
2026-06-18,ITC,291.04998779296875,291.8999938964844,288.0,291.1499938964844,10409670,0.0093,0,0.0,0.0,0.0093,0.011,0.0129,0.0152,0.01106666666666663,0.013239999999999998,0.003364966567480084,0,0.0013757313722593256,292.5,0.004636806222965584,1.0
2026-06-19,ITC,289.79998779296875,294.54998779296875,288.3999938964844,292.5,13874008,0.0079,0,0.0,0.0,0.0079,0.0093,0.011,0.0129,0.009399999999999962,0.011260000000000001,0.002890155705192708,0,0.004636806222965584,291.25,-0.004273504273504258,0.0
2026-06-22,ITC,292.79998779296875,293.95001220703125,290.04998779296875,291.25,9947873,0.0067,0,0.0,0.0,0.0067,0.0079,0.0093,0.011,0.00796666666666663,0.009559999999999999,0.0024613004693164408,0,-0.004273504273504258,290.0,-0.0042918454935622075,0.0
2026-06-23,ITC,291.25,293.1499938964844,289.6499938964844,290.0,9410364,0.0057,0,0.0,0.0,0.0057,0.0067,0.0079,0.0093,0.00676666666666663,0.00812,0.002098094373534423,0,-0.0042918454935622075,290.3500061035156,0.0012069175983298042,1.0
2026-06-24,ITC,290.0,291.3999938964844,289.45001220703125,290.3500061035156,6218635,0.0049,0,0.0,0.0,0.0049,0.0057,0.0067,0.0079,0.005766666666666629,0.006900000000000001,0.0017492855685268649,0,0.0012069175983298042,290.0,-0.0012054627041779842,0.0
2026-06-25,ITC,290.3500061035156,292.25,289.20001220703125,290.0,11230239,0.0041,0,0.0,0.0,0.0041,0.0049,0.0057,0.0067,0.0048999999999999625,0.00586,0.0014926486526493689,0,-0.0012054627041779842,290.0,0.0,0.0
2026-06-26,ITC,290.0,290.0,290.0,290.0,0,0.0035,0,0.0,0.0,0.0035,0.0041,0.0049,0.0057,0.00416666666666663,0.00498,0.0012696456199489897,0,0.0,290.70001220703125,0.0024138351966593863,1.0
2026-06-29,ITC,290.45001220703125,291.8999938964844,289.3500061035156,290.70001220703125,10110022,0.003,0,0.0,0.0,0.003,0.0035,0.0041,0.0049,0.0035333333333332963,0.00424,0.0010807404870066563,0,0.0024138351966593863,286.95001220703125,-0.012899896259135013,0.0
2026-06-30,ITC,291.5,291.6000061035156,285.5,286.95001220703125,18180676,0.0025,0,0.0,0.0,0.0025,0.003,0.0035,0.0041,0.002999999999999963,0.0036,0.000938083152100682,0,-0.012899896259135013,290.29998779296875,0.011674422176084498,1.0
2026-07-01,ITC,287.8500061035156,291.0,287.1000061035156,290.29998779296875,6551425,0.0022,0,0.0,0.0,0.0022,0.0025,0.003,0.0035,0.00256666666666663,0.0030600000000000002,0.0007635443669197977,0,0.011674422176084498,289.8999938964844,-0.001377863979689975,0.0
2026-07-02,ITC,290.70001220703125,291.0,287.70001220703125,289.8999938964844,12722639,0.0018,0,0.0,0.0,0.0018,0.0022,0.0025,0.003,0.0021666666666666297,0.0026000000000000003,0.0006670832033972879,0,-0.001377863979689975,289.95001220703125,0.00017253643187298273,1.0
2026-07-03,ITC,291.29998779296875,291.6000061035156,289.0,289.95001220703125,6517591,0.0016,0,0.0,0.0,0.0016,0.0018,0.0022,0.0025,0.0018666666666666296,0.00222,0.0005585696019787051,0,0.00017253643187298273,288.25,-0.00586312169498171,0.0
2026-07-06,ITC,289.95001220703125,290.3999938964844,287.6000061035156,288.25,27126124,0.0013,0,0.0,0.0,0.0013,0.0016,0.0018,0.0022,0.0015666666666666296,0.0018800000000000002,0.00047644517024997263,0,-0.00586312169498171,288.75,0.0017346053772766545,1.0
2026-07-07,ITC,288.29998779296875,290.70001220703125,286.54998779296875,288.75,18491160,0.0011,0,0.0,0.0,0.0011,0.0013,0.0016,0.0018,0.0013333333333332964,0.0016,0.0004301162636478926,0,0.0017346053772766545,280.6499938964844,-0.02805196918966446,0.0
2026-07-08,ITC,286.8999938964844,287.8500061035156,280.0,280.6499938964844,21593793,0.001,0,0.0,0.0,0.001,0.0011,0.0013,0.0016,0.0011333333333332963,0.0013599999999999999,0.0003361547266577343,0,-0.02805196918966446,282.04998779296875,0.00498839810059204,1.0
2026-07-09,ITC,281.25,284.3999938964844,281.0,282.04998779296875,12512120,0.0008,0,0.0,0.0,0.0008,0.001,0.0011,0.0013,0.0009666666666666297,0.00116,0.0003049590140564192,0,0.00498839810059204,281.75,-0.0010635979647301008,0.0
2026-07-10,ITC,282.8500061035156,283.6499938964844,280.8500061035156,281.75,11774274,0.0007,0,0.0,0.0,0.0007,0.0008,0.001,0.0011,0.0008333333333332963,0.00098,0.00023874672825862508,0,-0.0010635979647301008,279.6499938964844,-0.007453437811945407,0.0
2026-07-13,ITC,281.3500061035156,281.5,279.5,279.6499938964844,12559492,0.0006,0,0.0,0.0,0.0006,0.0007,0.0008,0.001,0.0006999999999999629,0.0008400000000000001,0.00020736441414607966,0,-0.007453437811945407,275.54998779296875,-0.014661205767926067,0.0
2026-07-14,ITC,279.25,280.6499938964844,275.0,275.54998779296875,15018851,0.0005,0,0.0,0.0,0.0005,0.0006,0.0007,0.0008,0.000599999999999963,0.0007199999999999999,0.00019235384127722316,0,-0.014661205767926067,276.6499938964844,0.003992038295215217,1.0
2026-07-15,ITC,276.6499938964844,277.70001220703125,275.29998779296875,276.6499938964844,8523722,0.0004,0,0.0,0.0,0.0004,0.0005,0.0006,0.0007,0.000499999999999963,0.0006000000000000001,0.0001581138838118256,0,0.003992038295215217,279.3500061035156,0.009759668413517275,1.0
2026-07-16,ITC,277.0,280.45001220703125,276.0,279.3500061035156,11220653,0.0004,0,0.0,0.0,0.0004,0.0004,0.0005,0.0006,0.0004333333333332963,0.00052,0.00013038404907821493,0,0.009759668413517275,280.70001220703125,0.0048326689601552175,1.0
2026-07-17,ITC,279.3500061035156,281.95001220703125,277.79998779296875,280.70001220703125,15215868,-0.0344,1,0.0,0.9284,-0.0344,0.0004,0.0004,0.0005,-0.011200000000000036,-0.006500000000000001,0.015596794542477357,0,0.0048326689601552175,282.70001220703125,0.007125044221675703,1.0
2026-07-20,ITC,280.70001220703125,283.70001220703125,279.5,282.70001220703125,9913943,-0.0292,0,0.0,0.0,-0.0292,-0.0344,0.0004,0.0004,-0.021066666666666702,-0.012460000000000002,0.017750436614355415,1,0.007125044221675703,281.0,-0.006013484731604013,0.0
2026-07-21,ITC,283.0,283.95001220703125,278.79998779296875,281.0,9858768,0.022099999999999998,2,0.03139554108468271,0.9351,0.0221,-0.0292,-0.0344,0.0004,-0.01383333333333337,-0.00814,0.023417045074053452,0,-0.006013484731604013,280.79998779296875,-0.0007117872136342962,0.0
2026-07-22,ITC,280.5,282.20001220703125,278.5,280.79998779296875,12995017,0.0188,0,0.0,0.0,0.0188,0.0221,-0.0292,-0.0344,0.003899999999999964,-0.00446,0.026355986037336042,2,-0.0007117872136342962,281.29998779296875,0.0017806268580347062,1.0
2026-07-23,ITC,279.95001220703125,284.0,279.6499938964844,281.29998779296875,21143589,0.016,0,0.0,0.0,0.016,0.0188,0.0221,-0.0292,0.01896666666666663,-0.0013399999999999996,0.027950277279487828,0,0.0017806268580347062,283.45001220703125,0.007643172795460229,1.0
2026-07-24,ITC,279.54998779296875,284.8500061035156,279.54998779296875,283.45001220703125,24954082,0.0136,0,0.0,0.0,0.0136,0.016,0.0188,0.0221,0.016133333333333295,0.00826,0.021179660053935165,0,0.007643172795460229,285.8500061035156,0.00846707988402362,1.0
2026-07-27,ITC,287.75,287.8999938964844,285.5,285.8500061035156,19312804,0.0115,0,0.0,0.0,0.0115,0.0136,0.016,0.0188,0.013699999999999962,0.0164,0.004191061917970178,0,0.00846707988402362,284.6499938964844,-0.004198048561862455,0.0
2026-07-28,ITC,284.8999938964844,287.95001220703125,282.29998779296875,284.6499938964844,14843878,0.0098,0,0.0,0.0,0.0098,0.0115,0.0136,0.016,0.011633333333333296,0.01394,0.003573233829496604,0,-0.004198048561862455,286.25,0.005620959556730254,1.0
2026-07-29,ITC,285.6000061035156,289.04998779296875,284.1499938964844,286.25,19030590,-0.8491,1,0.0,0.917,-0.8491,0.0098,0.0115,0.0136,-0.27593333333333336,-0.15964,0.38542684519893033,0,0.005620959556730254,285.04998779296875,-0.004192182382641962,0.0
2026-07-30,ITC,286.1000061035156,288.3999938964844,283.75,285.04998779296875,18283697,-0.9594,1,0.0,0.9673,-0.9594,-0.8491,0.0098,0.0115,-0.5995666666666667,-0.35472000000000004,0.5031652382667151,1,-0.004192182382641962,281.0,-0.014207991462572012,0.0
2026-07-31,ITC,285.54998779296875,285.79998779296875,280.04998779296875,281.0,16833813,-0.6315181818181818,11,0.4546643967107647,0.9273545454545455,-0.6315,-0.9594,-0.8491,0.0098,-0.8133333333333334,-0.48374000000000006,0.4664809138646512,1,-0.014207991462572012,287.0,0.021352313167259718,1.0
2026-08-03,ITC,284.45001220703125,292.54998779296875,283.0,287.0,45392755,0.3276,6,0.47774665671253,0.745,0.3276,-0.6315,-0.9594,-0.8491,-0.42110000000000003,-0.42051999999999995,0.5620150949930083,11,0.021352313167259718,289.0,0.006968641114982521,1.0
2026-08-04,ITC,286.04998779296875,289.0,284.70001220703125,289.0,12689243,-0.10235,2,0.20145472196004738,0.7665,-0.1024,0.3276,-0.6315,-0.9594,-0.13543333333333335,-0.4429600000000001,0.5424368931037048,6,0.006968641114982521,286.95001220703125,-0.007093383366673867,0.0
2026-08-05,ITC,288.25,288.5,285.0,286.95001220703125,11771241,-0.087,0,0.0,0.0,-0.087,-0.1024,0.3276,-0.6315,0.046066666666666624,-0.29053999999999996,0.5056059908664059,2,-0.007093383366673867,285.8999938964844,-0.003659237727403508,0.0
2026-08-06,ITC,285.45001220703125,286.3500061035156,283.70001220703125,285.8999938964844,12447629,-0.0739,0,0.0,0.0,-0.0739,-0.087,-0.1024,0.3276,-0.0877666666666667,-0.11343999999999999,0.34105967659634034,0,-0.003659237727403508,286.1000061035156,0.0006995880073494831,1.0
2026-08-07,ITC,285.0,286.1000061035156,284.3999938964844,286.1000061035156,6128841,-0.0629,0,0.0,0.0,-0.0629,-0.0739,-0.087,-0.1024,-0.07460000000000004,0.00028000000000000247,0.1835713403557329,0,0.0006995880073494831,282.6499938964844,-0.012058763136771788,0.0
2026-08-10,ITC,286.1000061035156,286.1000061035156,281.3999938964844,282.6499938964844,9347929,-0.0534,0,0.0,0.0,-0.0534,-0.0629,-0.0739,-0.087,-0.06340000000000003,-0.07592,0.01939528293168949,0,-0.012058763136771788,279.0,-0.012913475943046038,0.0
2026-08-11,ITC,282.0,282.6000061035156,278.0,279.0,13053722,-0.0454,0,0.0,0.0,-0.0454,-0.0534,-0.0629,-0.0739,-0.05390000000000004,-0.06452,0.016471095895546586,0,-0.012913475943046038,276.1499938964844,-0.01021507563984092,0.0
2026-08-12,ITC,279.0,279.54998779296875,275.3999938964844,276.1499938964844,12630816,-0.0386,0,0.0,0.0,-0.0386,-0.0454,-0.0534,-0.0629,-0.04580000000000004,-0.05484,0.013992605189895728,0,-0.01021507563984092,278.5,0.008509890115719232,1.0
2026-08-13,ITC,276.20001220703125,278.5,276.04998779296875,278.5,11335590,-0.0328,0,0.0,0.0,-0.0328,-0.0386,-0.0454,-0.0534,-0.038933333333333375,-0.04662000000000001,0.011914361082336785,0,0.008509890115719232,278.20001220703125,-0.0010771554505161207,0.0
2026-08-14,ITC,278.3500061035156,278.3500061035156,275.95001220703125,278.20001220703125,7338537,-0.0279,0,0.0,0.0,-0.0279,-0.0328,-0.0386,-0.0454,-0.03310000000000004,-0.03962,0.010102078993964815,0,-0.0010771554505161207,273.04998779296875,-0.018511948914761156,0.0
2026-08-17,ITC,278.20001220703125,278.20001220703125,273.0,273.04998779296875,12795275,-0.9453,2,0.0026870057685088986,0.9554,-0.9453,-0.0279,-0.0328,-0.0386,-0.3353333333333334,-0.21800000000000003,0.40662558330729787,0,-0.018511948914761156,270.0,-0.011170071156645922,0.0
2026-08-18,ITC,273.04998779296875,273.6499938964844,269.1499938964844,270.0,14561572,-0.88915,2,0.023405234457274656,0.9024,-0.8892,-0.9453,-0.0279,-0.0328,-0.6208,-0.38676,0.48468970795757577,2,-0.011170071156645922,267.04998779296875,-0.010925971137152768,0.0
2026-08-19,ITC,270.0,270.95001220703125,265.8500061035156,267.04998779296875,13821291,-0.8021,1,0.0,0.8581,-0.8021,-0.8892,-0.9453,-0.0279,-0.8788666666666667,-0.53946,0.4675473056279974,2,-0.010925971137152768,271.6499938964844,0.017225262362048133,1.0
2026-08-20,ITC,268.20001220703125,271.6499938964844,265.0,271.6499938964844,28272797,-0.6237666666666667,3,0.35910102106974484,0.7096333333333332,-0.6238,-0.8021,-0.8892,-0.9453,-0.7717,-0.65766,0.3724763791168508,1,0.017225262362048133,269.3999938964844,-0.008282716917186406,0.0
2026-08-21,ITC,271.6000061035156,271.6000061035156,269.0,269.3999938964844,8312928,-0.7257,1,0.0,0.7907,-0.7257,-0.6238,-0.8021,-0.8892,-0.7172000000000001,-0.79722,0.12806387859189608,3,-0.008282716917186406,,,
2026-02-23,KOTAKBANK,422.2709613667453,431.05578241958824,419.6255347230468,429.95770263671875,10399627,-0.0893,1,0.0,0.6725,-0.0893,0.0,0.0,0.0,-0.0893,-0.0893,0.0,0,0.0,426.962890625,-0.0069653642517695236,0.0
2026-02-24,KOTAKBANK,430.1573572910767,431.7047042153327,425.066140816881,426.962890625,15016915,-0.0759,0,0.0,0.0,-0.0759,-0.0893,0.0,0.0,-0.0826,-0.0826,0.009475230867899748,1,-0.0069653642517695236,424.2176208496094,-0.00642976201367762,0.0
2026-02-25,KOTAKBANK,424.76666075154463,429.40864049284835,420.6737209121761,424.2176208496094,10192468,-0.0645,0,0.0,0.0,-0.0645,-0.0759,-0.0893,0.0,-0.07656666666666667,-0.07656666666666667,0.012413433583555095,0,-0.00642976201367762,423.81829833984375,-0.0009413152357176102,0.0
2026-02-26,KOTAKBANK,425.9646173005251,425.9646173005251,420.9732345361176,423.81829833984375,13417228,-0.0548,0,0.0,0.0,-0.0548,-0.0645,-0.0759,-0.0893,-0.06506666666666668,-0.071125,0.014871981486450738,0,-0.0009413152357176102,414.48443603515625,-0.02202326407625521,0.0
2026-02-27,KOTAKBANK,419.7752895678544,421.6221072796393,413.73572862213393,414.48443603515625,17806739,-0.0466,0,0.0,0.0,-0.0466,-0.0548,-0.0645,-0.0759,-0.055299999999999995,-0.06622,0.01691676683057375,0,-0.02202326407625521,412.3880310058594,-0.005057861881016534,0.0
2026-03-02,KOTAKBANK,409.29336774212993,413.8854457658916,406.39837196573063,412.3880310058594,15236666,-0.0396,0,0.0,0.0,-0.0396,-0.0466,-0.0548,-0.0645,-0.04700000000000001,-0.05628000000000001,0.014375569553934207,0,-0.005057861881016534,402.65484619140625,-0.02360200607838403,0.0
2026-03-04,KOTAKBANK,404.3019963799578,409.7925173184511,401.50683426999046,402.65484619140625,18393751,-0.0337,0,0.0,0.0,-0.0337,-0.0396,-0.0466,-0.0548,-0.03996666666666667,-0.04784,0.012200122950200143,0,-0.02360200607838403,406.5980224609375,0.00979294377511808,1.0
2026-03-05,KOTAKBANK,402.9044175427905,409.3432829452956,401.65657186808227,406.5980224609375,14963265,-0.0286,0,0.0,0.0,-0.0286,-0.0337,-0.0396,-0.0466,-0.033966666666666666,-0.04066000000000001,0.010371017307863304,0,0.00979294377511808,399.1109313964844,-0.01841398789678672,0.0
2026-03-06,KOTAKBANK,403.00423410756787,405.99906359918225,398.3123223847129,399.1109313964844,17512726,-0.0243,0,0.0,0.0,-0.0243,-0.0286,-0.0337,-0.0396,-0.028866666666666665,-0.03456,0.008830232160028425,0,-0.01841398789678672,385.68414306640625,-0.03364174537414433,0.0
2026-03-09,KOTAKBANK,389.32784630420565,393.1712170337948,384.4362974051748,385.68414306640625,20275976,0.0717,1,0.0,0.903,0.0717,-0.0243,-0.0286,-0.0337,0.006266666666666668,-0.010900000000000002,0.04652725007992629,0,-0.03364174537414433,391.1746520996094,0.01423576554003625,1.0
2026-03-10,KOTAKBANK,389.8269727333991,393.57050960343815,386.83214323736786,391.1746520996094,21346381,0.0609,0,0.0,0.0,0.0609,0.0717,-0.0243,-0.0286,0.0361,0.0092,0.052370411493514166,1,0.01423576554003625,382.5395812988281,-0.022074719704952672,0.0
2026-03-11,KOTAKBANK,388.17983764186386,390.4259598509032,379.29518255243795,382.5395812988281,29991868,0.0518,0,0.0,0.0,0.0518,0.0609,0.0717,-0.0243,0.06146666666666667,0.0263,0.04869019408464092,0,-0.022074719704952672,374.6531677246094,-0.020615941355512035,0.0
2026-03-12,KOTAKBANK,376.3502500034559,379.49481496486504,373.4053220680992,374.6531677246094,25048123,0.044,0,0.0,0.0,0.044,0.0518,0.0609,0.0717,0.05223333333333333,0.04082,0.03784200047566198,0,-0.020615941355512035,366.2177429199219,-0.02251529022407195,0.0
2026-03-13,KOTAKBANK,372.35713734889805,372.956109346477,362.77367678257895,366.2177429199219,32179473,0.0374,0,0.0,0.0,0.0374,0.044,0.0518,0.0609,0.044399999999999995,0.05316,0.01358097934612971,0,-0.02251529022407195,369.21258544921875,0.008177764696539302,1.0
2026-03-16,KOTAKBANK,366.2177558208054,372.70655334903427,363.42256322196357,369.21258544921875,27927294,0.0318,0,0.0,0.0,0.0318,0.0374,0.044,0.0518,0.03773333333333334,0.045180000000000005,0.011531348576814496,0,0.008177764696539302,373.5550842285156,0.011761513421904013,1.0
2026-03-17,KOTAKBANK,369.2125752937637,374.50342863910555,367.964729649581,373.5550842285156,15176772,0.027,0,0.0,0.0,0.027,0.0318,0.0374,0.044,0.03206666666666667,0.038400000000000004,0.009816312953446505,0,0.011761513421904013,374.75299072265625,0.0032067733641334417,1.0
2026-03-18,KOTAKBANK,374.35368621702094,376.30033757134186,370.4604139733601,374.75299072265625,15235416,0.023,0,0.0,0.0,0.023,0.027,0.0318,0.0374,0.02726666666666667,0.032639999999999995,0.008323941374132905,0,0.0032067733641334417,367.5155029296875,-0.019312688549896095,0.0
2026-03-19,KOTAKBANK,365.51894984522363,369.5120560141513,362.7237877129672,367.5155029296875,17308390,0.0195,0,0.0,0.0,0.0195,0.023,0.027,0.0318,0.02316666666666667,0.027739999999999997,0.007083643130480357,0,-0.019312688549896095,366.117919921875,-0.003802786540082037,0.0
2026-03-20,KOTAKBANK,367.96473760820606,371.95784375595656,364.7702405040128,366.117919921875,17077194,0.0166,0,0.0,0.0,0.0166,0.0195,0.023,0.027,0.019700000000000006,0.023579999999999997,0.006020132888898838,0,-0.003802786540082037,355.93548583984375,-0.027811897555312437,0.0
2026-03-23,KOTAKBANK,364.22119934703227,364.27110098771533,354.6377385322632,355.93548583984375,16980244,0.0141,0,0.0,0.0,0.0141,0.0166,0.0195,0.023,0.016733333333333333,0.02004,0.005114000391083424,0,-0.027811897555312437,366.2177429199219,0.02888797967366674,1.0
2026-03-24,KOTAKBANK,362.3743722725201,370.3106826942331,360.77712376730335,366.2177429199219,19990983,0.012,0,0.0,0.0,0.012,0.0141,0.0166,0.0195,0.014233333333333336,0.01704,0.004353504335590052,0,0.02888797967366674,370.4604187011719,0.01158511804322293,1.0
2026-03-25,KOTAKBANK,368.3141302991329,377.34852052247476,362.374372882694,370.4604187011719,42442702,0.0102,0,0.0,0.0,0.0102,0.012,0.0141,0.0166,0.012100000000000001,0.014479999999999998,0.0036846980880394188,0,0.01158511804322293,365.5189514160156,-0.013338718620685475,0.0
2026-03-27,KOTAKBANK,366.91653248814987,368.2143102776179,361.875248114207,365.5189514160156,28928069,0.0087,0,0.0,0.0,0.0087,0.0102,0.012,0.0141,0.010300000000000002,0.01232,0.003130015974400343,0,-0.013338718620685475,352.7909240722656,-0.03482179869044211,0.0
2026-03-30,KOTAKBANK,360.37783188924624,362.3244833333667,351.043940122664,352.7909240722656,39762775,0.0074,0,0.0,0.0,0.0074,0.0087,0.0102,0.012,0.008766666666666671,0.01048,0.0026527344382733277,0,-0.03482179869044211,355.43634033203125,0.0074985383105370396,1.0
2026-04-01,KOTAKBANK,363.1729833091824,363.42255243747763,354.388162179184,355.43634033203125,21245776,0.0063,0,0.0,0.0,0.0063,0.0074,0.0087,0.0102,0.00746666666666667,0.008919999999999999,0.0022554378732302276,0,0.0074985383105370396,357.38299560546875,0.005476804289676895,1.0
2026-04-02,KOTAKBANK,349.69625418438636,359.22981326793473,344.9045390549985,357.38299560546875,22056018,0.0053,0,0.0,0.0,0.0053,0.0063,0.0074,0.0087,0.006333333333333336,0.007579999999999998,0.001935716921453464,0,0.005476804289676895,359.9285888671875,0.007122871801457986,1.0
2026-04-06,KOTAKBANK,357.38299591468177,360.77713000635,349.4966174609575,359.9285888671875,18320378,0.0045,0,0.0,0.0,0.0045,0.0053,0.0063,0.0074,0.005366666666666669,0.006439999999999999,0.001666733332000432,0,0.007122871801457986,362.3244934082031,0.0066566108253760525,1.0
2026-04-07,KOTAKBANK,356.3847356284031,363.3726716211169,356.3847356284031,362.3244934082031,23655155,0.0038,0,0.0,0.0,0.0038,0.0045,0.0053,0.0063,0.004533333333333335,0.005459999999999998,0.001429335509949029,0,0.0066566108253760525,379.49481201171875,0.04738933998638384,1.0
2026-04-08,KOTAKBANK,376.35024707477993,380.4930885291585,368.8132715541026,379.49481201171875,30162218,0.0033,0,0.0,0.0,0.0033,0.0038,0.0045,0.0053,0.003866666666666669,0.004639999999999999,0.001194989539703692,0,0.04738933998638384,371.259033203125,-0.021701953618115444,0.0
2026-04-09,KOTAKBANK,376.3502495688028,378.0473318456893,368.8132739981789,371.259033203125,12422256,-0.39115,2,0.5760798946326803,0.87425,-0.3912,0.0033,0.0038,0.0045,-0.12803333333333333,-0.07486000000000001,0.17684103878907748,0,-0.021701953618115444,373.9044494628906,0.007125526985678032,1.0
2026-04-10,KOTAKBANK,372.8562713278809,378.4965274383721,371.7082594502558,373.9044494628906,23751660,-0.3325,0,0.0,0.0,-0.3325,-0.3912,0.0033,0.0038,-0.24013333333333334,-0.14242,0.2013839541770893,2,0.007125526985678032,371.259033203125,-0.007075113076524642,0.0
2026-04-13,KOTAKBANK,367.3158592120961,372.35714347258204,364.9699032875701,371.259033203125,30027087,-0.6446,1,0.0,0.6642,-0.6446,-0.3325,-0.3912,0.0033,-0.4561,-0.27224000000000004,0.277738677536997,0,-0.007075113076524642,381.7409362792969,0.02823339538902747,1.0
2026-04-15,KOTAKBANK,374.8528343640066,382.3399082860573,374.8528343640066,381.7409362792969,19100372,-0.5479,0,0.0,0.0,-0.5479,-0.6446,-0.3325,-0.3912,-0.5083333333333333,-0.38258000000000003,0.2487322194650303,1,0.02823339538902747,378.4965515136719,-0.00849891760953636,0.0
2026-04-16,KOTAKBANK,382.489657752434,385.7839886784025,377.59810870294694,378.4965515136719,12060624,-0.4657,0,0.0,0.0,-0.4657,-0.5479,-0.6446,-0.3325,-0.5527333333333333,-0.47637999999999997,0.12398006694626358,0,-0.00849891760953636,382.9388732910156,0.011736756278434068,1.0
2026-04-17,KOTAKBANK,378.6462660418718,384.5361217915114,376.0008393974469,382.9388732910156,11626179,-0.3959,0,0.0,0.0,-0.3959,-0.4657,-0.5479,-0.6446,-0.4698333333333333,-0.47732,0.12318807572163792,0,0.011736756278434068,378.5464782714844,-0.011470224952046637,0.0
2026-04-20,KOTAKBANK,383.43802725185,385.3347465954633,377.34853423079045,378.5464782714844,11146713,-0.3365,0,0.0,0.0,-0.3365,-0.3959,-0.4657,-0.5479,-0.39936666666666665,-0.47812,0.12201992460250088,0,-0.011470224952046637,381.4913635253906,0.007779454896405635,1.0
2026-04-21,KOTAKBANK,380.79258824495815,382.4896400388497,377.6979249602387,381.4913635253906,12323488,-0.286,0,0.0,0.0,-0.286,-0.3365,-0.3959,-0.4657,-0.33946666666666664,-0.4064,0.10371976667925938,0,0.007779454896405635,376.2005310058594,-0.013868813360906174,0.0
2026-04-22,KOTAKBANK,377.4483767167286,382.1402583106071,375.6015589716455,376.2005310058594,14471487,-0.2431,0,0.0,0.0,-0.2431,-0.286,-0.3365,-0.3959,-0.28853333333333336,-0.34544,0.08816914426260468,0,-0.013868813360906174,369.7616271972656,-0.017115615949232832,0.0
2026-04-23,KOTAKBANK,369.4122243125531,375.30208031632253,367.0163666909259,369.7616271972656,27628052,-0.2066,0,0.0,0.0,-0.2066,-0.2431,-0.286,-0.3365,-0.2452333333333333,-0.29362000000000005,0.07497117446058846,0,-0.017115615949232832,370.2108459472656,0.0012148874219453099,1.0
2026-04-24,KOTAKBANK,369.96127682238074,372.1574668423793,367.0163489627464,370.2108459472656,19678907,-0.1756,0,0.0,0.0,-0.1756,-0.2066,-0.2431,-0.286,-0.20843333333333333,-0.24956000000000006,0.06372560709793193,0,0.0012148874219453099,376.15057373046875,0.016044175496817248,1.0
2026-04-27,KOTAKBANK,374.35368821303865,379.7943073343939,372.60670433471114,376.15057373046875,11559552,-0.1493,0,0.0,0.0,-0.1493,-0.1756,-0.2066,-0.2431,-0.1771666666666667,-0.21212000000000003,0.05414921052056061,0,0.016044175496817248,377.2986145019531,0.0030520776828775187,1.0
2026-04-28,KOTAKBANK,371.35885715448444,382.5894677539144,371.35885715448444,377.2986145019531,12852733,-0.1269,0,0.0,0.0,-0.1269,-0.1493,-0.1756,-0.2066,-0.1506,-0.18030000000000004,0.04601679041393471,0,0.0030520776828775187,381.3416442871094,0.010715729212239955,1.0
2026-04-29,KOTAKBANK,377.3485380642077,385.3846521518042,376.89930142813813,381.3416442871094,7913344,0.6069,1,0.0,0.6821,0.6069,-0.1269,-0.1493,-0.1756,0.11023333333333334,-0.010300000000000042,0.34630556593852196,0,0.010715729212239955,382.6393737792969,0.0034030626123027208,1.0
2026-04-30,KOTAKBANK,375.95093944683924,386.18327366584316,374.65316170592797,382.6393737792969,24812228,0.5159,0,0.0,0.0,0.5159,0.6069,-0.1269,-0.1493,0.3319666666666667,0.13419999999999996,0.3916828053412608,1,0.0034030626123027208,382.6393737792969,0.0,0.0
2026-05-01,KOTAKBANK,382.6393737792969,382.6393737792969,382.6393737792969,382.6393737792969,0,0.4385,0,0.0,0.0,0.4385,0.5159,0.6069,-0.1269,0.5204333333333334,0.25701999999999997,0.3656707426087026,0,0.0,371.00946044921875,-0.030393927355699013,0.0
2026-05-04,KOTAKBANK,378.24696517794484,381.39153010501576,362.37437469345906,371.00946044921875,74467483,-0.5930333333333334,3,0.5511970095467984,0.7996,-0.593,0.4385,0.5159,0.6069,0.12046666666666668,0.16827999999999996,0.5130605441855766,0,-0.030393927355699013,370.7099914550781,-0.0008071734714744094,0.0
2026-05-05,KOTAKBANK,370.3605885804022,374.8528329162831,368.11446641246175,370.7099914550781,19084772,-0.5041,0,0.0,0.0,-0.5041,-0.593,0.4385,0.5159,-0.21953333333333333,0.09283999999999996,0.5893708832305851,3,-0.0008071734714744094,375.9509582519531,0.014137646455936181,1.0
2026-05-06,KOTAKBANK,373.35543310528345,379.3450924599137,365.01981774375986,375.9509582519531,36195481,-0.4285,0,0.0,0.0,-0.4285,-0.5041,-0.593,0.4385,-0.5085333333333333,-0.11424000000000004,0.5437276965540747,0,0.014137646455936181,378.7461242675781,0.007434921907425451,1.0
2026-05-07,KOTAKBANK,375.4518237751584,381.79088608267705,373.65490767157956,378.7461242675781,27286751,-0.3642,0,0.0,0.0,-0.3642,-0.4285,-0.5041,-0.593,-0.43226666666666663,-0.2902600000000001,0.4162474059979233,0,0.007434921907425451,380.1436767578125,0.0036899453240266666,1.0
2026-05-08,KOTAKBANK,378.3467912544696,380.8424824896574,373.35540878409404,380.1436767578125,16183126,-0.3096,0,0.0,0.0,-0.3096,-0.3642,-0.4285,-0.5041,-0.36743333333333333,-0.43988000000000005,0.11224948552220616,0,0.0036899453240266666,380.39324951171875,0.0006565221761276607,1.0
2026-05-11,KOTAKBANK,375.4517990978753,385.3347303905433,373.7547168557587,380.39324951171875,21347878,-0.2631,0,0.0,0.0,-0.2631,-0.3096,-0.3642,-0.4285,-0.3123,-0.3739,0.09544425074356226,0,0.0006565221761276607,375.35198974609375,-0.013252758223486039,0.0
2026-05-12,KOTAKBANK,379.54476351967634,380.3932742308924,373.90447653581367,375.35198974609375,13065308,-0.2237,0,0.0,0.0,-0.2237,-0.2631,-0.3096,-0.3642,-0.2654666666666667,-0.31782000000000005,0.08111964620238427,0,-0.013252758223486039,376.9991149902344,0.004388215033187537,1.0
2026-05-13,KOTAKBANK,377.2486841158025,383.33817687266134,376.2005059744088,376.9991149902344,16267456,-0.1901,0,0.0,0.0,-0.1901,-0.2237,-0.2631,-0.3096,-0.22563333333333335,-0.27014000000000005,0.06895109136192125,0,0.004388215033187537,382.5395812988281,0.014696231604515164,1.0
2026-05-14,KOTAKBANK,377.348531118611,384.3364668800667,374.95267352196544,382.5395812988281,10652514,-0.1616,0,0.0,0.0,-0.1616,-0.1901,-0.2237,-0.2631,-0.1918,-0.22962000000000002,0.05861166266196532,0,0.014696231604515164,386.3829345703125,0.010046942746251508,1.0
2026-05-15,KOTAKBANK,382.5395941444389,392.6221631382673,379.84423521708914,386.3829345703125,19461437,-0.1374,0,0.0,0.0,-0.1374,-0.1616,-0.1901,-0.2237,-0.16303333333333334,-0.19518000000000005,0.049795752830939594,0,0.010046942746251508,391.1247253417969,0.01227225725369463,1.0
2026-05-18,KOTAKBANK,381.3416277070331,392.322669342576,379.644545450093,391.1247253417969,14575831,-0.1168,0,0.0,0.0,-0.1168,-0.1374,-0.1616,-0.1901,-0.1386,-0.16592,0.04233210365668161,0,0.01227225725369463,381.291748046875,-0.025140260018921112,0.0
2026-05-19,KOTAKBANK,387.8304473935137,391.12474788808305,379.594665692107,381.291748046875,22567886,-0.0992,0,0.0,0.0,-0.0992,-0.1168,-0.1374,-0.1616,-0.11779999999999997,-0.14102000000000003,0.03598960961166491,0,-0.025140260018921112,382.5395812988281,0.0032726468861312696,1.0
2026-05-20,KOTAKBANK,375.6514488191217,383.3880919835906,375.6514488191217,382.5395812988281,12342444,-0.0844,0,0.0,0.0,-0.0844,-0.0992,-0.1168,-0.1374,-0.10013333333333334,-0.11988000000000003,0.03059202510459302,0,0.0032726468861312696,380.1936340332031,-0.006132560865100167,0.0
2026-05-21,KOTAKBANK,384.03700488284875,385.7839888631438,377.2487059947126,380.1936340332031,10133840,-0.0717,0,0.0,0.0,-0.0717,-0.0844,-0.0992,-0.1168,-0.0851,-0.10190000000000006,0.02601845498872012,0,-0.006132560865100167,383.4879150390625,0.00866474530599759,1.0
2026-05-22,KOTAKBANK,380.3433501270712,385.63420344153394,380.3433501270712,383.4879150390625,10348359,-0.0609,0,0.0,0.0,-0.0609,-0.0717,-0.0844,-0.0992,-0.07233333333333333,-0.08660000000000004,0.022125437848776224,0,0.00866474530599759,392.1729431152344,0.022647462242160188,1.0
2026-05-25,KOTAKBANK,387.63076659912866,394.46896696119046,386.58258842271005,392.1729431152344,15571552,-0.0518,0,0.0,0.0,-0.0518,-0.0609,-0.0717,-0.0844,-0.06146666666666667,-0.07360000000000004,0.01878922563598786,0,0.022647462242160188,387.98016357421875,-0.010691149439607361,0.0
2026-05-26,KOTAKBANK,392.17293714604006,394.26932393195074,386.3330134084967,387.98016357421875,15059212,-0.044,0,0.0,0.0,-0.044,-0.0518,-0.0609,-0.0717,-0.05223333333333333,-0.06256000000000005,0.01599634333215147,0,-0.010691149439607361,388.03009033203125,0.0001286837897911397,1.0
2026-05-27,KOTAKBANK,387.88032448404437,389.8269758580605,386.03353731867367,388.03009033203125,9326451,-0.0374,0,0.0,0.0,-0.0374,-0.044,-0.0518,-0.0609,-0.044399999999999995,-0.05316000000000004,0.0135809793461322,0,0.0001286837897911397,388.03009033203125,0.0,0.0
2026-05-28,KOTAKBANK,388.03009033203125,388.03009033203125,388.03009033203125,388.03009033203125,0,-0.0318,0,0.0,0.0,-0.0318,-0.0374,-0.044,-0.0518,-0.037733333333333334,-0.045180000000000047,0.01153134857681753,0,0.0,383.537841796875,-0.011577062313163133,0.0
2026-05-29,KOTAKBANK,388.1798214084353,391.8734261631799,380.5929139488522,383.537841796875,40109830,-0.027,0,0.0,0.0,-0.027,-0.0318,-0.0374,-0.044,-0.03206666666666667,-0.038400000000000045,0.009816312953450172,0,-0.011577062313163133,376.7495422363281,-0.01769916503869262,0.0
2026-06-01,KOTAKBANK,383.4879085617731,386.33300265884606,375.0025583741757,376.7495422363281,12335552,-0.023,0,0.0,0.0,-0.023,-0.027,-0.0318,-0.0374,-0.027266666666666665,-0.032640000000000044,0.00832394137413733,0,-0.01769916503869262,378.3966979980469,0.0043720179510808865,1.0
2026-06-02,KOTAKBANK,372.3571373134064,380.8923892669035,371.5585282933648,378.3966979980469,14834956,-0.0195,0,0.0,0.0,-0.0195,-0.023,-0.027,-0.0318,-0.02316666666666667,-0.02774000000000005,0.00708364313048566,0,0.0043720179510808865,380.3433532714844,0.005144482718101084,1.0
2026-06-03,KOTAKBANK,376.9492192040528,382.7891429260207,374.45352790962045,380.3433532714844,14844206,0.0585,1,0.0,0.9139,0.0585,-0.0195,-0.023,-0.027,0.005333333333333333,-0.008560000000000043,0.03776695645667099,0,0.005144482718101084,380.8424987792969,0.0013123550169054088,1.0
2026-06-04,KOTAKBANK,377.84766916897473,383.33819012123195,377.2486971539139,380.8424987792969,13889236,0.0497,0,0.0,0.0,0.0497,0.0585,-0.0195,-0.023,0.029566666666666668,0.007739999999999957,0.042517796274031974,1,0.0013123550169054088,376.79949951171875,-0.010615935145203204,0.0
2026-06-05,KOTAKBANK,380.8425073910831,383.0387280076408,374.0043068665559,376.79949951171875,10129597,0.0423,0,0.0,0.0,0.0423,0.0497,0.0585,-0.0195,0.050166666666666665,0.02159999999999996,0.03955401370278484,0,-0.010615935145203204,376.4500732421875,-0.0009273533271250134,0.0
2026-06-08,KOTAKBANK,372.3571335100725,378.24695875141794,372.0576627468611,376.4500732421875,14460894,0.0359,0,0.0,0.0,0.0359,0.0423,0.0497,0.0585,0.042633333333333336,0.03337999999999995,0.030739095627557007,0,-0.0009273533271250134,381.04217529296875,0.012198435801145324,1.0
2026-06-09,KOTAKBANK,379.0456221721567,381.7908827132733,376.64973405519595,381.04217529296875,13987913,0.0305,0,0.0,0.0,0.0305,0.0359,0.0423,0.0497,0.03623333333333333,0.04337999999999996,0.011085666421108703,0,0.012198435801145324,387.4311218261719,0.016767032490014877,1.0
2026-06-10,KOTAKBANK,379.8442142140513,390.52578511775835,379.8442142140513,387.4311218261719,21427363,0.026,0,0.0,0.0,0.026,0.0305,0.0359,0.0423,0.030799999999999998,0.036879999999999954,0.0094043606906634,0,0.016767032490014877,392.6720886230469,0.013527480116134027,1.0
2026-06-11,KOTAKBANK,385.3347498578859,399.2107878659894,383.8872366685407,392.6720886230469,16135289,0.0221,0,0.0,0.0,0.0221,0.026,0.0305,0.0359,0.0262,0.03135999999999996,0.00799237136274918,0,0.013527480116134027,402.60491943359375,0.025295484701694848,1.0
2026-06-12,KOTAKBANK,397.0644967807851,403.80286347662496,394.26933463368897,402.60491943359375,17227481,0.0188,0,0.0,0.0,0.0188,0.0221,0.026,0.0305,0.0223,0.026659999999999955,0.006766313619696594,0,0.025295484701694848,405.0506896972656,0.006074864328813323,1.0
2026-06-15,KOTAKBANK,407.29681182128,410.2916413199659,401.7563894347036,405.0506896972656,14269679,0.0159,0,0.0,0.0,0.0159,0.0188,0.0221,0.026,0.018933333333333333,0.022659999999999958,0.0057778023503829105,0,0.006074864328813323,407.1470947265625,0.005175660929904069,1.0
2026-06-16,KOTAKBANK,405.05070789032584,407.84587002865305,403.8028622098258,407.1470947265625,9079548,0.0135,0,0.0,0.0,0.0135,0.0159,0.0188,0.0221,0.016066666666666667,0.019259999999999958,0.0049540892200372385,0,0.005175660929904069,403.8028564453125,-0.008213833095127354,0.0
2026-06-17,KOTAKBANK,407.14708891430837,408.04553169844615,401.85620502552894,403.8028564453125,11654415,0.0115,0,0.0,0.0,0.0115,0.0135,0.0159,0.0188,0.013633333333333332,0.016359999999999954,0.004210463157431521,0,-0.008213833095127354,402.25555419921875,-0.003831825905628028,0.0
2026-06-18,KOTAKBANK,403.2538307645823,403.5533015481981,398.96122325452933,402.25555419921875,9342524,0.0098,0,0.0,0.0,0.0098,0.0115,0.0135,0.0159,0.0116,0.013899999999999958,0.003561600763713895,0,-0.003831825905628028,398.5619201660156,-0.009182307104636855,0.0
2026-06-19,KOTAKBANK,401.8063190152067,402.85449722664447,397.3140744547883,398.5619201660156,17504009,0.0083,0,0.0,0.0,0.0083,0.0098,0.0115,0.0135,0.009866666666666668,0.011799999999999955,0.003001666203975169,0,-0.009182307104636855,401.4569091796875,0.007263586577628933,1.0
2026-06-22,KOTAKBANK,398.56191327270693,402.405284089811,398.0627749968488,401.4569091796875,7158956,0.020399999999999998,2,0.0193747258045114,0.9380999999999999,0.0204,0.0083,0.0098,0.0115,0.012833333333333334,0.012699999999999956,0.004720699100778083,0,0.007263586577628933,400.957763671875,-0.0012433352033532907,0.0
2026-06-23,KOTAKBANK,397.31406041682766,404.30199615280196,397.31406041682766,400.957763671875,10077909,0.0173,0,0.0,0.0,0.0173,0.0204,0.0083,0.0098,0.015333333333333332,0.013459999999999955,0.005166526879837871,2,-0.0012433352033532907,405.2503662109375,0.010705872109201486,1.0
2026-06-24,KOTAKBANK,400.95775888820594,407.2469192545386,399.51027621058415,405.2503662109375,11768059,0.0147,0,0.0,0.0,0.0147,0.0173,0.0204,0.0083,0.01746666666666667,0.014099999999999956,0.005060138338038543,0,0.010705872109201486,408.29510498046875,0.007513228915742465,1.0
2026-06-25,KOTAKBANK,408.79424325061603,413.08682018788966,406.4982193939315,408.29510498046875,16587414,0.0647,1,0.0,0.8769,0.0647,0.0147,0.0173,0.0204,0.03223333333333333,0.025079999999999956,0.022591414298358814,0,0.007513228915742465,408.29510498046875,0.0,0.0
2026-06-26,KOTAKBANK,408.29510498046875,408.29510498046875,408.29510498046875,408.29510498046875,0,0.055,0,0.0,0.0,0.055,0.0647,0.0147,0.0173,0.0448,0.03441999999999996,0.02355285545321616,1,0.0,394.818359375,-0.03300736511674174,0.0
2026-06-29,KOTAKBANK,401.8062949391593,404.1522508286948,393.42077835516443,394.818359375,37210245,-0.5922333333333333,3,0.523913392969996,0.9205,-0.5922,0.055,0.0647,0.0147,-0.1575,-0.08810000000000004,0.28267439749648365,0,-0.03300736511674174,391.573974609375,-0.008217411091928195,0.0
2026-06-30,KOTAKBANK,394.81837337924236,396.3157881961042,389.2280186366283,391.573974609375,24824891,-0.5034,0,0.0,0.0,-0.5034,-0.5922,0.055,0.0647,-0.34686666666666666,-0.19224000000000002,0.3266337750447739,3,-0.008217411091928195,399.7598571777344,0.020905073113006045,1.0
2026-07-01,KOTAKBANK,396.6651937755247,400.7082016225359,392.572253821956,399.7598571777344,21723944,-0.19347499999999998,4,0.2956369888337159,0.8285,-0.1935,-0.5034,-0.5922,0.055,-0.42969999999999997,-0.23388000000000003,0.3062949836350572,0,0.020905073113006045,398.61181640625,-0.002871826049742565,0.0
2026-07-02,KOTAKBANK,399.7598588170068,404.3020049583232,396.61526329534473,398.61181640625,12980945,-0.1645,0,0.0,0.0,-0.1645,-0.1935,-0.5034,-0.5922,-0.2871333333333333,-0.2797200000000001,0.2647751442261904,4,-0.002871826049742565,396.06622314453125,-0.00638614601210008,0.0
2026-07-03,KOTAKBANK,399.31062194785756,400.75813513841166,393.8700025378249,396.06622314453125,14747410,-0.1398,0,0.0,0.0,-0.1398,-0.1645,-0.1935,-0.5034,-0.16593333333333335,-0.31868,0.21235243582309085,0,-0.00638614601210008,380.642822265625,-0.038941469829094744,0.0
2026-07-06,KOTAKBANK,389.07827098745855,389.07827098745855,380.0438807297398,380.642822265625,34164881,-0.6188333333333333,3,0.5647077326664948,0.9491999999999999,-0.6188,-0.1398,-0.1645,-0.1935,-0.30770000000000003,-0.32400000000000007,0.221072126239379,0,-0.038941469829094744,381.04217529296875,0.0010491542306427792,1.0
2026-07-07,KOTAKBANK,380.8425077948944,382.2400888864662,377.9974135047407,381.04217529296875,23216875,-0.526,0,0.0,0.0,-0.526,-0.6188,-0.1398,-0.1645,-0.4282000000000001,-0.32852000000000003,0.2258367928394307,3,0.0010491542306427792,369.462158203125,-0.030390381539629585,0.0
2026-07-08,KOTAKBANK,377.8476751518066,381.09207394769396,368.4638816505443,369.462158203125,22517529,-0.4471,0,0.0,0.0,-0.4471,-0.526,-0.6188,-0.1398,-0.5306333333333333,-0.3792400000000001,0.21620433159398056,0,-0.030390381539629585,376.5,0.019048884007778932,1.0
2026-07-09,KOTAKBANK,370.8597435066903,377.29863953014825,367.7650800654548,376.5,30720415,-0.38,0,0.0,0.0,-0.38,-0.4471,-0.526,-0.6188,-0.45103333333333334,-0.42234000000000005,0.1813673840578837,0,0.019048884007778932,376.94921875,0.0011931440903054646,1.0
2026-07-10,KOTAKBANK,376.79948336551075,380.4930881978325,376.25041300240804,376.94921875,15468937,-0.323,0,0.0,0.0,-0.323,-0.38,-0.4471,-0.526,-0.3833666666666667,-0.45898000000000005,0.11715763739509207,0,0.0011931440903054646,383.987060546875,0.018670530264562224,1.0
2026-07-13,KOTAKBANK,375.15230717775006,384.48619881106305,374.4535318868759,383.987060546875,14167721,-0.2746,0,0.0,0.0,-0.2746,-0.323,-0.38,-0.4471,-0.3258666666666667,-0.39014000000000004,0.09957719618466815,0,0.018670530264562224,377.9974060058594,-0.015598584318141206,0.0
2026-07-14,KOTAKBANK,382.8390533207743,382.8390533207743,375.4518130133178,377.9974060058594,16237528,-0.2334,0,0.0,0.0,-0.2334,-0.2746,-0.323,-0.38,-0.277,-0.33162,0.0846300892118158,0,-0.015598584318141206,377.7478332519531,-0.000660249911615507,0.0
2026-07-15,KOTAKBANK,378.69620814243245,382.1402438955259,375.6015448032169,377.7478332519531,8082156,-0.1984,0,0.0,0.0,-0.1984,-0.2334,-0.2746,-0.323,-0.23546666666666669,-0.28188,0.07192115126998393,0,-0.000660249911615507,376.5,-0.003303349859642535,0.0
2026-07-16,KOTAKBANK,376.8494028903784,380.5929400051835,375.9010279686346,376.5,10889356,-0.1686,0,0.0,0.0,-0.1686,-0.1984,-0.2334,-0.2746,-0.20013333333333336,-0.2396000000000001,0.061150306622288646,0,-0.003303349859642535,389.95001220703125,0.035723804002739,1.0
2026-07-17,KOTAKBANK,377.5,391.79998779296875,375.70001220703125,389.95001220703125,17847316,0.9189,1,0.0,0.9469,0.9189,-0.1686,-0.1984,-0.2334,0.1839666666666667,0.008779999999999965,0.5103089769933505,0,0.035723804002739,382.04998779296875,-0.02025906953906753,0.0
2026-07-20,KOTAKBANK,382.0,383.75,376.1000061035156,382.04998779296875,32539419,-0.9429666666666666,3,0.02100579285181433,0.9519333333333334,-0.943,0.9189,-0.1686,-0.1984,-0.0642333333333333,-0.12490000000000001,0.6666877529998582,1,-0.02025906953906753,385.95001220703125,0.010208152175562812,1.0
2026-07-21,KOTAKBANK,383.0,386.95001220703125,381.04998779296875,385.95001220703125,17152911,-0.8015,0,0.0,0.0,-0.8015,-0.943,0.9189,-0.1686,-0.27519999999999994,-0.23852,0.7347377130650093,3,0.010208152175562812,381.1499938964844,-0.012436891200231504,0.0
2026-07-22,KOTAKBANK,384.29998779296875,390.0,378.1499938964844,381.1499938964844,11688952,-0.6813,0,0.0,0.0,-0.6813,-0.8015,-0.943,0.9189,-0.8085999999999999,-0.3351,0.759467586536779,0,-0.012436891200231504,383.3500061035156,0.005772037891278892,1.0
2026-07-23,KOTAKBANK,379.70001220703125,386.1000061035156,378.8500061035156,383.3500061035156,12720546,-0.5791,0,0.0,0.0,-0.5791,-0.6813,-0.8015,-0.943,-0.6872999999999999,-0.41719999999999996,0.7591567295361347,0,0.005772037891278892,384.75,0.003651999150109164,1.0
2026-07-24,KOTAKBANK,378.6000061035156,386.5,378.6000061035156,384.75,13308317,-0.4922,0,0.0,0.0,-0.4922,-0.5791,-0.6813,-0.8015,-0.5841999999999999,-0.69942,0.17853354586743592,0,0.003651999150109164,384.6499938964844,-0.00025992489542725483,0.0
2026-07-27,KOTAKBANK,386.0,388.75,383.54998779296875,384.6499938964844,16710096,-0.4184,0,0.0,0.0,-0.4184,-0.4922,-0.5791,-0.6813,-0.49656666666666666,-0.5945,0.15173735532162097,0,-0.00025992489542725483,385.29998779296875,0.0016898320727889438,1.0
2026-07-28,KOTAKBANK,383.04998779296875,387.29998779296875,383.04998779296875,385.29998779296875,14247981,-0.3556,0,0.0,0.0,-0.3556,-0.4184,-0.4922,-0.5791,-0.42206666666666665,-0.50532,0.1289920036281314,0,0.0016898320727889438,390.20001220703125,0.012717426860380243,1.0
2026-07-29,KOTAKBANK,387.0,392.25,385.1499938964844,390.20001220703125,9190194,-0.3023,0,0.0,0.0,-0.3023,-0.3556,-0.4184,-0.4922,-0.3587666666666667,-0.42952,0.10963086700377718,0,0.012717426860380243,389.3999938964844,-0.002050277512862797,0.0
2026-07-30,KOTAKBANK,385.70001220703125,390.20001220703125,385.70001220703125,389.3999938964844,12205963,-0.2569,0,0.0,0.0,-0.2569,-0.3023,-0.3556,-0.4184,-0.30493333333333333,-0.36508,0.09318882443726767,0,-0.002050277512862797,390.29998779296875,0.0023112324360323733,1.0
2026-07-31,KOTAKBANK,390.20001220703125,391.8500061035156,388.0,390.29998779296875,7014637,-0.2184,0,0.0,0.0,-0.2184,-0.2569,-0.3023,-0.3556,-0.25920000000000004,-0.31032000000000004,0.07921311128847235,0,0.0023112324360323733,397.5,0.018447380046679562,1.0
2026-08-03,KOTAKBANK,392.0,397.5,391.04998779296875,397.5,11247062,-0.1856,0,0.0,0.0,-0.1856,-0.2184,-0.2569,-0.3023,-0.22030000000000002,-0.2637600000000001,0.06733032749066291,0,0.018447380046679562,398.0,0.0012578616352201255,1.0
2026-08-04,KOTAKBANK,395.5,398.25,392.1000061035156,398.0,9131231,-0.1578,0,0.0,0.0,-0.1578,-0.1856,-0.2184,-0.2569,-0.18726666666666666,-0.22420000000000004,0.05723080464225473,0,0.0012578616352201255,400.0,0.005025125628140614,1.0
2026-08-05,KOTAKBANK,397.0,400.0,393.8500061035156,400.0,11842327,-0.1341,0,0.0,0.0,-0.1341,-0.1578,-0.1856,-0.2184,-0.15916666666666665,-0.19056000000000003,0.04863540891161431,0,0.005025125628140614,394.0,-0.015000000000000013,0.0
2026-08-06,KOTAKBANK,397.25,398.79998779296875,393.75,394.0,10378024,-0.114,0,0.0,0.0,-0.114,-0.1341,-0.1578,-0.1856,-0.1353,-0.16198000000000004,0.04134600343443049,0,-0.015000000000000013,390.75,-0.008248730964466988,0.0
2026-08-07,KOTAKBANK,393.0,394.8500061035156,387.75,390.75,7315232,-0.0969,0,0.0,0.0,-0.0969,-0.114,-0.1341,-0.1578,-0.11499999999999999,-0.13768000000000005,0.035134413329383225,0,-0.008248730964466988,393.5,0.00703774792066536,1.0
2026-08-10,KOTAKBANK,388.0,393.5,386.5,393.5,11662079,-0.0824,0,0.0,0.0,-0.0824,-0.0969,-0.114,-0.1341,-0.09776666666666667,-0.11704000000000006,0.02986307084008518,0,0.00703774792066536,392.8999938964844,-0.001524793147434922,0.0
2026-08-11,KOTAKBANK,392.1000061035156,392.8999938964844,388.29998779296875,392.8999938964844,7853813,-0.07,0,0.0,0.0,-0.07,-0.0824,-0.0969,-0.114,-0.08310000000000001,-0.09948000000000004,0.025381233224568683,0,-0.001524793147434922,390.5,-0.006108409095869516,0.0
2026-08-12,KOTAKBANK,391.0,394.25,387.5,390.5,10733474,-0.0595,0,0.0,0.0,-0.0595,-0.07,-0.0824,-0.0969,-0.07063333333333334,-0.08456000000000004,0.021585017952273106,0,-0.006108409095869516,392.3999938964844,0.0048655413482314724,1.0
2026-08-13,KOTAKBANK,390.3999938964844,392.3999938964844,388.54998779296875,392.3999938964844,5726518,-0.0506,0,0.0,0.0,-0.0506,-0.0595,-0.07,-0.0824,-0.060033333333333334,-0.07188000000000004,0.018346034993969536,0,0.0048655413482314724,391.1499938964844,-0.0031855250240644395,0.0
2026-08-14,KOTAKBANK,393.1000061035156,394.3500061035156,389.8500061035156,391.1499938964844,9519332,0.0565,1,0.0,0.9006,0.0565,-0.0506,-0.0595,-0.07,-0.017866666666666666,-0.04120000000000005,0.05589145730789242,0,-0.0031855250240644395,392.70001220703125,0.003962721039840078,1.0
2026-08-17,KOTAKBANK,389.0,396.3500061035156,389.0,392.70001220703125,5105327,0.9175,1,0.0,0.9438,0.9175,0.0565,-0.0506,-0.0595,0.3078,0.15877999999999995,0.42718370404312006,1,0.003962721039840078,387.6499938964844,-0.012859735557849916,0.0
2026-08-18,KOTAKBANK,391.0,392.8999938964844,387.6499938964844,387.6499938964844,5653147,0.7799,0,0.0,0.0,0.7799,0.9175,0.0565,-0.0506,0.5846333333333333,0.32875999999999994,0.4793035134442476,1,-0.012859735557849916,390.25,0.006707096980401062,1.0
2026-08-19,KOTAKBANK,387.0,393.1000061035156,386.75,390.25,6704930,0.6629,0,0.0,0.0,0.6629,0.7799,0.9175,0.0565,0.7867666666666667,0.47324,0.44030069043779624,0,0.006707096980401062,397.3500061035156,0.01819348136711252,1.0
2026-08-20,KOTAKBANK,393.6000061035156,399.54998779296875,393.1499938964844,397.3500061035156,9258923,0.5635,0,0.0,0.0,0.5635,0.6629,0.7799,0.9175,0.6687666666666666,0.5960599999999999,0.329307436903572,0,0.01819348136711252,402.79998779296875,0.013715821330661626,1.0
2026-08-21,KOTAKBANK,398.8999938964844,406.0,398.29998779296875,402.79998779296875,15670257,0.4789,0,0.0,0.0,0.4789,0.5635,0.6629,0.7799,0.5684333333333333,0.6805399999999999,0.17370281517580557,0,0.013715821330661626,,,
2026-02-23,LT,4353.08189805949,4388.733673664306,4329.413177077925,4375.3642578125,2122782,0.4852,1,0.0,0.5092,0.4852,0.0,0.0,0.0,0.4852,0.4852,0.0,0,0.0,4218.00146484375,-0.035965643931877955,0.0
2026-02-24,LT,4372.789400346814,4397.052414797838,4187.202194686123,4218.00146484375,3673070,0.4124,0,0.0,0.0,0.4124,0.4852,0.0,0.0,0.4488,0.4488,0.05147737367038066,1,-0.035965643931877955,4256.9208984375,0.00922698437118541,1.0
2026-02-25,LT,4228.69657702178,4302.871977644797,4213.049602782989,4256.9208984375,2481469,0.3506,0,0.0,0.0,0.3506,0.4124,0.4852,0.0,0.41606666666666664,0.41606666666666664,0.06737487167582087,0,0.00922698437118541,4245.037109375,-0.0027916396254537013,0.0
2026-02-26,LT,4263.2590312828725,4298.0196091654025,4236.9162337408725,4245.037109375,2370148,0.018250000000000002,2,0.05381082604829627,0.8867499999999999,0.0183,0.3506,0.4124,0.4852,0.26043333333333335,0.316625,0.20635122768393374,0,-0.0027916396254537013,4236.91650390625,-0.0019129645417741425,0.0
2026-02-27,LT,4247.414068535446,4263.061527830492,4213.247781445278,4236.91650390625,2357853,0.0155,0,0.0,0.0,0.0155,0.0183,0.3506,0.4124,0.12813333333333335,0.2564,0.2237652229458367,2,-0.0019129645417741425,4027.36328125,-0.04945889834341821,0.0
2026-03-02,LT,4021.718464978784,4101.340669322136,3936.946366148908,4027.36328125,6542141,-0.3548,2,0.8294362543318203,0.7182999999999999,-0.3548,0.0155,0.0183,0.3506,-0.107,0.08839999999999999,0.3083745693146567,0,-0.04945889834341821,3845.044189453125,-0.04527008840888258,0.0
2026-03-04,LT,3911.7921409181713,3920.705085036719,3723.629987304386,3845.044189453125,7635350,-0.9511,1,0.0,0.9602,-0.9511,-0.3548,0.0155,0.0183,-0.4301333333333333,-0.1843,0.49601847243827524,2,-0.04527008840888258,3999.634033203125,0.04020495893754261,1.0
2026-03-05,LT,3886.2415796070422,4033.5031718602877,3871.089526534894,3999.634033203125,4996312,0.08586666666666669,3,0.4492562334941312,0.5561666666666666,0.0859,-0.9511,-0.3548,0.0155,-0.4066666666666667,-0.23723999999999998,0.43503278956878644,1,0.04020495893754261,3911.593994140625,-0.022012023683074977,0.0
2026-03-06,LT,3976.1632721469473,3976.1632721469473,3902.8790673801045,3911.593994140625,2379314,0.073,0,0.0,0.0,0.073,0.0859,-0.9511,-0.3548,-0.2640666666666666,-0.2263,0.4436676289746639,3,-0.022012023683074977,3804.93603515625,-0.02726713435600514,0.0
2026-03-09,LT,3812.759522920217,3814.7401772178378,3706.794517997499,3804.93603515625,4248784,0.062,0,0.0,0.0,0.062,0.073,0.0859,-0.9511,0.07363333333333337,-0.217,0.45043896922890675,0,-0.02726713435600514,3838.5078125,0.008823217271869632,1.0
2026-03-10,LT,3897.9274380804954,3933.5792134287926,3813.7496351747936,3838.5078125,3330102,0.0527,0,0.0,0.0,0.0527,0.062,0.073,0.0859,0.0625666666666667,-0.1355,0.4561028009122505,0,0.008823217271869632,3801.667724609375,-0.009597502386384682,0.0
2026-03-11,LT,3842.1720063386033,3859.007567059743,3794.933451965104,3801.667724609375,2066473,0.0448,0,0.0,0.0,0.0448,0.0527,0.062,0.073,0.0531666666666667,0.06368000000000003,0.0162821067432942,0,-0.009597502386384682,3683.521728515625,-0.031077412507398927,0.0
2026-03-12,LT,3788.0012398366084,3792.952875444238,3669.0628558297135,3683.521728515625,4255443,0.0381,0,0.0,0.0,0.0381,0.0448,0.0527,0.062,0.04520000000000004,0.05412000000000002,0.013820889985815921,0,-0.031077412507398927,3405.73486328125,-0.07541339123478352,0.0
2026-03-13,LT,3660.2489254688862,3661.239252559111,3391.3751204729983,3405.73486328125,10778730,0.0324,0,0.0,0.0,0.0324,0.0381,0.0448,0.0527,0.03843333333333337,0.04600000000000002,0.01172284095260305,0,-0.07541339123478352,3435.8408203125,0.008839782966030496,1.0
2026-03-16,LT,3420.0947157845285,3460.995274278437,3363.7451992550614,3435.8408203125,8459233,0.0275,0,0.0,0.0,0.0275,0.0324,0.0381,0.0448,0.032666666666666705,0.03910000000000002,0.00997371545613907,0,0.008839782966030496,3508.531005859375,0.02115644738753164,1.0
2026-03-17,LT,3444.3577594550566,3515.6613128422805,3416.6285998044696,3508.531005859375,5003418,0.0234,0,0.0,0.0,0.0234,0.0275,0.0324,0.0381,0.027766666666666703,0.03324000000000002,0.008481332442489654,0,0.02115644738753164,3573.001220703125,0.018375272937899867,1.0
2026-03-18,LT,3534.477591355991,3603.602474645025,3520.613011283426,3573.001220703125,4190485,0.0199,0,0.0,0.0,0.0199,0.0234,0.0275,0.0324,0.023600000000000038,0.028260000000000025,0.007212003882419061,0,0.018375272937899867,3401.278564453125,-0.04806118040346119,0.0
2026-03-19,LT,3492.586678462303,3494.171298598927,3388.899475195398,3401.278564453125,4898518,0.0169,0,0.0,0.0,0.0169,0.0199,0.0234,0.0275,0.020066666666666705,0.02402000000000002,0.006131639258797576,0,-0.04806118040346119,3401.57568359375,8.73551327815747e-05,1.0
2026-03-20,LT,3441.3867859706,3489.9128154706173,3377.0155223481283,3401.57568359375,4743217,0.0144,0,0.0,0.0,0.0144,0.0169,0.0199,0.0234,0.017066666666666702,0.02042000000000002,0.005193938775152028,0,8.73551327815747e-05,3310.0693359375,-0.026901164686000456,0.0
2026-03-23,LT,3372.16304103714,3376.916417885746,3256.294765660181,3310.0693359375,5645839,0.0122,0,0.0,0.0,0.0122,0.0144,0.0169,0.0199,0.014500000000000035,0.01736000000000002,0.004430914126907425,0,-0.026901164686000456,3482.782470703125,0.0521781017969849,1.0
2026-03-24,LT,3406.72529938431,3512.789430852937,3357.7041068495646,3482.782470703125,6037848,0.0104,0,0.0,0.0,0.0104,0.0122,0.0144,0.0169,0.01233333333333337,0.014760000000000023,0.0037647045036799153,0,0.0521781017969849,3614.000732421875,0.0376762725845059,1.0
2026-03-25,LT,3535.3686156571594,3624.5971840303014,3511.6998946916524,3614.000732421875,5090205,0.5297,1,0.0,0.6223,0.5297,0.0104,0.0122,0.0144,0.1841,0.11672000000000002,0.23087565267909912,0,0.0376762725845059,3529.625,-0.023346905180434696,0.0
2026-03-27,LT,3604.7907320135955,3604.7907320135955,3512.6903094648965,3529.625,3991388,0.4502,0,0.0,0.0,0.4502,0.5297,0.0104,0.0122,0.3301,0.20337999999999998,0.26311089297100565,1,-0.023346905180434696,3470.205322265625,-0.016834558270177435,0.0
2026-03-30,LT,3466.144884403692,3509.3232431038955,3457.33106983784,3470.205322265625,3549203,0.0021,1,0.0,0.9412,0.0021,0.4502,0.5297,0.0104,0.32733333333333337,0.20092,0.2653673435070713,0,-0.016834558270177435,3572.60498046875,0.02950824193199919,1.0
2026-04-01,LT,3619.6455172871188,3647.2755464119623,3562.503692497252,3572.60498046875,4099786,0.0018,0,0.0,0.0,0.0018,0.0021,0.4502,0.5297,0.1513666666666667,0.19884,0.2672504499528485,1,0.02950824193199919,3578.151123046875,0.0015524085669826881,1.0
2026-04-02,LT,3505.0649310073672,3593.8972280231887,3436.435211143694,3578.151123046875,4121638,0.0015,0,0.0,0.0,0.0015,0.0018,0.0021,0.4502,0.001800000000000037,0.19706,0.26884419837519274,0,0.0015524085669826881,3691.642333984375,0.031717836121147425,1.0
2026-04-06,LT,3581.61713670185,3700.8524244991,3542.4000862813164,3691.642333984375,3353246,0.0013,0,0.0,0.0,0.0013,0.0015,0.0018,0.0021,0.0015333333333333702,0.09138000000000002,0.20058670693742398,0,0.031717836121147425,3687.284912109375,-0.0011803477912490923,0.0
2026-04-07,LT,3644.4037006454223,3700.060034891855,3622.616504608955,3687.284912109375,3083714,0.0011,0,0.0,0.0,0.0011,0.0013,0.0015,0.0018,0.001300000000000037,0.001560000000000022,0.0003974921383091322,0,-0.0011803477912490923,3967.1513671875,0.07590041500699285,1.0
2026-04-08,LT,3909.811522872209,3992.9990020822556,3892.975961603509,3967.1513671875,7368477,0.0009,0,0.0,0.0,0.0009,0.0011,0.0013,0.0015,0.001100000000000037,0.0013200000000000221,0.0003492849839566225,0,0.07590041500699285,3858.512451171875,-0.027384615801197443,0.0
2026-04-09,LT,3949.424528544847,3949.424528544847,3848.015128836471,3858.512451171875,4415151,0.0008,0,0.0,0.0,0.0008,0.0009,0.0011,0.0013,0.0009333333333333703,0.0011200000000000222,0.0002863564212962367,0,-0.027384615801197443,3921.59619140625,0.016349238477956884,1.0
2026-04-10,LT,3893.9661619938656,3926.646956334099,3877.7248942455017,3921.59619140625,2822017,0.0007,0,0.0,0.0,0.0007,0.0008,0.0009,0.0011,0.0008000000000000371,0.0009600000000000221,0.00024083189161237667,0,0.016349238477956884,3916.050537109375,-0.001414131906040672,0.0
2026-04-13,LT,3788.0011935064013,3933.2821321015367,3778.6922153895466,3916.050537109375,4897563,0.0006,0,0.0,0.0,0.0006,0.0007,0.0008,0.0009,0.000700000000000037,0.0008200000000000223,0.00019235384066246857,0,-0.001414131906040672,4036.87060546875,0.030852530429435587,1.0
2026-04-15,LT,4006.2693514998937,4064.302619137815,3992.107866693713,4036.87060546875,4562142,0.0005,0,0.0,0.0,0.0005,0.0006,0.0007,0.0008,0.000600000000000037,0.0007000000000000221,0.0001581138830641008,0,0.030852530429435587,4079.949462890625,0.010671349575464673,1.0
2026-04-16,LT,4088.0703386726873,4108.867208128145,4049.447581112553,4079.949462890625,5092608,0.0004,0,0.0,0.0,0.0004,0.0005,0.0006,0.0007,0.000500000000000037,0.0006000000000000222,0.00015811388306411614,0,0.010671349575464673,4056.47900390625,-0.005752634731839623,0.0
2026-04-17,LT,4094.0123049589974,4102.826119595728,4033.4043337058415,4056.47900390625,2796673,0.0004,0,0.0,0.0,0.0004,0.0004,0.0005,0.0006,0.00043333333333337034,0.0005200000000000222,0.00013038404817161057,0,-0.005752634731839623,4011.815185546875,-0.0110104892238726,0.0
2026-04-20,LT,4060.3412146981454,4090.051028464229,3985.0763531573994,4011.815185546875,3545024,0.0003,0,0.0,0.0,0.0003,0.0004,0.0004,0.0005,0.0003666666666667037,0.00044000000000002224,0.00011401754258718586,0,-0.0110104892238726,4035.97900390625,0.006023163391581043,1.0
2026-04-21,LT,3999.931193844929,4052.220513563709,3992.9989040809,4035.97900390625,2426718,0.0003,0,0.0,0.0,0.0003,0.0003,0.0004,0.0004,0.00033333333333337035,0.00038000000000002225,8.366600275872904e-05,0,0.006023163391581043,3982.20458984375,-0.013323759615809228,0.0
2026-04-22,LT,4030.6314906487546,4030.6314906487546,3972.202188941561,3982.20458984375,2178082,0.0002,0,0.0,0.0,0.0002,0.0003,0.0003,0.0004,0.00026666666666670365,0.0003200000000000222,8.36660027587464e-05,0,-0.013323759615809228,4014.88525390625,0.008206676308356586,1.0
2026-04-23,LT,3971.1126019970075,4024.6893956337844,3940.0164272955244,4014.88525390625,2229134,0.0002,0,0.0,0.0,0.0002,0.0002,0.0003,0.0003,0.00023333333333337038,0.0002800000000000222,8.366600275875798e-05,0,0.008206676308356586,3975.47021484375,-0.009817226787279032,0.0
2026-04-24,LT,4032.6120414365805,4048.5564048149936,3944.670944632933,3975.47021484375,2162213,0.0002,0,0.0,0.0,0.0002,0.0002,0.0002,0.0003,0.0002,0.00024000000000002218,5.477225591145972e-05,0,-0.009817226787279032,4014.39013671875,0.009790017223542336,1.0
2026-04-27,LT,4018.7474793637457,4049.942783848703,3991.2163368910456,4014.39013671875,2000348,0.0001,0,0.0,0.0,0.0001,0.0002,0.0002,0.0002,0.0001666666666667037,0.0002000000000000222,7.071067824333445e-05,0,0.009790017223542336,3998.643798828125,-0.003922473241102509,0.0
2026-04-28,LT,4020.728142151919,4048.3581723284724,3984.977236097506,3998.643798828125,1750237,0.2178,1,0.0,0.7645,0.2178,0.0001,0.0002,0.0002,0.07270000000000003,0.043700000000000024,0.09732486835336596,0,-0.003922473241102509,4056.47900390625,0.01446370519301432,1.0
2026-04-29,LT,4020.7280982422662,4086.089688016648,4012.112300673278,4056.47900390625,2175030,0.1851,0,0.0,0.0,0.1851,0.2178,0.0001,0.0002,0.13433333333333336,0.08068000000000002,0.1108519598383358,1,0.01446370519301432,3975.173095703125,-0.02004346827010084,0.0
2026-04-30,LT,4043.5056676023564,4060.341228794921,3951.40524460774,3975.173095703125,2569328,0.1574,0,0.0,0.0,0.1574,0.1851,0.2178,0.0001,0.18676666666666672,0.11212000000000003,0.10442603602550474,0,-0.02004346827010084,3975.173095703125,0.0,0.0
2026-05-01,LT,3975.173095703125,3975.173095703125,3975.173095703125,3975.173095703125,0,0.1338,0,0.0,0.0,0.1338,0.1574,0.1851,0.2178,0.1587666666666667,0.13884000000000002,0.08365603982976969,0,0.0,4061.13330078125,0.02162426717242627,1.0
2026-05-04,LT,3987.0570248896283,4099.459154130804,3987.0570248896283,4061.13330078125,2173027,0.1137,0,0.0,0.0,0.1137,0.1338,0.1574,0.1851,0.1349666666666667,0.16156000000000004,0.041217629723214466,0,0.02162426717242627,4015.28125,-0.011290456969838769,0.0
2026-05-05,LT,4045.486226723394,4050.4378622518193,3985.0762732766066,4015.28125,3849402,-0.6163666666666666,3,0.5855793057591203,0.9453666666666667,-0.6164,0.1137,0.1338,0.1574,-0.1229666666666666,-0.005279999999999974,0.3426647297286372,0,-0.011290456969838769,3969.726318359375,-0.011345389975017328,0.0
2026-05-06,LT,3935.5600322215682,3982.1054075397396,3862.2758242738087,3969.726318359375,9540104,-0.387,2,0.572049385979917,0.88005,-0.387,-0.6164,0.1137,0.1338,-0.2965666666666666,-0.11969999999999996,0.35835820068752433,3,-0.011345389975017328,3984.0859375,0.0036172818952817654,1.0
2026-05-07,LT,3989.0375730176484,4026.471985886887,3952.3954701870493,3984.0859375,3477185,-0.329,0,0.0,0.0,-0.329,-0.387,-0.6164,0.1137,-0.44413333333333327,-0.21697999999999995,0.32916086037073117,2,0.0036172818952817654,3936.05517578125,-0.012055654037645858,0.0
2026-05-08,LT,3971.21178887478,3975.173097392361,3921.6954324050193,3936.05517578125,1620273,-0.2796,0,0.0,0.0,-0.2796,-0.329,-0.387,-0.6164,-0.3318666666666666,-0.2996599999999999,0.2646139792225648,0,-0.012055654037645858,3902.0869140625,-0.008630026816635716,0.0
2026-05-11,LT,3909.811514041804,3915.258313263493,3848.510361331151,3902.0869140625,2027769,-0.2377,0,0.0,0.0,-0.2377,-0.2796,-0.329,-0.387,-0.28209999999999996,-0.36994,0.1486256976434424,0,-0.008630026816635716,3819.196533203125,-0.02124257677619923,0.0
2026-05-12,LT,3887.133070256449,3901.8888476132015,3809.788425575631,3819.196533203125,2255075,-0.202,0,0.0,0.0,-0.202,-0.2377,-0.2796,-0.329,-0.2397666666666666,-0.28706,0.07327044424595758,0,-0.02124257677619923,3877.923095703125,0.015376679882652233,1.0
2026-05-13,LT,3810.7788666919755,3914.7632172643916,3810.7788666919755,3877.923095703125,2486330,-0.1717,0,0.0,0.0,-0.1717,-0.202,-0.2377,-0.2796,-0.2037999999999999,-0.24399999999999994,0.06229634820757941,0,0.015376679882652233,3902.284912109375,0.0062821814164504275,1.0
2026-05-14,LT,3903.86953222323,3949.424580037098,3887.0339710746266,3902.284912109375,2982228,-0.146,0,0.0,0.0,-0.146,-0.1717,-0.202,-0.2377,-0.17323333333333324,-0.20739999999999997,0.05292574987659586,0,0.0062821814164504275,3871.188720703125,-0.007968713742493194,0.0
2026-05-15,LT,3911.197839728613,3911.197839728613,3855.3434867478295,3871.188720703125,1339185,-0.9507,1,0.0,0.962,-0.9507,-0.146,-0.1717,-0.202,-0.4227999999999999,-0.34162,0.34220299092789935,0,-0.007968713742493194,3879.903564453125,0.0022512061226549474,1.0
2026-05-18,LT,3836.4280596540248,3886.7367247380407,3814.7399928548766,3879.903564453125,1771638,0.0558,1,0.0,0.9234,0.0558,-0.9507,-0.146,-0.1717,-0.3469666666666666,-0.28291999999999995,0.3867578014727046,1,0.0022512061226549474,3883.07275390625,0.0008168217071580219,1.0
2026-05-19,LT,3902.780167473302,3921.695512743879,3862.2758837629112,3883.07275390625,2318170,0.0474,0,0.0,0.0,0.0474,0.0558,-0.9507,-0.146,-0.2824999999999999,-0.23303999999999997,0.41486430673173125,1,0.0008168217071580219,3872.872314453125,-0.0026268988761191103,0.0
2026-05-20,LT,3863.8604825083903,3905.3550931385853,3845.5394303407566,3872.872314453125,1972259,0.0403,0,0.0,0.0,0.0403,0.0474,0.0558,-0.9507,0.047833333333333415,-0.19063999999999998,0.43313188868980773,0,-0.0026268988761191103,3890.5,0.004551579322946031,1.0
2026-05-21,LT,3931.5985745195367,3931.5985745195367,3874.8527835138552,3890.5,1624945,0.0343,0,0.0,0.0,0.0343,0.0403,0.0474,0.0558,0.04066666666666674,-0.15458,0.44511700371924684,0,0.004551579322946031,3926.60009765625,0.009279038081544844,1.0
2026-05-22,LT,3907.0,3960.0,3900.10009765625,3926.60009765625,1330428,0.0291,0,0.0,0.0,0.0291,0.0343,0.0403,0.0474,0.03456666666666674,0.04138000000000002,0.010562528106472017,0,0.009279038081544844,4033.39990234375,0.027199053132823003,1.0
2026-05-25,LT,3970.0,4038.39990234375,3961.5,4033.39990234375,2099927,0.0248,0,0.0,0.0,0.0248,0.0291,0.0343,0.0403,0.029400000000000075,0.035180000000000024,0.008958627126965987,0,0.027199053132823003,4037.800048828125,0.0010909274039050398,1.0
2026-05-26,LT,4029.60009765625,4052.89990234375,4014.199951171875,4037.800048828125,1552847,0.021,0,0.0,0.0,0.021,0.0248,0.0291,0.0343,0.024966666666666738,0.029900000000000027,0.00763838988269193,0,0.0010909274039050398,4047.5,0.0024022861594372724,1.0
2026-05-27,LT,4043.0,4069.89990234375,4017.89990234375,4047.5,1607028,0.0179,0,0.0,0.0,0.0179,0.021,0.0248,0.0291,0.02123333333333341,0.02542000000000002,0.006497461042592719,0,0.0024022861594372724,4047.5,0.0,0.0
2026-05-28,LT,4047.5,4047.5,4047.5,4047.5,0,0.0152,0,0.0,0.0,0.0152,0.0179,0.021,0.0248,0.018033333333333405,0.021600000000000022,0.005511351921263037,0,0.0,4076.5,0.007164916615194583,1.0
2026-05-29,LT,4045.800048828125,4128.0,4045.0,4076.5,4882940,0.0129,0,0.0,0.0,0.0129,0.0152,0.0179,0.021,0.015333333333333407,0.018360000000000022,0.004702446171941736,0,0.007164916615194583,4010.800048828125,-0.01611675485634123,0.0
2026-06-01,LT,4089.0,4105.7998046875,4002.10009765625,4010.800048828125,1409388,0.011,0,0.0,0.0,0.011,0.0129,0.0152,0.0179,0.013033333333333405,0.015600000000000022,0.003970516339219531,0,-0.01611675485634123,4000.89990234375,-0.002468371986598439,0.0
2026-06-02,LT,3980.0,4017.0,3923.5,4000.89990234375,2085054,0.0093,0,0.0,0.0,0.0093,0.011,0.0129,0.0152,0.01106666666666674,0.013260000000000022,0.0033989704323528734,0,-0.002468371986598439,3953.199951171875,-0.011922305565288505,0.0
2026-06-03,LT,4000.89990234375,4008.0,3894.0,3953.199951171875,1872929,0.0079,0,0.0,0.0,0.0079,0.0093,0.011,0.0129,0.009400000000000073,0.011260000000000023,0.0028901557051496237,0,-0.011922305565288505,3942.10009765625,-0.0028078148468899666,0.0
2026-06-04,LT,3945.0,3974.89990234375,3930.10009765625,3942.10009765625,1398297,0.0067,0,0.0,0.0,0.0067,0.0079,0.0093,0.011,0.007966666666666742,0.009560000000000023,0.0024613004692659495,0,-0.0028078148468899666,3953.199951171875,0.0028157208697527913,1.0
2026-06-05,LT,3960.0,3978.0,3923.89990234375,3953.199951171875,1278243,0.0057,0,0.0,0.0,0.0057,0.0067,0.0079,0.0093,0.006766666666666741,0.008120000000000021,0.0020980943734752893,0,0.0028157208697527913,3875.5,-0.019654950959119066,0.0
2026-06-08,LT,3901.10009765625,3916.699951171875,3863.10009765625,3875.5,1678709,0.0049,0,0.0,0.0,0.0049,0.0057,0.0067,0.0079,0.00576666666666674,0.0069000000000000224,0.0017492855684560393,0,-0.019654950959119066,3900.60009765625,0.006476608864985245,1.0
2026-06-09,LT,3924.89990234375,3924.89990234375,3885.0,3900.60009765625,1506501,0.0041,0,0.0,0.0,0.0041,0.0049,0.0057,0.0067,0.004900000000000074,0.005860000000000022,0.001492648652566466,0,0.006476608864985245,3917.5,0.004332641624529732,1.0
2026-06-10,LT,3904.0,3962.800048828125,3900.0,3917.5,2033070,0.0035,0,0.0,0.0,0.0035,0.0041,0.0049,0.0057,0.004166666666666741,0.004980000000000023,0.0012696456198516247,0,0.004332641624529732,3862.0,-0.014167198468410969,0.0
2026-06-11,LT,3900.0,3909.800048828125,3854.39990234375,3862.0,2224659,0.003,0,0.0,0.0,0.003,0.0035,0.0041,0.0049,0.0035333333333334074,0.004240000000000022,0.0010807404868923708,0,-0.014167198468410969,4049.300048828125,0.048498200110855816,1.0
2026-06-12,LT,3930.0,4059.800048828125,3921.0,4049.300048828125,3065790,0.9021,1,0.0,0.9299,0.9021,0.003,0.0035,0.0041,0.30286666666666673,0.18352000000000002,0.4016990565087252,0,0.048498200110855816,4169.7998046875,0.029758169166606452,1.0
2026-06-15,LT,4130.0,4214.89990234375,4130.0,4169.7998046875,3978153,0.7668,0,0.0,0.0,0.7668,0.9021,0.003,0.0035,0.5573000000000001,0.3359,0.45761901730588084,1,0.029758169166606452,4186.39990234375,0.003981029889633669,1.0
2026-06-16,LT,4205.0,4235.39990234375,4177.10009765625,4186.39990234375,2647549,0.0003,1,0.0,0.9429,0.0003,0.7668,0.9021,0.003,0.5564000000000001,0.33514000000000005,0.458310454822929,0,0.003981029889633669,4207.7001953125,0.005087973787889943,1.0
2026-06-17,LT,4200.10009765625,4214.7001953125,4172.0,4207.7001953125,1312925,0.0003,0,0.0,0.0,0.0003,0.0003,0.7668,0.9021,0.2558000000000001,0.3345,0.4588912125983674,1,0.005087973787889943,4190.0,-0.0042066198851853365,0.0
2026-06-18,LT,4207.7001953125,4244.89990234375,4165.60009765625,4190.0,1485427,0.0002,0,0.0,0.0,0.0002,0.0003,0.0003,0.7668,0.0002666666666667407,0.33394,0.45939831627902167,0,-0.0042066198851853365,4209.39990234375,0.004630048292064481,1.0
2026-06-19,LT,4190.0,4217.5,4161.60009765625,4209.39990234375,1397746,0.0002,0,0.0,0.0,0.0002,0.0002,0.0003,0.0003,0.00023333333333340738,0.15356000000000003,0.3428115852768106,0,0.004630048292064481,4201.2998046875,-0.0019242879850260852,0.0
2026-06-22,LT,4228.0,4235.39990234375,4190.0,4201.2998046875,1169466,0.0002,0,0.0,0.0,0.0002,0.0002,0.0002,0.0003,0.0002,0.00024000000000002218,5.477225510504738e-05,0,-0.0019242879850260852,4179.39990234375,-0.005212649266142733,0.0
2026-06-23,LT,4210.0,4242.39990234375,4166.0,4179.39990234375,2198497,0.0001,0,0.0,0.0,0.0001,0.0002,0.0002,0.0002,0.00016666666666674069,0.0002000000000000222,7.071067761859794e-05,0,-0.005212649266142733,4181.7001953125,0.0005503883386368535,1.0
2026-06-24,LT,4176.5,4215.0,4170.0,4181.7001953125,1367416,0.0001,0,0.0,0.0,0.0001,0.0001,0.0002,0.0002,0.00013333333333340736,0.0001600000000000222,5.4772255104844716e-05,0,0.0005503883386368535,4216.39990234375,0.008297990150070156,1.0
2026-06-25,LT,4207.0,4272.2998046875,4187.10009765625,4216.39990234375,3104020,0.0304,1,0.0,0.9132,0.0304,0.0001,0.0001,0.0002,0.010200000000000074,0.006200000000000022,0.013528303663058829,0,0.008297990150070156,4216.39990234375,0.0,0.0
2026-06-26,LT,4216.39990234375,4216.39990234375,4216.39990234375,4216.39990234375,0,0.0258,0,0.0,0.0,0.0258,0.0304,0.0001,0.0001,0.01876666666666674,0.011320000000000021,0.015404122824748326,1,0.0,4165.2001953125,-0.012142991228794475,0.0
2026-06-29,LT,4225.0,4252.0,4157.7998046875,4165.2001953125,2706906,0.022,0,0.0,0.0,0.022,0.0258,0.0304,0.0001,0.026066666666666738,0.01568000000000002,0.014530209909011415,0,-0.012142991228794475,4143.39990234375,-0.0052339124043266905,0.0
2026-06-30,LT,4183.0,4193.7998046875,4134.10009765625,4143.39990234375,1539094,0.0187,0,0.0,0.0,0.0187,0.022,0.0258,0.0304,0.02216666666666674,0.01940000000000002,0.011637224755066585,0,-0.0052339124043266905,4092.60009765625,-0.012260415572912686,0.0
2026-07-01,LT,4130.10009765625,4142.7998046875,4081.10009765625,4092.60009765625,1437109,0.0159,0,0.0,0.0,0.0159,0.0187,0.022,0.0258,0.01886666666666674,0.02256000000000002,0.005734370061300145,0,-0.012260415572912686,4059.39990234375,-0.00811225004160876,0.0
2026-07-02,LT,4100.0,4110.0,4012.0,4059.39990234375,2481554,0.0135,0,0.0,0.0,0.0135,0.0159,0.0187,0.022,0.01603333333333341,0.019180000000000023,0.004874115304333135,0,-0.00811225004160876,4026.60009765625,-0.008079963905148313,0.0
2026-07-03,LT,4080.0,4094.0,4019.0,4026.60009765625,1505428,0.0115,0,0.0,0.0,0.0115,0.0135,0.0159,0.0187,0.013633333333333407,0.016320000000000022,0.004161970687058438,0,-0.008079963905148313,4041.0,0.0035761938097929047,1.0
2026-07-06,LT,4027.699951171875,4068.0,4016.5,4041.0,1252054,0.0097,0,0.0,0.0,0.0097,0.0115,0.0135,0.0159,0.01156666666666674,0.013860000000000022,0.0035564026768538167,0,0.0035761938097929047,3991.89990234375,-0.012150481973830729,0.0
2026-07-07,LT,4044.5,4046.300048828125,3975.0,3991.89990234375,2442514,0.0083,0,0.0,0.0,0.0083,0.0097,0.0115,0.0135,0.009833333333333407,0.011780000000000021,0.003018608951144947,0,-0.012150481973830729,3892.10009765625,-0.025000577952594694,0.0
2026-07-08,LT,3950.0,3988.0,3871.0,3892.10009765625,2252308,0.007,0,0.0,0.0,0.007,0.0083,0.0097,0.0115,0.008333333333333408,0.010000000000000023,0.0025729360660404848,0,-0.025000577952594694,3886.0,-0.0015673023568749667,0.0
2026-07-09,LT,3916.0,3947.300048828125,3867.800048828125,3886.0,5117653,0.006,0,0.0,0.0,0.006,0.007,0.0083,0.0097,0.007100000000000074,0.008500000000000023,0.0021783020910634636,0,-0.0015673023568749667,3945.800048828125,0.015388586934669268,1.0
2026-07-10,LT,3905.0,3953.800048828125,3905.0,3945.800048828125,1283990,0.25034999999999996,2,0.2656600176917859,0.71315,0.2503,0.006,0.007,0.0083,0.08776666666666676,0.05626000000000002,0.10848056507964893,0,0.015388586934669268,3928.5,-0.004384421058858057,0.0
2026-07-13,LT,3895.0,3939.0,3875.60009765625,3928.5,1744547,0.6824,2,0.2907623084239083,0.71975,0.6824,0.2503,0.006,0.007,0.3129000000000001,0.19080000000000003,0.29430024634716156,2,-0.004384421058858057,3848.699951171875,-0.02031310903095962,0.0
2026-07-14,LT,3892.0,3897.89990234375,3843.0,3848.699951171875,2409089,0.44445,2,0.6602256015938794,0.93855,0.4444,0.6824,0.2503,0.006,0.4590333333333334,0.27802000000000004,0.29129907655191767,2,-0.02031310903095962,3783.89990234375,-0.016836866903171877,0.0
2026-07-15,LT,3868.0,3868.0,3778.60009765625,3783.89990234375,3602201,0.9298,1,0.0,0.95,0.9298,0.4444,0.6824,0.2503,0.6855333333333334,0.46258,0.3607194089593739,2,-0.016836866903171877,3775.60009765625,-0.0021934524965523394,0.0
2026-07-16,LT,3795.0,3802.0,3762.300048828125,3775.60009765625,2936753,0.7903,0,0.0,0.0,0.7903,0.9298,0.4444,0.6824,0.7215000000000001,0.6194400000000001,0.2722056997933733,1,-0.0021934524965523394,3814.5,0.010302972067380178,1.0
2026-07-17,LT,3788.89990234375,3828.89990234375,3767.699951171875,3814.5,1942610,0.6718,0,0.0,0.0,0.6718,0.7903,0.9298,0.4444,0.7973,0.70374,0.1784156327231447,0,0.010302972067380178,3838.800048828125,0.006370441428267037,1.0
2026-07-20,LT,3815.0,3850.0,3807.0,3838.800048828125,1450930,0.571,0,0.0,0.0,0.571,0.6718,0.7903,0.9298,0.6777000000000001,0.6814600000000001,0.18842178218029904,0,0.006370441428267037,3846.60009765625,0.0020318976578386216,1.0
2026-07-21,LT,3839.0,3859.5,3815.699951171875,3846.60009765625,1393919,0.4854,0,0.0,0.0,0.4854,0.571,0.6718,0.7903,0.5760666666666667,0.68966,0.17600919862325395,0,0.0020318976578386216,3817.39990234375,-0.0075911700127839765,0.0
2026-07-22,LT,3835.0,3843.300048828125,3806.199951171875,3817.39990234375,1157406,0.4126,0,0.0,0.0,0.4126,0.4854,0.571,0.6718,0.48966666666666664,0.58622,0.14959345573921357,0,-0.0075911700127839765,3792.39990234375,-0.006548960192682696,0.0
2026-07-23,LT,3800.0,3827.60009765625,3777.699951171875,3792.39990234375,1278355,0.3507,0,0.0,0.0,0.3507,0.4126,0.4854,0.571,0.4162333333333334,0.4983000000000001,0.12716544341919322,0,-0.006548960192682696,3785.60009765625,-0.0017930083489606785,0.0
2026-07-24,LT,3751.0,3805.0,3720.0,3785.60009765625,1994087,0.2981,0,0.0,0.0,0.2981,0.3507,0.4126,0.4854,0.35380000000000006,0.42356,0.10808752471955321,0,-0.0017930083489606785,3806.0,0.0053888159915200795,1.0
2026-07-27,LT,3820.0,3837.300048828125,3798.699951171875,3806.0,1454211,0.894,1,0.0,0.9141,0.894,0.2981,0.3507,0.4126,0.5142666666666668,0.48816000000000004,0.23740318658349988,0,0.0053888159915200795,3832.0,0.006831318970047295,1.0
2026-07-28,LT,3812.0,3837.0,3793.0,3832.0,1702441,0.9185,3,0.01883427726248075,0.9468666666666667,0.9185,0.894,0.2981,0.3507,0.7035333333333332,0.5747800000000001,0.30541400917443207,1,0.006831318970047295,3931.39990234375,0.02593943171809765,1.0
2026-07-29,LT,3895.39990234375,3978.199951171875,3891.10009765625,3931.39990234375,3115802,0.46425,2,0.5985658902744124,0.9230499999999999,0.4642,0.9185,0.894,0.2981,0.7589,0.5851000000000001,0.2993759926914649,3,0.02593943171809765,3937.699951171875,0.0016024950360224999,1.0
2026-07-30,LT,3931.39990234375,3951.699951171875,3883.5,3937.699951171875,2141252,0.0985,1,0.0,0.3742,0.0985,0.4642,0.9185,0.894,0.49373333333333336,0.53466,0.36318699453587266,2,0.0016024950360224999,3938.89990234375,0.0003047340291932876,1.0
2026-07-31,LT,3962.89990234375,3973.10009765625,3923.199951171875,3938.89990234375,1753377,0.6054333333333334,3,0.5048590133228615,0.9228999999999999,0.6054,0.0985,0.4642,0.9185,0.3893666666666667,0.5961200000000001,0.3382957389622282,1,0.0003047340291932876,4025.0,0.02185891994996325,1.0
2026-08-03,LT,3974.0,4025.0,3962.5,4025.0,1890377,0.746,1,0.0,0.7691,0.746,0.6054,0.0985,0.4642,0.48330000000000006,0.56652,0.3110975522243787,3,0.02185891994996325,3990.0,-0.008695652173912993,0.0
2026-08-04,LT,4007.199951171875,4042.39990234375,3988.199951171875,3990.0,1827982,0.6341,0,0.0,0.0,0.6341,0.746,0.6054,0.0985,0.6618333333333334,0.5096400000000001,0.25081228638166836,1,-0.008695652173912993,4057.0,0.01679197994987458,1.0
2026-08-05,LT,4025.0,4074.0,4024.800048828125,4057.0,1910224,0.539,0,0.0,0.0,0.539,0.6341,0.746,0.6054,0.6397,0.5246000000000001,0.2496524684436347,0,0.01679197994987458,4061.800048828125,0.0011831522869423239,1.0
2026-08-06,LT,4056.0,4070.0,4045.0,4061.800048828125,1401341,0.4581,0,0.0,0.0,0.4581,0.539,0.6341,0.746,0.5437333333333334,0.5965200000000002,0.10759185378085115,0,0.0011831522869423239,4056.0,-0.0014279503565909346,0.0
2026-08-07,LT,4040.10009765625,4062.0,4030.0,4056.0,901290,0.3894,0,0.0,0.0,0.3894,0.4581,0.539,0.6341,0.4621666666666668,0.55332,0.1412379800195402,0,-0.0014279503565909346,4080.0,0.00591715976331364,1.0
2026-08-10,LT,4055.699951171875,4080.0,4025.800048828125,4080.0,1082855,0.331,0,0.0,0.0,0.331,0.3894,0.4581,0.539,0.39283333333333337,0.47031999999999996,0.12005026863776687,0,0.00591715976331364,4037.39990234375,-0.010441200405943651,0.0
2026-08-11,LT,4075.10009765625,4075.5,4028.5,4037.39990234375,1401285,0.2814,0,0.0,0.0,0.2814,0.331,0.3894,0.4581,0.3339333333333334,0.3997800000000001,0.10202412459805747,0,-0.010441200405943651,4020.0,-0.00430968018145772,0.0
2026-08-12,LT,4038.0,4044.10009765625,3990.0,4020.0,2226623,0.2392,0,0.0,0.0,0.2392,0.2814,0.331,0.3894,0.2838666666666667,0.33982000000000007,0.08669401363416002,0,-0.00430968018145772,4070.699951171875,0.012611928152207685,1.0
2026-08-13,LT,4010.0,4070.699951171875,3990.0,4070.699951171875,2299928,0.2033,0,0.0,0.0,0.2033,0.2392,0.2814,0.331,0.24130000000000007,0.28886000000000006,0.07369930800217799,0,0.012611928152207685,4057.0,-0.0033655025760204182,0.0
2026-08-14,LT,4068.699951171875,4072.5,4033.10009765625,4057.0,934044,0.036,1,0.0,0.8975,0.036,0.2033,0.2392,0.2814,0.15950000000000003,0.2181800000000001,0.11244768561424398,0,-0.0033655025760204182,4086.699951171875,0.007320668270119457,1.0
2026-08-17,LT,4041.0,4086.699951171875,4026.0,4086.699951171875,1066164,0.0306,0,0.0,0.0,0.0306,0.036,0.2033,0.2392,0.08996666666666671,0.15810000000000005,0.11724738803060739,1,0.007320668270119457,4064.300048828125,-0.005481171265663054,0.0
2026-08-18,LT,4068.0,4085.0,4050.0,4064.300048828125,1355575,0.026,0,0.0,0.0,0.026,0.0306,0.036,0.2033,0.0308666666666667,0.10702000000000005,0.10510647934356752,0,-0.005481171265663054,4041.300048828125,-0.005659031007474891,0.0
2026-08-19,LT,4064.0,4069.0,4024.800048828125,4041.300048828125,1190832,0.0411,2,0.04115361466505706,0.9104,0.0411,0.026,0.0306,0.036,0.0325666666666667,0.06740000000000004,0.07618178916250105,0,-0.005659031007474891,4081.0,0.009823559422019956,1.0
2026-08-20,LT,4050.5,4084.89990234375,4048.300048828125,4081.0,1056060,0.0349,0,0.0,0.0,0.0349,0.0411,0.026,0.0306,0.03400000000000004,0.03372000000000004,0.005709378249839594,2,0.009823559422019956,4093.0,0.002940455770644501,1.0
2026-08-21,LT,4081.0,4100.0,4061.39990234375,4093.0,1258912,0.0297,0,0.0,0.0,0.0297,0.0349,0.0411,0.026,0.03523333333333337,0.032460000000000044,0.005775205624022459,0,0.002940455770644501,,,
2026-02-23,MARUTI,14900.355468231654,14967.679333470176,14835.011716676618,14922.13671875,242968,0.0,0,0.0,0.0,0.0,0.0,0.0,0.0,0.0,0.0,0.0,0,0.0,14777.587890625,-0.009686871984182499,0.0
2026-02-24,MARUTI,14851.84215109645,14912.235616279897,14755.806640886707,14777.587890625,300991,0.0,0,0.0,0.0,0.0,0.0,0.0,0.0,0.0,0.0,0.0,0,-0.009686871984182499,14920.15625,0.009647606932214225,1.0
2026-02-25,MARUTI,14712.24431818182,14982.529829545456,14689.473011363638,14920.15625,356495,0.0,0,0.0,0.0,0.0,0.0,0.0,0.0,0.0,0.0,0.0,0,0.009647606932214225,15061.734375,0.009489051094890621,1.0
2026-02-26,MARUTI,14994.410511363638,15072.625,14896.394886363638,15061.734375,308213,0.0,0,0.0,0.0,0.0,0.0,0.0,0.0,0.0,0.0,0.0,0,0.009489051094890621,14709.2744140625,-0.023401020902514724,0.0
2026-02-27,MARUTI,14959.758793597926,15040.943454158814,14656.801401748755,14709.2744140625,478164,0.0,0,0.0,0.0,0.0,0.0,0.0,0.0,0.0,0.0,0.0,0,-0.023401020902514724,14244.9375,-0.03156762876206731,0.0
2026-03-02,MARUTI,14263.748579545456,14537.994318181818,14062.767045454546,14244.9375,603744,0.0,0,0.0,0.0,0.0,0.0,0.0,0.0,0.0,0.0,0.0,0,-0.03156762876206731,14017.224609375,-0.01598553104392353,0.0
2026-03-04,MARUTI,14009.304154729216,14042.966086973796,13656.84392299186,14017.224609375,710366,0.0,0,0.0,0.0,0.0,0.0,0.0,0.0,0.0,0.0,0.0,0,-0.01598553104392353,14271.6689453125,0.018152262165173738,1.0
2026-03-05,MARUTI,14157.812411929848,14425.127751176076,13940.989970096796,14271.6689453125,448650,0.0,0,0.0,0.0,0.0,0.0,0.0,0.0,0.0,0.0,0.0,0,0.018152262165173738,14018.21484375,-0.01775924753676028,0.0
2026-03-06,MARUTI,14196.425075537203,14322.162294631507,13974.652342646463,14018.21484375,390629,0.0,0,0.0,0.0,0.0,0.0,0.0,0.0,0.0,0.0,0.0,0,-0.01775924753676028,13373.6875,-0.0459778474601823,0.0
2026-03-09,MARUTI,13662.784090909092,13662.784090909092,13232.109375,13373.6875,676224,0.0,0,0.0,0.0,0.0,0.0,0.0,0.0,0.0,0.0,0.0,0,-0.0459778474601823,13729.1181640625,0.026576863266956074,1.0
2026-03-10,MARUTI,13584.569865803818,13770.700551232805,13370.717588927962,13729.1181640625,353715,0.0,0,0.0,0.0,0.0,0.0,0.0,0.0,0.0,0.0,0.0,0,0.026576863266956074,13362.796875,-0.026682069793920737,0.0
2026-03-11,MARUTI,13712.286931818182,13809.3125,13307.353693181818,13362.796875,392182,0.0,0,0.0,0.0,0.0,0.0,0.0,0.0,0.0,0.0,0.0,0,-0.026682069793920737,12881.62890625,-0.036008028352971566,0.0
2026-03-12,MARUTI,13296.462701632272,13296.462701632272,12837.076350660018,12881.62890625,544683,0.0,0,0.0,0.0,0.0,0.0,0.0,0.0,0.0,0.0,0.0,0,-0.036008028352971566,12465.8056640625,-0.03228033078842596,0.0
2026-03-13,MARUTI,12770.74317057757,12833.116751455653,12358.879525414359,12465.8056640625,939594,0.0,0,0.0,0.0,0.0,0.0,0.0,0.0,0.0,0.0,0.0,0,-0.03228033078842596,12630.154296875,0.013183955954511495,1.0
2026-03-16,MARUTI,12407.391522179,12745.99093971692,12276.70402769068,12630.154296875,1416170,0.0,0,0.0,0.0,0.0,0.0,0.0,0.0,0.0,0.0,0.0,0,0.013183955954511495,12843.0166015625,0.016853499940231664,1.0
2026-03-17,MARUTI,12662.826266881311,12969.74386990971,12559.860361349203,12843.0166015625,1178941,0.0,0,0.0,0.0,0.0,0.0,0.0,0.0,0.0,0.0,0.0,0,0.016853499940231664,12918.26171875,0.005858835157025677,1.0
2026-03-18,MARUTI,12969.744674710682,13044.988994960913,12885.589842851874,12918.26171875,458827,0.0,0,0.0,0.0,0.0,0.0,0.0,0.0,0.0,0.0,0.0,0,0.005858835157025677,12473.7255859375,-0.03441145120688216,0.0
2026-03-19,MARUTI,12641.045184637669,12710.34916043064,12380.660247015512,12473.7255859375,569346,0.0,0,0.0,0.0,0.0,0.0,0.0,0.0,0.0,0.0,0.0,0,-0.03441145120688216,12475.7060546875,0.00015877122968244173,1.0
2026-03-20,MARUTI,12479.66628198841,12629.16486259771,12431.153497552277,12475.7060546875,725481,0.0,0,0.0,0.0,0.0,0.0,0.0,0.0,0.0,0.0,0.0,0,0.00015877122968244173,12232.15234375,-0.019522238650852897,0.0
2026-03-23,MARUTI,12376.70064340095,12376.70064340095,12155.917966536828,12232.15234375,517985,0.0,0,0.0,0.0,0.0,0.0,0.0,0.0,0.0,0.0,0.0,0,-0.019522238650852897,12340.068359375,0.008822324362248501,1.0
2026-03-24,MARUTI,12474.716088585124,12524.218930206494,12209.380857494583,12340.068359375,583568,0.0,0,0.0,0.0,0.0,0.0,0.0,0.0,0.0,0.0,0.0,0,0.008822324362248501,12584.6123046875,0.019817065691270175,1.0
2026-03-25,MARUTI,12424.223099010576,12652.926225623967,12381.65065552843,12584.6123046875,540649,0.0,0,0.0,0.0,0.0,0.0,0.0,0.0,0.0,0.0,0.0,0,0.019817065691270175,12265.8134765625,-0.025332431417553813,0.0
2026-03-27,MARUTI,12500.456933979993,12520.258069627038,12219.280807791944,12265.8134765625,775339,0.0,0,0.0,0.0,0.0,0.0,0.0,0.0,0.0,0.0,0.0,0,-0.025332431417553813,12183.638671875,-0.006699498964705453,0.0
2026-03-30,MARUTI,12177.698331225622,12300.465371312774,12079.682710510879,12183.638671875,635675,0.0,0,0.0,0.0,0.0,0.0,0.0,0.0,0.0,0.0,0.0,0,-0.006699498964705453,12384.62109375,0.016496091790620282,1.0
2026-04-01,MARUTI,12771.733320759053,12771.733320759053,12210.371088753596,12384.62109375,501882,0.0,0,0.0,0.0,0.0,0.0,0.0,0.0,0.0,0.0,0.0,0,0.016496091790620282,12505.4072265625,0.009752913060332213,1.0
2026-04-02,MARUTI,12265.813485067121,12546.989611450128,12117.30496761131,12505.4072265625,438227,0.0,0,0.0,0.0,0.0,0.0,0.0,0.0,0.0,0.0,0.0,0,0.009752913060332213,12561.8408203125,0.0045127353893865685,1.0
2026-04-06,MARUTI,12505.407582074968,12593.522638270413,12296.50559491498,12561.8408203125,382650,0.0,0,0.0,0.0,0.0,0.0,0.0,0.0,0.0,0.0,0.0,0,0.0045127353893865685,12670.7470703125,0.008669609140715906,1.0
2026-04-07,MARUTI,12514.318094135802,12707.379172328561,12371.749913316533,12670.7470703125,359542,0.0,0,0.0,0.0,0.0,0.0,0.0,0.0,0.0,0.0,0.0,0,0.008669609140715906,13466.7529296875,0.06282233044017094,1.0
2026-04-08,MARUTI,13217.258609860912,13608.331055620842,13078.650654401696,13466.7529296875,1026292,0.0,0,0.0,0.0,0.0,0.0,0.0,0.0,0.0,0.0,0.0,0,0.06282233044017094,13453.8818359375,-0.0009557681660310458,0.0
2026-04-09,MARUTI,13435.070756764433,13636.052286876678,13197.457125104635,13453.8818359375,549914,0.0,0,0.0,0.0,0.0,0.0,0.0,0.0,0.0,0.0,0.0,0,-0.0009557681660310458,13572.6884765625,0.008830658844323214,1.0
2026-04-10,MARUTI,13514.27512620017,13659.813473713095,13454.871719052036,13572.6884765625,471921,0.0,0,0.0,0.0,0.0,0.0,0.0,0.0,0.0,0.0,0.0,0,0.008830658844323214,12945.982421875,-0.04617405429806365,0.0
2026-04-13,MARUTI,13268.740931322174,13286.56195331619,12837.076176356015,12945.982421875,1347910,0.0087,1,0.0,0.946,0.0087,0.0,0.0,0.0,0.0029,0.0017399999999999998,0.0038907582808496337,0,-0.04617405429806365,13156.865234375,0.01628944066412985,1.0
2026-04-15,MARUTI,13118.253017944822,13339.035691378913,13068.750176367672,13156.865234375,699458,0.0074,0,0.0,0.0,0.0074,0.0087,0.0,0.0,0.005366666666666666,0.0032199999999999998,0.004433057635537801,1,0.01628944066412985,13202.4072265625,0.003461462238627533,1.0
2026-04-16,MARUTI,13246.959781882733,13301.412905051908,13105.381661642881,13202.4072265625,527309,0.0063,0,0.0,0.0,0.0063,0.0074,0.0087,0.0,0.007466666666666667,0.00448,0.004176960617482525,0,0.003461462238627533,13319.234375,0.008848927807835638,1.0
2026-04-17,MARUTI,13167.755681818182,13511.305397727274,13124.193181818182,13319.234375,549308,0.8658,1,0.0,0.8929,0.8658,0.0063,0.0074,0.0087,0.2931666666666667,0.17764,0.38470765913872834,0,0.008848927807835638,13316.263671875,-0.00022303858024874668,0.0
2026-04-20,MARUTI,13340.025034560875,13398.43838449698,13196.466801667055,13316.263671875,348629,0.7359,0,0.0,0.0,0.7359,0.8658,0.0063,0.0074,0.536,0.32482,0.43697495008295384,1,-0.00022303858024874668,13327.154296875,0.0008178438988859504,1.0
2026-04-21,MARUTI,13322.204012981949,13408.338952721057,13287.552025730583,13327.154296875,292879,0.6255,0,0.0,0.0,0.6255,0.7359,0.8658,0.0063,0.7424,0.44817999999999997,0.4117573885190161,0,0.0008178438988859504,13204.3876953125,-0.009211764104155917,0.0
2026-04-22,MARUTI,13318.244228637906,13395.468659936876,13167.755593286065,13204.3876953125,434640,0.5317,0,0.0,0.0,0.5317,0.6255,0.7359,0.8658,0.6310333333333333,0.55304,0.33010872148430126,0,-0.009211764104155917,13029.1474609375,-0.013271363914678869,0.0
2026-04-23,MARUTI,13118.252572752423,13225.178706930328,12994.495473009474,13029.1474609375,541086,0.452,0,0.0,0.0,0.452,0.5317,0.6255,0.7359,0.5364,0.64218,0.16389160137115014,0,-0.013271363914678869,12918.26171875,-0.008510590775025362,0.0
2026-04-24,MARUTI,13068.75035925046,13121.22337205654,12848.957739572155,12918.26171875,464098,0.3842,0,0.0,0.0,0.3842,0.452,0.5317,0.6255,0.45596666666666663,0.54586,0.13928558073253663,0,-0.008510590775025362,13090.53125,0.013335349213428715,1.0
2026-04-27,MARUTI,13022.217329545456,13138.053977272728,12913.311079545456,13090.53125,312786,0.3265,0,0.0,0.0,0.3265,0.3842,0.452,0.5317,0.38756666666666667,0.46397999999999995,0.11841012203354906,0,0.013335349213428715,12763.8125,-0.024958402662229595,0.0
2026-04-28,MARUTI,13090.53125,13174.686079545456,12700.448863636364,12763.8125,836679,0.8764,1,0.0,0.8987,0.8764,0.3265,0.3842,0.452,0.5290333333333334,0.5141600000000001,0.21650358657537283,0,-0.024958402662229595,13125.18359375,0.02831215937636178,1.0
2026-04-29,MARUTI,12959.844100640228,13413.29013563589,12959.844100640228,13125.18359375,754798,0.7449,0,0.0,0.0,0.7449,0.8764,0.3265,0.3842,0.6492666666666667,0.5568000000000001,0.2404878687169063,1,0.02831215937636178,13181.6162109375,0.00429956783342611,1.0
2026-04-30,MARUTI,13003.40598726552,13227.158823653674,12841.036672364382,13181.6162109375,612975,0.068,1,0.0,0.8966,0.068,0.7449,0.8764,0.3265,0.5630999999999999,0.48,0.3277914199609257,0,0.00429956783342611,13181.6162109375,0.0,0.0
2026-05-01,MARUTI,13181.6162109375,13181.6162109375,13181.6162109375,13181.6162109375,0,0.0578,0,0.0,0.0,0.0578,0.068,0.7449,0.8764,0.29023333333333334,0.41472,0.379985745785286,1,0.0,13444.9716796875,0.01997899684952742,1.0
2026-05-04,MARUTI,13424.180486368396,13837.034182276326,13301.413440103208,13444.9716796875,722127,0.0165,1,0.0,0.941,0.0165,0.0578,0.068,0.7449,0.047433333333333334,0.35272,0.4210501953449256,0,0.01997899684952742,13292.5029296875,-0.011340206110686535,0.0
2026-05-05,MARUTI,13425.170544209928,13433.090998808282,13227.15917925108,13292.5029296875,419490,0.014,0,0.0,0.0,0.014,0.0165,0.0578,0.068,0.029433333333333336,0.18024,0.31657416666556987,1,-0.011340206110686535,13585.5595703125,0.02204676140943218,1.0
2026-05-06,MARUTI,13420.22008275659,13625.16184278098,13245.970083895272,13585.5595703125,435208,0.0119,0,0.0,0.0,0.0119,0.014,0.0165,0.0578,0.014133333333333333,0.03364,0.02700209251150819,0,0.02204676140943218,13633.08203125,0.003498012775369652,1.0
2026-05-07,MARUTI,13585.559305215142,13732.08771048929,13536.056465595499,13633.08203125,726199,0.0101,0,0.0,0.0,0.0101,0.0119,0.014,0.0165,0.012000000000000002,0.02206,0.02012145620972915,0,0.003498012775369652,13589.51953125,-0.0031953522981923443,0.0
2026-05-08,MARUTI,13536.056464465248,13651.893109165543,13490.513852018978,13589.51953125,270505,0.0086,0,0.0,0.0,0.0086,0.0101,0.0119,0.014,0.0102,0.01222,0.0031300159744079526,0,-0.0031953522981923443,13348.935546875,-0.017703641679292725,0.0
2026-05-11,MARUTI,13412.2991807102,13521.20542636445,13099.4412386489,13348.935546875,634354,0.0073,0,0.0,0.0,0.0073,0.0086,0.0101,0.0119,0.008666666666666668,0.01038,0.0026527344382823487,0,-0.017703641679292725,13041.0283203125,-0.023066050883329137,0.0
2026-05-12,MARUTI,13308.34365940181,13321.214397950553,13019.247070460779,13041.0283203125,302512,0.0062,0,0.0,0.0,0.0062,0.0073,0.0086,0.0101,0.007366666666666667,0.00882,0.00225543787324088,0,-0.023066050883329137,12972.71484375,-0.005238350449411677,0.0
2026-05-13,MARUTI,13055.879618753816,13152.905189591602,12856.878192851827,12972.71484375,307027,0.0053,0,0.0,0.0,0.0053,0.0062,0.0073,0.0086,0.006266666666666667,0.0075,0.0019065675965067406,0,-0.005238350449411677,12944.9931640625,-0.0021369219952334095,0.0
2026-05-14,MARUTI,13102.412201392208,13102.412201392208,12797.474695118308,12944.9931640625,286648,0.9379,1,0.0,0.9523,0.9379,0.0053,0.0062,0.0073,0.3164666666666666,0.19305999999999998,0.4163800463518875,0,-0.0021369219952334095,13089.541015625,0.011166313471975275,1.0
2026-05-15,MARUTI,12948.952949350229,13192.506923319199,12948.952949350229,13089.541015625,268206,0.7972,0,0.0,0.0,0.7972,0.9379,0.0053,0.0062,0.5801333333333333,0.35078,0.4743603661774453,1,0.011166313471975275,12886.5791015625,-0.015505655532170648,0.0
2026-05-18,MARUTI,12996.475404595185,13008.356086004125,12722.22967540551,12886.5791015625,373184,-0.9529,1,0.0,0.9611,-0.9529,0.7972,0.9379,0.0053,0.2607333333333333,0.15874000000000002,0.7578385797780423,0,-0.015505655532170648,12827.17578125,-0.004609704394341385,0.0
2026-05-19,MARUTI,12904.400210930264,12973.704186284347,12771.732600966734,12827.17578125,342737,-0.81,0,0.0,0.0,-0.81,-0.9529,0.7972,0.9379,-0.3219,-0.004500000000000015,0.8773866735938038,1,-0.004609704394341385,12873.708984375,0.0036277044860506535,1.0
2026-05-20,MARUTI,12722.230289103956,12942.022905771744,12626.19477641578,12873.708984375,300695,-0.6885,0,0.0,0.0,-0.6885,-0.81,-0.9529,0.7972,-0.8171333333333334,-0.14326,0.9288053848896443,0,0.0036277044860506535,12880.638671875,0.0005382821305353058,1.0
2026-05-21,MARUTI,12972.713952158196,13019.246620688413,12804.404300027623,12880.638671875,213095,-0.5852,0,0.0,0.0,-0.5852,-0.6885,-0.81,-0.9529,-0.6945666666666668,-0.44787999999999994,0.7094284791295035,0,0.0005382821305353058,12857.8681640625,-0.0017678089101450523,0.0
2026-05-22,MARUTI,12969.744586834431,13021.227542446293,12844.997425159534,12857.8681640625,387975,0.022,1,0.0,0.9417,0.022,-0.5852,-0.6885,-0.81,-0.41723333333333334,-0.60292,0.3753435319810378,0,-0.0017678089101450523,13039.0478515625,0.014090958562352762,1.0
2026-05-25,MARUTI,13014.296431950575,13104.391599337985,12970.733933433585,13039.0478515625,276553,0.0187,0,0.0,0.0,0.0187,0.022,-0.5852,-0.6885,-0.18150000000000002,-0.4086,0.39957952274860176,1,0.014090958562352762,13076.669921875,0.0028853387717258094,1.0
2026-05-26,MARUTI,13056.868786317951,13196.466791995146,13003.40572031392,13076.669921875,256901,0.0159,0,0.0,0.0,0.0159,0.0187,0.022,-0.5852,0.018866666666666667,-0.24341999999999997,0.36100945555483777,0,0.0028853387717258094,13231.119140625,0.011811051259436711,1.0
2026-05-27,MARUTI,13076.670279061284,13283.592151284467,12971.72425774235,13231.119140625,322020,0.0135,0,0.0,0.0,0.0135,0.0159,0.0187,0.022,0.016033333333333333,-0.10302,0.2695654781310106,0,0.011811051259436711,13231.119140625,0.0,0.0
2026-05-28,MARUTI,13231.119140625,13231.119140625,13231.119140625,13231.119140625,0,0.0115,0,0.0,0.0,0.0115,0.0135,0.0159,0.0187,0.013633333333333332,0.01632,0.004161970687109121,0,0.0,12996.4755859375,-0.01773421826178312,0.0
2026-05-29,MARUTI,13322.2042724442,13373.68722593462,12920.241212499763,12996.4755859375,963291,0.0098,0,0.0,0.0,0.0098,0.0115,0.0135,0.0159,0.0116,0.01388,0.003527321930353891,0,-0.01773421826178312,12817.275390625,-0.013788368556349129,0.0
2026-06-01,MARUTI,13068.749818959524,13135.083624858788,12784.603516077601,12817.275390625,295359,0.0083,0,0.0,0.0,0.0083,0.0098,0.0115,0.0135,0.009866666666666668,0.0118,0.0030016662040199325,0,-0.013788368556349129,12892.51953125,0.005870525391070025,1.0
2026-06-02,MARUTI,12573.721244576485,12921.231178186434,12573.721244576485,12892.51953125,586599,0.0071,0,0.0,0.0,0.0071,0.0083,0.0098,0.0115,0.0084,0.01004,0.0025412595303029115,0,0.005870525391070025,12914.30078125,0.0016894486719376545,1.0
2026-06-03,MARUTI,12884.599077521274,13074.68998138512,12782.62322805265,12914.30078125,607808,0.006,0,0.0,0.0,0.006,0.0071,0.0083,0.0098,0.007133333333333334,0.00854,0.0021755459085837123,0,0.0016894486719376545,12934.1025390625,0.0015333201655989281,1.0
2026-06-04,MARUTI,12860.83833300841,13132.113906776256,12820.246002627091,12934.1025390625,465070,0.0051,0,0.0,0.0,0.0051,0.006,0.0071,0.0083,0.006066666666666667,0.00726,0.0018582249595663315,0,0.0015333201655989281,12920.2412109375,-0.0010716884362975687,0.0
2026-06-05,MARUTI,13020.236947512572,13043.998310659123,12786.583543238146,12920.2412109375,295703,0.0043,0,0.0,0.0,0.0043,0.0051,0.006,0.0071,0.0051333333333333335,0.0061600000000000005,0.0015868207209244728,0,-0.0010716884362975687,12783.61328125,-0.010574719732928783,0.0
2026-06-08,MARUTI,12771.73259976185,12899.449925759469,12713.319249111775,12783.61328125,372902,0.0037,0,0.0,0.0,0.0037,0.0043,0.0051,0.006,0.004366666666666667,0.00524,0.0013520355026238168,0,-0.010574719732928783,12989.544921875,0.01610903240690531,1.0
2026-06-09,MARUTI,12948.952593994141,13026.177022645532,12723.219648705459,12989.544921875,428323,0.0031,0,0.0,0.0,0.0031,0.0037,0.0043,0.0051,0.0037,0.0044399999999999995,0.0011436782765949583,0,0.01610903240690531,12943.0126953125,-0.003582283047047885,0.0
2026-06-10,MARUTI,12987.565251825088,13073.700194416091,12920.24138865051,12943.0126953125,203885,0.0027,0,0.0,0.0,0.0027,0.0031,0.0037,0.0043,0.0031666666666666666,0.00378,0.0009549869110910343,0,-0.003582283047047885,12967.763671875,0.0019123041246389416,1.0
2026-06-11,MARUTI,12940.042082104615,13085.580428399135,12839.056290798213,12967.763671875,308710,0.0023,0,0.0,0.0,0.0023,0.0027,0.0031,0.0037,0.0026999999999999997,0.0032199999999999998,0.000794984276797459,0,0.0019123041246389416,13233.099609375,0.020461194714357145,1.0
2026-06-12,MARUTI,13100.431993958551,13284.582564611233,12999.446197149016,13233.099609375,559038,0.0019,0,0.0,0.0,0.0019,0.0023,0.0027,0.0031,0.0023,0.0027400000000000002,0.0006985699681171279,0,0.020461194714357145,13667.734375,0.03284451704097213,1.0
2026-06-15,MARUTI,13415.269886363638,13822.183238636364,13385.568181818182,13667.734375,613280,0.0016,0,0.0,0.0,0.0016,0.0019,0.0023,0.0027,0.0019333333333333336,0.00232,0.000601664358554795,0,0.03284451704097213,13554.8681640625,-0.008257858094165682,0.0
2026-06-16,MARUTI,13723.177826460473,13736.048565349729,13525.166458933447,13554.8681640625,280511,0.0014,0,0.0,0.0,0.0014,0.0016,0.0019,0.0023,0.0016333333333333332,0.00198,0.000526307895015022,0,-0.008257858094165682,13494.474609375,-0.004455488165323485,0.0
2026-06-17,MARUTI,13563.778587559611,13603.380860807962,13425.170631190389,13494.474609375,241534,0.0012,0,0.0,0.0,0.0012,0.0014,0.0016,0.0019,0.0014000000000000002,0.0016800000000000003,0.00043243496661941536,0,-0.004455488165323485,13349.92578125,-0.010711704776159126,0.0
2026-06-18,MARUTI,13510.314981529034,13577.638843374556,13299.43288486586,13349.92578125,373512,0.001,0,0.0,0.0,0.001,0.0012,0.0014,0.0016,0.0012,0.00142,0.0003492849844398231,0,-0.010711704776159126,13261.810546875,-0.006600428782814527,0.0
2026-06-19,MARUTI,13349.925600153974,13372.69690605753,13220.228162181551,13261.810546875,719756,0.0009,0,0.0,0.0,0.0009,0.001,0.0012,0.0014,0.0010333333333333332,0.00122,0.0002863564218855965,0,-0.006600428782814527,13287.552734375,0.0019410764019749394,1.0
2026-06-22,MARUTI,13316.264382485935,13360.816939899458,13246.960404287123,13287.552734375,254533,0.0927,1,0.0,0.8785,0.0927,0.0009,0.001,0.0012,0.03153333333333334,0.019440000000000002,0.04095403521022508,0,0.0019410764019749394,13317.25390625,0.0022352627657433732,1.0
2026-06-23,MARUTI,13286.562145704782,13414.279471844566,13104.391696017026,13317.25390625,398558,0.0788,0,0.0,0.0,0.0788,0.0927,0.0009,0.001,0.057466666666666666,0.03492,0.046660872259317615,1,0.0022352627657433732,13116.2724609375,-0.015091808470977353,0.0
2026-06-24,MARUTI,13306.363366168478,13306.363366168478,13069.739791427834,13116.2724609375,327495,0.067,0,0.0,0.0,0.067,0.0788,0.0927,0.0009,0.0795,0.04808,0.04397473138065037,0,-0.015091808470977353,13608.3310546875,0.03751512445440852,1.0
2026-06-25,MARUTI,13225.179063551519,13778.620828525714,13193.497245163015,13608.3310546875,981556,0.0569,0,0.0,0.0,0.0569,0.067,0.0788,0.0927,0.06756666666666666,0.05926,0.03525412032657114,0,0.03751512445440852,13608.3310546875,0.0,0.0
2026-06-26,MARUTI,13608.3310546875,13608.3310546875,13608.3310546875,13608.3310546875,0,0.0484,0,0.0,0.0,0.0484,0.0569,0.067,0.0788,0.057433333333333336,0.06876,0.01755143868747961,0,0.0,13278.6416015625,-0.024227030618235612,0.0
2026-06-29,MARUTI,13603.38022707044,13702.38590557896,13238.049273374007,13278.6416015625,1358592,-0.9318,1,0.0,0.9518,-0.9318,0.0484,0.0569,0.067,-0.2755,-0.13613999999999998,0.4449323971121909,0,-0.024227030618235612,13974.65234375,0.05241580901660914,1.0
2026-06-30,MARUTI,13607.341254870706,14059.797232277277,13375.667953529048,13974.65234375,1511415,0.8333666666666667,3,0.04498936911464009,0.8628,0.8334,-0.9318,0.0484,0.0569,-0.016666666666666646,0.014780000000000015,0.6268539957597785,1,0.05241580901660914,14251.8681640625,0.019837045923827956,1.0
2026-07-01,MARUTI,14010.294295911666,14404.336916911796,13930.099692140282,14251.8681640625,1397790,0.7084,0,0.0,0.0,0.7084,0.8334,-0.9318,0.0484,0.20333333333333337,0.14306000000000002,0.7014069275392141,3,0.019837045923827956,14205.3349609375,-0.0032650598917507434,0.0
2026-07-02,MARUTI,14287.5096753059,14345.923026483439,14133.060814565293,14205.3349609375,327088,0.6021,0,0.0,0.0,0.6021,0.7084,0.8334,-0.9318,0.7146333333333333,0.25210000000000005,0.7265900288333169,0,-0.0032650598917507434,14223.15625,0.0012545490205972953,1.0
2026-07-03,MARUTI,14306.321022727274,14375.625,14190.484375,14223.15625,384188,0.5118,0,0.0,0.0,0.5118,0.6021,0.7084,0.8334,0.6074333333333333,0.34478000000000003,0.7236599284194202,0,0.0012545490205972953,14312.26171875,0.006264816836980103,1.0
2026-07-06,MARUTI,14205.335579733328,14381.565697742286,14148.902339696751,14312.26171875,214686,0.435,0,0.0,0.0,0.435,0.5118,0.6021,0.7084,0.5163,0.6181400000000001,0.15778899834906226,0,0.006264816836980103,14393.4462890625,0.00567237882508409,1.0
2026-07-07,MARUTI,14319.192026324868,14452.849699252605,14270.679241336282,14393.4462890625,524759,0.3698,0,0.0,0.0,0.3698,0.435,0.5118,0.6021,0.4388666666666667,0.5254200000000001,0.13410850830577592,0,0.00567237882508409,13812.2822265625,-0.04037699178004528,0.0
2026-07-08,MARUTI,14331.071982617173,14355.82340227627,13741.988194730664,13812.2822265625,481076,0.0449,1,0.0,0.9293,0.0449,0.3698,0.435,0.5118,0.2832333333333333,0.39272000000000007,0.21290356267568744,0,-0.04037699178004528,13591.5,-0.015984485615122446,0.0
2026-07-09,MARUTI,13860.795454545456,13897.427556818182,13563.77840909091,13591.5,576451,0.0382,0,0.0,0.0,0.0382,0.0449,0.3698,0.435,0.15096666666666664,0.27994,0.22336042174029033,1,-0.015984485615122446,13716.2470703125,0.009178315146415095,1.0
2026-07-10,MARUTI,13662.784002476721,13847.924626278398,13639.022638994153,13716.2470703125,430154,0.0324,0,0.0,0.0,0.0324,0.0382,0.0449,0.3698,0.03849999999999996,0.18406000000000003,0.2006935674106182,0,0.009178315146415095,13558.828125,-0.011476823398232416,0.0
2026-07-13,MARUTI,13545.957386363638,13703.376420454546,13401.409090909092,13558.828125,458633,0.0276,0,0.0,0.0,0.0276,0.0324,0.0382,0.0449,0.0327333333333333,0.10258000000000003,0.14952050695473293,0,-0.011476823398232416,13354.8759765625,-0.015042018864554363,0.0
2026-07-14,MARUTI,13483.583358648135,13553.877390402597,13336.06489764229,13354.8759765625,368645,0.0234,0,0.0,0.0,0.0234,0.0276,0.0324,0.0382,0.027799999999999964,0.033300000000000024,0.00851293134004554,0,-0.015042018864554363,13447.94140625,0.006968647994247679,1.0
2026-07-15,MARUTI,13368.736862886974,13470.712712466871,13301.4130010284,13447.94140625,456369,-0.0295,1,0.0,0.9316,-0.0295,0.0234,0.0276,0.0324,0.00716666666666663,0.018420000000000023,0.027349990859236634,0,0.006968647994247679,13645.953125,0.014724314507941871,1.0
2026-07-16,MARUTI,13469.723011363638,13707.336647727274,13448.931818181818,13645.953125,356847,-0.0251,0,0.0,0.0,-0.0251,-0.0295,0.0234,0.0276,-0.010400000000000036,0.005760000000000022,0.030386888619934844,1,0.014724314507941871,13665.75390625,0.0014510368802105322,1.0
2026-07-17,MARUTI,13613.28089624991,13746.938563231271,13563.778056627181,13665.75390625,237330,0.0376,1,0.0,0.9347,0.0376,-0.0251,-0.0295,0.0234,-0.005666666666666702,0.006800000000000023,0.031591691945831675,0,0.0014510368802105322,13379.6279296875,-0.020937445421993273,0.0
2026-07-20,MARUTI,13686.545545360366,13694.465999958376,13243.990144696587,13379.6279296875,517730,0.032,0,0.0,0.0,0.032,0.0376,-0.0251,-0.0295,0.014833333333333296,0.007680000000000023,0.03236768450168047,1,-0.020937445421993273,13461.802734375,0.006141785490549001,1.0
2026-07-21,MARUTI,13385.568358369494,13519.22603058694,13215.278583396153,13461.802734375,341101,0.0272,0,0.0,0.0,0.0272,0.032,0.0376,-0.0251,0.03226666666666663,0.008440000000000022,0.03286978856032278,0,0.006141785490549001,13410.3193359375,-0.0038244059472091196,0.0
2026-07-22,MARUTI,13460.81223266196,13582.589218879775,13356.856268817482,13410.3193359375,299404,0.0274,1,0.0,0.9372,0.0274,0.0272,0.032,0.0376,0.028866666666666627,0.01982000000000002,0.025466684118674105,0,-0.0038244059472091196,13269.7314453125,-0.010483560242167123,0.0
2026-07-23,MARUTI,13406.35928530751,13433.090819219578,13239.0396841542,13269.7314453125,327912,0.0233,0,0.0,0.0,0.0233,0.0274,0.0272,0.032,0.025966666666666628,0.02950000000000002,0.005477225575081707,1,-0.010483560242167123,13308.34375,0.0029098030240197748,1.0
2026-07-24,MARUTI,13207.357954545456,13360.816761363638,13065.779829545456,13308.34375,223369,0.0198,0,0.0,0.0,0.0198,0.0233,0.0274,0.0272,0.023499999999999965,0.025940000000000026,0.004612808255317864,0,0.0029098030240197748,13593.48046875,0.021425409811044238,1.0
2026-07-27,MARUTI,13443.98188529907,13623.182174071377,13366.757451463493,13593.48046875,333477,0.0168,0,0.0,0.0,0.0168,0.0198,0.0233,0.0274,0.019966666666666633,0.022900000000000025,0.004629254799676534,0,0.021425409811044238,13664.763671875,0.0052439258134715505,1.0
2026-07-28,MARUTI,13592.489526965068,13710.306283736052,13533.086120189782,13664.763671875,481068,0.0143,0,0.0,0.0,0.0143,0.0168,0.0198,0.0233,0.01696666666666663,0.020320000000000022,0.005193938775180921,0,0.0052439258134715505,13809.3125,0.010578216469452117,1.0
2026-07-29,MARUTI,13642.982954545456,13840.994318181818,13583.579545454546,13809.3125,515674,0.0122,0,0.0,0.0,0.0122,0.0143,0.0168,0.0198,0.014433333333333296,0.017280000000000025,0.004401931394323116,0,0.010578216469452117,14046.92578125,0.017206742279892717,1.0
2026-07-30,MARUTI,13800.401639754988,14108.309302425465,13687.535165335583,14046.92578125,626000,0.41405000000000003,4,0.9081309321898466,0.917375,0.414,0.0122,0.0143,0.0168,0.1468333333333333,0.09542000000000002,0.17811423862229636,0,0.017206742279892717,14092.46875,0.0032422018496596205,1.0
2026-07-31,MARUTI,14108.30965909091,14205.335227272728,13983.5625,14092.46875,535417,-0.08143846153846154,13,0.7960570514923972,0.9245076923076923,-0.0814,0.414,0.0122,0.0143,0.11493333333333329,0.07518000000000002,0.19390549760128084,4,0.0032422018496596205,14009.3037109375,-0.005901381832938202,0.0
2026-08-03,MARUTI,14157.812230841431,14296.420182751766,13762.779567896974,14009.3037109375,961183,-0.35831111111111114,9,0.503088653828638,0.7631555555555556,-0.3583,-0.0814,0.414,0.0122,-0.008566666666666703,0.0001600000000000046,0.27692690912946744,13,-0.005901381832938202,14027.125,0.0012721038411485086,1.0
2026-08-04,MARUTI,13983.5625,14112.269886363638,13875.646306818182,14027.125,619717,-0.3046,0,0.0,0.0,-0.3046,-0.3583,-0.0814,0.414,-0.24810000000000001,-0.06361999999999998,0.30785277650201615,9,0.0012721038411485086,14048.90625,0.0015527950310558758,1.0
2026-08-05,MARUTI,14098.409090909092,14107.319602272728,13948.910511363638,14048.90625,312540,-0.2589,0,0.0,0.0,-0.2589,-0.3046,-0.3583,-0.0814,-0.3072666666666667,-0.11783999999999999,0.3149523344888879,0,0.0015527950310558758,13940.0,-0.007751937984496138,0.0
2026-08-06,MARUTI,14039.995738636364,14039.995738636364,13845.944602272728,13940.0,333510,0.0633,1,0.0,0.9095,0.0633,-0.2589,-0.3046,-0.3583,-0.16673333333333337,-0.18797999999999998,0.1747424590647628,0,-0.007751937984496138,14037.0,0.006958393113343009,1.0
2026-08-07,MARUTI,13811.0,14038.0,13811.0,14037.0,324104,0.0538,0,0.0,0.0,0.0538,0.0633,-0.2589,-0.3046,-0.047266666666666714,-0.16094,0.20345894671898873,1,0.006958393113343009,14097.0,0.004274417610600656,1.0
2026-08-10,MARUTI,14039.0,14119.0,13954.0,14097.0,299446,0.0457,0,0.0,0.0,0.0457,0.0538,0.0633,-0.2589,0.05426666666666663,-0.08013999999999998,0.1848567634683684,0,0.004274417610600656,13990.0,-0.007590267432787123,0.0
2026-08-11,MARUTI,14120.0,14175.0,13980.0,13990.0,334931,0.0389,0,0.0,0.0,0.0389,0.0457,0.0538,0.0633,0.0461333333333333,-0.011439999999999983,0.1386342959011237,0,-0.007590267432787123,13875.0,-0.008220157255182325,0.0
2026-08-12,MARUTI,13990.0,14067.0,13875.0,13875.0,354408,0.033,0,0.0,0.0,0.033,0.0389,0.0457,0.0538,0.039199999999999964,0.04694000000000002,0.011991788857394178,0,-0.008220157255182325,13905.0,0.00216216216216214,1.0
2026-08-13,MARUTI,13884.0,13938.0,13825.0,13905.0,220061,0.0281,0,0.0,0.0,0.0281,0.033,0.0389,0.0457,0.03333333333333329,0.039900000000000026,0.010182092122954026,0,0.00216216216216214,13834.0,-0.005106076950737171,0.0
2026-08-14,MARUTI,13905.0,13943.0,13760.0,13834.0,216810,0.0239,0,0.0,0.0,0.0239,0.0281,0.033,0.0389,0.028333333333333297,0.03392000000000002,0.008641296199085052,0,-0.005106076950737171,13760.0,-0.005349139800491565,0.0
2026-08-17,MARUTI,13834.0,13920.0,13760.0,13760.0,177071,0.0203,0,0.0,0.0,0.0203,0.0239,0.0281,0.033,0.024099999999999965,0.028840000000000022,0.007355134261202934,0,-0.005349139800491565,13691.0,-0.005014534883720945,0.0
2026-08-18,MARUTI,13762.0,13890.0,13691.0,13691.0,267433,0.0172,0,0.0,0.0,0.0172,0.0203,0.0239,0.0281,0.02046666666666663,0.024500000000000022,0.006254998001624043,0,-0.005014534883720945,13690.0,-7.304068366076333e-05,0.0
2026-08-19,MARUTI,13744.0,13745.0,13628.0,13690.0,175646,0.7615,1,0.0,0.7787,0.7615,0.0172,0.0203,0.0239,0.26633333333333326,0.17020000000000002,0.3305717773797399,0,-7.304068366076333e-05,13809.0,0.008692476260043769,1.0
2026-08-20,MARUTI,13758.0,13826.0,13681.0,13809.0,186272,-0.2192,1,0.0,0.5989,-0.2192,0.7615,0.0172,0.0203,0.18649999999999997,0.12074000000000003,0.3729340732622863,1,0.008692476260043769,13565.0,-0.01766963574480407,0.0
2026-08-21,MARUTI,13809.0,13809.0,13565.0,13565.0,224951,0.0004,1,0.0,0.9436,0.0004,-0.2192,0.7615,0.0172,0.18089999999999995,0.11604,0.37460398155919317,1,-0.01766963574480407,,,
2026-02-23,NTPC,374.0,376.5,372.1499938964844,375.45001220703125,16135451,0.0,0,0.0,0.0,0.0,0.0,0.0,0.0,0.0,0.0,0.0,0,0.0,382.75,0.01944330151983964,1.0
2026-02-24,NTPC,374.95001220703125,385.0,373.54998779296875,382.75,20774629,0.0,0,0.0,0.0,0.0,0.0,0.0,0.0,0.0,0.0,0.0,0,0.01944330151983964,384.8999938964844,0.005617227685132287,1.0
2026-02-25,NTPC,382.75,388.54998779296875,382.70001220703125,384.8999938964844,12750016,0.0,0,0.0,0.0,0.0,0.0,0.0,0.0,0.0,0.0,0.0,0,0.005617227685132287,381.8999938964844,-0.007794232391717948,0.0
2026-02-26,NTPC,385.0,385.8500061035156,378.3999938964844,381.8999938964844,10721570,0.0,0,0.0,0.0,0.0,0.0,0.0,0.0,0.0,0.0,0.0,0,-0.007794232391717948,381.8999938964844,0.0,0.0
2026-02-27,NTPC,381.0,385.20001220703125,380.1499938964844,381.8999938964844,11548959,0.0,0,0.0,0.0,0.0,0.0,0.0,0.0,0.0,0.0,0.0,0,0.0,377.54998779296875,-0.011390432503370795,0.0
2026-03-02,NTPC,365.0,378.95001220703125,365.0,377.54998779296875,14732253,0.0,0,0.0,0.0,0.0,0.0,0.0,0.0,0.0,0.0,0.0,0,-0.011390432503370795,365.79998779296875,-0.031121706740573796,0.0
2026-03-04,NTPC,370.75,373.8500061035156,364.1000061035156,365.79998779296875,11433169,0.0,0,0.0,0.0,0.0,0.0,0.0,0.0,0.0,0.0,0.0,0,-0.031121706740573796,378.04998779296875,0.03348824606012046,1.0
2026-03-05,NTPC,366.95001220703125,379.8999938964844,366.6000061035156,378.04998779296875,16158714,0.0,0,0.0,0.0,0.0,0.0,0.0,0.0,0.0,0.0,0.0,0,0.03348824606012046,380.6000061035156,0.006745188183800099,1.0
2026-03-06,NTPC,377.0,385.54998779296875,374.6499938964844,380.6000061035156,14940896,0.0,0,0.0,0.0,0.0,0.0,0.0,0.0,0.0,0.0,0.0,0,0.006745188183800099,376.25,-0.011429337976238796,0.0
2026-03-09,NTPC,373.0,379.0,371.3999938964844,376.25,11286578,0.0,0,0.0,0.0,0.0,0.0,0.0,0.0,0.0,0.0,0.0,0,-0.011429337976238796,377.29998779296875,0.0027906652304816593,1.0
2026-03-10,NTPC,385.0,385.45001220703125,374.8500061035156,377.29998779296875,10875834,0.0,0,0.0,0.0,0.0,0.0,0.0,0.0,0.0,0.0,0.0,0,0.0027906652304816593,379.8999938964844,0.006891084515333379,1.0
2026-03-11,NTPC,377.5,383.8999938964844,376.45001220703125,379.8999938964844,9963701,0.0,0,0.0,0.0,0.0,0.0,0.0,0.0,0.0,0.0,0.0,0,0.006891084515333379,390.54998779296875,0.028033677461406503,1.0
2026-03-12,NTPC,379.0,392.3999938964844,375.6499938964844,390.54998779296875,23847146,0.0,0,0.0,0.0,0.0,0.0,0.0,0.0,0.0,0.0,0.0,0,0.028033677461406503,384.45001220703125,-0.015618936823961982,0.0
2026-03-13,NTPC,391.8500061035156,394.5,383.20001220703125,384.45001220703125,27107369,0.0477,1,0.0,0.9236,0.0477,0.0,0.0,0.0,0.0159,0.00954,0.021332088505347995,0,-0.015618936823961982,382.3999938964844,-0.005332340344530673,0.0
2026-03-16,NTPC,384.5,388.25,375.45001220703125,382.3999938964844,16793109,0.4504,1,0.0,0.4981,0.4504,0.0477,0.0,0.0,0.16603333333333334,0.09962000000000001,0.19717677855163374,1,-0.005332340344530673,383.3500061035156,0.0024843415852364714,1.0
2026-03-17,NTPC,382.8999938964844,385.8999938964844,378.29998779296875,383.3500061035156,9720902,0.3828,0,0.0,0.0,0.3828,0.4504,0.0477,0.0,0.29363333333333336,0.17618,0.2216271237912905,1,0.0024843415852364714,378.5,-0.012651639562530681,0.0
2026-03-18,NTPC,385.0,386.3500061035156,377.6000061035156,378.5,10681498,0.3254,0,0.0,0.0,0.3254,0.3828,0.4504,0.0477,0.38620000000000004,0.24126000000000003,0.20403707506235233,0,-0.012651639562530681,374.04998779296875,-0.011756967521879158,0.0
2026-03-19,NTPC,373.5,380.75,373.1000061035156,374.04998779296875,10568326,0.2766,0,0.0,0.0,0.2766,0.3254,0.3828,0.4504,0.32826666666666665,0.29658,0.1535134586933667,0,-0.011756967521879158,380.95001220703125,0.01844679759188117,1.0
2026-03-20,NTPC,375.8500061035156,383.29998779296875,375.5,380.95001220703125,20930288,0.0045,1,0.0,0.946,0.0045,0.2766,0.3254,0.3828,0.2021666666666667,0.28794,0.17121751662724233,0,0.01844679759188117,372.3999938964844,-0.022443937620614363,0.0
2026-03-23,NTPC,377.1000061035156,379.5,369.29998779296875,372.3999938964844,13148432,0.0038,0,0.0,0.0,0.0038,0.0045,0.2766,0.3254,0.09496666666666666,0.19862000000000002,0.1814619298916442,1,-0.022443937620614363,375.54998779296875,0.008458630365498765,1.0
2026-03-24,NTPC,378.0,378.1499938964844,371.0,375.54998779296875,9339144,0.0033,0,0.0,0.0,0.0033,0.0038,0.0045,0.2766,0.0038666666666666663,0.12272000000000001,0.1636591793942521,0,0.008458630365498765,378.3999938964844,0.007588886156712604,1.0
2026-03-25,NTPC,376.0,380.95001220703125,375.6000061035156,378.3999938964844,9266292,0.011,1,0.0,0.9471,0.011,0.0033,0.0038,0.0045,0.006033333333333332,0.059840000000000004,0.12121263547996958,0,0.007588886156712604,375.6499938964844,-0.007267441977687472,0.0
2026-03-27,NTPC,379.8999938964844,379.8999938964844,374.6499938964844,375.6499938964844,20263654,0.0093,0,0.0,0.0,0.0093,0.011,0.0033,0.0038,0.007866666666666666,0.006379999999999999,0.003519517012314654,1,-0.007267441977687472,370.6499938964844,-0.013310262428429143,0.0
2026-03-30,NTPC,374.0,377.95001220703125,369.6499938964844,370.6499938964844,17974103,0.0079,0,0.0,0.0,0.0079,0.0093,0.011,0.0033,0.009399999999999999,0.0070599999999999994,0.003391607288583445,0,-0.013310262428429143,364.6499938964844,-0.016187778494003435,0.0
2026-04-01,NTPC,381.29998779296875,381.8999938964844,361.45001220703125,364.6499938964844,15449629,0.0068,0,0.0,0.0,0.0068,0.0079,0.0093,0.011,0.007999999999999998,0.00766,0.002900517195255428,0,-0.016187778494003435,359.6499938964844,-0.01371177864716866,0.0
2026-04-02,NTPC,359.95001220703125,361.29998779296875,352.0,359.6499938964844,16551512,0.0057,0,0.0,0.0,0.0057,0.0068,0.0079,0.0093,0.0068,0.008139999999999998,0.0020815859338428654,0,-0.01371177864716866,366.1000061035156,0.017934136845523474,1.0
2026-04-06,NTPC,358.79998779296875,366.75,355.70001220703125,366.1000061035156,11534034,0.034,1,0.0,0.9278,0.034,0.0057,0.0068,0.0079,0.0155,0.012740000000000001,0.011959222382746005,0,0.017934136845523474,368.8500061035156,0.007511608724809493,1.0
2026-04-07,NTPC,364.8500061035156,369.79998779296875,362.25,368.8500061035156,12603971,0.0289,0,0.0,0.0,0.0289,0.034,0.0057,0.0068,0.022866666666666664,0.01666,0.01364342332407719,1,0.007511608724809493,374.1499938964844,0.014368951349512438,1.0
2026-04-08,NTPC,373.5,375.54998779296875,368.25,374.1499938964844,19491331,0.0246,0,0.0,0.0,0.0246,0.0289,0.034,0.0057,0.029166666666666664,0.019999999999999997,0.012991343271577959,0,0.014368951349512438,378.6499938964844,0.012027261989599358,1.0
2026-04-09,NTPC,376.95001220703125,384.20001220703125,376.5,378.6499938964844,18503665,-0.33465,2,0.48797438969683643,0.82405,-0.3346,0.0246,0.0289,0.034,-0.0937,-0.04828,0.16041448500680966,0,0.012027261989599358,380.1499938964844,0.003961442028730389,1.0
2026-04-10,NTPC,381.20001220703125,384.45001220703125,372.04998779296875,380.1499938964844,14953758,-0.2845,0,0.0,0.0,-0.2845,-0.3346,0.0246,0.0289,-0.19816666666666669,-0.10632,0.18639612925165577,2,0.003961442028730389,386.25,0.016046313827317027,1.0
2026-04-13,NTPC,374.3500061035156,388.0,374.3500061035156,386.25,15240045,-0.2418,0,0.0,0.0,-0.2418,-0.2845,-0.3346,0.0246,-0.28696666666666665,-0.16148,0.1749471834583225,0,0.016046313827317027,392.6000061035156,0.01644014525182036,1.0
2026-04-15,NTPC,390.25,393.95001220703125,387.1000061035156,392.6000061035156,7722460,0.2602,1,0.0,0.7123,0.2602,-0.2418,-0.2845,-0.3346,-0.0887,-0.11521999999999999,0.25164240898544893,0,0.01644014525182036,390.79998779296875,-0.004584865722269682,0.0
2026-04-16,NTPC,397.0,397.25,387.79998779296875,390.79998779296875,9896906,0.2212,0,0.0,0.0,0.2212,0.2602,-0.2418,-0.2845,0.07986666666666668,-0.0759,0.29120185438969987,1,-0.004584865722269682,393.6000061035156,0.007164837251812273,1.0
2026-04-17,NTPC,393.0,396.25,388.45001220703125,393.6000061035156,15320653,0.188,0,0.0,0.0,0.188,0.2212,0.2602,-0.2418,0.22313333333333332,0.02862,0.2679969440124271,0,0.007164837251812273,398.0,0.011178846108369278,1.0
2026-04-20,NTPC,393.0,400.8500061035156,390.6499938964844,398.0,9895187,0.1598,0,0.0,0.0,0.1598,0.188,0.2212,0.2602,0.18966666666666668,0.11747999999999999,0.20431165409736174,0,0.011178846108369278,396.20001220703125,-0.004522582394393848,0.0
2026-04-21,NTPC,398.6000061035156,402.70001220703125,395.70001220703125,396.20001220703125,9493644,0.1358,0,0.0,0.0,0.1358,0.1598,0.188,0.2212,0.1612,0.193,0.04927007205190593,0,-0.004522582394393848,405.3999938964844,0.023220548727913126,1.0
2026-04-22,NTPC,398.0,407.25,393.20001220703125,405.3999938964844,16411131,0.1155,0,0.0,0.0,0.1155,0.1358,0.1598,0.188,0.13703333333333337,0.16406,0.041871684943407726,0,0.023220548727913126,402.25,-0.007770088662824914,0.0
2026-04-23,NTPC,404.0,405.8999938964844,400.3999938964844,402.25,9144699,0.0981,0,0.0,0.0,0.0981,0.1155,0.1358,0.1598,0.11646666666666668,0.13943999999999998,0.03559484513240636,0,-0.007770088662824914,401.8500061035156,-0.0009943912902035112,0.0
2026-04-24,NTPC,404.75,405.25,399.20001220703125,401.8500061035156,6266676,0.0834,0,0.0,0.0,0.0834,0.0981,0.1155,0.1358,0.09900000000000002,0.11852,0.030257841958738374,0,-0.0009943912902035112,410.20001220703125,0.020778912471547173,1.0
2026-04-27,NTPC,403.8999938964844,414.3999938964844,402.6000061035156,410.20001220703125,13001752,0.0709,0,0.0,0.0,0.0709,0.0834,0.0981,0.1155,0.08413333333333335,0.10074000000000001,0.025715423387531175,0,0.020778912471547173,406.8500061035156,-0.008166762564172814,0.0
2026-04-28,NTPC,414.0,414.20001220703125,405.95001220703125,406.8500061035156,7726655,0.0603,0,0.0,0.0,0.0603,0.0709,0.0834,0.0981,0.07153333333333335,0.08564,0.021859048469683725,0,-0.008166762564172814,401.29998779296875,-0.01364143597710743,0.0
2026-04-29,NTPC,409.5,410.0,399.6499938964844,401.29998779296875,11920835,0.0512,0,0.0,0.0,0.0512,0.0603,0.0709,0.0834,0.06080000000000002,0.07278,0.018566555954187627,0,-0.01364143597710743,399.1499938964844,-0.005357572793133425,0.0
2026-04-30,NTPC,400.0,400.29998779296875,393.1499938964844,399.1499938964844,7706357,0.0435,0,0.0,0.0,0.0435,0.0512,0.0603,0.0709,0.05166666666666669,0.061860000000000005,0.015802309957723838,0,-0.005357572793133425,399.1499938964844,0.0,0.0
2026-05-01,NTPC,399.1499938964844,399.1499938964844,399.1499938964844,399.1499938964844,0,0.037,0,0.0,0.0,0.037,0.0435,0.0512,0.0603,0.04390000000000002,0.05258,0.01343789418026412,0,0.0,400.04998779296875,0.002254776174988038,1.0
2026-05-04,NTPC,400.0,404.79998779296875,397.25,400.04998779296875,6333200,0.0315,0,0.0,0.0,0.0315,0.037,0.0435,0.0512,0.03733333333333335,0.0447,0.011408111149527557,0,0.002254776174988038,398.6499938964844,-0.0034995474045830255,0.0
2026-05-05,NTPC,398.29998779296875,400.5,394.54998779296875,398.6499938964844,6791514,0.0267,0,0.0,0.0,0.0267,0.0315,0.037,0.0435,0.031733333333333356,0.03798,0.009687982246060007,0,-0.0034995474045830255,394.8500061035156,-0.009532140602403927,0.0
2026-05-06,NTPC,400.0,403.0,391.6499938964844,394.8500061035156,11120409,0.0227,0,0.0,0.0,0.0227,0.0267,0.0315,0.037,0.026966666666666684,0.032279999999999996,0.008241480449529257,0,-0.009532140602403927,400.3500061035156,0.013929340040476301,1.0
2026-05-07,NTPC,396.75,403.5,393.1499938964844,400.3500061035156,9700378,0.0193,0,0.0,0.0,0.0193,0.0227,0.0267,0.0315,0.02290000000000002,0.02744,0.007020541289670774,0,0.013929340040476301,402.1499938964844,0.00449603538285781,1.0
2026-05-08,NTPC,398.0,405.1000061035156,397.1499938964844,402.1499938964844,4740939,0.0164,0,0.0,0.0,0.0164,0.0193,0.0227,0.0267,0.019466666666666688,0.02332,0.005974278199077399,0,0.00449603538285781,392.95001220703125,-0.02287699074744054,0.0
2026-05-11,NTPC,401.8999938964844,405.0,391.0,392.95001220703125,10088836,0.014,0,0.0,0.0,0.014,0.0164,0.0193,0.0227,0.016566666666666688,0.01982,0.005036566290636005,0,-0.02287699074744054,392.70001220703125,-0.000636213238920269,0.0
2026-05-12,NTPC,392.20001220703125,399.8500061035156,391.25,392.70001220703125,10247516,0.0119,0,0.0,0.0,0.0119,0.014,0.0164,0.0193,0.01410000000000002,0.01686,0.004273523136707046,0,-0.000636213238920269,390.45001220703125,-0.0057295643749911696,0.0
2026-05-13,NTPC,392.0,394.04998779296875,385.79998779296875,390.45001220703125,12322076,0.0101,0,0.0,0.0,0.0101,0.0119,0.014,0.0164,0.01200000000000002,0.01434,0.0036363443181263804,0,-0.0057295643749911696,396.29998779296875,0.014982649258659997,1.0
2026-05-14,NTPC,393.70001220703125,398.54998779296875,391.20001220703125,396.29998779296875,7363948,0.0086,0,0.0,0.0,0.0086,0.0101,0.0119,0.014,0.01020000000000002,0.012199999999999999,0.0030959651160776427,0,0.014982649258659997,395.25,-0.0026494772276330902,0.0
2026-05-15,NTPC,396.0,398.0,392.5,395.25,7107857,0.0073,0,0.0,0.0,0.0073,0.0086,0.0101,0.0119,0.008666666666666685,0.01038,0.002652734438267304,0,-0.0026494772276330902,388.29998779296875,-0.017583838600964574,0.0
2026-05-18,NTPC,393.0,393.8500061035156,384.8999938964844,388.29998779296875,7632596,0.0062,0,0.0,0.0,0.0062,0.0073,0.0086,0.0101,0.007366666666666685,0.00882,0.0022554378732230888,0,-0.017583838600964574,389.3999938964844,0.0028328769974159673,1.0
2026-05-19,NTPC,386.70001220703125,392.75,386.04998779296875,389.3999938964844,6693518,0.0332,1,0.0,0.9334,0.0332,0.0062,0.0073,0.0086,0.015566666666666687,0.01308,0.011341384395212508,0,0.0028328769974159673,392.45001220703125,0.007832610062540768,1.0
2026-05-20,NTPC,386.1000061035156,393.3500061035156,384.0,392.45001220703125,5386249,0.0282,0,0.0,0.0,0.0282,0.0332,0.0062,0.0073,0.02253333333333335,0.0167,0.012929810516785248,1,0.007832610062540768,388.79998779296875,-0.009300609760554579,0.0
2026-05-21,NTPC,393.5,395.54998779296875,387.8500061035156,388.79998779296875,10596954,0.024,0,0.0,0.0,0.024,0.0282,0.0332,0.0062,0.028466666666666685,0.01978,0.012338638498633913,0,-0.009300609760554579,388.6499938964844,-0.0003857867829055728,0.0
2026-05-22,NTPC,389.95001220703125,391.5,387.45001220703125,388.6499938964844,11755213,0.0204,0,0.0,0.0,0.0204,0.024,0.0282,0.0332,0.024200000000000017,0.0224,0.010238163897885762,0,-0.0003857867829055728,390.04998779296875,0.003602197140024188,1.0
2026-05-25,NTPC,391.95001220703125,392.79998779296875,386.45001220703125,390.04998779296875,10489850,0.00545,2,0.003181980515339464,0.94835,0.0054,0.0204,0.024,0.0282,0.016600000000000018,0.022240000000000003,0.010555946191600794,0,0.003602197140024188,389.70001220703125,-0.0008972582922455175,0.0
2026-05-26,NTPC,390.75,392.25,389.0,389.70001220703125,9062218,0.0046,0,0.0,0.0,0.0046,0.0054,0.0204,0.024,0.010133333333333354,0.01652,0.010876212576074925,2,-0.0008972582922455175,398.1499938964844,0.02168329849824069,1.0
2026-05-27,NTPC,390.3500061035156,403.1000061035156,390.3500061035156,398.1499938964844,14418621,0.0039,0,0.0,0.0,0.0039,0.0046,0.0054,0.0204,0.004633333333333351,0.01166,0.00971997942384497,0,0.02168329849824069,398.1499938964844,0.0,0.0
2026-05-28,NTPC,398.1499938964844,398.1499938964844,398.1499938964844,398.1499938964844,0,-0.9314,1,0.0,0.9449,-0.9314,0.0039,0.0046,0.0054,-0.3076333333333333,-0.17942,0.42042537030964244,0,0.0,386.8999938964844,-0.02825568296486003,0.0
2026-05-29,NTPC,400.0,401.6499938964844,385.1000061035156,386.8999938964844,17003143,-0.7917,0,0.0,0.0,-0.7917,-0.9314,0.0039,0.0046,-0.5730666666666666,-0.34184000000000003,0.4769925188092576,1,-0.02825568296486003,378.70001220703125,-0.021194060012435734,0.0
2026-06-01,NTPC,386.8999938964844,389.0,376.5,378.70001220703125,18408900,-0.6729,0,0.0,0.0,-0.6729,-0.7917,-0.9314,0.0039,-0.7986666666666666,-0.47750000000000004,0.4491921582129411,0,-0.021194060012435734,367.3999938964844,-0.02983897001928082,0.0
2026-06-02,NTPC,375.95001220703125,377.5,363.04998779296875,367.3999938964844,17496468,-0.572,0,0.0,0.0,-0.572,-0.6729,-0.7917,-0.9314,-0.6788666666666666,-0.59282,0.35955205047391947,0,-0.02983897001928082,366.79998779296875,-0.0016331140813373723,0.0
2026-06-03,NTPC,368.04998779296875,371.5,363.70001220703125,366.79998779296875,10825715,-0.4862,0,0.0,0.0,-0.4862,-0.572,-0.6729,-0.7917,-0.5770333333333333,-0.69084,0.17632652381306654,0,-0.0016331140813373723,366.3999938964844,-0.00109049593728483,0.0
2026-06-04,NTPC,366.79998779296875,368.79998779296875,364.3500061035156,366.3999938964844,14363519,-0.4133,0,0.0,0.0,-0.4133,-0.4862,-0.572,-0.6729,-0.49049999999999994,-0.5872200000000001,0.1498649291862507,0,-0.00109049593728483,361.6499938964844,-0.012963974015081425,0.0
2026-06-05,NTPC,365.95001220703125,368.5,358.6499938964844,361.6499938964844,10277061,-0.3513,0,0.0,0.0,-0.3513,-0.4133,-0.4862,-0.572,-0.4169333333333333,-0.49914000000000003,0.12737124086700247,0,-0.012963974015081425,362.3999938964844,0.0020738283220176346,1.0
2026-06-08,NTPC,358.95001220703125,365.3500061035156,355.1499938964844,362.3999938964844,14933986,0.0018,1,0.0,0.9398,0.0018,-0.3513,-0.4133,-0.4862,-0.25426666666666664,-0.36419999999999997,0.22056635056145799,0,0.0020738283220176346,355.6499938964844,-0.01862582812826441,0.0
2026-06-09,NTPC,362.79998779296875,363.70001220703125,355.0,355.6499938964844,14246656,0.0109,1,0.0,0.9447,0.0109,0.0018,-0.3513,-0.4133,-0.11286666666666663,-0.24762,0.2367291426926563,1,-0.01862582812826441,351.6499938964844,-0.011247012705317916,0.0
2026-06-10,NTPC,359.0,359.0,351.1000061035156,351.6499938964844,14939921,0.0093,0,0.0,0.0,0.0093,0.0109,0.0018,-0.3513,0.00733333333333337,-0.14852,0.21456127796040003,1,-0.011247012705317916,351.8500061035156,0.0005687820574515889,1.0
2026-06-11,NTPC,352.0,353.3500061035156,348.79998779296875,351.8500061035156,15079402,0.0079,0,0.0,0.0,0.0079,0.0093,0.0109,0.0018,0.009366666666666704,-0.06428,0.16048601808257337,0,0.0005687820574515889,353.8999938964844,0.005826311659536065,1.0
2026-06-12,NTPC,357.0,357.0,349.70001220703125,353.8999938964844,8740239,0.0067,0,0.0,0.0,0.0067,0.0079,0.0093,0.0109,0.007966666666666703,0.00732,0.0034615025639281568,0,0.005826311659536065,348.1000061035156,-0.016388776188182796,0.0
2026-06-15,NTPC,357.3999938964844,358.0,346.95001220703125,348.1000061035156,17190759,0.0057,0,0.0,0.0,0.0057,0.0067,0.0079,0.0093,0.006766666666666705,0.0081,0.0020639767440747163,0,-0.016388776188182796,355.54998779296875,0.021401843030240286,1.0
2026-06-16,NTPC,349.75,356.20001220703125,348.5,355.54998779296875,14555184,0.0048,0,0.0,0.0,0.0048,0.0057,0.0067,0.0079,0.005733333333333371,0.00688,0.00177820133845439,0,0.021401843030240286,355.54998779296875,0.0,0.0
2026-06-17,NTPC,355.54998779296875,356.04998779296875,352.04998779296875,355.54998779296875,9299676,0.0041,0,0.0,0.0,0.0041,0.0048,0.0057,0.0067,0.004866666666666703,0.00584,0.0015093044756048209,0,0.0,361.95001220703125,0.01800035053802085,1.0
2026-06-18,NTPC,357.0,363.54998779296875,354.04998779296875,361.95001220703125,12260776,0.0035,0,0.0,0.0,0.0035,0.0041,0.0048,0.0057,0.00413333333333337,0.00496,0.0012720062893242855,0,0.01800035053802085,365.79998779296875,0.010636760480989826,1.0
2026-06-19,NTPC,361.95001220703125,368.0,359.95001220703125,365.79998779296875,17465450,0.003,0,0.0,0.0,0.003,0.0035,0.0041,0.0048,0.0035333333333333705,0.00422,0.0010663020210429906,0,0.010636760480989826,367.04998779296875,0.003417167965318324,1.0
2026-06-22,NTPC,365.79998779296875,368.5,364.04998779296875,367.04998779296875,11946682,0.0025,0,0.0,0.0,0.0025,0.003,0.0035,0.0041,0.0030000000000000374,0.00358,0.0009038805231225071,0,0.003417167965318324,364.6000061035156,-0.0066747902763452105,0.0
2026-06-23,NTPC,367.8500061035156,369.25,361.8999938964844,364.6000061035156,11696171,0.0021,0,0.0,0.0,0.0021,0.0025,0.003,0.0035,0.0025333333333333705,0.00304,0.0007924645102968914,0,-0.0066747902763452105,357.04998779296875,-0.020707674668560827,0.0
2026-06-24,NTPC,362.8500061035156,364.04998779296875,355.5,357.04998779296875,12770898,0.0018,0,0.0,0.0,0.0018,0.0021,0.0025,0.003,0.0021333333333333703,0.00258,0.0006833739825893173,0,-0.020707674668560827,352.04998779296875,-0.014003641425410662,0.0
2026-06-25,NTPC,356.45001220703125,359.0,351.45001220703125,352.04998779296875,19767157,0.0542,1,0.0,0.8804,0.0542,0.0018,0.0021,0.0025,0.019366666666666702,0.012719999999999999,0.02319239099360138,0,-0.014003641425410662,352.04998779296875,0.0,0.0
2026-06-26,NTPC,352.04998779296875,352.04998779296875,352.04998779296875,352.04998779296875,0,0.0461,0,0.0,0.0,0.0461,0.0542,0.0018,0.0021,0.03403333333333337,0.021339999999999998,0.02645643588996984,1,0.0,356.1000061035156,0.011504100130600214,1.0
2026-06-29,NTPC,352.0,357.8999938964844,351.54998779296875,356.1000061035156,49895302,0.0392,0,0.0,0.0,0.0392,0.0461,0.0542,0.0018,0.04650000000000004,0.02868,0.024972124459086097,0,0.011504100130600214,356.6499938964844,0.0015444756628530953,1.0
2026-06-30,NTPC,354.75,358.3500061035156,352.8999938964844,356.6499938964844,10291360,0.0333,0,0.0,0.0,0.0333,0.0392,0.0461,0.0542,0.03953333333333337,0.03492,0.02009096812003064,0,0.0015444756628530953,357.8999938964844,0.0035048367345908993,1.0
2026-07-01,NTPC,358.0,360.8500061035156,354.25,357.8999938964844,6915166,0.0283,0,0.0,0.0,0.0283,0.0333,0.0392,0.0461,0.03360000000000004,0.04022,0.01025948341779881,0,0.0035048367345908993,358.25,0.0009779438655617145,1.0
2026-07-02,NTPC,359.95001220703125,359.95001220703125,352.29998779296875,358.25,6513560,0.024,0,0.0,0.0,0.024,0.0283,0.0333,0.0392,0.028533333333333372,0.03418,0.008750257139083827,0,0.0009779438655617145,356.45001220703125,-0.0050243902106594795,0.0
2026-07-03,NTPC,358.25,360.1499938964844,355.45001220703125,356.45001220703125,6588714,0.0204,0,0.0,0.0,0.0204,0.024,0.0283,0.0333,0.02423333333333337,0.02904,0.007449362388828081,0,-0.0050243902106594795,356.25,-0.0005611227386214113,0.0
2026-07-06,NTPC,356.0,359.3999938964844,354.6499938964844,356.25,6204261,0.0174,0,0.0,0.0,0.0174,0.0204,0.024,0.0283,0.02060000000000004,0.02468,0.006308486347776743,0,-0.0005611227386214113,354.20001220703125,-0.0057543516995614,0.0
2026-07-07,NTPC,355.79998779296875,357.1499938964844,352.54998779296875,354.20001220703125,8149003,0.0148,0,0.0,0.0,0.0148,0.0174,0.0204,0.024,0.01753333333333337,0.02098,0.005339662910716813,0,-0.0057543516995614,348.70001220703125,-0.015527949775408945,0.0
2026-07-08,NTPC,351.95001220703125,353.0,347.54998779296875,348.70001220703125,9572223,0.0126,0,0.0,0.0,0.0126,0.0148,0.0174,0.0204,0.01493333333333337,0.01784,0.004510875746469204,0,-0.015527949775408945,343.70001220703125,-0.014338972827541485,0.0
2026-07-09,NTPC,349.0,351.0,343.1000061035156,343.70001220703125,17821421,0.0107,0,0.0,0.0,0.0107,0.0126,0.0148,0.0174,0.012700000000000038,0.015179999999999999,0.0038421348232569297,0,-0.014338972827541485,344.54998779296875,0.0024730158735797314,1.0
2026-07-10,NTPC,344.5,348.79998779296875,343.20001220703125,344.54998779296875,13016441,0.0091,0,0.0,0.0,0.0091,0.0107,0.0126,0.0148,0.010800000000000037,0.012920000000000001,0.0032874001886115246,0,0.0024730158735797314,351.75,0.020896858110926786,1.0
2026-07-13,NTPC,345.04998779296875,355.0,343.70001220703125,351.75,8226337,0.0077,0,0.0,0.0,0.0077,0.0091,0.0107,0.0126,0.009166666666666703,0.01098,0.0028101601378004585,0,0.020896858110926786,348.1499938964844,-0.010234558929681947,0.0
2026-07-14,NTPC,348.5,353.95001220703125,347.5,348.1499938964844,8579646,0.0066,0,0.0,0.0,0.0066,0.0077,0.0091,0.0107,0.007800000000000039,0.00934,0.0023839043605149847,0,-0.010234558929681947,344.3500061035156,-0.010914800688172965,0.0
2026-07-15,NTPC,347.5,348.45001220703125,343.04998779296875,344.3500061035156,11352533,0.2933,1,0.0,0.4362,0.2933,0.0066,0.0077,0.0091,0.10253333333333337,0.06548000000000001,0.12736452410306448,0,-0.010914800688172965,342.45001220703125,-0.005517624111536112,0.0
2026-07-16,NTPC,344.20001220703125,346.04998779296875,342.1000061035156,342.45001220703125,10347549,0.0066,1,0.0,0.9502,0.0066,0.2933,0.0066,0.0077,0.1021666666666667,0.06466000000000001,0.12781777262963118,1,-0.005517624111536112,341.8500061035156,-0.0017520983563372727,0.0
2026-07-17,NTPC,342.5,343.8999938964844,340.25,341.8500061035156,7612446,0.0056,0,0.0,0.0,0.0056,0.0066,0.2933,0.0066,0.10183333333333337,0.06396,0.12820710978725047,1,-0.0017520983563372727,347.25,0.015796383794269175,1.0
2026-07-20,NTPC,343.0,349.29998779296875,341.1000061035156,347.25,14463484,0.356,1,0.0,0.5105,0.356,0.0056,0.0066,0.2933,0.12273333333333336,0.13362,0.17578953893790183,0,0.015796383794269175,348.54998779296875,0.003743665350522063,1.0
2026-07-21,NTPC,347.20001220703125,349.1499938964844,344.1499938964844,348.54998779296875,8575793,0.3026,0,0.0,0.0,0.3026,0.356,0.0056,0.0066,0.22140000000000004,0.19282,0.1721226365124591,1,0.003743665350522063,350.5,0.005594641444054638,1.0
2026-07-22,NTPC,347.3999938964844,350.8500061035156,345.6499938964844,350.5,7035952,0.2414333333333333,3,0.5735689438361646,0.7705666666666667,0.2414,0.3026,0.356,0.0056,0.3,0.18244,0.16600442162785942,0,0.005594641444054638,348.6000061035156,-0.005420809975704377,0.0
2026-07-23,NTPC,348.54998779296875,350.70001220703125,347.1000061035156,348.6000061035156,6863144,0.627325,4,0.3757626855254967,0.87995,0.6273,0.2414,0.3026,0.356,0.39043333333333335,0.30657999999999996,0.2236944836154887,3,-0.005420809975704377,347.20001220703125,-0.00401604667806188,0.0
2026-07-24,NTPC,347.95001220703125,350.0,345.1000061035156,347.20001220703125,6300466,0.48436250000000003,8,0.4473378171791107,0.9017125,0.4844,0.6273,0.2414,0.3026,0.45103333333333334,0.40234,0.15438425437848305,4,-0.00401604667806188,350.79998779296875,0.010368592912925578,1.0
2026-07-27,NTPC,353.0,353.0,347.79998779296875,350.79998779296875,12350753,0.266,6,0.5070763768901091,0.8642333333333333,0.266,0.4844,0.6273,0.2414,0.4592333333333333,0.38434,0.16595119161970534,8,0.010368592912925578,343.75,-0.02009688722432179,0.0
2026-07-28,NTPC,349.95001220703125,350.0,342.1000061035156,343.75,12409670,-0.22935,2,0.8675493098377752,0.6714,-0.2294,0.266,0.4844,0.6273,0.17366666666666672,0.27793999999999996,0.3254035002884882,6,-0.02009688722432179,343.5,-0.0007272727272726875,0.0
2026-07-29,NTPC,343.70001220703125,345.3500061035156,341.1499938964844,343.5,8471125,-0.1949,0,0.0,0.0,-0.1949,-0.2294,0.266,0.4844,-0.05276666666666662,0.19068000000000002,0.3897822173983827,2,-0.0007272727272726875,344.8500061035156,0.003930148772971265,1.0
2026-07-30,NTPC,343.5,347.6499938964844,341.8500061035156,344.8500061035156,9943764,-0.1657,0,0.0,0.0,-0.1657,-0.1949,-0.2294,0.266,-0.19666666666666663,0.03208000000000001,0.32338853875794676,0,0.003930148772971265,347.25,0.006959529807182285,1.0
2026-07-31,NTPC,344.1000061035156,348.25,343.54998779296875,347.25,8519119,-0.1408,0,0.0,0.0,-0.1408,-0.1657,-0.1949,-0.2294,-0.16713333333333327,-0.09296,0.20337139179343786,0,0.006959529807182285,350.8999938964844,0.010511141530552548,1.0
2026-08-03,NTPC,347.25,350.8999938964844,345.29998779296875,350.8999938964844,5460220,0.9304,1,0.0,0.9497,0.9304,-0.1408,-0.1657,-0.1949,0.20796666666666666,0.03992,0.49889067640115314,0,0.010511141530552548,343.6499938964844,-0.02066115738417129,0.0
2026-08-04,NTPC,348.0,348.95001220703125,341.6000061035156,343.6499938964844,7201524,-0.9526,1,0.0,0.9614,-0.9526,0.9304,-0.1408,-0.1657,-0.05433333333333331,-0.10472000000000001,0.6714772274619595,1,-0.02066115738417129,349.8999938964844,0.01818710930017553,1.0
2026-08-05,NTPC,343.45001220703125,349.8999938964844,342.75,349.8999938964844,18554536,-0.8097,0,0.0,0.0,-0.8097,-0.9526,0.9304,-0.1408,-0.2773,-0.22767999999999997,0.744445301550087,1,0.01818710930017553,345.0,-0.014003983943863707,0.0
2026-08-06,NTPC,347.5,349.25,343.1000061035156,345.0,10079779,-0.6883,0,0.0,0.0,-0.6883,-0.8097,-0.9526,0.9304,-0.8168666666666667,-0.3322,0.7698217878184535,0,-0.014003983943863707,342.5,-0.007246376811594235,0.0
2026-08-07,NTPC,345.0,347.0,342.5,342.5,7012048,-0.585,0,0.0,0.0,-0.585,-0.6883,-0.8097,-0.9526,-0.6943333333333334,-0.42103999999999997,0.7678400699364418,0,-0.007246376811594235,340.45001220703125,-0.0059853658188868675,0.0
2026-08-10,NTPC,342.5,343.70001220703125,337.1499938964844,340.45001220703125,8818488,-0.4973,0,0.0,0.0,-0.4973,-0.585,-0.6883,-0.8097,-0.5902,-0.70658,0.18032855292493155,0,-0.0059853658188868675,338.45001220703125,-0.005874577554086824,0.0
2026-08-11,NTPC,339.6000061035156,340.3999938964844,336.04998779296875,338.45001220703125,10043994,-0.4227,0,0.0,0.0,-0.4227,-0.4973,-0.585,-0.6883,-0.5016666666666667,-0.6006,0.15327814586561223,0,-0.005874577554086824,339.45001220703125,0.002954646074553313,1.0
2026-08-12,NTPC,338.45001220703125,341.3500061035156,335.3500061035156,339.45001220703125,10152704,-0.3593,0,0.0,0.0,-0.3593,-0.4227,-0.4973,-0.585,-0.4264333333333334,-0.51052,0.1302954412095832,0,0.002954646074553313,344.25,0.014140484962013256,1.0
2026-08-13,NTPC,338.04998779296875,344.25,338.0,344.25,9672695,-0.3054,0,0.0,0.0,-0.3054,-0.3593,-0.4227,-0.4973,-0.36246666666666666,-0.43394000000000005,0.11074025013516986,0,0.014140484962013256,340.0,-0.012345679012345734,0.0
2026-08-14,NTPC,343.6499938964844,343.6499938964844,337.5,340.0,7507624,-0.2596,0,0.0,0.0,-0.2596,-0.3054,-0.3593,-0.4227,-0.3081,-0.36886,0.09414336407840984,0,-0.012345679012345734,337.0,-0.008823529411764675,0.0
2026-08-17,NTPC,340.0,340.29998779296875,335.70001220703125,337.0,7839848,0.9134,1,0.0,0.9234,0.9134,-0.2596,-0.3054,-0.3593,0.11613333333333335,-0.08671999999999999,0.5623901821689282,0,-0.008823529411764675,337.1000061035156,0.00029675401636675147,1.0
2026-08-18,NTPC,337.0,339.29998779296875,333.8999938964844,337.1000061035156,9943991,0.7764,0,0.0,0.0,0.7764,0.9134,-0.2596,-0.3054,0.4767333333333333,0.15309999999999999,0.6343611510803608,1,0.00029675401636675147,336.54998779296875,-0.001631617622629089,0.0
2026-08-19,NTPC,336.29998779296875,338.8500061035156,333.6000061035156,336.54998779296875,7502595,0.6599,0,0.0,0.0,0.6599,0.7764,0.9134,-0.2596,0.7832333333333333,0.35694,0.5908034850946637,0,-0.001631617622629089,337.5,0.002822796735965527,1.0
2026-08-20,NTPC,337.1000061035156,339.54998779296875,334.3999938964844,337.5,4185077,0.43785,2,0.5469470952477945,0.8799,0.4378,0.6599,0.7764,0.9134,0.6247,0.50558,0.46194421957634735,0,0.002822796735965527,340.0,0.007407407407407307,1.0
2026-08-21,NTPC,337.0,342.8500061035156,337.0,340.0,6534716,0.0846,1,0.0,0.8262,0.0846,0.4378,0.6599,0.7764,0.39410000000000006,0.57442,0.3246532180650619,2,0.007407407407407307,,,
2026-02-23,RELIANCE,1418.4416634695872,1428.2961245911818,1411.772547760535,1421.4278564453125,7758856,0.0,0,0.0,0.0,0.0,0.0,0.0,0.0,0.0,0.0,0.0,0,0.0,1422.2242431640625,0.0005602723452611258,1.0
2026-02-24,RELIANCE,1418.7403513100855,1426.7035326906043,1408.4877066792656,1422.2242431640625,12529409,0.0,0,0.0,0.0,0.0,0.0,0.0,0.0,0.0,0.0,0.0,0,0.0005602723452611258,1392.063720703125,-0.02120658722132207,0.0
2026-02-25,RELIANCE,1428.395737725409,1433.8704252219175,1387.0867320699354,1392.063720703125,10728792,0.0,0,0.0,0.0,0.0,0.0,0.0,0.0,0.0,0.0,0.0,0,-0.02120658722132207,1400.3255615234375,0.0059349587935093595,1.0
2026-02-26,RELIANCE,1392.0637118415314,1406.397463315574,1385.4941111892442,1400.3255615234375,16683858,0.0,0,0.0,0.0,0.0,0.0,0.0,0.0,0.0,0.0,0.0,0,0.0059349587935093595,1387.48486328125,-0.009169794935556141,0.0
2026-02-27,RELIANCE,1391.5659695052796,1403.9089251530934,1381.711508080472,1387.48486328125,12031440,0.0,0,0.0,0.0,0.0,0.0,0.0,0.0,0.0,0.0,0.0,0,-0.009169794935556141,1351.75,-0.025755137390645833,0.0
2026-03-02,RELIANCE,1369.1694587628867,1372.2551671563263,1335.3259388807069,1351.75,23728722,0.0,0,0.0,0.0,0.0,0.0,0.0,0.0,0.0,0.0,0.0,0,-0.025755137390645833,1338.8099365234375,-0.009572822989874274,0.0
2026-03-04,RELIANCE,1323.8789706886037,1346.5740873609554,1300.9848230751916,1338.8099365234375,32495007,0.0,0,0.0,0.0,0.0,0.0,0.0,0.0,0.0,0.0,0.0,0,-0.009572822989874274,1383.005615234375,0.03301116723536035,1.0
2026-03-05,RELIANCE,1346.8726294272453,1392.5614090361375,1346.8726294272453,1383.005615234375,25957532,0.0,0,0.0,0.0,0.0,0.0,0.0,0.0,0.0,0.0,0.0,0,0.03301116723536035,1398.334716796875,0.011083904066363504,1.0
2026-03-06,RELIANCE,1390.0728674061675,1417.7449716586152,1383.9014503612218,1398.334716796875,19311971,0.0,0,0.0,0.0,0.0,0.0,0.0,0.0,0.0,0.0,0.0,0,0.011083904066363504,1417.4462890625,0.013667380231682458,1.0
2026-03-09,RELIANCE,1368.6718029922313,1422.8214608086796,1363.6948146177142,1417.4462890625,24870822,0.0,0,0.0,0.0,0.0,0.0,0.0,0.0,0.0,0.0,0.0,0,0.013667380231682458,1402.3162841796875,-0.010674129241834973,0.0
2026-03-10,RELIANCE,1424.015880450879,1424.9117626543534,1394.1539503917586,1402.3162841796875,18071259,0.0,0,0.0,0.0,0.0,0.0,0.0,0.0,0.0,0.0,0.0,0,-0.010674129241834973,1383.8017578125,-0.01320281777802923,0.0
2026-03-11,RELIANCE,1418.34212900751,1427.4002232775151,1377.2321576556008,1383.8017578125,21848087,0.0,0,0.0,0.0,0.0,0.0,0.0,0.0,0.0,0.0,0.0,0,-0.01320281777802923,1385.7926025390625,0.0014386776973818183,1.0
2026-03-12,RELIANCE,1383.6027762448114,1404.4066120742223,1374.7437125844203,1385.7926025390625,20939959,0.0,0,0.0,0.0,0.0,0.0,0.0,0.0,0.0,0.0,0.0,0,0.0014386776973818183,1374.3455810546875,-0.008260270305528894,0.0
2026-03-13,RELIANCE,1378.8248707870416,1394.3531723993444,1372.0562392077015,1374.3455810546875,17265090,0.0576,1,0.0,0.8648,0.0576,0.0,0.0,0.0,0.0192,0.011519999999999999,0.025759503100797575,0,-0.008260270305528894,1388.6793212890625,0.010429502180503425,1.0
2026-03-16,RELIANCE,1373.6488401657623,1390.8692691567512,1357.224777946389,1388.6793212890625,22837802,0.049,0,0.0,0.0,0.049,0.0576,0.0,0.0,0.03553333333333333,0.02132,0.029351524662272657,1,0.010429502180503425,1391.167724609375,0.0017919207711702967,1.0
2026-03-17,RELIANCE,1392.5613056143347,1399.429573667814,1381.8109624429321,1391.167724609375,19007744,0.0416,0,0.0,0.0,0.0416,0.049,0.0576,0.0,0.0494,0.02964,0.02764358876846492,0,0.0017919207711702967,1401.6195068359375,0.007512956232144763,1.0
2026-03-18,RELIANCE,1390.7696473738063,1406.3974645008152,1390.7696473738063,1401.6195068359375,9559327,0.0354,0,0.0,0.0,0.0354,0.0416,0.049,0.0576,0.042,0.036719999999999996,0.02213982836428503,0,0.007512956232144763,1378.4267578125,-0.016547107763784985,0.0
2026-03-19,RELIANCE,1381.6119817895922,1409.1844489610974,1369.7667250791762,1378.4267578125,16498373,0.0301,0,0.0,0.0,0.0301,0.0354,0.0416,0.049,0.0357,0.04274,0.010896696747179852,0,-0.016547107763784985,1407.8905029296875,0.0213749079885428,1.0
2026-03-20,RELIANCE,1391.5659566755692,1423.4186824363833,1389.6746767818195,1407.8905029296875,22994918,0.0256,0,0.0,0.0,0.0256,0.0301,0.0354,0.0416,0.030366666666666667,0.036340000000000004,0.009261641323221279,0,0.0213749079885428,1401.3209228515625,-0.004666257826481779,0.0
2026-03-23,RELIANCE,1393.5567722314413,1409.0849519631759,1384.598192981382,1401.3209228515625,18979554,0.0217,0,0.0,0.0,0.0217,0.0256,0.0301,0.0354,0.0258,0.03088,0.007875722189107487,0,-0.004666257826481779,1405.302490234375,0.0028412958929566745,1.0
2026-03-24,RELIANCE,1413.4647025895886,1415.8536813182018,1400.1263494042955,1405.302490234375,18620893,0.0185,0,0.0,0.0,0.0185,0.0217,0.0256,0.0301,0.021933333333333332,0.02626,0.006703208187129508,0,0.0028412958929566745,1406.596435546875,0.0009207592824262978,1.0
2026-03-25,RELIANCE,1413.464703831985,1423.9163794589117,1401.9181150601291,1406.596435546875,19041331,0.0157,0,0.0,0.0,0.0157,0.0185,0.0217,0.0256,0.01863333333333333,0.02232,0.0057028063267131985,0,0.0009207592824262978,1341.8956298828125,-0.04599812997457742,0.0
2026-03-27,RELIANCE,1394.552193095842,1398.235116023098,1338.809921280448,1341.8956298828125,23266517,-0.9592,1,0.0,0.9683,-0.9592,0.0157,0.0185,0.0217,-0.30833333333333335,-0.17554,0.43809478768869187,0,-0.04599812997457742,1337.7149658203125,-0.003115491227037581,0.0
2026-03-30,RELIANCE,1328.855902170806,1358.7178325566667,1327.960019957529,1337.7149658203125,24393861,-0.8153,0,0.0,0.0,-0.8153,-0.9592,0.0157,0.0185,-0.5862666666666666,-0.34371999999999997,0.4987788006722018,1,-0.003115491227037581,1362.8984375,0.01882573816032962,1.0
2026-04-01,RELIANCE,1377.8294025098971,1378.028554948465,1356.6275051009459,1362.8984375,14404619,-0.693,0,0.0,0.0,-0.693,-0.8153,-0.9592,0.0157,-0.8225000000000001,-0.48666,0.469421636697756,0,0.01882573816032962,1344.2845458984375,-0.013657577915861752,0.0
2026-04-02,RELIANCE,1350.7546307176451,1351.9490593116357,1321.8880984473344,1344.2845458984375,21280051,-0.5891,0,0.0,0.0,-0.5891,-0.693,-0.8153,-0.9592,-0.6991333333333333,-0.6081799999999999,0.37513279915251346,0,-0.013657577915861752,1298.6953125,-0.03391338056926663,0.0
2026-04-06,RELIANCE,1352.7454554606609,1352.7454554606609,1284.0630151171836,1298.6953125,29274881,-0.5007,0,0.0,0.0,-0.5007,-0.5891,-0.693,-0.8153,-0.5942666666666666,-0.71146,0.1815835702920282,0,-0.03391338056926663,1298.5958251953125,-7.660557771316245e-05,0.0
2026-04-07,RELIANCE,1289.040031502862,1302.2788696189978,1285.058440671965,1298.5958251953125,28388922,-0.4256,0,0.0,0.0,-0.4256,-0.5007,-0.5891,-0.693,-0.5051333333333333,-0.6047399999999999,0.15434167616039413,0,-7.660557771316245e-05,1341.5970458984375,0.03311362925154748,1.0
2026-04-08,RELIANCE,1342.7914745147666,1344.3840865060406,1320.0963587364665,1341.5970458984375,21817543,-0.3618,0,0.0,0.0,-0.3618,-0.4256,-0.5007,-0.5891,-0.4293666666666667,-0.5140399999999999,0.13118430927515673,0,0.03311362925154748,1323.87890625,-0.013206752133664734,0.0
2026-04-09,RELIANCE,1339.8052690319548,1343.7868597274437,1320.195983460075,1323.87890625,20725390,-0.3075,0,0.0,0.0,-0.3075,-0.3618,-0.4256,-0.5007,-0.36496666666666666,-0.43694,0.11152054967583323,0,-0.013206752133664734,1343.9859619140625,0.015187987035020889,1.0
2026-04-10,RELIANCE,1330.8467605257397,1346.0763943468285,1325.3720730291864,1343.9859619140625,19364461,-0.2614,0,0.0,0.0,-0.2614,-0.3075,-0.3618,-0.4256,-0.31023333333333336,-0.3714,0.09477803015467245,0,0.015187987035020889,1309.0474853515625,-0.02599616182950437,0.0
2026-04-13,RELIANCE,1315.1193869938081,1321.4899565481755,1303.970981405046,1309.0474853515625,28753269,-0.2222,0,0.0,0.0,-0.2222,-0.2614,-0.3075,-0.3618,-0.2637,-0.3157,0.080562398176817,0,-0.02599616182950437,1337.9140625,0.02205158901526394,1.0
2026-04-15,RELIANCE,1330.8467629297493,1340.8007402141902,1328.059600686701,1337.9140625,15313779,-0.1888,0,0.0,0.0,-0.1888,-0.2222,-0.2614,-0.3075,-0.22413333333333332,-0.26833999999999997,0.06850538664951838,0,0.02205158901526394,1337.1177978515625,-0.0005951538075245066,0.0
2026-04-16,RELIANCE,1345.7777093601655,1347.5694738488123,1323.8789596516422,1337.1177978515625,30211012,-0.1605,0,0.0,0.0,-0.1605,-0.1888,-0.2222,-0.2614,-0.1905,-0.22808,0.05822866132756286,0,-0.0005951538075245066,1358.7178955078125,0.016154221932395352,1.0
2026-04-17,RELIANCE,1333.832952366644,1362.1022720767137,1333.832952366644,1358.7178955078125,13869105,-0.1364,0,0.0,0.0,-0.1364,-0.1605,-0.1888,-0.2222,-0.16190000000000002,-0.19386,0.049509978792158835,0,0.016154221932395352,1357.0257568359375,-0.0012453936740434157,0.0
2026-04-20,RELIANCE,1356.9261198573818,1366.6810660920328,1346.5740808024586,1357.0257568359375,13614733,-0.116,0,0.0,0.0,-0.116,-0.1364,-0.1605,-0.1888,-0.13763333333333336,-0.16477999999999998,0.04206319055896759,0,-0.0012453936740434157,1347.07177734375,-0.00733514411354752,0.0
2026-04-21,RELIANCE,1352.7454957201878,1363.4958396538184,1343.8864317482064,1347.07177734375,27293629,-0.0986,0,0.0,0.0,-0.0986,-0.116,-0.1364,-0.1605,-0.11699999999999999,-0.14006000000000002,0.03572321374120785,0,-0.00733514411354752,1355.8311767578125,0.006502548387833373,1.0
2026-04-22,RELIANCE,1344.085556855853,1359.7132520720183,1342.8910067161314,1355.8311767578125,9525953,-0.0838,0,0.0,0.0,-0.0838,-0.0986,-0.116,-0.1364,-0.09946666666666666,-0.11906000000000001,0.03036935955860812,0,0.006502548387833373,1337.21728515625,-0.013728767947403075,0.0
2026-04-23,RELIANCE,1339.8052948565,1349.261572940554,1334.529638479888,1337.21728515625,16385079,-0.0712,0,0.0,0.0,-0.0712,-0.0838,-0.0986,-0.116,-0.08453333333333334,-0.1012,0.025824407059989254,0,-0.013728767947403075,1321.6890869140625,-0.011612322406057696,0.0
2026-04-24,RELIANCE,1333.8328899956957,1339.7057606040942,1318.9019248091768,1321.6890869140625,11744802,-0.0605,0,0.0,0.0,-0.0605,-0.0712,-0.0838,-0.0986,-0.07183333333333332,-0.08602000000000001,0.021982311070495374,0,-0.011612322406057696,1359.51416015625,0.02861873765675349,1.0
2026-04-27,RELIANCE,1306.9571155871217,1365.2873936261717,1304.9663202853897,1359.51416015625,24673098,-0.0515,0,0.0,0.0,-0.0515,-0.0605,-0.0712,-0.0838,-0.061066666666666665,-0.07311999999999999,0.01866593153314411,0,0.02861873765675349,1382.5078125,0.016913139279922884,1.0
2026-04-28,RELIANCE,1351.7500009887617,1388.7787447541255,1350.75460334444,1382.5078125,41027699,-0.0437,0,0.0,0.0,-0.0437,-0.0515,-0.0605,-0.0712,-0.0519,-0.06214000000000001,0.015867986639773294,0,0.016913139279922884,1418.83984375,0.026279801764230504,1.0
2026-04-29,RELIANCE,1385.5935377241706,1427.2012083655534,1384.896807968084,1418.83984375,30542143,-0.0372,0,0.0,0.0,-0.0372,-0.0437,-0.0515,-0.0605,-0.04413333333333333,-0.05282,0.013469484028722991,0,0.026279801764230504,1424.215087890625,0.0037884784278527928,1.0
2026-04-30,RELIANCE,1402.5153692729207,1430.386505071105,1386.6885214286783,1424.215087890625,30957881,-0.0316,0,0.0,0.0,-0.0316,-0.0372,-0.0437,-0.0515,-0.037500000000000006,-0.0449,0.011451419126030786,0,0.0037884784278527928,1424.215087890625,0.0,0.0
2026-05-01,RELIANCE,1424.215087890625,1424.215087890625,1424.215087890625,1424.215087890625,0,-0.0269,0,0.0,0.0,-0.0269,-0.0316,-0.0372,-0.0437,-0.0319,-0.03818,0.009738942447721088,0,0.0,1456.3663330078125,0.022574711776720546,1.0
2026-05-04,RELIANCE,1426.8030702776819,1460.6465916696056,1426.8030702776819,1456.3663330078125,24035700,-0.0228,0,0.0,0.0,-0.0228,-0.0269,-0.0316,-0.0372,-0.027100000000000003,-0.032440000000000004,0.008273028466046979,0,0.022574711776720546,1456.864013671875,0.0003417276634201105,1.0
2026-05-05,RELIANCE,1453.280606341501,1466.6189594959255,1443.3266295857375,1456.864013671875,23543341,-0.0194,0,0.0,0.0,-0.0194,-0.0228,-0.0269,-0.0316,-0.023033333333333333,-0.027580000000000004,0.00705209188822888,0,0.0003417276634201105,1431.2823486328125,-0.017559404857963812,0.0
2026-05-06,RELIANCE,1456.2668061036345,1466.519450812893,1420.9301884572374,1431.2823486328125,14221786,-0.0165,0,0.0,0.0,-0.0165,-0.0194,-0.0228,-0.0269,-0.019566666666666666,-0.02344,0.005988572450928814,0,-0.017559404857963812,1429.590087890625,-0.0011823388612344221,0.0
2026-05-07,RELIANCE,1432.1782190445704,1442.828925531327,1423.717338832762,1429.590087890625,19816903,-0.014,0,0.0,0.0,-0.014,-0.0165,-0.0194,-0.0228,-0.016633333333333333,-0.01992,0.005099705873873855,0,-0.0011823388612344221,1428.5947265625,-0.0006962564559982454,0.0
2026-05-08,RELIANCE,1419.4371163507371,1436.1598462687914,1410.9762359236815,1428.5947265625,8663105,-0.0119,0,0.0,0.0,-0.0119,-0.014,-0.0165,-0.0194,-0.014133333333333333,-0.01692,0.004319374954784948,0,-0.0006962564559982454,1381.81103515625,-0.0327480499097329,0.0
2026-05-11,RELIANCE,1413.4647305422184,1421.427912122738,1375.6396180347506,1381.81103515625,15261787,-0.0101,0,0.0,0.0,-0.0101,-0.0119,-0.014,-0.0165,-0.012000000000000002,-0.01438,0.0036846980880424185,0,-0.0327480499097329,1357.722412109375,-0.017432646312707356,0.0
2026-05-12,RELIANCE,1385.593546668805,1387.0866431630602,1354.0394893602804,1357.722412109375,24357500,-0.0086,0,0.0,0.0,-0.0086,-0.0101,-0.0119,-0.014,-0.0102,-0.01222,0.0031300159744038743,0,-0.017432646312707356,1352.54638671875,-0.00381228544543466,0.0
2026-05-13,RELIANCE,1355.1343963286624,1366.0837705701026,1346.1758174038478,1352.54638671875,13797989,-0.0073,0,0.0,0.0,-0.0073,-0.0086,-0.0101,-0.0119,-0.008666666666666668,-0.01038,0.002652734438277495,0,-0.00381228544543466,1355.5325927734375,0.0022078400297471656,1.0
2026-05-14,RELIANCE,1358.9168476375535,1371.6579863902991,1352.148216400817,1355.5325927734375,17303059,-0.0062,0,0.0,0.0,-0.0062,-0.0073,-0.0086,-0.0101,-0.007366666666666667,-0.00882,0.002255437873235129,0,0.0022078400297471656,1330.24951171875,-0.01865176919350786,0.0
2026-05-15,RELIANCE,1350.5556491178086,1358.5188307246153,1323.082575367519,1330.24951171875,19976192,-0.0053,0,0.0,0.0,-0.0053,-0.0062,-0.0073,-0.0086,-0.006266666666666667,-0.0075,0.0019065675964998953,0,-0.01865176919350786,1329.7518310546875,-0.0003741258009706261,0.0
2026-05-18,RELIANCE,1327.860551095503,1335.8237328112184,1312.6309174607939,1329.7518310546875,13022473,-0.0045,0,0.0,0.0,-0.0045,-0.0053,-0.0062,-0.0073,-0.005333333333333333,-0.006379999999999999,0.0016208022704893325,0,-0.0003741258009706261,1316.6124267578125,-0.009881095096107906,0.0
2026-05-19,RELIANCE,1332.5387892026445,1337.8144453658963,1312.3322897558653,1316.6124267578125,21665501,-0.0038,0,0.0,0.0,-0.0038,-0.0045,-0.0053,-0.0062,-0.004533333333333333,-0.0054199999999999995,0.0013809417076847822,0,-0.009881095096107906,1353.442138671875,0.027973085446836077,1.0
2026-05-20,RELIANCE,1312.6308349443716,1356.6274840630256,1306.558933569541,1353.442138671875,13248515,0.09295,2,0.04886107857999043,0.8791,0.093,-0.0038,-0.0045,-0.0053,0.028233333333333333,0.01464,0.04381373072451173,0,0.027973085446836077,1343.388671875,-0.007428072844503308,0.0
2026-05-21,RELIANCE,1360.9076465750106,1364.590690861155,1339.0088978228712,1343.388671875,17150630,0.079,0,0.0,0.0,0.079,0.093,-0.0038,-0.0045,0.056066666666666674,0.03168,0.04983640235811593,2,-0.007428072844503308,1348.26611328125,0.0036307001155833074,1.0
2026-05-22,RELIANCE,1343.7868238683554,1361.106767233248,1342.8909416840763,1348.26611328125,7105813,0.0672,0,0.0,0.0,0.0672,0.079,0.093,-0.0038,0.07973333333333334,0.04618,0.04684433797162708,0,0.0036307001155833074,1360.7086181640625,0.009228523034322533,1.0
2026-05-25,RELIANCE,1360.5095872329855,1364.7897243191815,1350.7546414401118,1360.7086181640625,6750071,0.0571,0,0.0,0.0,0.0571,0.0672,0.079,0.093,0.06776666666666666,0.058499999999999996,0.03731434040687336,0,0.009228523034322533,1350.0579833984375,-0.00782727074955647,0.0
2026-05-26,RELIANCE,1353.8404218493883,1362.2017870434288,1346.1759079681497,1350.0579833984375,13769747,0.0485,0,0.0,0.0,0.0485,0.0571,0.0672,0.079,0.057600000000000005,0.06896,0.017614567834608446,0,-0.00782727074955647,1344.2845458984375,-0.004276436694568342,0.0
2026-05-27,RELIANCE,1346.7730400596713,1354.736221375619,1342.393266034199,1344.2845458984375,13215138,0.0412,0,0.0,0.0,0.0412,0.0485,0.0571,0.0672,0.04893333333333333,0.0586,0.014976147702263845,0,-0.004276436694568342,1344.2845458984375,0.0,0.0
2026-05-28,RELIANCE,1344.2845458984375,1344.2845458984375,1344.2845458984375,1344.2845458984375,0,0.0351,0,0.0,0.0,0.0351,0.0412,0.0485,0.0571,0.0416,0.049819999999999996,0.01272583985440736,0,0.0,1315.119384765625,-0.021695675384946322,0.0
2026-05-29,RELIANCE,1357.7224546740495,1362.6994431442622,1310.9387630540493,1315.119384765625,42634247,0.0298,0,0.0,0.0,0.0298,0.0351,0.0412,0.0485,0.035366666666666664,0.04234,0.010802453425033722,0,-0.021695675384946322,1313.9249267578125,-0.0009082506285353897,0.0
2026-06-01,RELIANCE,1326.3673976551404,1329.353590670499,1312.4318302501333,1313.9249267578125,10700603,0.0253,0,0.0,0.0,0.0253,0.0298,0.0351,0.0412,0.03006666666666667,0.03598,0.0091791611817215,0,-0.0009082506285353897,1308.5498046875,-0.004090889791988239,0.0
2026-06-02,RELIANCE,1301.6815361898255,1321.689127358814,1294.3156903458798,1308.5498046875,23302785,0.0215,0,0.0,0.0,0.0215,0.0253,0.0298,0.0351,0.025533333333333335,0.030580000000000003,0.007812617999110344,0,-0.004090889791988239,1307.15625,-0.001064961136754583,0.0
2026-06-03,RELIANCE,1308.9480145168118,1317.906594083847,1295.0124463014238,1307.15625,20012293,0.0183,0,0.0,0.0,0.0183,0.0215,0.0253,0.0298,0.021699999999999997,0.026000000000000002,0.006657326790839019,0,-0.001064961136754583,1297.699951171875,-0.007234252850892964,0.0
2026-06-04,RELIANCE,1295.0124259474096,1305.1654340270677,1287.1487597049047,1297.699951171875,23474327,0.0156,0,0.0,0.0,0.0156,0.0183,0.0215,0.0253,0.018466666666666662,0.0221,0.005625388875448791,0,-0.007234252850892964,1291.0,-0.005162943225685335,0.0
2026-06-05,RELIANCE,1304.5,1306.0,1288.0,1291.0,17785223,0.0132,0,0.0,0.0,0.0132,0.0156,0.0183,0.0215,0.015700000000000002,0.018779999999999998,0.004779853554244424,0,-0.005162943225685335,1263.300048828125,-0.021456197654434517,0.0
2026-06-08,RELIANCE,1277.0,1282.5999755859375,1259.199951171875,1263.300048828125,16494759,0.9193,1,0.0,0.9326,0.9193,0.0132,0.0156,0.0183,0.31603333333333333,0.19758,0.4034655958071271,0,-0.021456197654434517,1269.199951171875,0.0046702304406802675,1.0
2026-06-09,RELIANCE,1269.0,1274.199951171875,1257.5,1269.199951171875,23620214,0.7814,0,0.0,0.0,0.7814,0.9193,0.0132,0.0156,0.5713,0.34956,0.4597526432767951,1,0.0046702304406802675,1258.800048828125,-0.00819406141179535,0.0
2026-06-10,RELIANCE,1275.0,1300.5,1254.4000244140625,1258.800048828125,21012796,0.6642,0,0.0,0.0,0.6642,0.7814,0.9193,0.0132,0.7883,0.47874,0.4333929371828757,0,-0.00819406141179535,1263.0,0.003336472043979466,1.0
2026-06-11,RELIANCE,1258.0,1276.0,1253.199951171875,1263.0,13117486,0.5646,0,0.0,0.0,0.5646,0.6642,0.7814,0.9193,0.6700666666666667,0.58854,0.3478184986454861,0,0.003336472043979466,1293.0,0.02375296912114022,1.0
2026-06-12,RELIANCE,1277.0,1297.0,1262.5,1293.0,11988785,0.4799,0,0.0,0.0,0.4799,0.5646,0.6642,0.7814,0.5695666666666667,0.68188,0.1740226910491848,0,0.02375296912114022,1307.0,0.010827532869296164,1.0
2026-06-15,RELIANCE,1315.300048828125,1325.0,1303.300048828125,1307.0,18633321,0.1778,1,0.0,0.8025,0.1778,0.4799,0.5646,0.6642,0.4074333333333333,0.5335799999999999,0.22852763946621427,0,0.010827532869296164,1328.800048828125,0.0166794558746175,1.0
2026-06-16,RELIANCE,1313.4000244140625,1333.4000244140625,1306.4000244140625,1328.800048828125,18513223,0.1511,0,0.0,0.0,0.1511,0.1778,0.4799,0.5646,0.2696,0.40752,0.23147359892652986,1,0.0166794558746175,1332.699951171875,0.002934905328449755,1.0
2026-06-17,RELIANCE,1333.0,1334.0,1317.0,1332.699951171875,10029170,-0.08836666666666666,3,0.24919812064566885,0.7639333333333335,-0.0884,0.1511,0.1778,0.4799,0.08016666666666668,0.257,0.2650899752914093,0,0.002934905328449755,1328.0999755859375,-0.003451621335989863,0.0
2026-06-18,RELIANCE,1330.0,1333.9000244140625,1322.0,1328.0999755859375,15494549,0.0465,1,0.0,0.9,0.0465,-0.0884,0.1511,0.1778,0.0364,0.15338000000000002,0.21041491629635006,3,-0.003451621335989863,1309.5,-0.014004951380058195,0.0
2026-06-19,RELIANCE,1328.0,1338.199951171875,1305.300048828125,1309.5,24887034,0.24986666666666668,3,0.5326588245146543,0.7587666666666667,0.2499,0.0465,-0.0884,0.1511,0.06933333333333334,0.10738,0.13154709042772478,1,-0.014004951380058195,1326.5,0.012982054219167649,1.0
2026-06-22,RELIANCE,1316.699951171875,1344.9000244140625,1314.0999755859375,1326.5,12931213,-0.0559,1,0.0,0.8968,-0.0559,0.2499,0.0465,-0.0884,0.08016666666666666,0.060640000000000006,0.1414185207106905,3,0.012982054219167649,1309.5,-0.012815680361854542,0.0
2026-06-23,RELIANCE,1328.9000244140625,1333.0,1304.0,1309.5,15400184,0.194,1,0.0,0.7768,0.194,-0.0559,0.2499,0.0465,0.12933333333333333,0.06922,0.1493574470858417,1,-0.012815680361854542,1313.5999755859375,0.0031309473737590743,1.0
2026-06-24,RELIANCE,1305.699951171875,1322.0,1297.5,1313.5999755859375,11030917,0.1649,0,0.0,0.0,0.1649,0.194,-0.0559,0.2499,0.10099999999999999,0.11987999999999999,0.12319599019448645,1,0.0031309473737590743,1318.0999755859375,0.00342570042907675,1.0
2026-06-25,RELIANCE,1318.0,1328.0,1314.5999755859375,1318.0999755859375,12694362,0.1402,0,0.0,0.0,0.1402,0.1649,0.194,-0.0559,0.16636666666666666,0.13862000000000002,0.11616943229610793,0,0.00342570042907675,1318.0999755859375,0.0,0.0
2026-06-26,RELIANCE,1318.0999755859375,1318.0999755859375,1318.0999755859375,1318.0999755859375,0,0.1191,0,0.0,0.0,0.1191,0.1402,0.1649,0.194,0.1414,0.11246,0.0981802067628705,0,0.0,1301.0,-0.01297320074551711,0.0
2026-06-29,RELIANCE,1308.0,1313.699951171875,1292.5999755859375,1301.0,13757656,0.1013,0,0.0,0.0,0.1013,0.1191,0.1402,0.1649,0.12019999999999999,0.14389999999999997,0.03672362999486848,0,-0.01297320074551711,1293.9000244140625,-0.005457321741689114,0.0
2026-06-30,RELIANCE,1306.9000244140625,1306.9000244140625,1290.0,1293.9000244140625,15695263,0.0182,1,0.0,0.9355,0.0182,0.1013,0.1191,0.1402,0.07953333333333333,0.10873999999999999,0.05591031210787507,0,-0.005457321741689114,1308.0,0.010897268196839782,1.0
2026-07-01,RELIANCE,1298.9000244140625,1312.199951171875,1296.5,1308.0,7001401,0.0155,0,0.0,0.0,0.0155,0.0182,0.1013,0.1191,0.045000000000000005,0.07886,0.05826562451394476,1,0.010897268196839782,1303.5,-0.0034403669724770714,0.0
2026-07-02,RELIANCE,1310.0,1313.199951171875,1299.0,1303.5,17795024,0.0131,0,0.0,0.0,0.0131,0.0155,0.0182,0.1013,0.015600000000000001,0.05344,0.05222650668003748,0,-0.0034403669724770714,1304.0,0.0003835826620637306,1.0
2026-07-03,RELIANCE,1312.0,1312.0,1302.0,1304.0,7839550,0.0112,0,0.0,0.0,0.0112,0.0131,0.0155,0.0182,0.013266666666666668,0.031860000000000006,0.03890672178428811,0,0.0003835826620637306,1321.300048828125,0.013266908610525263,1.0
2026-07-06,RELIANCE,1304.0,1325.5999755859375,1299.4000244140625,1321.300048828125,7610709,0.0095,0,0.0,0.0,0.0095,0.0112,0.0131,0.0155,0.011266666666666666,0.013500000000000002,0.003447462835187431,0,0.013266908610525263,1308.4000244140625,-0.009763130203093273,0.0
2026-07-07,RELIANCE,1323.5,1328.0,1304.0999755859375,1308.4000244140625,14335554,0.0081,0,0.0,0.0,0.0081,0.0095,0.0112,0.0131,0.0096,0.01148,0.002924380276229225,0,-0.009763130203093273,1275.9000244140625,-0.024839498160781792,0.0
2026-07-08,RELIANCE,1297.0,1302.300048828125,1271.5999755859375,1275.9000244140625,19960868,0.0069,0,0.0,0.0,0.0069,0.0081,0.0095,0.0112,0.008166666666666666,0.00976,0.0024613004692638574,0,-0.024839498160781792,1279.800048828125,0.0030566849591946443,1.0
2026-07-09,RELIANCE,1277.0999755859375,1296.5,1274.199951171875,1279.800048828125,14651963,0.0058,0,0.0,0.0,0.0058,0.0069,0.0081,0.0095,0.006933333333333333,0.008299999999999998,0.0021272047386179005,0,0.0030566849591946443,1307.800048828125,0.02187841766816523,1.0
2026-07-10,RELIANCE,1291.9000244140625,1311.0999755859375,1287.800048828125,1307.800048828125,8412537,0.0248,1,0.0,0.9383,0.0248,0.0058,0.0069,0.0081,0.012499999999999999,0.011019999999999999,0.007825407337640547,0,0.02187841766816523,1296.9000244140625,-0.008334626095043873,0.0
2026-07-13,RELIANCE,1300.0,1306.4000244140625,1295.0,1296.9000244140625,9488352,0.0211,0,0.0,0.0,0.0211,0.0248,0.0058,0.0069,0.017233333333333333,0.013340000000000001,0.008906907431875475,1,-0.008334626095043873,1293.0,-0.0030071897144303694,0.0
2026-07-14,RELIANCE,1290.0,1308.0,1286.9000244140625,1293.0,13511284,0.0179,0,0.0,0.0,0.0179,0.0211,0.0248,0.0058,0.021266666666666666,0.0153,0.00853609981197494,0,-0.0030071897144303694,1295.5,0.0019334880123742515,1.0
2026-07-15,RELIANCE,1294.0999755859375,1310.9000244140625,1294.0999755859375,1295.5,9577965,0.0152,0,0.0,0.0,0.0152,0.0179,0.0211,0.0248,0.018066666666666665,0.01696,0.0071960405779844415,0,0.0019334880123742515,1296.5999755859375,0.0008490741689983761,1.0
2026-07-16,RELIANCE,1295.5,1309.4000244140625,1291.800048828125,1296.5999755859375,15631046,0.4927,2,0.6256480799938573,0.9297500000000001,0.4927,0.0152,0.0179,0.0211,0.17526666666666668,0.11434,0.21154007421762905,0,0.0008490741689983761,1327.199951171875,0.023600166714571547,1.0
2026-07-17,RELIANCE,1300.0,1330.300048828125,1296.0999755859375,1327.199951171875,18302218,0.1722384615384615,13,0.6555065618009499,0.8382692307692309,0.1722,0.4927,0.0152,0.0179,0.2267,0.14382,0.20614426259297156,2,0.023600166714571547,1323.0999755859375,-0.0030891920861791933,0.0
2026-07-20,RELIANCE,1317.199951171875,1345.9000244140625,1314.9000244140625,1323.0999755859375,14305844,0.016100000000000007,4,0.48498843972476985,0.66365,0.0161,0.1722,0.4927,0.0152,0.227,0.14282,0.20689914692912587,13,-0.0030891920861791933,1303.699951171875,-0.014662553678508772,0.0
2026-07-21,RELIANCE,1321.0,1326.9000244140625,1302.699951171875,1303.699951171875,12753410,0.0137,0,0.0,0.0,0.0137,0.0161,0.1722,0.4927,0.06733333333333333,0.14198000000000002,0.20754063939383055,4,-0.014662553678508772,1288.5999755859375,-0.011582400975289064,0.0
2026-07-22,RELIANCE,1302.0,1304.5999755859375,1280.699951171875,1288.5999755859375,10840383,0.0116,0,0.0,0.0,0.0116,0.0137,0.0161,0.1722,0.0138,0.14126,0.20809592259340406,0,-0.011582400975289064,1272.199951171875,-0.01272700971968066,0.0
2026-07-23,RELIANCE,1283.0,1287.300048828125,1268.0,1272.199951171875,12580741,0.0099,0,0.0,0.0,0.0099,0.0116,0.0137,0.0161,0.011733333333333333,0.044700000000000004,0.07131244631899826,0,-0.01272700971968066,1278.0,0.004559070154642297,1.0
2026-07-24,RELIANCE,1265.0,1283.4000244140625,1249.800048828125,1278.0,9817000,0.0084,0,0.0,0.0,0.0084,0.0099,0.0116,0.0137,0.009966666666666667,0.011940000000000001,0.0030500819661131487,0,0.004559070154642297,1280.0,0.0015649452269170805,1.0
2026-07-27,RELIANCE,1288.199951171875,1288.699951171875,1278.0,1280.0,7163132,0.4473,1,0.0,0.5313,0.4473,0.0084,0.0099,0.0116,0.15519999999999998,0.09818,0.19517399160748855,0,0.0015649452269170805,1267.699951171875,-0.009609413146972612,0.0
2026-07-28,RELIANCE,1275.0,1279.199951171875,1265.9000244140625,1267.699951171875,9312184,0.3802,0,0.0,0.0,0.3802,0.4473,0.0084,0.0099,0.2786333333333333,0.17148,0.22243285953293865,1,-0.009609413146972612,1275.9000244140625,0.006468465376690435,1.0
2026-07-29,RELIANCE,1275.0,1282.4000244140625,1268.699951171875,1275.9000244140625,9448307,0.3232,0,0.0,0.0,0.3232,0.3802,0.4473,0.0084,0.38356666666666667,0.23379999999999995,0.20972836002791806,0,0.006468465376690435,1292.9000244140625,0.01332392795258941,1.0
2026-07-30,RELIANCE,1279.800048828125,1297.0,1275.300048828125,1292.9000244140625,12158451,0.2747,0,0.0,0.0,0.2747,0.3232,0.3802,0.4473,0.32603333333333334,0.28675999999999996,0.16842040553329637,0,0.01332392795258941,1307.800048828125,0.011524498517056836,1.0
2026-07-31,RELIANCE,1295.0,1309.699951171875,1293.5999755859375,1307.800048828125,8624996,0.2335,0,0.0,0.0,0.2335,0.2747,0.3232,0.3802,0.27713333333333334,0.33177999999999996,0.08467595290281657,0,0.011524498517056836,1319.0,0.008563962955889792,1.0
2026-08-03,RELIANCE,1315.199951171875,1319.0,1306.0,1319.0,7508023,-0.8543,1,0.0,0.8737,-0.8543,0.2335,0.2747,0.3232,-0.11536666666666666,0.07146,0.520405719607308,0,0.008563962955889792,1290.9000244140625,-0.021303999686078434,0.0
2026-08-04,RELIANCE,1315.0,1315.0,1286.4000244140625,1290.9000244140625,10759546,-0.7262,0,0.0,0.0,-0.7262,-0.8543,0.2335,0.2747,-0.449,-0.14981999999999998,0.5872404422381007,1,-0.021303999686078434,1280.0,-0.00844374018740146,0.0
2026-08-05,RELIANCE,1293.0,1299.0,1270.0999755859375,1280.0,24820782,-0.6172,0,0.0,0.0,-0.6172,-0.7262,-0.8543,0.2335,-0.7325666666666667,-0.3379,0.5470902713446841,0,-0.00844374018740146,1325.0,0.03515625,1.0
2026-08-06,RELIANCE,1285.0,1325.199951171875,1281.199951171875,1325.0,20342297,0.6679333333333334,3,0.2941609310111275,0.7749666666666667,0.6679,-0.6172,-0.7262,-0.8543,-0.22516666666666663,-0.25926,0.6713167456573685,0,0.03515625,1334.800048828125,0.00739626326650944,1.0
2026-08-07,RELIANCE,1320.0,1337.0,1316.5999755859375,1334.800048828125,9885638,0.5677,0,0.0,0.0,0.5677,0.6679,-0.6172,-0.7262,0.20613333333333336,-0.19241999999999995,0.7452142624775777,3,0.00739626326650944,1327.300048828125,-0.005618819093230143,0.0
2026-08-10,RELIANCE,1330.0999755859375,1332.9000244140625,1321.300048828125,1327.300048828125,8207102,0.4826,0,0.0,0.0,0.4826,0.5677,0.6679,-0.6172,0.5727333333333333,0.07496000000000001,0.6858359373786125,0,-0.005618819093230143,1323.9000244140625,-0.002561609499724171,0.0
2026-08-11,RELIANCE,1326.5999755859375,1328.699951171875,1314.0999755859375,1323.9000244140625,9953124,0.4102,0,0.0,0.0,0.4102,0.4826,0.5677,0.6679,0.4868333333333334,0.30224,0.5229080349353986,0,-0.002561609499724171,1329.0,0.003852236189960445,1.0
2026-08-12,RELIANCE,1323.9000244140625,1329.0,1309.199951171875,1329.0,7901012,0.3487,0,0.0,0.0,0.3487,0.4102,0.4826,0.5677,0.41383333333333333,0.49542,0.12641925090744674,0,0.003852236189960445,1317.0,-0.009029345372460473,0.0
2026-08-13,RELIANCE,1327.800048828125,1327.800048828125,1307.199951171875,1317.0,9397301,0.2964,0,0.0,0.0,0.2964,0.3487,0.4102,0.4826,0.3517666666666667,0.42112,0.10745285943147341,0,-0.009029345372460473,1310.0,-0.005315110098709219,0.0
2026-08-14,RELIANCE,1317.0,1317.5,1301.5,1310.0,10497358,0.2519,0,0.0,0.0,0.2519,0.2964,0.3487,0.4102,0.299,0.35796,0.09136226245009475,0,-0.005315110098709219,1316.0,0.004580152671755711,1.0
2026-08-17,RELIANCE,1314.0,1320.800048828125,1298.0999755859375,1316.0,13383867,0.0811,4,0.09876605354742758,0.8646,0.0811,0.2519,0.2964,0.3487,0.2098,0.27766,0.12476390904424246,0,0.004580152671755711,1322.0,0.004559270516717229,1.0
2026-08-18,RELIANCE,1314.0,1328.5999755859375,1311.199951171875,1322.0,10180567,-0.0008,1,0.0,0.9367,-0.0008,0.0811,0.2519,0.2964,0.11073333333333334,0.19546,0.1487052890787682,4,0.004559270516717229,1311.0,-0.008320726172465931,0.0
2026-08-19,RELIANCE,1320.300048828125,1321.5999755859375,1303.5,1311.0,7489365,0.0060999999999999995,2,0.002404163056034261,0.93935,0.0061,-0.0008,0.0811,0.2519,0.028800000000000003,0.12694,0.13906186752665173,1,-0.008320726172465931,1313.199951171875,0.0016780710693173884,1.0
2026-08-20,RELIANCE,1315.5,1316.5,1307.0,1313.199951171875,5546227,-0.47564999999999996,2,0.6680037761869314,0.95045,-0.4756,0.0061,-0.0008,0.0811,-0.1567666666666667,-0.027460000000000005,0.2704134667504562,2,0.0016780710693173884,1316.0,0.0021322334238791374,1.0
2026-08-21,RELIANCE,1314.0,1316.0,1308.0,1316.0,5434871,0.42235,2,0.6121423404731942,0.9212,0.4224,-0.4756,0.0061,-0.0008,-0.01570000000000001,0.0066399999999999905,0.32055098346440936,2,0.0021322334238791374,,,
2026-02-23,SBIN,1200.3633155560203,1209.302167328373,1195.5500507835413,1206.0606689453125,9733835,0.0,0,0.0,0.0,0.0,0.0,0.0,0.0,0.0,0.0,0.0,0,0.0,1201.640380859375,-0.0036650627947290015,0.0
2026-02-24,SBIN,1210.1862912839226,1212.8384373028666,1198.1040262888578,1201.640380859375,15788449,0.0,0,0.0,0.0,0.0,0.0,0.0,0.0,0.0,0.0,0.0,0,-0.0036650627947290015,1178.85107421875,-0.01896516379078972,0.0
2026-02-25,SBIN,1206.3553078239622,1206.3553078239622,1176.2971336514831,1178.85107421875,19581100,0.6011,1,0.0,0.6141,0.6011,0.0,0.0,0.0,0.20036666666666667,0.20036666666666667,0.347045246809884,0,-0.01896516379078972,1188.084716796875,0.007832747308004429,1.0
2026-02-26,SBIN,1179.7352169268681,1193.880275982552,1167.849482270177,1188.084716796875,16196052,0.5109,0,0.0,0.0,0.5109,0.6011,0.0,0.0,0.3706666666666667,0.278,0.32311196201935943,1,0.007832747308004429,1180.4227294921875,-0.006449024380470569,0.0
2026-02-27,SBIN,1185.6289359982593,1190.3439954720204,1177.3776418736493,1180.4227294921875,10700355,0.4343,0,0.0,0.0,0.4343,0.5109,0.6011,0.0,0.5154333333333333,0.30926,0.2884214676476076,0,-0.006449024380470569,1168.831787109375,-0.00981931480411169,0.0
2026-03-02,SBIN,1164.0185219818375,1176.1007875153553,1158.5176989399156,1168.831787109375,16270835,0.3692,0,0.0,0.0,0.3692,0.4343,0.5109,0.6011,0.4381333333333333,0.3831,0.23099626620359034,0,-0.00981931480411169,1153.704345703125,-0.01294235969032076,0.0
2026-03-04,SBIN,1151.3468160340765,1161.7591088376892,1137.1035525068773,1153.704345703125,13855065,0.3138,0,0.0,0.0,0.3138,0.3692,0.4343,0.5109,0.37243333333333334,0.44586,0.11377597725354842,0,-0.01294235969032076,1148.79296875,-0.004257049885802222,0.0
2026-03-05,SBIN,1160.0893510848653,1162.250350176651,1130.227585974388,1148.79296875,22100665,0.2667,0,0.0,0.0,0.2667,0.3138,0.3692,0.4343,0.31656666666666666,0.37898,0.09671358229328482,0,-0.004257049885802222,1122.7620849609375,-0.022659334185677227,0.0
2026-03-06,SBIN,1147.8105829193835,1148.5964661130286,1117.8506147730068,1122.7620849609375,20333328,0.2267,0,0.0,0.0,0.2267,0.2667,0.3138,0.3692,0.2690666666666667,0.32214,0.08222902772135869,0,-0.022659334185677227,1079.050048828125,-0.038932590188359706,0.0
2026-03-09,SBIN,1095.2579011773867,1095.2579011773867,1045.4556391950514,1079.050048828125,24631198,-0.9603,1,0.0,0.9682,-0.9603,0.2267,0.2667,0.3138,-0.15563333333333335,0.043219999999999995,0.5635017985774313,0,-0.038932590188359706,1092.5074462890625,0.01247152296184284,1.0
2026-03-10,SBIN,1091.426946764578,1100.0711827783487,1084.9438297087236,1092.5074462890625,17491459,-0.8163,0,0.0,0.0,-0.8163,-0.9603,0.2267,0.2667,-0.5166333333333334,-0.19388,0.6367037631426408,1,0.01247152296184284,1071.781005859375,-0.018971440881331625,0.0
2026-03-11,SBIN,1093.68621097212,1096.1419460785291,1068.735918309216,1071.781005859375,8364878,-0.6938,0,0.0,0.0,-0.6938,-0.8163,-0.9603,0.2267,-0.8234666666666667,-0.39540000000000003,0.5938636628048563,0,-0.018971440881331625,1065.9854736328125,-0.0054073847128085495,0.0
2026-03-12,SBIN,1056.0643275370824,1078.5588856550278,1051.545798810298,1065.9854736328125,14614140,-0.5897,0,0.0,0.0,-0.5897,-0.6938,-0.8163,-0.9603,-0.6999333333333334,-0.5666800000000001,0.46459339427073215,0,-0.0054073847128085495,1028.4619140625,-0.03520081698902944,0.0
2026-03-13,SBIN,1058.4218838608822,1062.1546493731119,1023.8451797948526,1028.4619140625,15978675,-0.5013,0,0.0,0.0,-0.5013,-0.5897,-0.6938,-0.8163,-0.5949333333333333,-0.71228,0.18180622101567379,0,-0.03520081698902944,1047.8131103515625,0.01881566640870913,1.0
2026-03-16,SBIN,1030.1318158454478,1054.0016113922836,1017.754933672958,1047.8131103515625,15322269,-0.4261,0,0.0,0.0,-0.4261,-0.5013,-0.5897,-0.6938,-0.5056999999999999,-0.60544,0.15453571755422757,0,0.01881566640870913,1045.8485107421875,-0.0018749523077792318,0.0
2026-03-17,SBIN,1054.8856886705516,1054.8856886705516,1028.4619526297915,1045.8485107421875,16427877,-0.3622,0,0.0,0.0,-0.3622,-0.4261,-0.5013,-0.5897,-0.4298666666666667,-0.5146200000000001,0.13132740384245775,0,-0.0018749523077792318,1050.8582763671875,0.004790144627585535,1.0
2026-03-18,SBIN,1048.5989519731277,1056.3590993465684,1042.5087765154108,1050.8582763671875,10749915,-0.3079,0,0.0,0.0,-0.3079,-0.3622,-0.4261,-0.5013,-0.3654,-0.43743999999999994,0.11161481980454019,0,0.004790144627585535,1030.3282470703125,-0.019536439649928128,0.0
2026-03-19,SBIN,1030.917599515117,1040.936950803617,1022.5681001383867,1030.3282470703125,13431191,-0.2617,0,0.0,0.0,-0.2617,-0.3079,-0.3622,-0.4261,-0.31060000000000004,-0.37184,0.09488955685427121,0,-0.019536439649928128,1039.26708984375,0.008675723293867454,1.0
2026-03-20,SBIN,1039.6600314398456,1065.7890288095168,1035.3379137006734,1039.26708984375,17748625,-0.2224,0,0.0,0.0,-0.2224,-0.2617,-0.3079,-0.3622,-0.264,-0.31606,0.08067138898023243,0,0.008675723293867454,1013.6292724609375,-0.024669132346591516,0.0
2026-03-23,SBIN,1020.6035363599531,1027.086653225109,996.2426554714183,1013.6292724609375,16039603,-0.1891,0,0.0,0.0,-0.1891,-0.2224,-0.2617,-0.3079,-0.22440000000000002,-0.26866,0.06857064240620737,0,-0.024669132346591516,1012.5487670898438,-0.0010659768817354864,0.0
2026-03-24,SBIN,1036.5166462758839,1040.2494116751225,1001.9399432564919,1012.5487670898438,30416734,-0.1607,0,0.0,0.0,-0.1607,-0.1891,-0.2224,-0.2617,-0.19073333333333334,-0.22835999999999998,0.058294322193503195,0,-0.0010659768817354864,1041.821044921875,0.028909499259144322,1.0
2026-03-25,SBIN,1024.5326936323975,1046.6343097462316,1024.5326936323975,1041.821044921875,16205333,-0.1366,0,0.0,0.0,-0.1366,-0.1607,-0.1891,-0.2224,-0.16213333333333332,-0.1941,0.04954154821965048,0,0.028909499259144322,1001.4487915039062,-0.03875162017004197,0.0
2026-03-27,SBIN,1032.6857904923231,1036.6149667218629,995.0638801309044,1001.4487915039062,20445349,-0.1161,0,0.0,0.0,-0.1161,-0.1366,-0.1607,-0.1891,-0.1378,-0.16498,0.04210649593589984,0,-0.03875162017004197,962.058837890625,-0.03933296834292266,0.0
2026-03-30,SBIN,987.2055421466002,991.5276600442548,958.522543259506,962.058837890625,21438137,-0.0987,0,0.0,0.0,-0.0987,-0.1161,-0.1366,-0.1607,-0.11713333333333333,-0.14024,0.03580318421593178,0,-0.03933296834292266,999.7789306640625,0.03920767762618471,1.0
2026-04-01,SBIN,990.1524604010582,1012.745224874495,980.7715636649391,999.7789306640625,17424479,-0.0839,0,0.0,0.0,-0.0839,-0.0987,-0.1161,-0.1366,-0.09956666666666665,-0.1192,0.030417757971289473,0,0.03920767762618471,1000.3683471679688,0.0005895468346335253,1.0
2026-04-02,SBIN,982.2941115339542,1007.833758433837,960.5854356508436,1000.3683471679688,20777629,-0.0713,0,0.0,0.0,-0.0713,-0.0839,-0.0987,-0.1161,-0.08463333333333334,-0.10132,0.02585849956977284,0,0.0005895468346335253,1014.4642333984375,0.01409069596251622,1.0
2026-04-06,SBIN,1001.939983603395,1017.3619530344956,987.2546747939996,1014.4642333984375,23576634,-0.0606,0,0.0,0.0,-0.0606,-0.0713,-0.0839,-0.0987,-0.07193333333333334,-0.08612,0.021982311070493494,0,0.01409069596251622,1012.1558227539062,-0.0022754973201943862,0.0
2026-04-07,SBIN,1006.8514108515341,1015.3973212044529,994.0815880797585,1012.1558227539062,15021291,-0.0515,0,0.0,0.0,-0.0515,-0.0606,-0.0713,-0.0839,-0.06113333333333334,-0.0732,0.018694919095838303,0,-0.0022754973201943862,1042.656005859375,0.03013388098927572,1.0
2026-04-08,SBIN,1054.9838445577764,1058.7166100346876,1040.6914176944629,1042.656005859375,28533742,-0.0438,0,0.0,0.0,-0.0438,-0.0515,-0.0606,-0.0713,-0.05196666666666666,-0.06222,0.015884804059223982,0,0.03013388098927572,1022.5189819335938,-0.019313199955323657,0.0
2026-04-09,SBIN,1041.329937682068,1045.504687551959,1019.9159985301128,1022.5189819335938,24772948,-0.0372,0,0.0,0.0,-0.0372,-0.0438,-0.0515,-0.0606,-0.04416666666666667,-0.052879999999999996,0.013500999962963403,0,-0.019313199955323657,1047.8131103515625,0.02473707468015629,1.0
2026-04-10,SBIN,1030.4265520507975,1050.5144192344412,1027.6270377357864,1047.8131103515625,17861336,-0.0316,0,0.0,0.0,-0.0316,-0.0372,-0.0438,-0.0515,-0.037533333333333335,-0.04494,0.011482943873412296,0,0.02473707468015629,1044.7188720703125,-0.0029530440597482777,0.0
2026-04-13,SBIN,1023.5503875880017,1048.353312047308,1011.7628591320939,1044.7188720703125,17763348,-0.0269,0,0.0,0.0,-0.0269,-0.0316,-0.0372,-0.0438,-0.031900000000000005,-0.0382,0.009753204601562314,0,-0.0029530440597482777,1052.528076171875,0.007474933506357528,1.0
2026-04-15,SBIN,1056.9483994035816,1068.7359280214653,1049.2864578383803,1052.528076171875,16195810,-0.0229,0,0.0,0.0,-0.0229,-0.0269,-0.0316,-0.0372,-0.027133333333333332,-0.032479999999999995,0.008278103647571453,0,0.007474933506357528,1048.255126953125,-0.004059700938611632,0.0
2026-04-16,SBIN,1058.9129934902317,1064.9541259228224,1043.1962885775752,1048.255126953125,20313165,-0.0194,0,0.0,0.0,-0.0194,-0.0229,-0.0269,-0.0316,-0.023066666666666666,-0.027600000000000003,0.007035268296229748,0,-0.004059700938611632,1061.1231689453125,0.012275677610649849,1.0
2026-04-17,SBIN,1048.1077725199245,1062.9895516597985,1041.2317140310404,1061.1231689453125,16823879,-0.0165,0,0.0,0.0,-0.0165,-0.0194,-0.0229,-0.0269,-0.019600000000000003,-0.02346,0.005986067156316835,0,0.012275677610649849,1088.2344970703125,0.025549652404580847,1.0
2026-04-20,SBIN,1061.1723665018162,1101.102525826513,1056.8010858019393,1088.2344970703125,31179584,-0.014,0,0.0,0.0,-0.014,-0.0165,-0.0194,-0.0229,-0.016633333333333333,-0.01994,0.005114000391076914,0,0.025549652404580847,1092.1636962890625,0.0036106181428066098,1.0
2026-04-21,SBIN,1093.6863001427537,1095.012373226544,1086.3681369836245,1092.1636962890625,16963734,-0.0119,0,0.0,0.0,-0.0119,-0.014,-0.0165,-0.0194,-0.014133333333333333,-0.016940000000000004,0.004353504335582381,0,0.0036106181428066098,1083.76513671875,-0.007689835872451201,0.0
2026-04-22,SBIN,1090.3464592751195,1098.057444036852,1080.6217236295247,1083.76513671875,12412659,-0.0101,0,0.0,0.0,-0.0101,-0.0119,-0.014,-0.0165,-0.012000000000000002,-0.01438,0.003684698088030332,0,-0.007689835872451201,1074.875244140625,-0.008202785157899073,0.0
2026-04-23,SBIN,1075.6119646643676,1082.3898174645885,1063.038553095583,1074.875244140625,13669001,-0.0086,0,0.0,0.0,-0.0086,-0.0101,-0.0119,-0.014,-0.0102,-0.01222,0.003130015974389621,0,-0.008202785157899073,1081.60400390625,0.006260037899565418,1.0
2026-04-24,SBIN,1072.0266364810311,1086.4172689530212,1070.749726103037,1081.60400390625,13774745,-0.0073,0,0.0,0.0,-0.0073,-0.0086,-0.0101,-0.0119,-0.008666666666666668,-0.01038,0.002652734438260651,0,0.006260037899565418,1092.1636962890625,0.009762993059082348,1.0
2026-04-27,SBIN,1091.2796075968854,1095.0615358962568,1083.8633589162316,1092.1636962890625,11624385,-0.0062,0,0.0,0.0,-0.0062,-0.0073,-0.0086,-0.0101,-0.007366666666666667,-0.00882,0.0022554378732152934,0,0.009762993059082348,1071.9775390625,-0.018482721312886308,0.0
2026-04-28,SBIN,1082.7827735553876,1090.8375367592364,1069.8655828843748,1071.9775390625,10727835,-0.0053,0,0.0,0.0,-0.0053,-0.0062,-0.0073,-0.0086,-0.006266666666666667,-0.0075,0.0019065675964764044,0,-0.018482721312886308,1067.655517578125,-0.0040318209354972545,0.0
2026-04-29,SBIN,1074.6297819435,1085.4350174109393,1065.0524141428152,1067.655517578125,10611104,-0.0007,1,0.0,0.9443,-0.0007,-0.0053,-0.0062,-0.0073,-0.004066666666666666,-0.00562,0.003014465126673994,0,-0.0040318209354972545,1049.5321044921875,-0.016974963167004198,0.0
2026-04-30,SBIN,1055.9661789414106,1058.6183251016832,1044.1786495020647,1049.5321044921875,14269539,-0.0006,0,0.0,0.0,-0.0006,-0.0007,-0.0053,-0.0062,-0.0022,-0.00402,0.0031570555902507525,1,-0.016974963167004198,1049.5321044921875,0.0,0.0
2026-05-01,SBIN,1049.5321044921875,1049.5321044921875,1049.5321044921875,1049.5321044921875,0,-0.0005,0,0.0,0.0,-0.0005,-0.0006,-0.0007,-0.0053,-0.0006,-0.00266,0.0028395422166140475,0,0.0,1049.4830322265625,-4.675632638106997e-05,0.0
2026-05-04,SBIN,1044.7679726198023,1069.816471974203,1044.7679726198023,1049.4830322265625,11693211,-0.0004,0,0.0,0.0,-0.0004,-0.0005,-0.0006,-0.0007,-0.0004999999999999999,-0.0015,0.002127204738602592,0,-4.675632638106997e-05,1041.133544921875,-0.007955809716116535,0.0
2026-05-05,SBIN,1041.8211028311687,1049.581250235382,1030.8194568287804,1041.133544921875,12194631,-0.0004,0,0.0,0.0,-0.0004,-0.0004,-0.0005,-0.0006,-0.0004333333333333333,-0.00052,0.00013038404784804247,0,-0.007955809716116535,1076.5943603515625,0.03405981451913398,1.0
2026-05-06,SBIN,1053.019301365762,1081.6040364042549,1042.4104768585712,1076.5943603515625,14384779,-0.0003,0,0.0,0.0,-0.0003,-0.0004,-0.0004,-0.0005,-0.00036666666666666667,-0.00043999999999999996,0.00011401754221712573,0,0.03405981451913398,1072.6651611328125,-0.0036496561411178963,0.0
2026-05-07,SBIN,1086.4172785832332,1088.381866790436,1066.8696019397742,1072.6651611328125,16105163,0.19974999999999998,2,0.8869240356422866,0.76035,0.1997,-0.0003,-0.0004,-0.0004,0.06633333333333333,0.03962,0.0894874683964181,0,-0.0036496561411178963,1001.2523193359375,-0.0665751479440777,0.0
2026-05-08,SBIN,1070.7005210892246,1075.6119913694504,993.0010852378409,1001.2523193359375,48065909,0.35995999999999995,5,0.8159175773324165,0.931,0.36,0.1997,-0.0003,-0.0004,0.18646666666666667,0.11172,0.16361059562265495,2,-0.0665751479440777,956.3615112304688,-0.04483466079283771,0.0
2026-05-11,SBIN,989.1701581334676,989.1701581334676,953.9057759818752,956.3615112304688,46927396,-0.9584,1,0.0,0.9656,-0.9584,0.36,0.1997,-0.0003,-0.13290000000000002,-0.07988000000000002,0.5138352917034796,5,-0.04483466079283771,957.3438110351562,0.0010271218500037538,1.0
2026-05-12,SBIN,959.6031354409057,964.0234589147167,945.3598709141811,957.3438110351562,25787092,-0.8146,0,0.0,0.0,-0.8146,-0.9584,0.36,0.1997,-0.47100000000000003,-0.24272,0.603535191186065,1,0.0010271218500037538,952.9234619140625,-0.004617305789352821,0.0
2026-05-13,SBIN,960.6836091187947,963.8269621620207,944.1810805849492,952.9234619140625,17584580,-0.0179,1,0.0,0.6673,-0.0179,-0.8146,-0.9584,0.36,-0.5969666666666668,-0.24624000000000001,0.6018167353937576,0,-0.004617305789352821,962.5499877929688,0.010102097664349774,1.0
2026-05-14,SBIN,956.2632817330172,969.5242517416415,946.5385464115705,962.5499877929688,16487142,-0.0152,0,0.0,0.0,-0.0152,-0.0179,-0.8146,-0.9584,-0.2825666666666667,-0.28922,0.5687737089563828,1,0.010102097664349774,963.2000122070312,0.0006753149678522252,1.0
2026-05-15,SBIN,971.2000122070312,972.5,957.0,963.2000122070312,26972493,-0.0129,0,0.0,0.0,-0.0129,-0.0152,-0.0179,-0.8146,-0.015333333333333332,-0.3638,0.47986179781266186,0,0.0006753149678522252,939.4000244140625,-0.024709289339017504,0.0
2026-05-18,SBIN,952.0,954.9000244140625,933.9000244140625,939.4000244140625,16554877,-0.011,0,0.0,0.0,-0.011,-0.0129,-0.0152,-0.0179,-0.013033333333333333,-0.17432,0.3579366941234161,0,-0.024709289339017504,948.7999877929688,0.010006347812018923,1.0
2026-05-19,SBIN,942.0,956.5999755859375,939.5,948.7999877929688,17280869,-0.0093,0,0.0,0.0,-0.0093,-0.011,-0.0129,-0.0152,-0.011066666666666667,-0.01326,0.003398970432344774,0,0.010006347812018923,950.9000244140625,0.0022133607168131064,1.0
2026-05-20,SBIN,941.0999755859375,955.0,935.0,950.9000244140625,11928460,-0.0079,0,0.0,0.0,-0.0079,-0.0093,-0.011,-0.0129,-0.0094,-0.011260000000000001,0.0028901557051401357,0,0.0022133607168131064,950.9000244140625,0.0,0.0
2026-05-21,SBIN,957.0,960.9000244140625,946.5,950.9000244140625,11756520,-0.0068,0,0.0,0.0,-0.0068,-0.0079,-0.0093,-0.011,-0.008,-0.00958,0.0024324884377842624,0,0.0,949.2000122070312,-0.0017877927893406032,0.0
2026-05-22,SBIN,950.9000244140625,958.5999755859375,947.7000122070312,949.2000122070312,7807192,-0.0057,0,0.0,0.0,-0.0057,-0.0068,-0.0079,-0.0093,-0.0068000000000000005,-0.00814,0.0020815859338384657,0,-0.0017877927893406032,969.5999755859375,0.021491743696329335,1.0
2026-05-25,SBIN,959.9000244140625,972.5,957.5,969.5999755859375,10934747,-0.0049,0,0.0,0.0,-0.0049,-0.0057,-0.0068,-0.0079,-0.0058,-0.00692,0.0017469974241406856,0,0.021491743696329335,968.5,-0.0011344632978902425,0.0
2026-05-26,SBIN,969.9000244140625,978.7999877929688,962.0999755859375,968.5,16269800,-0.0041,0,0.0,0.0,-0.0041,-0.0049,-0.0057,-0.0068,-0.0049,-0.005880000000000001,0.0015073154944981553,0,-0.0011344632978902425,967.7999877929688,-0.0007227797697793026,0.0
2026-05-27,SBIN,969.7999877929688,975.9000244140625,966.5999755859375,967.7999877929688,8111259,-0.0035,0,0.0,0.0,-0.0035,-0.0041,-0.0049,-0.0057,-0.004166666666666667,-0.005,0.0013038404810229813,0,-0.0007227797697793026,967.7999877929688,0.0,0.0
2026-05-28,SBIN,967.7999877929688,967.7999877929688,967.7999877929688,967.7999877929688,0,-0.003,0,0.0,0.0,-0.003,-0.0035,-0.0041,-0.0049,-0.003533333333333333,-0.00424,0.0010807404868673415,0,0.0,964.4000244140625,-0.003513084750765172,0.0
2026-05-29,SBIN,967.7999877929688,973.7000122070312,960.2999877929688,964.4000244140625,22292535,-0.0025,0,0.0,0.0,-0.0025,-0.003,-0.0035,-0.0041,-0.0030000000000000005,-0.0036,0.0009380831519403143,0,-0.003513084750765172,954.0999755859375,-0.010680266038341268,0.0
2026-06-01,SBIN,966.25,970.25,950.0999755859375,954.0999755859375,11118975,-0.0022,0,0.0,0.0,-0.0022,-0.0025,-0.003,-0.0035,-0.0025666666666666667,-0.0030600000000000002,0.0007635443667229095,0,-0.010680266038341268,956.6500244140625,0.0026727270656923263,1.0
2026-06-02,SBIN,950.9500122070312,961.2999877929688,939.9000244140625,956.6500244140625,15911760,-0.0018,0,0.0,0.0,-0.0018,-0.0022,-0.0025,-0.003,-0.0021666666666666666,-0.0026000000000000003,0.0006670832031720639,0,0.0026727270656923263,970.4500122070312,0.014425325292205082,1.0
2026-06-03,SBIN,953.75,974.0,937.2000122070312,970.4500122070312,27947005,-0.0016,0,0.0,0.0,-0.0016,-0.0018,-0.0022,-0.0025,-0.0018666666666666666,-0.00222,0.0005585696017098596,0,0.014425325292205082,979.25,0.009067945470942362,1.0
2026-06-04,SBIN,969.9000244140625,985.7999877929688,961.0999755859375,979.25,18875883,-0.0013,0,0.0,0.0,-0.0013,-0.0016,-0.0018,-0.0022,-0.0015666666666666667,-0.0018800000000000002,0.0004764451699349257,0,0.009067945470942362,977.7000122070312,-0.0015828315475810983,0.0
2026-06-05,SBIN,980.0,992.5999755859375,970.5999755859375,977.7000122070312,20955539,-0.0011,0,0.0,0.0,-0.0011,-0.0013,-0.0016,-0.0018,-0.0013333333333333333,-0.0016,0.0004301162632990382,0,-0.0015828315475810983,981.9500122070312,0.0043469366338722,1.0
2026-06-08,SBIN,966.0,988.6500244140625,965.1500244140625,981.9500122070312,12895416,-0.001,0,0.0,0.0,-0.001,-0.0011,-0.0013,-0.0016,-0.0011333333333333334,-0.0013599999999999999,0.0003361547262115079,0,0.0043469366338722,1002.7000122070312,0.021131421907478076,1.0
2026-06-09,SBIN,985.0,1009.0,983.0,1002.7000122070312,22142480,-0.0008,0,0.0,0.0,-0.0008,-0.001,-0.0011,-0.0013,-0.0009666666666666668,-0.00116,0.00030495901356467417,0,0.021131421907478076,1003.25,0.0005485068178647801,1.0
2026-06-10,SBIN,1002.7000122070312,1012.4000244140625,999.5,1003.25,19122317,-0.0007,0,0.0,0.0,-0.0007,-0.0008,-0.001,-0.0011,-0.0008333333333333334,-0.00098,0.0002387467276306502,0,0.0005485068178647801,1000.7000122070312,-0.002541727179634967,0.0
2026-06-11,SBIN,998.0999755859375,1009.4000244140625,993.0,1000.7000122070312,13773978,-0.0006,0,0.0,0.0,-0.0006,-0.0007,-0.0008,-0.001,-0.0007,-0.0008400000000000001,0.00020736441342319949,0,-0.002541727179634967,1017.1500244140625,0.016438505052828845,1.0
2026-06-12,SBIN,1018.0,1018.7000122070312,1004.3499755859375,1017.1500244140625,11081119,0.0854,1,0.0,0.86,0.0854,-0.0006,-0.0007,-0.0008,0.028033333333333337,0.01646,0.03853891539729621,0,0.016438505052828845,1020.8499755859375,0.0036375668122372584,1.0
2026-06-15,SBIN,1034.0,1034.0,1018.5,1020.8499755859375,12463437,0.8715,1,0.0,0.8916,0.8715,0.0854,-0.0006,-0.0007,0.3187666666666667,0.19096000000000002,0.38225589988906644,1,0.0036375668122372584,1015.2999877929688,-0.00543663410461781,0.0
2026-06-16,SBIN,1023.7999877929688,1026.550048828125,1007.4000244140625,1015.2999877929688,9693677,0.7408,0,0.0,0.0,0.7408,0.8715,0.0854,-0.0006,0.5659000000000001,0.33928,0.43012681502087263,1,-0.00543663410461781,1026.5,0.011031234454535577,1.0
2026-06-17,SBIN,1017.0,1028.0999755859375,1013.4500122070312,1026.5,8190062,0.6297,0,0.0,0.0,0.6297,0.7408,0.8715,0.0854,0.7473333333333333,0.46536,0.39664620633506625,0,0.011031234454535577,1042.699951171875,0.015781735189356993,1.0
2026-06-18,SBIN,1027.9000244140625,1045.699951171875,1024.449951171875,1042.699951171875,11048009,0.3749,2,0.43048660838637015,0.795,0.3749,0.6297,0.7408,0.8715,0.5818,0.54046,0.31312022132082107,0,0.015781735189356993,1035.0999755859375,-0.007288746467664087,0.0
2026-06-19,SBIN,1042.0,1042.0,1029.300048828125,1035.0999755859375,9099878,0.3187,0,0.0,0.0,0.3187,0.3749,0.6297,0.7408,0.4411,0.58712,0.23632033767748384,2,-0.007288746467664087,1040.75,0.005458433530407758,1.0
2026-06-22,SBIN,1038.0,1043.0,1033.5999755859375,1040.75,6209440,0.2709,0,0.0,0.0,0.2709,0.3187,0.3749,0.6297,0.32149999999999995,0.46699999999999997,0.20637843879630444,0,0.005458433530407758,1024.199951171875,-0.015902040670790263,0.0
2026-06-23,SBIN,1041.0,1045.5,1022.3499755859375,1024.199951171875,10411004,0.2302,0,0.0,0.0,0.2302,0.2709,0.3187,0.3749,0.27326666666666666,0.36488,0.15758614152266043,0,-0.015902040670790263,1034.5999755859375,0.010154291066078347,1.0
2026-06-24,SBIN,1024.0,1044.5,1020.5,1034.5999755859375,11724076,0.1957,0,0.0,0.0,0.1957,0.2302,0.2709,0.3187,0.23226666666666665,0.27808,0.07098346286283837,0,0.010154291066078347,1045.4000244140625,0.010438864375584833,1.0
2026-06-25,SBIN,1040.0,1055.4000244140625,1038.550048828125,1045.4000244140625,16002360,0.046,1,0.0,0.8945,0.046,0.1957,0.2302,0.2709,0.1573,0.2123,0.10369013935760694,0,0.010438864375584833,1045.4000244140625,0.0,0.0
2026-06-26,SBIN,1045.4000244140625,1045.4000244140625,1045.4000244140625,1045.4000244140625,0,0.0391,0,0.0,0.0,0.0391,0.046,0.1957,0.2302,0.0936,0.15638,0.1072947202801701,1,0.0,1036.0999755859375,-0.008896162818953002,0.0
2026-06-29,SBIN,1044.449951171875,1046.4000244140625,1030.8499755859375,1036.0999755859375,16818246,0.0332,0,0.0,0.0,0.0332,0.0391,0.046,0.1957,0.039433333333333334,0.10883999999999998,0.09592555968041024,0,-0.008896162818953002,1026.9000244140625,-0.008879404872751073,0.0
2026-06-30,SBIN,1040.0,1044.0,1025.050048828125,1026.9000244140625,11161643,0.0282,0,0.0,0.0,0.0282,0.0332,0.0391,0.046,0.0335,0.06844,0.07145035339310747,0,-0.008879404872751073,1047.4000244140625,0.019962994948507395,1.0
2026-07-01,SBIN,1031.0,1049.9000244140625,1025.5,1047.4000244140625,6295315,0.024,0,0.0,0.0,0.024,0.0282,0.0332,0.0391,0.028466666666666668,0.034100000000000005,0.008721238444162635,0,0.019962994948507395,1051.5999755859375,0.004009882636984319,1.0
2026-07-02,SBIN,1050.9000244140625,1059.800048828125,1045.0,1051.5999755859375,14682790,0.0204,0,0.0,0.0,0.0204,0.024,0.0282,0.0332,0.0242,0.02898,0.007403512679798686,0,0.004009882636984319,1040.0,-0.011030787233970885,0.0
2026-07-03,SBIN,1055.0,1057.0,1034.5,1040.0,10441493,0.0173,0,0.0,0.0,0.0173,0.0204,0.024,0.0282,0.020566666666666667,0.024620000000000003,0.006289038082245932,0,-0.011030787233970885,1037.699951171875,-0.0022115854116586675,0.0
2026-07-06,SBIN,1041.9000244140625,1048.4000244140625,1036.5,1037.699951171875,8761017,0.0147,0,0.0,0.0,0.0147,0.0173,0.0204,0.024,0.017466666666666665,0.02092,0.005351354968598076,0,-0.0022115854116586675,1038.0999755859375,0.00038549140684729366,1.0
2026-07-07,SBIN,1039.300048828125,1049.5999755859375,1035.5,1038.0999755859375,11053574,0.0125,0,0.0,0.0,0.0125,0.0147,0.0173,0.0204,0.014833333333333336,0.017779999999999997,0.004559276258348368,0,0.00038549140684729366,1016.9000244140625,-0.020421878114301184,0.0
2026-07-08,SBIN,1029.5999755859375,1038.300048828125,1011.7000122070312,1016.9000244140625,14141694,0.0107,0,0.0,0.0,0.0107,0.0125,0.0147,0.0173,0.012633333333333335,0.01512,0.0038473367411677012,0,-0.020421878114301184,1022.0999755859375,0.005113532350312644,1.0
2026-07-09,SBIN,1019.7999877929688,1031.699951171875,1019.2999877929688,1022.0999755859375,7661699,0.0091,0,0.0,0.0,0.0091,0.0107,0.0125,0.0147,0.010766666666666667,0.01286,0.0032416045409547943,0,0.005113532350312644,1036.0,0.013599476319421822,1.0
2026-07-10,SBIN,1029.5,1047.800048828125,1023.5,1036.0,8792150,0.0077,0,0.0,0.0,0.0077,0.0091,0.0107,0.0125,0.009166666666666665,0.01094,0.002761883415341533,0,0.013599476319421822,1037.0,0.0009652509652509078,1.0
2026-07-13,SBIN,1023.5,1042.9000244140625,1022.0999755859375,1037.0,8381510,0.0817,1,0.0,0.8973,0.0817,0.0077,0.0091,0.0107,0.03283333333333333,0.02434,0.03211523003187023,0,0.0009652509652509078,1015.4000244140625,-0.02082929178971793,0.0
2026-07-14,SBIN,1033.300048828125,1033.699951171875,1011.4000244140625,1015.4000244140625,11562326,0.0694,0,0.0,0.0,0.0694,0.0817,0.0077,0.0091,0.05293333333333333,0.03572,0.036634164382444157,1,-0.02082929178971793,1030.0999755859375,0.014477004942320848,1.0
2026-07-15,SBIN,1015.5,1036.0,1013.7000122070312,1030.0999755859375,14275394,0.059,0,0.0,0.0,0.059,0.0694,0.0817,0.0077,0.07003333333333332,0.04538,0.03470456742274626,0,0.014477004942320848,1031.199951171875,0.0010678338142002808,1.0
2026-07-16,SBIN,1030.0999755859375,1036.0,1027.300048828125,1031.199951171875,7708316,0.0502,0,0.0,0.0,0.0502,0.059,0.0694,0.0817,0.059533333333333334,0.0536,0.028225786082940917,0,0.0010678338142002808,1044.300048828125,0.012703741540486702,1.0
2026-07-17,SBIN,1030.5999755859375,1048.0,1028.300048828125,1044.300048828125,8452780,0.0426,0,0.0,0.0,0.0426,0.0502,0.059,0.0694,0.0506,0.06058,0.015470681950060945,0,0.012703741540486702,1060.0,0.015033946603270731,1.0
2026-07-20,SBIN,1041.5999755859375,1065.0,1038.300048828125,1060.0,16540411,0.0363,0,0.0,0.0,0.0363,0.0426,0.0502,0.059,0.04303333333333333,0.051500000000000004,0.013120594498723789,0,0.015033946603270731,1044.4000244140625,-0.014716958099941002,0.0
2026-07-21,SBIN,1056.199951171875,1067.0,1042.800048828125,1044.4000244140625,10514887,0.0308,0,0.0,0.0,0.0308,0.0363,0.0426,0.0502,0.03656666666666667,0.04378,0.011165661646312792,0,-0.014716958099941002,1025.0,-0.01857528146358145,0.0
2026-07-22,SBIN,1044.4000244140625,1044.4000244140625,1019.2000122070312,1025.0,11227214,0.0262,0,0.0,0.0,0.0262,0.0308,0.0363,0.0426,0.0311,0.037219999999999996,0.00949905258433388,0,-0.01857528146358145,1012.5999755859375,-0.012097584794207306,0.0
2026-07-23,SBIN,1022.0,1023.0999755859375,1006.5,1012.5999755859375,8910230,0.0223,0,0.0,0.0,0.0223,0.0262,0.0308,0.0363,0.026433333333333336,0.03164,0.00805251513503327,0,-0.012097584794207306,1015.0,0.0023701604502546214,1.0
2026-07-24,SBIN,1006.0,1017.7999877929688,1000.7999877929688,1015.0,13797053,0.0189,0,0.0,0.0,0.0189,0.0223,0.0262,0.0308,0.022466666666666666,0.0269,0.0068778630402138476,0,0.0023701604502546214,1020.5999755859375,0.005517217326046708,1.0
2026-07-27,SBIN,1020.2999877929688,1023.7000122070312,1015.9000244140625,1020.5999755859375,6093002,0.0161,0,0.0,0.0,0.0161,0.0189,0.0223,0.0262,0.019100000000000002,0.022860000000000002,0.00582863620411666,0,0.005517217326046708,1013.2000122070312,-0.00725060117178411,0.0
2026-07-28,SBIN,1018.0,1022.0,1008.2999877929688,1013.2000122070312,9873370,0.0137,0,0.0,0.0,0.0137,0.0161,0.0189,0.0223,0.016233333333333332,0.019440000000000002,0.004956611745934848,0,-0.00725060117178411,1013.7000122070312,0.0004934859790524104,1.0
2026-07-29,SBIN,1020.0,1020.2000122070312,1012.0,1013.7000122070312,4792964,0.0116,0,0.0,0.0,0.0116,0.0137,0.0161,0.0189,0.0138,0.01652,0.004225162718752873,0,0.0004934859790524104,1025.300048828125,0.011443263767786815,1.0
2026-07-30,SBIN,1013.5,1028.300048828125,1007.5999755859375,1025.300048828125,6847458,0.0099,0,0.0,0.0,0.0099,0.0116,0.0137,0.0161,0.011733333333333333,0.01404,0.003573233829451839,0,0.011443263767786815,1027.4000244140625,0.0020481571110209096,1.0
2026-07-31,SBIN,1028.0999755859375,1034.300048828125,1023.5,1027.4000244140625,10921417,0.0084,0,0.0,0.0,0.0084,0.0099,0.0116,0.0137,0.009966666666666667,0.011940000000000001,0.0030500819661017247,0,0.0020481571110209096,1045.0,0.017130596814979526,1.0
2026-08-03,SBIN,1035.0,1051.5,1031.5999755859375,1045.0,10507450,0.47595,2,0.6426893534204531,0.94645,0.476,0.0084,0.0099,0.0116,0.16476666666666664,0.10391999999999998,0.20800840608013885,0,0.017130596814979526,1042.699951171875,-0.0022010036632774677,0.0
2026-08-04,SBIN,1047.5999755859375,1047.5999755859375,1030.9000244140625,1042.699951171875,8544184,0.4046,0,0.0,0.0,0.4046,0.476,0.0084,0.0099,0.29633333333333334,0.18209999999999998,0.23705391791742222,2,-0.0022010036632774677,1055.0,0.011796345453264134,1.0
2026-08-05,SBIN,1043.0,1055.0,1040.300048828125,1055.0,8707119,0.3439,0,0.0,0.0,0.3439,0.4046,0.476,0.0084,0.4081666666666666,0.24855999999999998,0.22349640489278558,0,0.011796345453264134,1085.0,0.028436018957346043,1.0
2026-08-06,SBIN,1052.5,1088.0999755859375,1052.5,1085.0,13822265,-0.27330000000000004,3,0.5922770719857388,0.9245666666666666,-0.2733,0.3439,0.4046,0.476,0.1584,0.19192,0.3158881874967786,0,0.028436018957346043,1097.199951171875,0.011244194628456272,1.0
2026-08-07,SBIN,1080.0999755859375,1124.5,1075.699951171875,1097.199951171875,29410622,0.7696000000000001,2,0.2258499059109833,0.79285,0.7696,-0.2733,0.3439,0.4046,0.28006666666666663,0.34415999999999997,0.3818674154729622,3,0.011244194628456272,1071.0,-0.023878921197446168,0.0
2026-08-10,SBIN,1108.0,1113.300048828125,1068.5999755859375,1071.0,16623448,-0.5902499999999999,4,0.47405284163969175,0.8155,-0.5902,0.7696,-0.2733,0.3439,-0.031299999999999994,0.13091999999999998,0.5503592526704715,2,-0.023878921197446168,1066.0,-0.00466853408029877,0.0
2026-08-11,SBIN,1071.0,1071.0,1060.4000244140625,1066.0,9456913,-0.5017,0,0.0,0.0,-0.5017,-0.5902,0.7696,-0.2733,-0.10743333333333334,-0.05034000000000002,0.5857927560152992,4,-0.00466853408029877,1082.0,0.015009380863039379,1.0
2026-08-12,SBIN,1066.0,1085.5,1066.0,1082.0,17673922,-0.4265,0,0.0,0.0,-0.4265,-0.5017,-0.5902,0.7696,-0.5061333333333332,-0.20442,0.5567720691629564,0,0.015009380863039379,1083.0,0.0009242144177448175,1.0
2026-08-13,SBIN,1083.0,1086.800048828125,1073.0,1083.0,9502483,-0.3625,0,0.0,0.0,-0.3625,-0.4265,-0.5017,-0.5902,-0.4302333333333333,-0.22225999999999999,0.5609443047219571,0,0.0009242144177448175,1067.699951171875,-0.014127468908702645,0.0
2026-08-14,SBIN,1082.0,1082.0,1065.0999755859375,1067.699951171875,6273501,-0.3081,0,0.0,0.0,-0.3081,-0.3625,-0.4265,-0.5017,-0.36569999999999997,-0.4378,0.11172381124899003,0,-0.014127468908702645,1061.199951171875,-0.006087852671404326,0.0
2026-08-17,SBIN,1064.199951171875,1068.800048828125,1052.4000244140625,1061.199951171875,7039473,-0.2619,0,0.0,0.0,-0.2619,-0.3081,-0.3625,-0.4265,-0.31083333333333335,-0.37214,0.09498383020282956,0,-0.006087852671404326,1053.0,-0.007727055738006583,0.0
2026-08-18,SBIN,1059.5999755859375,1067.699951171875,1053.0,1053.0,5583771,0.0035,2,0.005515432893255071,0.94205,0.0035,-0.2619,-0.3081,-0.3625,-0.18883333333333338,-0.2711,0.16534956909529566,0,-0.007727055738006583,1048.5999755859375,-0.004178560697115419,0.0
2026-08-19,SBIN,1053.199951171875,1054.800048828125,1041.4000244140625,1048.5999755859375,7182636,-0.9429,1,0.0,0.9596,-0.9429,0.0035,-0.2619,-0.3081,-0.40043333333333336,-0.37438000000000005,0.3475608608574906,2,-0.004178560697115419,1048.0,-0.0005721682242098014,0.0
2026-08-20,SBIN,1052.9000244140625,1052.9000244140625,1045.699951171875,1048.0,5879949,0.0176,1,0.0,0.9401,0.0176,-0.9429,0.0035,-0.2619,-0.3072666666666667,-0.29836,0.38980963046081857,1,-0.0005721682242098014,1048.699951171875,0.0006678923395753156,1.0
2026-08-21,SBIN,1052.699951171875,1054.699951171875,1040.0999755859375,1048.699951171875,6534213,-0.9492,1,0.0,0.9572,-0.9492,0.0176,-0.9429,0.0035,-0.6248333333333334,-0.42658000000000007,0.48710937888732947,1,0.0006678923395753156,,,
2026-02-23,SUNPHARMA,1728.3702578474986,1731.262701654805,1715.7033823468744,1727.7718505859375,1550400,0.0,0,0.0,0.0,0.0,0.0,0.0,0.0,0.0,0.0,0.0,0,0.0,1727.273193359375,-0.0002886128897130469,0.0
2026-02-24,SUNPHARMA,1727.4726218669525,1741.3363121779082,1719.1942690316494,1727.273193359375,2769363,0.0,0,0.0,0.0,0.0,0.0,0.0,0.0,0.0,0.0,0.0,0,-0.0002886128897130469,1759.58837890625,0.01870878658402919,1.0
2026-02-25,SUNPHARMA,1737.4464578227753,1765.7722453200734,1728.8689623468,1759.58837890625,1200997,0.0,0,0.0,0.0,0.0,0.0,0.0,0.0,0.0,0.0,0.0,0,0.01870878658402919,1781.0322265625,0.012186854558325466,1.0
2026-02-26,SUNPHARMA,1759.5884264179324,1787.515235908532,1755.6987182112948,1781.0322265625,2076586,0.0,0,0.0,0.0,0.0,0.0,0.0,0.0,0.0,0.0,0.0,0,0.012186854558325466,1732.4595947265625,-0.027272180206242336,0.0
2026-02-27,SUNPHARMA,1774.3498094522479,1783.4259982925673,1726.3755640809347,1732.4595947265625,3041489,0.0,0,0.0,0.0,0.0,0.0,0.0,0.0,0.0,0.0,0.0,0,-0.027272180206242336,1747.9190673828125,0.008923424652042211,1.0
2026-03-02,SUNPHARMA,1707.5249320167618,1755.2997485653734,1707.5249320167618,1747.9190673828125,3919270,0.0,0,0.0,0.0,0.0,0.0,0.0,0.0,0.0,0.0,0.0,0,0.008923424652042211,1745.92431640625,-0.0011412147242888526,0.0
2026-03-04,SUNPHARMA,1716.7008558401753,1752.606754378093,1716.5014273265674,1745.92431640625,4914857,0.0,0,0.0,0.0,0.0,0.0,0.0,0.0,0.0,0.0,0.0,0,-0.0011412147242888526,1779.8353271484375,0.01942295575101949,1.0
2026-03-05,SUNPHARMA,1745.4255099522363,1790.2081659578266,1743.4307379408624,1779.8353271484375,3600895,0.0,0,0.0,0.0,0.0,0.0,0.0,0.0,0.0,0.0,0.0,0,0.01942295575101949,1794.6964111328125,0.008349696040804266,1.0
2026-03-06,SUNPHARMA,1779.8353352303507,1800.8801556956626,1767.168581601097,1794.6964111328125,3669921,0.0,0,0.0,0.0,0.0,0.0,0.0,0.0,0.0,0.0,0.0,0,0.008349696040804266,1802.675537109375,0.004445947474495782,1.0
2026-03-09,SUNPHARMA,1768.265719033581,1810.2556465961165,1765.3732751929072,1802.675537109375,4112775,0.0,0,0.0,0.0,0.0,0.0,0.0,0.0,0.0,0.0,0.0,0,0.004445947474495782,1808.0614013671875,0.002987705855513445,1.0
2026-03-10,SUNPHARMA,1805.2686718483699,1820.329176196971,1798.5862343049998,1808.0614013671875,3298680,0.0,0,0.0,0.0,0.0,0.0,0.0,0.0,0.0,0.0,0.0,0,0.002987705855513445,1821.127197265625,0.007226411607790251,1.0
2026-03-11,SUNPHARMA,1818.2347533954419,1838.1824742226,1813.3475374425432,1821.127197265625,2510495,0.0,0,0.0,0.0,0.0,0.0,0.0,0.0,0.0,0.0,0.0,0,0.007226411607790251,1820.52880859375,-0.00032858148116921004,0.0
2026-03-12,SUNPHARMA,1823.2217022324428,1828.8070397708743,1803.6729599723185,1820.52880859375,2606057,0.0,0,0.0,0.0,0.0,0.0,0.0,0.0,0.0,0.0,0.0,0,-0.00032858148116921004,1796.890625,-0.012984240338393294,0.0
2026-03-13,SUNPHARMA,1817.2373241097612,1828.5078348093941,1792.302673669177,1796.890625,2554627,0.0,0,0.0,0.0,0.0,0.0,0.0,0.0,0.0,0.0,0.0,0,-0.012984240338393294,1778.5386962890625,-0.010213158472535011,0.0
2026-03-16,SUNPHARMA,1796.8906233466914,1813.247778370909,1764.176435049479,1778.5386962890625,2452391,0.0,0,0.0,0.0,0.0,0.0,0.0,0.0,0.0,0.0,0.0,0,-0.010213158472535011,1789.70947265625,0.006280873388077257,1.0
2026-03-17,SUNPHARMA,1789.4102081541055,1801.3788402203515,1776.4441900823388,1789.70947265625,1979497,0.0291,1,0.0,0.9378,0.0291,0.0,0.0,0.0,0.0097,0.0058200000000000005,0.013013915629048778,0,0.006280873388077257,1773.651611328125,-0.008972328511114291,0.0
2026-03-18,SUNPHARMA,1794.895860542458,1800.281769410607,1768.5648452157923,1773.651611328125,2436459,0.0247,0,0.0,0.0,0.0247,0.0291,0.0,0.0,0.017933333333333332,0.01076,0.014815633634779175,1,-0.008972328511114291,1739.8402099609375,-0.01906315826131677,0.0
2026-03-19,SUNPHARMA,1755.8981006464253,1779.3366722824328,1733.3572007850205,1739.8402099609375,2301164,0.021,0,0.0,0.0,0.021,0.0247,0.0291,0.0,0.024933333333333335,0.014960000000000001,0.013954318328030216,0,-0.01906315826131677,1772.4547119140625,0.01874568811917343,1.0
2026-03-20,SUNPHARMA,1750.5122189773597,1776.643806343623,1749.7143831940332,1772.4547119140625,3591446,0.0179,0,0.0,0.0,0.0179,0.021,0.0247,0.0291,0.0212,0.01854,0.011176448451990464,0,0.01874568811917343,1753.8035888671875,-0.01052276423284959,0.0
2026-03-23,SUNPHARMA,1770.1607438237093,1770.360172325736,1736.5487621491013,1753.8035888671875,2783613,0.0152,0,0.0,0.0,0.0152,0.0179,0.021,0.0247,0.018033333333333335,0.02158,0.0054969991813716,0,-0.01052276423284959,1748.717041015625,-0.002900295040933254,0.0
2026-03-24,SUNPHARMA,1770.360269981955,1775.2474860634186,1740.5384022106048,1748.717041015625,2040152,0.0129,0,0.0,0.0,0.0129,0.0152,0.0179,0.021,0.015333333333333332,0.018340000000000002,0.0046682973341465785,0,-0.002900295040933254,1790.7069091796875,0.024011813906539947,1.0
2026-03-25,SUNPHARMA,1762.08185696297,1804.7700279040193,1750.9111820864912,1790.7069091796875,1900794,0.011,0,0.0,0.0,0.011,0.0129,0.0152,0.0179,0.013033333333333333,0.0156,0.0039705163392183725,0,0.024011813906539947,1788.91162109375,-0.0010025583062946986,0.0
2026-03-27,SUNPHARMA,1780.3341252885439,1814.245251484516,1780.3341252885439,1788.91162109375,2975423,0.0093,0,0.0,0.0,0.0093,0.011,0.0129,0.0152,0.011066666666666667,0.01326,0.0033989704323515476,0,-0.0010025583062946986,1752.606689453125,-0.020294424393323518,0.0
2026-03-30,SUNPHARMA,1782.1294134471775,1785.3210000540466,1745.5252729651668,1752.606689453125,4182503,0.0079,0,0.0,0.0,0.0079,0.0093,0.011,0.0129,0.0094,0.01126,0.002890155705148093,0,-0.020294424393323518,1723.9818115234375,-0.01633274487764247,0.0
2026-04-01,SUNPHARMA,1757.493958921637,1783.3262823279758,1708.7217560446363,1723.9818115234375,3245628,0.0067,0,0.0,0.0,0.0067,0.0079,0.0093,0.011,0.007966666666666667,0.009559999999999999,0.0024613004692641805,0,-0.01633274487764247,1689.1729736328125,-0.020190954253667792,0.0
2026-04-02,SUNPHARMA,1660.6477572282658,1695.5562686414726,1615.7653854112857,1689.1729736328125,3937824,-0.9635,1,0.0,0.9713,-0.9635,0.0067,0.0079,0.0093,-0.3163,-0.18572,0.4347951954656353,0,-0.020190954253667792,1690.17041015625,0.0005904880903300214,1.0
2026-04-06,SUNPHARMA,1679.8974066842584,1694.5589332152347,1650.5742318710768,1690.17041015625,3533715,-0.819,0,0.0,0.0,-0.819,-0.9635,0.0067,0.0079,-0.5919333333333333,-0.35172,0.49516468169690775,1,0.0005904880903300214,1713.5091552734375,0.013808515979776281,1.0
2026-04-07,SUNPHARMA,1685.3829186545368,1719.3937570486605,1676.9051376185505,1713.5091552734375,2471378,-0.6961,0,0.0,0.0,-0.6961,-0.819,-0.9635,0.0067,-0.8262,-0.4928,0.4662339970444026,0,0.013808515979776281,1710.1180419921875,-0.0019790459075247346,0.0
2026-04-08,SUNPHARMA,1725.477811018551,1744.6275738623137,1681.0941332206748,1710.1180419921875,4859877,-0.5917,0,0.0,0.0,-0.5917,-0.6961,-0.819,-0.9635,-0.7022666666666666,-0.61272,0.373052693328972,0,-0.0019790459075247346,1712.611572265625,0.0014581041847454568,1.0
2026-04-09,SUNPHARMA,1698.249188710168,1726.375548537777,1698.249188710168,1712.611572265625,3276165,-0.6589,1,0.0,0.681,-0.6589,-0.5917,-0.6961,-0.819,-0.6489,-0.74584,0.14707143842364517,0,0.0014581041847454568,1650.57421875,-0.0362238317901562,0.0
2026-04-10,SUNPHARMA,1694.758348256462,1695.556305806745,1626.138260225138,1650.57421875,8089531,-0.5601,0,0.0,0.0,-0.5601,-0.6589,-0.5917,-0.6961,-0.6035666666666667,-0.66516,0.10136221189378239,1,-0.0362238317901562,1647.881103515625,-0.0016316232277119314,0.0
2026-04-13,SUNPHARMA,1650.5741187712865,1664.337972545746,1635.8127572437804,1647.881103515625,3751005,-0.4761,0,0.0,0.0,-0.4761,-0.5601,-0.6589,-0.5917,-0.5650333333333334,-0.5965800000000001,0.08610756064365106,0,-0.0016316232277119314,1692.1651611328125,0.0268733329866524,1.0
2026-04-15,SUNPHARMA,1670.621646636875,1694.7583405325704,1653.3668191382837,1692.1651611328125,3760449,-0.4046,0,0.0,0.0,-0.4046,-0.4761,-0.5601,-0.6589,-0.4802666666666667,-0.5382800000000001,0.09951845055063929,0,0.0268733329866524,1688.67431640625,-0.0020629456312796224,0.0
2026-04-16,SUNPHARMA,1709.4199951863202,1709.4199951863202,1662.2435857760172,1688.67431640625,4512633,-0.3439,0,0.0,0.0,-0.3439,-0.4046,-0.4761,-0.5601,-0.40820000000000006,-0.4887200000000001,0.12476438594406673,0,-0.0020629456312796224,1671.120361328125,-0.0103951098844699,0.0
2026-04-17,SUNPHARMA,1692.464447589694,1692.464447589694,1666.133430975012,1671.120361328125,3146482,-0.2924,0,0.0,0.0,-0.2924,-0.3439,-0.4046,-0.4761,-0.3469666666666667,-0.41542,0.106042995996907,0,-0.0103951098844699,1664.23828125,-0.004118243208200423,0.0
2026-04-20,SUNPHARMA,1675.6085061778801,1675.6085061778801,1660.647715944149,1664.23828125,1834532,-0.2485,0,0.0,0.0,-0.2485,-0.2924,-0.3439,-0.4046,-0.2949333333333333,-0.3531,0.0901270492138738,0,-0.004118243208200423,1660.84716796875,-0.002037636869344772,0.0
2026-04-21,SUNPHARMA,1662.8419400281655,1678.5009737453106,1655.561095062034,1660.84716796875,3631490,-0.2112,0,0.0,0.0,-0.2112,-0.2485,-0.2924,-0.3439,-0.2507,-0.30012,0.07658940527253116,0,-0.002037636869344772,1665.435302734375,0.0027625267719464386,1.0
2026-04-22,SUNPHARMA,1660.8472294269625,1669.524561257251,1648.0807608250266,1665.435302734375,2169514,-0.1795,0,0.0,0.0,-0.1795,-0.2112,-0.2485,-0.2924,-0.21306666666666665,-0.2551,0.06512077241556664,0,0.0027625267719464386,1675.708251953125,0.006168326804339763,1.0
2026-04-23,SUNPHARMA,1664.6372913221383,1708.522276833327,1656.8576315537557,1675.708251953125,3245164,-0.1526,0,0.0,0.0,-0.1526,-0.1795,-0.2112,-0.2485,-0.1811,-0.21684,0.05537267376603757,0,0.006168326804339763,1616.164306640625,-0.035533599147165695,0.0
2026-04-24,SUNPHARMA,1666.0336068840952,1668.9260506484607,1609.3820331070247,1616.164306640625,9606128,-0.1297,0,0.0,0.0,-0.1297,-0.1526,-0.1795,-0.2112,-0.15393333333333334,-0.1843,0.04704875131180451,0,-0.035533599147165695,1728.96875,0.06979763313412812,1.0
2026-04-27,SUNPHARMA,1620.752361551774,1762.2814690430637,1617.6604890892131,1728.96875,26995361,-0.1103,0,0.0,0.0,-0.1103,-0.1297,-0.1526,-0.1795,-0.13086666666666666,-0.15666000000000002,0.03996514731613069,0,0.06979763313412812,1742.732666015625,0.00796076621721764,1.0
2026-04-28,SUNPHARMA,1719.4935227215092,1759.289249830796,1709.8189268916053,1742.732666015625,16599167,-0.0937,0,0.0,0.0,-0.0937,-0.1103,-0.1297,-0.1526,-0.11123333333333334,-0.13316,0.0339740783539455,0,0.00796076621721764,1774.050537109375,0.017970553777104215,1.0
2026-04-29,SUNPHARMA,1751.409922236535,1785.121619781898,1745.42560587354,1774.050537109375,9809449,-0.0797,0,0.0,0.0,-0.0797,-0.0937,-0.1103,-0.1297,-0.09456666666666667,-0.11320000000000001,0.028876980451564335,0,0.017970553777104215,1803.5732421875,0.016641411538494966,1.0
2026-04-30,SUNPHARMA,1766.3706938370256,1810.255680019312,1756.7958121111358,1803.5732421875,4749798,-0.0677,0,0.0,0.0,-0.0677,-0.0797,-0.0937,-0.1103,-0.08036666666666666,-0.09622,0.02455508094061244,0,0.016641411538494966,1803.5732421875,0.0,0.0
2026-05-01,SUNPHARMA,1803.5732421875,1803.5732421875,1803.5732421875,1803.5732421875,0,-0.0576,0,0.0,0.0,-0.0576,-0.0677,-0.0797,-0.0937,-0.06833333333333332,-0.0818,0.020872949001040274,0,0.0,1818.7333984375,0.008405622735682572,1.0
2026-05-04,SUNPHARMA,1815.2425473848368,1836.1876537008156,1805.2686872343706,1818.7333984375,4206373,-0.0489,0,0.0,0.0,-0.0489,-0.0576,-0.0677,-0.0797,-0.058066666666666655,-0.06952,0.017740405857815885,0,0.008405622735682572,1816.04052734375,-0.0014806299241347798,0.0
2026-05-05,SUNPHARMA,1823.720351054043,1826.9119376411513,1793.8984844853044,1816.04052734375,3011421,-0.0416,0,0.0,0.0,-0.0416,-0.0489,-0.0576,-0.0677,-0.04936666666666667,-0.0591,0.015090228626499603,0,-0.0014806299241347798,1845.3636474609375,0.016146732231839156,1.0
2026-05-06,SUNPHARMA,1832.1982001127149,1852.943878950574,1813.6468436670452,1845.3636474609375,3247156,-0.0353,0,0.0,0.0,-0.0353,-0.0416,-0.0489,-0.0576,-0.04193333333333333,-0.05022,0.0128322640247163,0,0.016146732231839156,1829.60498046875,-0.008539599776916651,0.0
2026-05-07,SUNPHARMA,1845.3636068874173,1852.2455949299965,1821.5261778758204,1829.60498046875,2201070,-0.03,0,0.0,0.0,-0.03,-0.0353,-0.0416,-0.0489,-0.03563333333333333,-0.042679999999999996,0.010928266102178709,0,-0.008539599776916651,1843.0697021484375,0.007359359983944547,1.0
2026-05-08,SUNPHARMA,1817.237379159211,1852.6445838574284,1814.4446495247767,1843.0697021484375,2837885,-0.0255,0,0.0,0.0,-0.0255,-0.03,-0.0353,-0.0416,-0.030266666666666664,-0.03626,0.009275936610392953,0,0.007359359983944547,1867.8048095703125,0.013420603351594229,1.0
2026-05-11,SUNPHARMA,1822.4237442361311,1880.870664243333,1820.2295436237603,1867.8048095703125,2564978,0.0197,2,0.019940411229460636,0.94005,0.0197,-0.0255,-0.03,-0.0353,-0.011933333333333332,-0.02254,0.024365611012244867,0,0.013420603351594229,1840.8753662109375,-0.014417696764347676,0.0
2026-05-12,SUNPHARMA,1870.098825897452,1874.487348825803,1835.1903144806995,1840.8753662109375,3263351,0.0167,0,0.0,0.0,0.0167,0.0197,-0.0255,-0.03,0.0036333333333333335,-0.010879999999999999,0.026792946833075836,2,-0.014417696764347676,1820.0301513671875,-0.011323534024280879,0.0
2026-05-13,SUNPHARMA,1840.8754228536075,1855.1380923717963,1815.242649525091,1820.0301513671875,1972365,0.0142,0,0.0,0.0,0.0142,0.0167,0.0197,-0.0255,0.01686666666666667,-0.0009799999999999995,0.024566582993978396,0,-0.011323534024280879,1858.32958984375,0.021043298896884943,1.0
2026-05-14,SUNPHARMA,1847.15891508369,1862.6183984442716,1824.9171580644283,1858.32958984375,2429220,0.0121,0,0.0,0.0,0.0121,0.0142,0.0167,0.0197,0.014333333333333332,0.0074399999999999996,0.018631371393432867,0,0.021043298896884943,1873.2904052734375,0.008050679229051783,1.0
2026-05-15,SUNPHARMA,1869.1014326201364,1882.9651228793568,1858.3296147241836,1873.2904052734375,2756465,0.0103,0,0.0,0.0,0.0103,0.0121,0.0142,0.0167,0.0122,0.014599999999999998,0.0037188707963612708,0,0.008050679229051783,1900.818359375,0.014694974161010732,1.0
2026-05-18,SUNPHARMA,1873.2904073331254,1906.0047180706204,1860.1249603357965,1900.818359375,3456331,0.0449,1,0.0,0.9324,0.0449,0.0103,0.0121,0.0142,0.022433333333333333,0.01964,0.014321242962816769,0,0.014694974161010732,1877.3797607421875,-0.012330793480193059,0.0
2026-05-19,SUNPHARMA,1895.532137669472,1911.5900282976427,1875.0857241876388,1877.3797607421875,2200951,0.0382,0,0.0,0.0,0.0382,0.0449,0.0103,0.0121,0.031133333333333336,0.02394,0.01630775888956017,1,-0.012330793480193059,1875.385009765625,-0.0010625186327639646,0.0
2026-05-20,SUNPHARMA,1875.085745254722,1887.9520494527255,1867.1066569770423,1875.385009765625,1376695,0.0324,0,0.0,0.0,0.0324,0.0382,0.0449,0.0103,0.0385,0.02758,0.015606312825264937,0,-0.0010625186327639646,1886.3563232421875,0.005850165922960837,1.0
2026-05-21,SUNPHARMA,1887.0544447908255,1894.634554573989,1863.216893363148,1886.3563232421875,1605806,-0.844,1,0.0,0.8611,-0.844,0.0324,0.0382,0.0449,-0.2578,-0.14364,0.39172849398531123,0,0.005850165922960837,1839.7783203125,-0.024692049087327916,0.0
2026-05-22,SUNPHARMA,1898.0256911488698,1898.0256911488698,1828.3083805078693,1839.7783203125,3610732,0.8839,1,0.0,0.9077,0.8839,-0.844,0.0324,0.0382,0.02410000000000001,0.031080000000000017,0.6110053985031556,1,-0.024692049087327916,1835.7886962890625,-0.002168535186760856,0.0
2026-05-25,SUNPHARMA,1835.1902890233214,1844.1667632631095,1820.2294986236748,1835.7886962890625,3049028,-0.9585,1,0.0,0.9699,-0.9585,0.8839,-0.844,0.0324,-0.30619999999999997,-0.1696,0.7534961280590632,1,-0.002168535186760856,1835.98828125,0.00010871891810904089,1.0
2026-05-26,SUNPHARMA,1825.2164632581498,1840.0775396862894,1811.153344366898,1835.98828125,2337759,-0.8147,0,0.0,0.0,-0.8147,-0.9585,0.8839,-0.844,-0.2964333333333333,-0.34018,0.790333971811917,1,0.00010871891810904089,1839.4791259765625,0.0019013436862385102,1.0
2026-05-27,SUNPHARMA,1860.1249683456458,1877.0805310597884,1825.2164568753522,1839.4791259765625,1385752,-0.6925,0,0.0,0.0,-0.6925,-0.8147,-0.9585,0.8839,-0.8219,-0.4851599999999999,0.7711563836213767,0,0.0019013436862385102,1839.4791259765625,0.0,0.0
2026-05-28,SUNPHARMA,1839.4791259765625,1839.4791259765625,1839.4791259765625,1839.4791259765625,0,-0.5886,0,0.0,0.0,-0.5886,-0.6925,-0.8147,-0.9585,-0.6986,-0.43407999999999997,0.7496026494083382,0,0.0,1794.4969482421875,-0.024453758185755126,0.0
2026-05-29,SUNPHARMA,1839.4791568937894,1847.956938393352,1780.6333794262384,1794.4969482421875,10058572,-0.5003,0,0.0,0.0,-0.5003,-0.5886,-0.6925,-0.8147,-0.5938,-0.71092,0.18147204192381808,0,-0.024453758185755126,1791.8040771484375,-0.0015006272907779339,0.0
2026-06-01,SUNPHARMA,1807.2635612540878,1807.3632755109752,1772.4547630143454,1791.8040771484375,2051152,-0.4253,0,0.0,0.0,-0.4253,-0.5003,-0.5886,-0.6925,-0.5047333333333334,-0.6042799999999999,0.15423268784534602,0,-0.0015006272907779339,1785.2213134765625,-0.0036738188933865823,0.0
2026-06-02,SUNPHARMA,1789.5100004365775,1795.2948882213368,1761.8824555794397,1785.2213134765625,2885899,-0.3615,0,0.0,0.0,-0.3615,-0.4253,-0.5003,-0.5886,-0.4290333333333333,-0.51364,0.13109003776031164,0,-0.0036738188933865823,1783.824951171875,-0.000782178822393842,0.0
2026-06-03,SUNPHARMA,1776.344555793743,1791.604611065623,1752.207862074128,1783.824951171875,4209769,-0.3073,0,0.0,0.0,-0.3073,-0.3615,-0.4253,-0.5003,-0.3647,-0.4366,0.11140902117871741,0,-0.000782178822393842,1775.4468994140625,-0.004696678198333637,0.0
2026-06-04,SUNPHARMA,1782.3288875719447,1788.712182700288,1763.9769597346683,1775.4468994140625,2343536,-0.2612,0,0.0,0.0,-0.2612,-0.3073,-0.3615,-0.4253,-0.31,-0.37112,0.09469805700224206,0,-0.004696678198333637,1777.5413818359375,0.0011796930804104377,1.0
2026-06-05,SUNPHARMA,1784.3236557230784,1798.1873462636822,1774.3497951544755,1777.5413818359375,2495159,-0.222,0,0.0,0.0,-0.222,-0.2612,-0.3073,-0.3615,-0.2635,-0.31545999999999996,0.08051399257271914,0,0.0011796930804104377,1784.1241455078125,0.0037032970028951784,1.0
2026-06-08,SUNPHARMA,1776.0452214162383,1798.78567117174,1768.8640908361967,1784.1241455078125,3098542,-0.1887,0,0.0,0.0,-0.1887,-0.222,-0.2612,-0.3073,-0.22396666666666665,-0.26814,0.06844226033672367,0,0.0037032970028951784,1774.3497314453125,-0.0054785504064337465,0.0
2026-06-09,SUNPHARMA,1783.0269411279453,1791.9037010655218,1761.483427423542,1774.3497314453125,3756570,-0.1604,0,0.0,0.0,-0.1604,-0.1887,-0.222,-0.2612,-0.19036666666666666,-0.22792000000000004,0.05818278955154906,0,-0.0054785504064337465,1781.73046875,0.0041596857563561684,1.0
2026-06-10,SUNPHARMA,1774.9481948916955,1792.9011438388493,1766.3706991894119,1781.73046875,1882009,-0.1363,0,0.0,0.0,-0.1363,-0.1604,-0.1887,-0.222,-0.16180000000000003,-0.19371999999999998,0.04946157094148785,0,0.0041596857563561684,1789.510009765625,0.004366283875182786,1.0
2026-06-11,SUNPHARMA,1775.3471764963138,1800.281827851599,1774.050525925348,1789.510009765625,1858093,-0.1159,0,0.0,0.0,-0.1159,-0.1363,-0.1604,-0.1887,-0.1375333333333333,-0.16466,0.042029073270770864,0,0.004366283875182786,1802.9747314453125,0.007524250552502387,1.0
2026-06-12,SUNPHARMA,1802.2766099040036,1809.757005351862,1787.8145120381441,1802.9747314453125,1243362,0.0834,1,0.0,0.8961,0.0834,-0.1159,-0.1363,-0.1604,-0.056266666666666666,-0.10358,0.10800211572001636,0,0.007524250552502387,1801.2791748046875,-0.0009404217436068674,0.0
2026-06-15,SUNPHARMA,1813.2478071954165,1813.2478071954165,1793.1006580381795,1801.2791748046875,2188933,0.0709,0,0.0,0.0,0.0709,0.0834,-0.1159,-0.1363,0.0128,-0.05166,0.11871947186540119,1,-0.0009404217436068674,1795.9930419921875,-0.002934654931028735,0.0
2026-06-16,SUNPHARMA,1803.2740089811539,1805.169066858537,1787.9142392004271,1795.9930419921875,1373638,0.0603,0,0.0,0.0,0.0603,0.0709,0.0834,-0.1159,0.07153333333333332,-0.007520000000000001,0.10879591904111004,0,-0.002934654931028735,1815.6416015625,0.010940220318736538,1.0
2026-06-17,SUNPHARMA,1809.2583064507962,1818.6337597319334,1797.8880810567034,1815.6416015625,1771990,0.0512,0,0.0,0.0,0.0512,0.0603,0.0709,0.0834,0.0608,0.02998,0.08242983076532279,0,0.010940220318736538,1820.0301513671875,0.002417079340389039,1.0
2026-06-18,SUNPHARMA,1812.7491843471719,1825.2165102367674,1807.7622539913339,1820.0301513671875,2054738,0.0435,0,0.0,0.0,0.0435,0.0512,0.0603,0.0709,0.051666666666666666,0.061860000000000005,0.015802309957716462,0,0.002417079340389039,1833.4947509765625,0.007398009093014579,1.0
2026-06-19,SUNPHARMA,1819.2320823323498,1837.8831520198078,1816.1402100514372,1833.4947509765625,2126703,0.037,0,0.0,0.0,0.037,0.0435,0.0512,0.0603,0.0439,0.05258,0.013437894180255627,0,0.007398009093014579,1858.030517578125,0.013381967190521982,1.0
2026-06-22,SUNPHARMA,1840.1772827341445,1860.324432467924,1829.2060360620167,1858.030517578125,1588758,0.072,1,0.0,0.9009,0.072,0.037,0.0435,0.0512,0.05083333333333332,0.0528,0.013816475672172982,0,0.013381967190521982,1863.1170654296875,0.0027376018872891095,1.0
2026-06-23,SUNPHARMA,1865.1118374483488,1897.4271685009069,1856.33479186575,1863.1170654296875,2812236,0.40095000000000003,2,0.5173900317941968,0.8685,0.401,0.072,0.037,0.0435,0.17,0.12094,0.15711084622011215,1,0.0027376018872891095,1869.5003662109375,0.0034261404716282584,1.0
2026-06-24,SUNPHARMA,1863.1170713805882,1877.1801898068245,1860.025199092032,1869.5003662109375,1406231,0.3408,0,0.0,0.0,0.3408,0.401,0.072,0.037,0.2712666666666667,0.17886,0.17708500218821388,2,0.0034261404716282584,1857.9307861328125,-0.006188594710775042,0.0
2026-06-25,SUNPHARMA,1865.11191700582,1882.067479887691,1853.1432843833227,1857.9307861328125,1816438,0.0781,1,0.0,0.8784,0.0781,0.3408,0.401,0.072,0.2733,0.18578,0.17104619843773117,0,-0.006188594710775042,1857.9307861328125,0.0,0.0
2026-06-26,SUNPHARMA,1857.9307861328125,1857.9307861328125,1857.9307861328125,1857.9307861328125,0,0.0664,0,0.0,0.0,0.0664,0.0781,0.3408,0.401,0.16176666666666667,0.19166,0.16505334895117912,1,0.0,1869.8994140625,0.006441912701494967,1.0
2026-06-29,SUNPHARMA,1871.8941861612434,1892.1410499127524,1851.04879337913,1869.8994140625,1655869,0.0564,0,0.0,0.0,0.0564,0.0664,0.0781,0.3408,0.06696666666666666,0.18853999999999999,0.16800186903722145,0,0.006441912701494967,1857.6314697265625,-0.006560750938621074,0.0
2026-06-30,SUNPHARMA,1880.0726552668834,1887.952029206841,1854.5395974023631,1857.6314697265625,2352774,0.048,0,0.0,0.0,0.048,0.0564,0.0664,0.0781,0.056933333333333336,0.11794,0.12508892037266822,0,-0.006560750938621074,1861.32177734375,0.0019865660532392138,1.0
2026-07-01,SUNPHARMA,1872.9912670511767,1882.4664344219946,1855.3374611095492,1861.32177734375,1230360,0.0408,0,0.0,0.0,0.0408,0.048,0.0564,0.0664,0.0484,0.057940000000000005,0.014772880558637102,0,0.0019865660532392138,1866.1092529296875,0.0025720837977674105,1.0
2026-07-02,SUNPHARMA,1871.096183055101,1877.0804992055969,1863.4163593624537,1866.1092529296875,1485296,0.0347,0,0.0,0.0,0.0347,0.0408,0.048,0.0564,0.041166666666666664,0.049260000000000005,0.012549023866411341,0,0.0025720837977674105,1899.8209228515625,0.018065217708421732,1.0
2026-07-03,SUNPHARMA,1875.0857010730883,1920.0677858283739,1866.7076342286875,1899.8209228515625,2168491,0.0178,1,0.0,0.9474,0.0178,0.0347,0.0408,0.048,0.031100000000000003,0.03954,0.014607121550797244,0,0.018065217708421732,1907.800048828125,0.004199935836366242,1.0
2026-07-06,SUNPHARMA,1899.0230030546934,1911.989021457903,1895.0334589306287,1907.800048828125,1213635,0.0151,0,0.0,0.0,0.0151,0.0178,0.0347,0.0408,0.022533333333333336,0.03128,0.014364783325890038,1,0.004199935836366242,1903.4000244140625,-0.0023063341552828076,0.0
2026-07-07,SUNPHARMA,1900.5999755859375,1924.9000244140625,1898.5999755859375,1903.4000244140625,2060613,0.0129,0,0.0,0.0,0.0129,0.0151,0.0178,0.0347,0.015266666666666666,0.024259999999999997,0.012621925368174667,0,-0.0023063341552828076,1888.199951171875,-0.007985748159726302,0.0
2026-07-08,SUNPHARMA,1904.0,1929.5,1875.0999755859375,1888.199951171875,2785926,-0.0784,1,0.0,0.7057,-0.0784,0.0129,0.0151,0.0178,-0.0168,0.0004199999999999982,0.04489161391618462,0,-0.007985748159726302,1938.699951171875,0.02674504888566398,1.0
2026-07-09,SUNPHARMA,1889.9000244140625,1952.0,1888.199951171875,1938.699951171875,4446201,-0.0666,0,0.0,0.0,-0.0666,-0.0784,0.0129,0.0151,-0.044033333333333334,-0.019840000000000003,0.0482836721884302,1,0.02674504888566398,1935.5,-0.0016505654575070805,0.0
2026-07-10,SUNPHARMA,1942.800048828125,1953.9000244140625,1926.5999755859375,1935.5,1478172,-0.0219,1,0.0,0.936,-0.0219,-0.0666,-0.0784,0.0129,-0.05563333333333333,-0.02778,0.04358184254938966,0,-0.0016505654575070805,1921.4000244140625,-0.007284926678345349,0.0
2026-07-13,SUNPHARMA,1925.9000244140625,1933.0999755859375,1911.0,1921.4000244140625,1573176,-0.0186,0,0.0,0.0,-0.0186,-0.0219,-0.0666,-0.0784,-0.0357,-0.03452,0.03746981451781945,1,-0.007284926678345349,1942.5999755859375,0.011033595764806892,1.0
2026-07-14,SUNPHARMA,1910.0,1950.800048828125,1910.0,1942.5999755859375,2822124,-0.0158,0,0.0,0.0,-0.0158,-0.0186,-0.0219,-0.0666,-0.018766666666666668,-0.040260000000000004,0.029803489728550174,0,0.011033595764806892,1951.5,0.00458150135175317,1.0
2026-07-15,SUNPHARMA,1955.0,1962.699951171875,1943.300048828125,1951.5,2283494,-0.0134,0,0.0,0.0,-0.0134,-0.0158,-0.0186,-0.0219,-0.01593333333333333,-0.02726,0.02221931592105821,0,0.00458150135175317,1950.0999755859375,-0.0007174093846079588,0.0
2026-07-16,SUNPHARMA,1950.0,1957.699951171875,1943.0,1950.0999755859375,1396189,-0.0114,0,0.0,0.0,-0.0114,-0.0134,-0.0158,-0.0186,-0.013533333333333335,-0.016220000000000002,0.004161970687040774,0,-0.0007174093846079588,1932.5999755859375,-0.008973898886769582,0.0
2026-07-17,SUNPHARMA,1948.699951171875,1952.5999755859375,1922.5,1932.5999755859375,2475664,-0.0097,0,0.0,0.0,-0.0097,-0.0114,-0.0134,-0.0158,-0.011500000000000002,-0.01378,0.00352732193027313,0,-0.008973898886769582,1956.4000244140625,0.012315041461650189,1.0
2026-07-20,SUNPHARMA,1942.0,1958.800048828125,1935.0,1956.4000244140625,1676034,-0.0083,0,0.0,0.0,-0.0083,-0.0097,-0.0114,-0.0134,-0.0098,-0.011720000000000001,0.0029727092020217878,0,0.012315041461650189,1961.9000244140625,0.002811286000493407,1.0
2026-07-21,SUNPHARMA,1952.0999755859375,1966.5,1938.199951171875,1961.9000244140625,1412579,-0.007,0,0.0,0.0,-0.007,-0.0083,-0.0097,-0.0114,-0.008333333333333333,-0.00996,0.0025244801444622945,0,0.002811286000493407,1943.0,-0.009633530852168226,0.0
2026-07-22,SUNPHARMA,1938.0,1951.800048828125,1925.199951171875,1943.0,1718430,-0.006,0,0.0,0.0,-0.006,-0.007,-0.0083,-0.0097,-0.0070999999999999995,-0.00848,0.00214406156622981,0,-0.009633530852168226,1954.0,0.005661348430262558,1.0
2026-07-23,SUNPHARMA,1929.0999755859375,1958.5,1926.800048828125,1954.0,2057288,0.8561,1,0.0,0.8751,0.8561,-0.006,-0.007,-0.0083,0.2810333333333333,0.16502,0.3863279655940011,0,0.005661348430262558,1941.0999755859375,-0.006601854869018653,0.0
2026-07-24,SUNPHARMA,1945.0,1959.800048828125,1934.800048828125,1941.0999755859375,1578929,0.7277,0,0.0,0.0,0.7277,0.8561,-0.006,-0.007,0.5259333333333333,0.3125,0.4399793006494734,1,-0.006601854869018653,1973.699951171875,0.016794588633229468,1.0
2026-07-27,SUNPHARMA,1948.5,1977.0,1933.0,1973.699951171875,5414380,0.6185,0,0.0,0.0,0.6185,0.7277,0.8561,-0.006,0.7341000000000001,0.43786,0.4142688897322603,0,0.016794588633229468,1976.699951171875,0.0015199878777008013,1.0
2026-07-28,SUNPHARMA,1978.800048828125,1993.0,1970.9000244140625,1976.699951171875,4579529,0.5258,0,0.0,0.0,0.5258,0.6185,0.7277,0.8561,0.624,0.54442,0.3314863149513108,0,0.0015199878777008013,1989.9000244140625,0.006677833544925127,1.0
2026-07-29,SUNPHARMA,1977.0,1992.699951171875,1960.4000244140625,1989.9000244140625,2682295,0.82965,2,0.14799744930234443,0.84745,0.8296,0.5258,0.6185,0.7277,0.6579666666666667,0.7115400000000001,0.13986841316036858,0,0.006677833544925127,2001.0999755859375,0.0056283989318373084,1.0
2026-07-30,SUNPHARMA,1993.0999755859375,2017.300048828125,1988.0,2001.0999755859375,2224264,0.85975,2,0.008273149339882636,0.89775,0.8598,0.8296,0.5258,0.6185,0.7384,0.71228,0.140830916350067,2,0.0056283989318373084,1990.5,-0.005297074466673601,0.0
2026-07-31,SUNPHARMA,2016.4000244140625,2046.9000244140625,1965.300048828125,1990.5,4954449,0.34286923076923076,13,0.6814023021003762,0.8845384615384616,0.3429,0.8598,0.8296,0.5258,0.6774333333333334,0.6353200000000001,0.21559394008181118,2,-0.005297074466673601,1963.5,-0.013564431047475511,0.0
2026-08-03,SUNPHARMA,1983.199951171875,1988.0,1935.199951171875,1963.5,3972351,-0.41325,2,0.5960203058621409,0.87835,-0.4132,0.3429,0.8598,0.8296,0.26316666666666666,0.42898000000000003,0.517724175599324,13,-0.013564431047475511,1964.0,0.0002546473134708016,1.0
2026-08-04,SUNPHARMA,1951.0999755859375,1965.0,1947.0,1964.0,1452888,0.4602,1,0.0,0.5176,0.4602,-0.4132,0.3429,0.8598,0.12996666666666665,0.41586,0.5154835574487315,2,0.0002546473134708016,1940.0,-0.012219959266802416,0.0
2026-08-05,SUNPHARMA,1967.800048828125,1968.199951171875,1934.0,1940.0,2152829,0.3912,0,0.0,0.0,0.3912,0.4602,-0.4132,0.3429,0.14606666666666665,0.32817999999999997,0.46202857270952374,1,-0.012219959266802416,1951.0,0.005670103092783485,1.0
2026-08-06,SUNPHARMA,1930.0,1965.9000244140625,1930.0,1951.0,1864891,0.0444,2,0.010323759005323596,0.929,0.0444,0.3912,0.4602,-0.4132,0.2986,0.1651,0.3601449152771696,0,0.005670103092783485,1945.0,-0.003075345976422339,0.0
2026-08-07,SUNPHARMA,1955.0,1957.0,1925.0999755859375,1945.0,2425268,0.0377,0,0.0,0.0,0.0377,0.0444,0.3912,0.4602,0.15776666666666667,0.10406,0.3481400407881858,2,-0.003075345976422339,1944.4000244140625,-0.00030847073827122706,0.0
2026-08-10,SUNPHARMA,1949.9000244140625,1965.0,1939.800048828125,1944.4000244140625,1726946,0.0321,0,0.0,0.0,0.0321,0.0377,0.0444,0.3912,0.038066666666666665,0.19312,0.21375679404407158,0,-0.00030847073827122706,1942.0,-0.0012343264677677768,0.0
2026-08-11,SUNPHARMA,1939.0,1951.0999755859375,1928.5999755859375,1942.0,2125972,0.0273,0,0.0,0.0,0.0273,0.0321,0.0377,0.0444,0.03236666666666667,0.10654000000000001,0.1592575995047007,0,-0.0012343264677677768,1944.0,0.001029866117404632,1.0
2026-08-12,SUNPHARMA,1942.0,1945.699951171875,1926.800048828125,1944.0,1536383,0.0232,0,0.0,0.0,0.0232,0.0273,0.0321,0.0377,0.02753333333333333,0.03294,0.00838707338704284,0,0.001029866117404632,1932.0,-0.006172839506172867,0.0
2026-08-13,SUNPHARMA,1943.0,1946.300048828125,1931.0999755859375,1932.0,1216049,0.0197,0,0.0,0.0,0.0197,0.0232,0.0273,0.0321,0.0234,0.028000000000000004,0.007129516112587363,0,-0.006172839506172867,1930.0,-0.0010351966873706209,0.0
2026-08-14,SUNPHARMA,1932.0,1937.0,1914.699951171875,1930.0,881282,0.0167,0,0.0,0.0,0.0167,0.0197,0.0232,0.0273,0.019866666666666664,0.023799999999999998,0.00609754048774121,0,-0.0010351966873706209,1882.0,-0.024870466321243567,0.0
2026-08-17,SUNPHARMA,1945.0,1949.800048828125,1880.4000244140625,1882.0,1893086,-0.2231,1,0.0,0.726,-0.2231,0.0167,0.0197,0.0232,-0.06223333333333333,-0.027239999999999997,0.10956052208710786,0,-0.024870466321243567,1875.0999755859375,-0.0036663254059843275,0.0
2026-08-18,SUNPHARMA,1890.0,1899.0,1868.300048828125,1875.0999755859375,1819169,-0.1896,0,0.0,0.0,-0.1896,-0.2231,0.0167,0.0197,-0.132,-0.07061999999999999,0.12449002771306486,1,-0.0036663254059843275,1900.0,0.013279304964142868,1.0
2026-08-19,SUNPHARMA,1871.0,1900.0,1871.0,1900.0,1566692,-0.1612,0,0.0,0.0,-0.1612,-0.1896,-0.2231,0.0167,-0.1913,-0.1075,0.11682566070859458,0,0.013279304964142868,1904.0,0.002105263157894832,1.0
2026-08-20,SUNPHARMA,1905.0,1911.5999755859375,1890.300048828125,1904.0,893691,0.9369,1,0.0,0.9522,0.9369,-0.1612,-0.1896,-0.2231,0.19536666666666666,0.07593999999999998,0.4901360249971426,0,0.002105263157894832,,,
2026-08-21,SUNPHARMA,,,,,1491879,0.1352,1,0.0,0.847,0.1352,0.9369,-0.1612,-0.1896,0.3036333333333333,0.09963999999999999,0.48941986371621615,1,0.0,,,
2026-02-23,TCS,2635.616634548502,2653.2789947204583,2610.3005370564806,2626.0986328125,4699596,0.0,0,0.0,0.0,0.0,0.0,0.0,0.0,0.0,0.0,0.0,0,0.0,2525.423095703125,-0.038336540696323196,0.0
2026-02-24,TCS,2591.460746119642,2597.8388206557183,2513.255787797201,2525.423095703125,7798833,0.0,0,0.0,0.0,0.0,0.0,0.0,0.0,0.0,0.0,0.0,0,-0.038336540696323196,2579.980224609375,0.021603163841764195,1.0
2026-02-25,TCS,2547.3048106742554,2604.4130601353972,2546.3235684513456,2579.980224609375,3621285,0.0,0,0.0,0.0,0.0,0.0,0.0,0.0,0.0,0.0,0.0,0,0.021603163841764195,2598.03515625,0.006998089159136356,1.0
2026-02-26,TCS,2600.292061423079,2620.8981494569975,2585.573427113137,2598.03515625,3464267,0.0,0,0.0,0.0,0.0,0.0,0.0,0.0,0.0,0.0,0.0,0,0.006998089159136356,2587.92822265625,-0.003890222027764345,0.0
2026-02-27,TCS,2631.299321894741,2638.168017666852,2576.8403768444346,2587.92822265625,5083717,-0.9481,1,0.0,0.9634,-0.9481,0.0,0.0,0.0,-0.31603333333333333,-0.18962,0.42400320989351015,0,-0.003890222027764345,2564.4765625,-0.009061943817042617,0.0
2026-03-02,TCS,2543.37985460111,2574.5834053591284,2531.8993684474203,2564.4765625,3374385,-0.8059,0,0.0,0.0,-0.8059,-0.9481,0.0,0.0,-0.5846666666666667,-0.3508,0.48297650563976713,1,-0.009061943817042617,2539.2587890625,-0.009833497332849994,0.0
2026-03-04,TCS,2575.7609535201655,2585.5733762002424,2531.997452542583,2539.2587890625,3446434,-0.685,0,0.0,0.0,-0.685,-0.8059,-0.9481,0.0,-0.8130000000000001,-0.4878,0.4549310991787658,0,-0.009833497332849994,2530.427490234375,-0.0034779042081746203,0.0
2026-03-05,TCS,2551.229777430436,2560.551578540278,2498.6350985020495,2530.427490234375,2960636,-0.5823,0,0.0,0.0,-0.5823,-0.685,-0.8059,-0.9481,-0.6910666666666666,-0.60426,0.3643542136438112,0,-0.0034779042081746203,2509.625244140625,-0.00822084259439626,0.0
2026-03-06,TCS,2523.7550365456814,2570.069622274581,2505.7002751879877,2509.625244140625,3998643,-0.4949,0,0.0,0.0,-0.4949,-0.5823,-0.685,-0.8059,-0.5874,-0.70324,0.17948553702178902,0,-0.00822084259439626,2479.99169921875,-0.011807956184319623,0.0
2026-03-09,TCS,2482.54302502939,2511.9802941008847,2458.0119674698108,2479.99169921875,3653428,-0.4207,0,0.0,0.0,-0.4207,-0.4949,-0.5823,-0.685,-0.4993,-0.59776,0.1525635211969099,0,-0.011807956184319623,2465.9599609375,-0.005657977922131852,0.0
2026-03-10,TCS,2493.3365235176843,2497.45769299971,2443.39138949283,2465.9599609375,4323710,-0.3576,0,0.0,0.0,-0.3576,-0.4207,-0.4949,-0.5823,-0.42440000000000005,-0.5081,0.1296750747059742,0,-0.005657977922131852,2418.6640625,-0.019179507853614663,0.0
2026-03-11,TCS,2461.053921737681,2473.711851651557,2413.954291083466,2418.6640625,2720664,-0.8172,1,0.0,0.8321,-0.8172,-0.3576,-0.4207,-0.4949,-0.5318333333333333,-0.53454,0.178896850167911,0,-0.019179507853614663,2396.5859375,-0.009128231300207679,0.0
2026-03-12,TCS,2413.6596961153996,2426.513825649523,2390.3060830242093,2396.5859375,2752075,-0.6946,0,0.0,0.0,-0.6946,-0.8172,-0.3576,-0.4207,-0.6231333333333333,-0.557,0.1928939216253327,1,-0.009128231300207679,2365.284423828125,-0.01306087680065715,0.0
2026-03-13,TCS,2391.287343235487,2400.0203033629555,2352.0376535639975,2365.284423828125,2466488,-0.5904,0,0.0,0.0,-0.5904,-0.6946,-0.8172,-0.3576,-0.7007333333333333,-0.5761000000000001,0.1899127167937945,0,-0.01306087680065715,2364.0087890625,-0.0005393155904525049,0.0
2026-03-16,TCS,2364.793830777467,2379.5124645789865,2321.7173916761253,2364.0087890625,3807907,-0.5019,0,0.0,0.0,-0.5019,-0.5904,-0.6946,-0.8172,-0.5956333333333333,-0.59234,0.17628467885780658,0,-0.0005393155904525049,2346.837158203125,-0.007263776234175845,0.0
2026-03-17,TCS,2374.6063631722786,2374.6063631722786,2315.7318252423875,2346.837158203125,2993367,-0.4266,0,0.0,0.0,-0.4266,-0.5019,-0.5904,-0.6946,-0.5063,-0.60614,0.15469310909022418,0,-0.007263776234175845,2395.01611328125,0.02052931321192042,1.0
2026-03-18,TCS,2364.793804301608,2436.326267951688,2364.793804301608,2395.01611328125,3082388,-0.3626,0,0.0,0.0,-0.3626,-0.4266,-0.5019,-0.5904,-0.4303666666666666,-0.51522,0.13148479760033085,0,0.02052931321192042,2311.806640625,-0.03474276110078034,0.0
2026-03-19,TCS,2371.6624152761565,2378.5311107279285,2306.115387909886,2311.806640625,2757060,-0.3082,0,0.0,0.0,-0.3082,-0.3626,-0.4266,-0.5019,-0.36579999999999996,-0.43793999999999994,0.1117722147941963,0,-0.03474276110078034,2345.7578125,0.014685991154442357,1.0
2026-03-20,TCS,2341.2440023374425,2362.6351312433567,2319.8528734315287,2345.7578125,4206320,-0.262,0,0.0,0.0,-0.262,-0.3082,-0.3626,-0.4266,-0.31093333333333334,-0.37226,0.09501793514910715,0,0.014685991154442357,2339.085205078125,-0.00284454234206033,0.0
2026-03-23,TCS,2320.6378037995523,2361.6537756859007,2303.956686393805,2339.085205078125,3860515,-0.2227,0,0.0,0.0,-0.2227,-0.262,-0.3082,-0.3626,-0.26430000000000003,-0.31642000000000003,0.08075389773874646,0,-0.00284454234206033,2353.803955078125,0.006292524089351659,1.0
2026-03-24,TCS,2359.0045869106293,2389.7172776589064,2334.47353068287,2353.803955078125,3420182,-0.1893,0,0.0,0.0,-0.1893,-0.2227,-0.262,-0.3082,-0.22466666666666668,-0.26896,0.06863375991449042,0,0.006292524089351659,2332.80517578125,-0.00892120996380008,0.0
2026-03-25,TCS,2355.864368126978,2376.1762738846405,2325.3478785890734,2332.80517578125,5843778,-0.1609,0,0.0,0.0,-0.1609,-0.1893,-0.2227,-0.262,-0.19096666666666665,-0.22862,0.05834018340732145,0,-0.00892120996380008,2344.97265625,0.00521581510323732,1.0
2026-03-27,TCS,2358.8080275261386,2376.6668272056972,2340.262645780238,2344.97265625,4979411,0.8672,1,0.0,0.9201,0.8672,-0.1609,-0.1893,-0.2227,0.17233333333333334,0.006459999999999999,0.48264629181213015,0,0.00521581510323732,2314.652099609375,-0.012930025669942169,0.0
2026-03-30,TCS,2330.5484146912077,2353.0187649541185,2302.1903717438945,2314.652099609375,6804756,0.7371,0,0.0,0.0,0.7371,0.8672,-0.1609,-0.1893,0.48113333333333336,0.20628000000000002,0.5463317783179007,1,-0.012930025669942169,2363.02734375,0.02089957456189162,1.0
2026-04-01,TCS,2383.437228779803,2425.6306420517385,2352.9205014959025,2363.02734375,4132661,0.6266,0,0.0,0.0,0.6266,0.7371,0.8672,-0.1609,0.7436333333333334,0.37614000000000003,0.5104646442213209,0,0.02089957456189162,2404.730224609375,0.017648073759990668,1.0
2026-04-02,TCS,2341.24390183887,2423.570027038862,2331.1370592120925,2404.730224609375,5378361,0.5326,0,0.0,0.0,0.5326,0.6266,0.7371,0.8672,0.6321,0.52052,0.40088216098998436,0,0.017648073759990668,2427.4951171875,0.009466713706658192,1.0
2026-04-06,TCS,2427.593337237373,2435.4432752720936,2402.2772391631793,2427.4951171875,2572417,0.4527,0,0.0,0.0,0.4527,0.5326,0.6266,0.7371,0.5373,0.64324,0.1641579818345721,0,0.009466713706658192,2492.1591796875,0.02663818437456622,1.0
2026-04-07,TCS,2414.837240451596,2496.182129281132,2402.0810908677395,2492.1591796875,4516550,0.3848,0,0.0,0.0,0.3848,0.4527,0.5326,0.6266,0.45669999999999994,0.54676,0.13953724592380254,0,0.02663818437456622,2511.195068359375,0.0076383117206269,1.0
2026-04-08,TCS,2523.755016821873,2531.899375247164,2492.453485493659,2511.195068359375,4769337,0.3271,0,0.0,0.0,0.3271,0.3848,0.4527,0.5326,0.38820000000000005,0.46475999999999995,0.11862100572832694,0,0.0076383117206269,2540.436279296875,0.01164434069895015,1.0
2026-04-09,TCS,2506.0927992754805,2556.136155878084,2483.622446743067,2540.436279296875,5628261,0.9249499999999999,2,0.007000357133746756,0.945,0.925,0.3271,0.3848,0.4527,0.5456333333333333,0.52444,0.2366980840649112,0,0.01164434069895015,2476.94970703125,-0.02499042104815019,0.0
2026-04-10,TCS,2517.671257898199,2517.671257898199,2454.1849361455575,2476.94970703125,10480239,0.0968,1,0.0,0.8696,0.0968,0.925,0.3271,0.3848,0.44963333333333333,0.43728,0.30369762429100394,2,-0.02499042104815019,2426.2197265625,-0.020480827820098302,0.0
2026-04-13,TCS,2443.195026142192,2457.9136601554055,2423.6684008424363,2426.2197265625,3739587,0.0823,0,0.0,0.0,0.0823,0.0968,0.925,0.3271,0.3680333333333334,0.3632,0.3417831110514383,1,-0.020480827820098302,2506.975830078125,0.03328474442421636,1.0
2026-04-15,TCS,2454.9699887251027,2510.9990192902537,2446.629429262826,2506.975830078125,5261384,0.0699,0,0.0,0.0,0.0699,0.0823,0.0968,0.925,0.083,0.30022000000000004,0.365030378187898,0,0.03328474442421636,2528.56298828125,0.008610836189215432,1.0
2026-04-16,TCS,2523.754997213638,2545.3423261167095,2510.0176060935014,2528.56298828125,3905403,0.0594,0,0.0,0.0,0.0594,0.0699,0.0823,0.0968,0.07053333333333334,0.24668,0.3794495315585459,0,0.008610836189215432,2533.07666015625,0.0017850739316833675,1.0
2026-04-17,TCS,2521.7923752088177,2540.435976426315,2507.9567647966655,2533.07666015625,2718206,0.0505,0,0.0,0.0,0.0505,0.0594,0.0699,0.0823,0.05993333333333334,0.07178,0.018346034993969928,0,0.0017850739316833675,2531.212646484375,-0.0007358694275600985,0.0
2026-04-20,TCS,2538.571963483115,2545.3424392975157,2513.15764504414,2531.212646484375,2288558,0.043,0,0.0,0.0,0.043,0.0505,0.0594,0.0699,0.05096666666666667,0.06102,0.015570067437232719,0,-0.0007358694275600985,2561.532958984375,0.011978571828847429,1.0
2026-04-21,TCS,2511.9802240950007,2564.9673069470045,2511.9802240950007,2561.532958984375,2719959,0.0365,0,0.0,0.0,0.0365,0.043,0.0505,0.0594,0.043333333333333335,0.05186,0.013215256335008384,0,0.011978571828847429,2490.883544921875,-0.027580911584488055,0.0
2026-04-22,TCS,2531.6050998221144,2531.6050998221144,2456.6382849386455,2490.883544921875,5232045,0.031,0,0.0,0.0,0.031,0.0365,0.043,0.0505,0.036833333333333336,0.044079999999999994,0.011243086764762737,0,-0.027580911584488055,2474.496826171875,-0.006578677186015902,0.0
2026-04-23,TCS,2481.5617226658205,2511.4896121641627,2469.0999936393873,2474.496826171875,2509050,0.0264,0,0.0,0.0,0.0264,0.031,0.0365,0.043,0.0313,0.03748,0.009561746702354452,0,-0.006578677186015902,2351.939453125,-0.04952819973363032,0.0
2026-04-24,TCS,2441.3307179215667,2458.0118361710306,2343.991534636913,2351.939453125,5107719,0.0224,0,0.0,0.0,0.0224,0.0264,0.031,0.0365,0.0266,0.03186,0.008149723921703662,0,-0.04952819973363032,2401.6884765625,0.021152340197958308,1.0
2026-04-27,TCS,2351.9393059532576,2412.874541687738,2351.9393059532576,2401.6884765625,5853425,0.8828,1,0.0,0.8968,0.8828,0.0224,0.0264,0.031,0.31053333333333333,0.19982,0.38183361821610196,0,0.021152340197958308,2398.8427734375,-0.001184876037325644,0.0
2026-04-28,TCS,2398.155951805419,2440.349366669426,2381.867235359066,2398.8427734375,4508363,0.7504,0,0.0,0.0,0.7504,0.8828,0.0224,0.0264,0.5518666666666666,0.3426,0.4352361198246302,1,-0.001184876037325644,2428.280029296875,0.012271440290016145,1.0
2026-04-29,TCS,2405.024637022461,2441.2323784506298,2401.688509360205,2428.280029296875,2835961,0.6378,0,0.0,0.0,0.6378,0.7504,0.8828,0.0224,0.757,0.46396,0.4105268419969634,0,0.012271440290016145,2427.4951171875,-0.00032323788850752155,0.0
2026-04-30,TCS,2432.4995485090735,2444.2744555611544,2392.26861608113,2427.4951171875,3970446,0.5421,0,0.0,0.0,0.5421,0.6378,0.7504,0.8828,0.6434333333333333,0.5670999999999999,0.32999506056909356,0,-0.00032323788850752155,2427.4951171875,0.0,0.0
2026-05-01,TCS,2427.4951171875,2427.4951171875,2427.4951171875,2427.4951171875,0,0.4608,0,0.0,0.0,0.4608,0.5421,0.6378,0.7504,0.5469,0.65478,0.1671448832600019,0,0.0,2385.6943359375,-0.017219717952895564,0.0
2026-05-04,TCS,2447.2181772447047,2451.4375668418284,2379.512461835769,2385.6943359375,2632358,0.3917,0,0.0,0.0,0.3917,0.4608,0.5421,0.6378,0.4648666666666666,0.5565599999999999,0.14206668504614198,0,-0.017219717952895564,2381.76953125,-0.0016451414702955969,0.0
2026-05-05,TCS,2384.418837601779,2414.248508305356,2366.9526763935437,2381.76953125,3385720,0.3329,0,0.0,0.0,0.3329,0.3917,0.4608,0.5421,0.39513333333333334,0.47306,0.12074805588496962,0,-0.0016451414702955969,2389.71728515625,0.003336911402203935,1.0
2026-05-06,TCS,2396.0953597954776,2424.6496051586114,2361.3594798924314,2389.71728515625,3147628,0.283,0,0.0,0.0,0.283,0.3329,0.3917,0.4608,0.3358666666666667,0.4021,0.1026246802674667,0,0.003336911402203935,2356.35498046875,-0.013960774730437886,0.0
2026-05-07,TCS,2392.4647422177254,2393.9366055534624,2353.018852732181,2356.35498046875,5829594,0.2406,0,0.0,0.0,0.2406,0.283,0.3329,0.3917,0.28550000000000003,0.3418,0.08721969387701257,0,-0.013960774730437886,2349.486083984375,-0.002915051654487355,0.0
2026-05-08,TCS,2353.018651512491,2361.8498307717123,2330.5483023329007,2349.486083984375,3792199,0.2045,0,0.0,0.0,0.2045,0.2406,0.283,0.3329,0.2427,0.29053999999999996,0.07413071563124021,0,-0.002915051654487355,2348.014404296875,-0.0006263836579122328,0.0
2026-05-11,TCS,2326.5252955775945,2369.699953108347,2326.5252955775945,2348.014404296875,1975188,0.1738,0,0.0,0.0,0.1738,0.2045,0.2406,0.283,0.2063,0.24695999999999999,0.06300843594313237,0,-0.0006263836579122328,2257.151611328125,-0.038697715313190106,0.0
2026-05-12,TCS,2330.450360002076,2330.450360002076,2240.176072372522,2257.151611328125,6347884,0.1477,0,0.0,0.0,0.1477,0.1738,0.2045,0.2406,0.17533333333333334,0.20991999999999997,0.05358942992792354,0,-0.038697715313190106,2230.167236328125,-0.011955056481173676,0.0
2026-05-13,TCS,2262.7444282326155,2265.8843552424923,2226.4384681959255,2230.167236328125,3171843,0.1256,0,0.0,0.0,0.1256,0.1477,0.1738,0.2045,0.14903333333333332,0.17844,0.045556371672904744,0,-0.011955056481173676,2203.8701171875,-0.011791545814260118,0.0
2026-05-14,TCS,2222.513720137884,2222.513720137884,2165.012827845418,2203.8701171875,5633313,0.1067,0,0.0,0.0,0.1067,0.1256,0.1477,0.1738,0.12666666666666668,0.15166,0.03872483699126242,0,-0.011791545814260118,2221.532470703125,0.008014244295923012,1.0
2026-05-15,TCS,2209.7575636145925,2261.665183205434,2209.7575636145925,2221.532470703125,3410637,0.0907,0,0.0,0.0,0.0907,0.1067,0.1256,0.1477,0.10766666666666667,0.12890000000000001,0.03291056061509517,0,0.008014244295923012,2240.3720703125,0.008480452056328636,1.0
2026-05-18,TCS,2221.5322685970373,2249.8900714309348,2209.953563101145,2240.3720703125,3773336,0.0771,0,0.0,0.0,0.0771,0.0907,0.1067,0.1256,0.09150000000000001,0.10955999999999999,0.02797084196086809,0,0.008480452056328636,2283.448974609375,0.019227567093740072,1.0
2026-05-19,TCS,2256.857213357978,2333.0017090765828,2254.0117066090534,2283.448974609375,10394707,0.0655,0,0.0,0.0,0.0655,0.0771,0.0907,0.1067,0.07776666666666666,0.09312000000000001,0.023794579214599796,0,0.019227567093740072,2283.7431640625,0.00012883557127674194,1.0
2026-05-20,TCS,2280.308816116464,2298.0693970332622,2274.3233820043192,2283.7431640625,2537422,0.0557,0,0.0,0.0,0.0557,0.0655,0.0771,0.0907,0.06609999999999999,0.07914,0.020204157987896196,0,0.00012883557127674194,2283.546875,-8.595058568272584e-05,0.0
2026-05-21,TCS,2287.275643394801,2292.0836345084317,2270.594525446405,2283.546875,3299087,0.0474,0,0.0,0.0,0.0474,0.0557,0.0655,0.0771,0.0562,0.06727999999999999,0.017156689657386526,0,-8.595058568272584e-05,2273.83251953125,-0.0042540644009113615,0.0
2026-05-22,TCS,2287.373709336333,2296.1066687906364,2264.805139514887,2273.83251953125,2617262,0.0403,0,0.0,0.0,0.0403,0.0474,0.0557,0.0655,0.0478,0.057199999999999994,0.014567086187699906,0,-0.0042540644009113615,2295.61328125,0.009578876866111585,1.0
2026-05-25,TCS,2312.3217190072714,2313.415817804508,2280.496215777924,2295.61328125,3298364,0.0342,0,0.0,0.0,0.0342,0.0403,0.0474,0.0557,0.040633333333333334,0.04862,0.012386565302773826,0,0.009578876866111585,2263.78759765625,-0.013863695533430809,0.0
2026-05-26,TCS,2295.613098349941,2315.205623652634,2260.008270887014,2263.78759765625,3587597,0.0291,0,0.0,0.0,0.0291,0.0342,0.0403,0.0474,0.03453333333333333,0.04134,0.010545283305814168,0,-0.013863695533430809,2271.744140625,0.0035147038427931765,1.0
2026-05-27,TCS,2262.5943570616037,2283.0821217701528,2248.571147658945,2271.744140625,2653950,0.0247,0,0.0,0.0,0.0247,0.0291,0.0342,0.0403,0.029333333333333333,0.035140000000000005,0.008990161288869357,0,0.0035147038427931765,2271.744140625,0.0,0.0
2026-05-28,TCS,2271.744140625,2271.744140625,2271.744140625,2271.744140625,0,0.021,0,0.0,0.0,0.021,0.0247,0.0291,0.0342,0.024933333333333335,0.029860000000000005,0.007640876913017705,0,0.0,2246.58203125,-0.011076119411967511,0.0
2026-05-29,TCS,2278.507085795833,2321.2726050840133,2222.81245602518,2246.58203125,16331582,0.0179,0,0.0,0.0,0.0179,0.021,0.0247,0.0291,0.0212,0.025380000000000003,0.006465833279623634,0,-0.011076119411967511,2284.8720703125,0.0170436861551837,1.0
2026-06-01,TCS,2271.5452382799426,2322.267132829976,2267.5670504720965,2284.8720703125,7505095,0.4524,2,0.6583164132846758,0.7196,0.4524,0.0179,0.021,0.0247,0.16376666666666667,0.10902,0.1920008255190583,0,0.0170436861551837,2433.556884765625,0.06507358393714768,1.0
2026-06-02,TCS,2307.34897134468,2443.9996279549005,2303.569644295269,2433.556884765625,11306127,0.3845,0,0.0,0.0,0.3845,0.4524,0.0179,0.021,0.2849333333333333,0.1801,0.2189163424689894,2,0.06507358393714768,2229.475830078125,-0.08386122221554515,0.0
2026-06-03,TCS,2379.9508308808004,2379.9508308808004,2212.6680838914085,2229.475830078125,15660062,-0.9568,1,0.0,0.965,-0.9568,0.3845,0.4524,0.0179,-0.03996666666666667,-0.016199999999999992,0.5628990717704195,0,-0.08386122221554515,2228.77978515625,-0.0003122011517167067,0.0
2026-06-04,TCS,2229.4759194813155,2240.8139007540485,2204.5129359355733,2228.77978515625,4867263,-0.8133,0,0.0,0.0,-0.8133,-0.9568,0.3845,0.4524,-0.4618666666666667,-0.18306,0.6637384145881569,1,-0.0003122011517167067,2186.9091796875,-0.018786335800248022,0.0
2026-06-05,TCS,2250.560184151513,2259.4117976453776,2180.0469028924485,2186.9091796875,5019717,-0.6913,0,0.0,0.0,-0.6913,-0.8133,-0.9568,0.3845,-0.8204666666666668,-0.3249,0.6854788071122258,0,-0.018786335800248022,2139.668212890625,-0.02160170492476765,0.0
2026-06-08,TCS,2158.1668832997775,2165.128711955583,2131.6125282744956,2139.668212890625,6536734,-0.9432,1,0.0,0.9554,-0.9432,-0.6913,-0.8133,-0.9568,-0.8159333333333333,-0.60402,0.5630462920577669,0,-0.02160170492476765,2139.2705078125,-0.00018587231222533251,0.0
2026-06-09,TCS,2162.145087858845,2162.145087858845,2121.169801728995,2139.2705078125,4148655,-0.8017,0,0.0,0.0,-0.8017,-0.9432,-0.6913,-0.8133,-0.8120666666666668,-0.8412600000000001,0.11019983212328505,1,-0.00018587231222533251,2142.154541015625,0.0013481386260374428,1.0
2026-06-10,TCS,2139.568864676436,2168.907999188303,2133.1043096144995,2142.154541015625,2848650,-0.6815,0,0.0,0.0,-0.6815,-0.8017,-0.9432,-0.6913,-0.8088000000000001,-0.7862,0.1067611352506154,0,0.0013481386260374428,2123.95458984375,-0.008496096254216212,0.0
2026-06-11,TCS,2115.4013888441136,2142.8509821277357,2098.494090484758,2123.95458984375,3079815,-0.5792,0,0.0,0.0,-0.5792,-0.6815,-0.8017,-0.9432,-0.6874666666666668,-0.73938,0.1385151507958612,0,-0.008496096254216212,2149.61376953125,0.012080851356331301,1.0
2026-06-12,TCS,2138.276030955957,2156.177876796519,2126.3414670622496,2149.61376953125,2124656,-0.4924,0,0.0,0.0,-0.4924,-0.5792,-0.6815,-0.8017,-0.5843666666666667,-0.6996,0.17855039904744024,0,0.012080851356331301,2150.21044921875,0.00027757530025041,1.0
2026-06-15,TCS,2180.046856932239,2180.046856932239,2147.525221086398,2150.21044921875,3337083,-0.4185,0,0.0,0.0,-0.4185,-0.4924,-0.5792,-0.6815,-0.4967,-0.59466,0.15176891315417687,0,0.00027757530025041,2187.0087890625,0.01711383174475789,1.0
2026-06-16,TCS,2155.183285992923,2196.954258771743,2148.818282502735,2187.0087890625,3079898,-0.3557,0,0.0,0.0,-0.3557,-0.4185,-0.4924,-0.5792,-0.42219999999999996,-0.50546,0.12902357536512477,0,0.01711383174475789,2210.8779296875,0.01091405793354494,1.0
2026-06-17,TCS,2196.9542720106556,2218.8343055028395,2188.6994835403766,2210.8779296875,2865010,-0.3024,0,0.0,0.0,-0.3024,-0.3557,-0.4185,-0.4924,-0.35886666666666667,-0.42964,0.10964516861221014,0,0.01091405793354494,2191.285400390625,-0.008861877462246093,0.0
2026-06-18,TCS,2196.9542695909468,2201.927004470057,2170.101501243751,2191.285400390625,3735188,-0.9454,1,0.0,0.9577,-0.9454,-0.3024,-0.3557,-0.4185,-0.5345,-0.50288,0.25734604523870197,0,-0.008861877462246093,2113.412353515625,-0.03553761041857817,0.0
2026-06-19,TCS,2093.521413717831,2126.341464384191,2048.6672473500757,2113.412353515625,13286502,-0.9431,1,0.0,0.9566,-0.9431,-0.9454,-0.3024,-0.3557,-0.7303000000000001,-0.59302,0.3232513217297032,1,-0.03553761041857817,2116.197021484375,0.0013176169639199653,1.0
2026-06-22,TCS,2120.5729308842238,2145.237743488044,2109.434053749718,2116.197021484375,4566101,-0.8016,0,0.0,0.0,-0.8016,-0.9431,-0.9454,-0.3024,-0.8967,-0.66964,0.31688362690426297,1,0.0013176169639199653,2048.368896484375,-0.03205189512667539,0.0
2026-06-23,TCS,2099.4885101234904,2102.4721508294924,2043.7938836114508,2048.368896484375,6392736,-0.9613,1,0.0,0.9709,-0.9613,-0.8016,-0.9431,-0.9454,-0.902,-0.79076,0.2805431749303487,0,-0.03205189512667539,2097.49951171875,0.02398523787326501,1.0
2026-06-24,TCS,2049.7612582514666,2109.1356624395376,2049.7612582514666,2097.49951171875,4747277,-0.8171,0,0.0,0.0,-0.8171,-0.9613,-0.8016,-0.9431,-0.86,-0.8937000000000002,0.07751286989913532,1,0.02398523787326501,2083.27734375,-0.006780534579050257,0.0
2026-06-25,TCS,2121.965363861958,2136.78401555451,2076.61392807904,2083.27734375,4738903,-0.6945,0,0.0,0.0,-0.6945,-0.8171,-0.9613,-0.8016,-0.8243,-0.84352,0.11005744863479369,0,-0.006780534579050257,2083.27734375,0.0,0.0
2026-06-26,TCS,2083.27734375,2083.27734375,2083.27734375,2083.27734375,0,-0.5904,0,0.0,0.0,-0.5904,-0.6945,-0.8171,-0.9613,-0.7006666666666667,-0.77298,0.1393957208812387,0,0.0,2086.4599609375,0.0015276973068651944,1.0
2026-06-29,TCS,2078.6031371123327,2093.521341445675,2059.706744956766,2086.4599609375,3412470,-0.5018,0,0.0,0.0,-0.5018,-0.5904,-0.6945,-0.8171,-0.5955666666666667,-0.71302,0.18198086987373197,0,0.0015276973068651944,2020.422119140625,-0.03165066334040867,0.0
2026-06-30,TCS,2078.60311543387,2092.8251853118586,2007.791421498655,2020.422119140625,6848411,-0.5933,3,0.5608623627950088,0.9109333333333334,-0.5933,-0.5018,-0.5904,-0.6945,-0.5618333333333333,-0.63942,0.1204919789861554,0,-0.03165066334040867,1971.788818359375,-0.02407086139105219,0.0
2026-07-01,TCS,2028.776408877907,2040.8104030555382,1966.0205187179013,1971.788818359375,4658295,-0.5043,0,0.0,0.0,-0.5043,-0.5933,-0.5018,-0.5904,-0.5331333333333333,-0.57686,0.07935951738764596,3,-0.02407086139105219,2056.82275390625,0.04312527526027221,1.0
2026-07-02,TCS,1997.0503819057583,2065.5745732846704,1991.580373389582,2056.82275390625,6040621,-0.4287,0,0.0,0.0,-0.4287,-0.5043,-0.5933,-0.5018,-0.5087666666666667,-0.5237,0.06923514281057024,0,0.04312527526027221,2082.083984375,0.012281675910466694,1.0
2026-07-03,TCS,2088.5485393778363,2105.0581154318793,2073.6303355251375,2082.083984375,4028819,-0.3644,0,0.0,0.0,-0.3644,-0.4287,-0.5043,-0.5933,-0.4324666666666667,-0.47850000000000004,0.08643844630718461,0,0.012281675910466694,2046.3798828125,-0.017148252342576664,0.0
2026-07-06,TCS,2078.6031065753987,2081.5867473982344,2039.4180542258837,2046.3798828125,2567386,-0.3097,0,0.0,0.0,-0.3097,-0.3644,-0.4287,-0.5043,-0.3676,-0.44008,0.11231260837501739,0,-0.017148252342576664,2084.669921875,0.018711109987005425,1.0
2026-07-07,TCS,2038.8212111731864,2111.124724588052,2037.8266642409067,2084.669921875,4769048,-0.6985,1,0.0,0.8374,-0.6985,-0.3097,-0.3644,-0.4287,-0.4575333333333333,-0.46112000000000003,0.15128417630406701,0,0.018711109987005425,2046.2803955078125,-0.018415158181329327,0.0
2026-07-08,TCS,2082.5813599967723,2098.1956989000228,2037.6278854106638,2046.2803955078125,3666985,-0.0288,2,0.0009899494936611655,0.9238500000000001,-0.0288,-0.6985,-0.3097,-0.3644,-0.34566666666666673,-0.36602,0.24050136590048715,1,-0.018415158181329327,2038.323974609375,-0.003888235901543191,0.0
2026-07-09,TCS,2046.280350211656,2053.7394523387943,2005.006651774823,2038.323974609375,3791498,0.33870999999999996,10,0.8008494121868355,0.92416,0.3387,-0.0288,-0.6985,-0.3097,-0.12953333333333333,-0.21254,0.38932138780190334,2,-0.003888235901543191,2057.717529296875,0.009514461356034731,1.0
2026-07-10,TCS,2093.7200783959847,2121.666943317309,2053.341620075063,2057.717529296875,6714551,0.36549999999999994,3,0.8566323598837485,0.8174,0.3655,0.3387,-0.0288,-0.6985,0.22513333333333332,-0.06656,0.4502228759181389,10,0.009514461356034731,2169.604248046875,0.05437418749512801,1.0
2026-07-13,TCS,2063.684994131224,2192.8765503750355,2053.8390761022306,2169.604248046875,12382622,0.29273333333333335,3,0.21951866283606356,0.6000333333333333,0.2927,0.3655,0.3387,-0.0288,0.33230000000000004,0.05392,0.4494930722491726,3,0.05437418749512801,2188.60009765625,0.008755444513198984,1.0
2026-07-14,TCS,2170.996422535663,2215.850586742918,2167.1177865856457,2188.60009765625,9546290,0.2488,0,0.0,0.0,0.2488,0.2927,0.3655,0.3387,0.30233333333333334,0.24337999999999999,0.15854257156990947,3,0.008755444513198984,2189.199951171875,0.0002740809142187661,1.0
2026-07-15,TCS,2174.10009765625,2202.89990234375,2145.39990234375,2189.199951171875,5426489,0.2115,0,0.0,0.0,0.2115,0.2488,0.2927,0.3655,0.251,0.29144000000000003,0.06310418369648607,0,0.0002740809142187661,2201.0,0.0053901192633447614,1.0
2026-07-16,TCS,2206.0,2231.39990234375,2187.800048828125,2201.0,5197595,0.1798,0,0.0,0.0,0.1798,0.2115,0.2488,0.2927,0.21336666666666668,0.25966,0.07264415324029773,0,0.0053901192633447614,2269.0,0.030895047705588263,1.0
2026-07-17,TCS,2224.800048828125,2275.0,2215.10009765625,2269.0,5615138,0.1528,0,0.0,0.0,0.1528,0.1798,0.2115,0.2488,0.18136666666666665,0.21712000000000004,0.055401687699923555,0,0.030895047705588263,2251.10009765625,-0.007888894818752767,0.0
2026-07-20,TCS,2280.10009765625,2283.39990234375,2245.10009765625,2251.10009765625,2202693,0.1299,0,0.0,0.0,0.1299,0.1528,0.1798,0.2115,0.15416666666666665,0.18456,0.047094617526845475,0,-0.007888894818752767,2221.10009765625,-0.013326817421950632,0.0
2026-07-21,TCS,2245.10009765625,2259.89990234375,2218.5,2221.10009765625,2382160,0.1104,0,0.0,0.0,0.1104,0.1299,0.1528,0.1798,0.1310333333333333,0.15688,0.04004256485291448,0,-0.013326817421950632,2208.300048828125,-0.005762932000062393,0.0
2026-07-22,TCS,2216.0,2226.800048828125,2201.0,2208.300048828125,1599665,0.0938,0,0.0,0.0,0.0938,0.1104,0.1299,0.1528,0.11136666666666666,0.13334000000000001,0.034054045280992144,0,-0.005762932000062393,2242.89990234375,0.015668094348857187,1.0
2026-07-23,TCS,2204.0,2250.0,2193.60009765625,2242.89990234375,2503539,0.0798,0,0.0,0.0,0.0798,0.0938,0.1104,0.1299,0.09466666666666666,0.11334000000000002,0.02892538677355697,0,0.015668094348857187,2254.300048828125,0.00508277095757248,1.0
2026-07-24,TCS,2205.10009765625,2264.300048828125,2205.10009765625,2254.300048828125,3211699,0.0678,0,0.0,0.0,0.0678,0.0798,0.0938,0.1104,0.08046666666666667,0.09634000000000001,0.024589184614376012,0,0.00508277095757248,2295.60009765625,0.01832056422550954,1.0
2026-07-27,TCS,2286.0,2315.0,2272.39990234375,2295.60009765625,4007292,0.075,1,0.0,0.8835,0.075,0.0678,0.0798,0.0938,0.0742,0.08536000000000002,0.016917683056490548,0,0.01832056422550954,2398.0,0.04460702996497412,1.0
2026-07-28,TCS,2325.0,2417.39990234375,2323.0,2398.0,8248513,0.0638,0,0.0,0.0,0.0638,0.075,0.0678,0.0798,0.06886666666666666,0.07604000000000001,0.011708458480938834,1,0.04460702996497412,2446.60009765625,0.020266929798269384,1.0
2026-07-29,TCS,2440.0,2475.5,2415.10009765625,2446.60009765625,7169419,0.7468666666666667,3,0.09277377503008775,0.8051,0.7469,0.0638,0.075,0.0678,0.2952333333333333,0.20666,0.3020671084378434,0,0.020266929798269384,2431.800048828125,-0.006049230866255084,0.0
2026-07-30,TCS,2440.0,2495.0,2423.0,2431.800048828125,4901582,0.6348,0,0.0,0.0,0.6348,0.7469,0.0638,0.075,0.48183333333333334,0.31766,0.3429954635268517,3,-0.006049230866255084,2365.60009765625,-0.027222612814641778,0.0
2026-07-31,TCS,2385.0,2391.0,2326.10009765625,2365.60009765625,4343683,-0.9572,1,0.0,0.9656,-0.9572,0.6348,0.7469,0.0638,0.1415,0.11265999999999998,0.6751474935153058,0,-0.027222612814641778,2473.699951171875,0.04569658820302136,1.0
2026-08-03,TCS,2383.89990234375,2473.699951171875,2383.0,2473.699951171875,3036839,-0.8136,0,0.0,0.0,-0.8136,-0.9572,0.6348,0.7469,-0.37866666666666665,-0.06506,0.7940267426226901,1,0.04569658820302136,2460.0,-0.005538242892144218,0.0
2026-08-04,TCS,2463.10009765625,2467.39990234375,2435.10009765625,2460.0,2792792,-0.6916,0,0.0,0.0,-0.6916,-0.8136,-0.9572,0.6348,-0.8207999999999999,-0.21614,0.8342265148027842,0,-0.005538242892144218,2413.0,-0.019105691056910623,0.0
2026-08-05,TCS,2460.0,2460.89990234375,2408.0,2413.0,3014409,-0.47955000000000003,2,0.6759233721362208,0.9081,-0.4796,-0.6916,-0.8136,-0.9572,-0.6616,-0.46143999999999996,0.6373460975011928,0,-0.019105691056910623,2373.0,-0.016576875259013635,0.0
2026-08-06,TCS,2417.0,2434.5,2368.5,2373.0,2729141,-0.4076,0,0.0,0.0,-0.4076,-0.4796,-0.6916,-0.8136,-0.5262666666666665,-0.6699200000000001,0.22840602443893615,2,-0.016576875259013635,2452.699951171875,0.03358615725742742,1.0
2026-08-07,TCS,2375.0,2457.699951171875,2375.0,2452.699951171875,4547979,-0.0536,1,0.0,0.4585,-0.0536,-0.4076,-0.4796,-0.6916,-0.3136,-0.48919999999999997,0.2927025794215007,0,0.03358615725742742,2425.699951171875,-0.011008276812293993,0.0
2026-08-10,TCS,2452.699951171875,2472.89990234375,2423.5,2425.699951171875,2322023,-0.0456,0,0.0,0.0,-0.0456,-0.0536,-0.4076,-0.4796,-0.1689333333333333,-0.3356,0.28119388329051537,1,-0.011008276812293993,2445.699951171875,0.008245042834064353,1.0
2026-08-11,TCS,2438.0,2456.60009765625,2428.0,2445.699951171875,1514105,-0.0387,0,0.0,0.0,-0.0387,-0.0456,-0.0536,-0.4076,-0.04596666666666663,-0.20502000000000004,0.2193387380286483,0,0.008245042834064353,2349.699951171875,-0.03925256651127662,0.0
2026-08-12,TCS,2445.699951171875,2445.800048828125,2300.10009765625,2349.699951171875,7022647,-0.8786,2,0.09531799410394655,0.8884000000000001,-0.8786,-0.0387,-0.0456,-0.0536,-0.3209666666666666,-0.28482,0.3670536636515157,0,-0.03925256651127662,2375.0,0.010767353004159874,1.0
2026-08-13,TCS,2349.699951171875,2375.0,2332.300048828125,2375.0,2123494,-0.7468,0,0.0,0.0,-0.7468,-0.8786,-0.0387,-0.0456,-0.5547,-0.35266000000000003,0.4225674005410261,2,0.010767353004159874,2361.0,-0.005894736842105286,0.0
2026-08-14,TCS,2375.10009765625,2390.0,2333.39990234375,2361.0,2232160,-0.0422,1,0.0,0.9109,-0.0422,-0.7468,-0.8786,-0.0387,-0.5558666666666666,-0.35038,0.42461022361690726,0,-0.005894736842105286,2313.199951171875,-0.020245679300349373,0.0
2026-08-17,TCS,2351.0,2361.10009765625,2310.60009765625,2313.199951171875,2237636,-0.6249,3,0.5347056292952226,0.9448333333333334,-0.6249,-0.0422,-0.7468,-0.8786,-0.4713,-0.46624,0.398913540757894,1,-0.020245679300349373,2280.0,-0.014352391437262413,0.0
2026-08-18,TCS,2300.0,2307.0,2280.0,2280.0,1797822,-0.5312,0,0.0,0.0,-0.5312,-0.6249,-0.0422,-0.7468,-0.39943333333333325,-0.56474,0.3199398974807611,3,-0.014352391437262413,2289.0,0.003947368421052699,1.0
2026-08-19,TCS,2293.60009765625,2308.199951171875,2258.300048828125,2289.0,3368922,-0.4515,0,0.0,0.0,-0.4515,-0.5312,-0.6249,-0.0422,-0.5358666666666666,-0.4793200000000001,0.26799182263643784,0,0.003947368421052699,2298.0,0.003931847968545288,1.0
2026-08-20,TCS,2319.39990234375,2329.0,2288.10009765625,2298.0,2047848,-0.00515,2,0.0009192388155425117,0.94145,-0.0052,-0.4515,-0.5312,-0.6249,-0.3292999999999999,-0.331,0.28745807520401995,0,0.003931847968545288,2302.0,0.0017406440382941035,1.0
2026-08-21,TCS,2290.10009765625,2307.199951171875,2263.300048828125,2302.0,2066749,-0.0539,2,0.05416437943888954,0.90095,-0.0539,-0.0052,-0.4515,-0.5312,-0.17019999999999993,-0.33334,0.28455235546380564,2,0.0017406440382941035,,,
2026-02-23,TITAN,4256.034710056237,4266.002004459178,4226.2325971283,4258.72607421875,516387,0.0,0,0.0,0.0,0.0,0.0,0.0,0.0,0.0,0.0,0.0,0,0.0,4280.45458984375,0.005102116277573954,1.0
2026-02-24,TITAN,4226.5314296798915,4285.936601776254,4221.149188028474,4280.45458984375,491126,0.0,0,0.0,0.0,0.0,0.0,0.0,0.0,0.0,0.0,0.0,0,0.005102116277573954,4310.85498046875,0.007102140669154933,1.0
2026-02-25,TITAN,4289.923661488439,4334.776487874819,4275.769908266122,4310.85498046875,586295,0.0,0,0.0,0.0,0.0,0.0,0.0,0.0,0.0,0.0,0.0,0,0.007102140669154933,4328.3974609375,0.004069373836102175,1.0
2026-02-26,TITAN,4315.838572373869,4337.966161113804,4292.913794737703,4328.3974609375,520985,0.0,0,0.0,0.0,0.0,0.0,0.0,0.0,0.0,0.0,0.0,0,0.004069373836102175,4313.3466796875,-0.003477217927842502,0.0
2026-02-27,TITAN,4327.400662219876,4337.766551126517,4297.69783270388,4313.3466796875,1146258,0.0,0,0.0,0.0,0.0,0.0,0.0,0.0,0.0,0.0,0.0,0,-0.003477217927842502,4256.33349609375,-0.01321785328831504,0.0
2026-03-02,TITAN,4274.772990574043,4315.838437820091,4179.286505722781,4256.33349609375,770589,0.0,0,0.0,0.0,0.0,0.0,0.0,0.0,0.0,0.0,0.0,0,-0.01321785328831504,4190.64892578125,-0.01543219542659946,0.0
2026-03-04,TITAN,4191.247060748651,4224.437954570289,4070.144440562929,4190.64892578125,1024050,0.0,0,0.0,0.0,0.0,0.0,0.0,0.0,0.0,0.0,0.0,0,-0.01543219542659946,4261.2177734375,0.01683959904684551,1.0
2026-03-05,TITAN,4224.139244667133,4288.428291689557,4159.551373495063,4261.2177734375,691367,0.0,0,0.0,0.0,0.0,0.0,0.0,0.0,0.0,0.0,0.0,0,0.01683959904684551,4230.7177734375,-0.00715757833127495,0.0
2026-03-06,TITAN,4236.100014943159,4287.929944537757,4213.175238391702,4230.7177734375,580562,0.0,0,0.0,0.0,0.0,0.0,0.0,0.0,0.0,0.0,0.0,0,-0.00715757833127495,4145.59716796875,-0.020119660546297435,0.0
2026-03-09,TITAN,4146.394356825195,4185.964709183034,4099.249250278276,4145.59716796875,576017,0.0,0,0.0,0.0,0.0,0.0,0.0,0.0,0.0,0.0,0.0,0,-0.020119660546297435,4206.2978515625,0.014642205003119413,1.0
2026-03-10,TITAN,4161.445028420832,4229.023087280567,4161.445028420832,4206.2978515625,788850,0.0,0,0.0,0.0,0.0,0.0,0.0,0.0,0.0,0.0,0.0,0,0.014642205003119413,4126.7587890625,-0.018909517420515942,0.0
2026-03-11,TITAN,4178.289896824444,4221.049493326745,4112.705293022249,4126.7587890625,454575,0.0,0,0.0,0.0,0.0,0.0,0.0,0.0,0.0,0.0,0.0,0,-0.018909517420515942,4116.09375,-0.00258436211265034,0.0
2026-03-12,TITAN,4086.590462979199,4165.332084095139,4020.60702661123,4116.09375,1071366,0.0,0,0.0,0.0,0.0,0.0,0.0,0.0,0.0,0.0,0.0,0,-0.00258436211265034,4059.878173828125,-0.013657506263523467,0.0
2026-03-13,TITAN,4077.620005949474,4133.6363933228595,4032.7671826134374,4059.878173828125,868825,0.0,0,0.0,0.0,0.0,0.0,0.0,0.0,0.0,0.0,0.0,0,-0.013657506263523467,4077.4208984375,0.004320997788175962,1.0
2026-03-16,TITAN,4043.7313942292744,4111.508997090401,3989.110571490407,4077.4208984375,1013667,0.0,0,0.0,0.0,0.0,0.0,0.0,0.0,0.0,0.0,0.0,0,0.004320997788175962,4077.121826171875,-7.334839180805908e-05,0.0
2026-03-17,TITAN,4077.121826171875,4096.55805049906,4023.2984357273617,4077.121826171875,1126905,0.0,0,0.0,0.0,0.0,0.0,0.0,0.0,0.0,0.0,0.0,0,-7.334839180805908e-05,4131.94189453125,0.013445776382612351,1.0
2026-03-18,TITAN,4070.3439664557445,4161.145872456678,4064.4633600951647,4131.94189453125,751307,0.0,0,0.0,0.0,0.0,0.0,0.0,0.0,0.0,0.0,0.0,0,0.013445776382612351,4024.693603515625,-0.02595590493602329,0.0
2026-03-19,TITAN,4090.9761095476442,4124.566085473674,4004.759015235318,4024.693603515625,567278,0.0,0,0.0,0.0,0.0,0.0,0.0,0.0,0.0,0.0,0.0,0,-0.02595590493602329,4093.169189453125,0.017013863087039782,1.0
2026-03-20,TITAN,4033.6642475921135,4136.327379255284,4027.6838709903755,4093.169189453125,1019586,0.0,0,0.0,0.0,0.0,0.0,0.0,0.0,0.0,0.0,0.0,0,0.017013863087039782,3840.498291015625,-0.06172989357209013,0.0
2026-03-23,TITAN,4043.3327314437556,4045.72478475568,3812.4900964992553,3840.498291015625,1533645,0.0,0,0.0,0.0,0.0,0.0,0.0,0.0,0.0,0.0,0.0,0,-0.06172989357209013,3886.746337890625,0.012042199571652423,1.0
2026-03-24,TITAN,3937.3802406338946,3971.966702524462,3830.431126173528,3886.746337890625,1300547,0.0,0,0.0,0.0,0.0,0.0,0.0,0.0,0.0,0.0,0.0,0,0.012042199571652423,4026.08935546875,0.035850813370482904,1.0
2026-03-25,TITAN,3937.081366043934,4083.6005966283537,3927.612436176233,4026.08935546875,1306823,0.0,0,0.0,0.0,0.0,0.0,0.0,0.0,0.0,0.0,0.0,0,0.035850813370482904,3968.478271484375,-0.014309439979547478,0.0
2026-03-27,TITAN,3986.917766152832,4019.6105405037147,3959.009341789762,3968.478271484375,1040658,0.0,0,0.0,0.0,0.0,0.0,0.0,0.0,0.0,0.0,0.0,0,-0.014309439979547478,3938.4765625,-0.0075600033393034005,0.0
2026-03-30,TITAN,3929.107403218326,3994.2934104401893,3901.29874952784,3938.4765625,1488223,0.0,0,0.0,0.0,0.0,0.0,0.0,0.0,0.0,0.0,0.0,0,-0.0075600033393034005,4052.20361328125,0.0288758988346145,1.0
2026-04-01,TITAN,3986.917833753536,4086.5907795973744,3986.917833753536,4052.20361328125,781974,0.0,0,0.0,0.0,0.0,0.0,0.0,0.0,0.0,0.0,0.0,0,0.0288758988346145,4083.800048828125,0.007797346471760891,1.0
2026-04-02,TITAN,3982.930835009521,4095.6610318057337,3931.798566161915,4083.800048828125,1614868,0.0,0,0.0,0.0,0.0,0.0,0.0,0.0,0.0,0.0,0.0,0,0.007797346471760891,4232.212890625,0.03634184828404208,1.0
2026-04-06,TITAN,4091.5742720255826,4243.974103115695,4091.5742720255826,4232.212890625,1678285,0.0318,1,0.0,0.9408,0.0318,0.0,0.0,0.0,0.0106,0.00636,0.014221392336898663,0,0.03634184828404208,4216.763671875,-0.003650387905632657,0.0
2026-04-07,TITAN,4221.448008238725,4229.621384331442,4155.165500389534,4216.763671875,1274146,0.027,0,0.0,0.0,0.027,0.0318,0.0,0.0,0.019600000000000003,0.011760000000000001,0.016192220354231842,1,-0.003650387905632657,4477.80712890625,0.06190611505509769,1.0
2026-04-08,TITAN,4337.068733542139,4490.266247239322,4295.007042060272,4477.80712890625,3834533,0.023,0,0.0,0.0,0.023,0.027,0.0318,0.0,0.027266666666666665,0.01636,0.015256080754899011,0,0.06190611505509769,4425.279296875,-0.011730704454008145,0.0
2026-04-09,TITAN,4460.364368818537,4482.691011562465,4399.663641560751,4425.279296875,1385274,0.0291,1,0.0,0.9426,0.0291,0.023,0.027,0.0318,0.026366666666666667,0.02218,0.012809059294108993,0,-0.011730704454008145,4490.26611328125,0.01468535928390824,1.0
2026-04-10,TITAN,4415.611175793522,4509.104202301997,4410.62752860897,4490.26611328125,1565192,0.0247,0,0.0,0.0,0.0247,0.0291,0.023,0.027,0.0256,0.02712,0.003488122704263714,1,0.01468535928390824,4424.78076171875,-0.01458384646041544,0.0
2026-04-13,TITAN,4376.738695227283,4481.2955150452835,4376.738695227283,4424.78076171875,850456,0.021,0,0.0,0.0,0.021,0.0247,0.0291,0.023,0.024933333333333335,0.024960000000000003,0.00319734264663642,0,-0.01458384646041544,4507.41015625,0.01867423472053642,1.0
2026-04-15,TITAN,4475.415043264428,4519.171369197922,4432.754730388897,4507.41015625,918513,0.0179,0,0.0,0.0,0.0179,0.021,0.0247,0.0291,0.021199999999999997,0.02314,0.0041836586858872695,0,0.01867423472053642,4446.80859375,-0.013444874195877143,0.0
2026-04-16,TITAN,4539.105836555689,4539.105836555689,4425.478681226891,4446.80859375,1283713,0.0152,0,0.0,0.0,0.0152,0.0179,0.021,0.0247,0.018033333333333332,0.021580000000000002,0.0054969991813715955,0,-0.013444874195877143,4511.09765625,0.01445734871304305,1.0
2026-04-17,TITAN,4446.80860763948,4516.978262584491,4315.838457109326,4511.09765625,2124034,0.0129,0,0.0,0.0,0.0129,0.0152,0.0179,0.021,0.015333333333333332,0.018340000000000002,0.004668297334146573,0,0.01445734871304305,4498.23974609375,-0.002850284151671101,0.0
2026-04-20,TITAN,4517.277374817795,4534.122004205732,4453.088099309882,4498.23974609375,1646815,0.011,0,0.0,0.0,0.011,0.0129,0.0152,0.0179,0.013033333333333333,0.0156,0.003970516339218366,0,-0.002850284151671101,4465.048828125,-0.007378645835312114,0.0
2026-04-21,TITAN,4498.73808672063,4529.636697707301,4450.39671146729,4465.048828125,656106,0.0093,0,0.0,0.0,0.0093,0.011,0.0129,0.0152,0.011066666666666667,0.01326,0.0033989704323515403,0,-0.007378645835312114,4440.03125,-0.005602979740650604,0.0
2026-04-22,TITAN,4447.108126662484,4477.308835307954,4430.662090201536,4440.03125,596352,0.0079,0,0.0,0.0,0.0079,0.0093,0.011,0.0129,0.0094,0.011260000000000001,0.0028901557051480846,0,-0.005602979740650604,4441.9248046875,0.0004264732793266557,1.0
2026-04-23,TITAN,4396.5736146026165,4459.367570104762,4379.130849185354,4441.9248046875,680187,0.0067,0,0.0,0.0,0.0067,0.0079,0.0093,0.011,0.007966666666666667,0.00956,0.002461300469264171,0,0.0004264732793266557,4395.57666015625,-0.010434247892341486,0.0
2026-04-24,TITAN,4460.862435947686,4471.9262296400375,4347.13551391155,4395.57666015625,958536,0.0057,0,0.0,0.0,0.0057,0.0067,0.0079,0.0093,0.006766666666666667,0.008119999999999999,0.0020980943734732306,0,-0.010434247892341486,4427.2724609375,0.00721084017679785,1.0
2026-04-27,TITAN,4424.282272732981,4449.400048324654,4374.047208233913,4427.2724609375,649222,0.0049,0,0.0,0.0,0.0049,0.0057,0.0067,0.0079,0.0057666666666666665,0.006900000000000001,0.0017492855684535988,0,0.00721084017679785,4402.5537109375,-0.005583290890293635,0.0
2026-04-28,TITAN,4397.868888135784,4460.364015495882,4381.024258799593,4402.5537109375,620778,0.0041,0,0.0,0.0,0.0041,0.0049,0.0057,0.0067,0.0049,0.00586,0.0014926486525636336,0,-0.005583290890293635,4425.279296875,0.0051619099798922985,1.0
2026-04-29,TITAN,4405.444477800803,4457.772774865154,4395.776493972833,4425.279296875,702730,0.0035,0,0.0,0.0,0.0035,0.0041,0.0049,0.0057,0.004166666666666667,0.00498,0.001269645619848322,0,0.0051619099798922985,4370.85791015625,-0.012297842253071067,0.0
2026-04-30,TITAN,4423.485027207771,4423.485027207771,4343.746676108938,4370.85791015625,869299,0.003,0,0.0,0.0,0.003,0.0035,0.0041,0.0049,0.003533333333333333,0.00424,0.0010807404868885173,0,-0.012297842253071067,4370.85791015625,0.0,0.0
2026-05-01,TITAN,4370.85791015625,4370.85791015625,4370.85791015625,4370.85791015625,0,0.0025,0,0.0,0.0,0.0025,0.003,0.0035,0.0041,0.0030000000000000005,0.0036,0.0009380831519647015,0,0.0,4348.73046875,-0.005062493876736185,0.0
2026-05-04,TITAN,4392.686333602758,4432.854334640852,4338.464350375783,4348.73046875,709160,0.0022,0,0.0,0.0,0.0022,0.0025,0.003,0.0035,0.0025666666666666667,0.0030600000000000002,0.0007635443667528622,0,-0.005062493876736185,4359.2958984375,0.002429543464103734,1.0
2026-05-05,TITAN,4340.756633847013,4382.619269581015,4316.1372224440165,4359.2958984375,850790,0.0018,0,0.0,0.0,0.0018,0.0022,0.0025,0.003,0.0021666666666666666,0.0026000000000000003,0.0006670832032063388,0,0.002429543464103734,4345.341796875,-0.0032009989428571917,0.0
2026-05-06,TITAN,4383.117745600278,4426.57524685031,4283.046206403137,4345.341796875,1459870,0.0016,0,0.0,0.0,0.0016,0.0018,0.0022,0.0025,0.0018666666666666666,0.00222,0.0005585696017507843,0,-0.0032009989428571917,4293.412109375,-0.011950656571445228,0.0
2026-05-07,TITAN,4335.673340752591,4344.743676091845,4247.064189912217,4293.412109375,1377631,0.0013,0,0.0,0.0,0.0013,0.0016,0.0018,0.0022,0.0015666666666666667,0.0018800000000000002,0.0004764451699828952,0,-0.011950656571445228,4494.2529296875,0.04677883585271214,1.0
2026-05-08,TITAN,4299.890693872671,4589.938953473262,4199.619617443652,4494.2529296875,4777990,0.0011,0,0.0,0.0,0.0011,0.0013,0.0016,0.0018,0.0013333333333333333,0.0016,0.0004301162633521662,0,0.04677883585271214,4191.84521484375,-0.06728764926560937,0.0
2026-05-11,TITAN,4336.1714356672355,4365.176358217959,4136.5267337657515,4191.84521484375,5925166,0.001,0,0.0,0.0,0.001,0.0011,0.0013,0.0016,0.0011333333333333334,0.0013599999999999999,0.00033615472627947685,0,-0.06728764926560937,4042.036865234375,-0.03573804420995519,0.0
2026-05-12,TITAN,4146.394386830651,4199.8191810747485,4033.763962380683,4042.036865234375,1978748,-0.8852,1,0.0,0.9018,-0.8852,0.001,0.0011,0.0013,-0.29436666666666667,-0.17604,0.39643255794649357,0,-0.03573804420995519,4077.321044921875,0.0087293067490255,1.0
2026-05-13,TITAN,4016.819616977272,4096.557971656722,3972.0665627502894,4077.321044921875,2841521,-0.7524,0,0.0,0.0,-0.7524,-0.8852,0.001,0.0011,-0.5455333333333333,-0.32683999999999996,0.4515436778430188,1,0.0087293067490255,4121.67578125,0.010878401734728982,1.0
2026-05-14,TITAN,4101.541651857563,4133.436993986225,4045.8245734134175,4121.67578125,1127140,-0.6396,0,0.0,0.0,-0.6396,-0.7524,-0.8852,0.001,-0.7590666666666667,-0.4550199999999999,0.42531140591336125,0,0.010878401734728982,4155.46484375,0.008197894325825184,1.0
2026-05-15,TITAN,4141.410861180254,4180.283309696747,4128.851972784219,4155.46484375,901617,-0.5436,0,0.0,0.0,-0.5436,-0.6396,-0.7524,-0.8852,-0.6451999999999999,-0.56396,0.34059525539854474,0,0.008197894325825184,4156.06298828125,0.00014394166567188726,1.0
2026-05-18,TITAN,4116.592404667953,4169.020471149777,4052.3033550510295,4156.06298828125,851825,-0.4621,0,0.0,0.0,-0.4621,-0.5436,-0.6396,-0.7524,-0.5484333333333332,-0.6565799999999999,0.16757375092776292,0,0.00014394166567188726,4088.584228515625,-0.01623622162510363,0.0
2026-05-19,TITAN,4122.7718541827335,4154.268602329223,4081.6071223236186,4088.584228515625,711398,-0.3928,0,0.0,0.0,-0.3928,-0.4621,-0.5436,-0.6396,-0.4661666666666667,-0.5580999999999999,0.1424298774836233,0,-0.01623622162510363,4092.9697265625,0.0010726202034163634,1.0
2026-05-20,TITAN,4039.744471133866,4103.236331934217,4039.744471133866,4092.9697265625,913576,-0.3339,0,0.0,0.0,-0.3339,-0.3928,-0.4621,-0.5436,-0.3962666666666667,-0.4744,0.12106793547426153,0,0.0010726202034163634,4069.74609375,-0.00567402994988786,0.0
2026-05-21,TITAN,4106.525312929425,4122.871578488693,4056.6888406851363,4069.74609375,863060,-0.2838,0,0.0,0.0,-0.2838,-0.3339,-0.3928,-0.4621,-0.3368333333333333,-0.40324,0.10289360038408586,0,-0.00567402994988786,4066.456787109375,-0.0008082338713160109,0.0
2026-05-22,TITAN,4043.9306045995263,4100.345344469957,4040.8408893642713,4066.456787109375,768112,-0.2412,0,0.0,0.0,-0.2412,-0.2838,-0.3339,-0.3928,-0.2863,-0.34276,0.08748607317739181,0,-0.0008082338713160109,4145.59716796875,0.019461753807454407,1.0
2026-05-25,TITAN,4106.624950595387,4156.361650952179,4096.9564806185,4145.59716796875,606086,-0.205,0,0.0,0.0,-0.205,-0.2412,-0.2838,-0.3339,-0.24333333333333332,-0.29134000000000004,0.07438237694507985,0,0.019461753807454407,4092.47119140625,-0.01281503590676436,0.0
2026-05-26,TITAN,4138.320744313574,4146.394349879764,4077.6200205187774,4092.47119140625,766717,-0.1743,0,0.0,0.0,-0.1743,-0.205,-0.2412,-0.2838,-0.20683333333333334,-0.24764,0.06321932457722036,0,-0.01281503590676436,4124.36669921875,0.007793703686779008,1.0
2026-05-27,TITAN,4084.8961156102055,4151.477934967971,4077.7199555713896,4124.36669921875,474044,-0.1481,0,0.0,0.0,-0.1481,-0.1743,-0.205,-0.2412,-0.17580000000000004,-0.21048,0.053735063040811014,0,0.007793703686779008,4124.36669921875,0.0,0.0
2026-05-28,TITAN,4124.36669921875,4124.36669921875,4124.36669921875,4124.36669921875,0,-0.1259,0,0.0,0.0,-0.1259,-0.1481,-0.1743,-0.205,-0.14943333333333333,-0.1789,0.04566535886205132,0,0.0,4061.57275390625,-0.015225112094032434,0.0
2026-05-29,TITAN,4102.737972358301,4149.6835402843,4045.724852927872,4061.57275390625,2001419,-0.107,0,0.0,0.0,-0.107,-0.1259,-0.1481,-0.1743,-0.127,-0.15206,0.038819106120568075,0,-0.015225112094032434,4011.437255859375,-0.012343863100484076,0.0
2026-06-01,TITAN,4086.590555568834,4091.5742025878203,3993.894721015687,4011.437255859375,450200,-0.091,0,0.0,0.0,-0.091,-0.107,-0.1259,-0.1481,-0.10796666666666667,-0.12925999999999999,0.03299307503098071,0,-0.012343863100484076,4064.762451171875,0.013293289140845932,1.0
2026-06-02,TITAN,4004.2607791244304,4074.6299753506637,3972.963571856102,4064.762451171875,522015,-0.0773,0,0.0,0.0,-0.0773,-0.091,-0.107,-0.1259,-0.09176666666666666,-0.10986,0.028033961546665487,0,0.013293289140845932,4075.42724609375,0.002623719110276701,1.0
2026-06-03,TITAN,4043.7312022976257,4090.37794384958,3988.9110849384024,4075.42724609375,959352,-0.0657,0,0.0,0.0,-0.0657,-0.0773,-0.091,-0.107,-0.078,-0.09337999999999999,0.02384044882127676,0,0.002623719110276701,4217.162109375,0.03477791522768592,1.0
2026-06-04,TITAN,4061.672322312249,4259.821933203119,4039.046613504238,4217.162109375,1761933,-0.0559,0,0.0,0.0,-0.0559,-0.0657,-0.0773,-0.091,-0.06629999999999998,-0.07937999999999999,0.020252580082545376,0,0.03477791522768592,4246.26708984375,0.006901556002328668,1.0
2026-06-05,TITAN,4255.038114520642,4274.972703953861,4209.388099392295,4246.26708984375,1390200,0.812,1,0.0,0.847,0.812,-0.0559,-0.0657,-0.0773,0.23013333333333338,0.10442,0.39576631615133684,0,0.006901556002328668,4178.6884765625,-0.01591482868397165,0.0
2026-06-08,TITAN,4183.073988834731,4224.239207403382,4167.027033930725,4178.6884765625,666737,0.6902,0,0.0,0.0,0.6902,0.812,-0.0559,-0.0657,0.48210000000000003,0.26066,0.44983842988344147,1,-0.01591482868397165,4091.474609375,-0.0208711100807506,0.0
2026-06-09,TITAN,4177.193341811167,4203.208077712957,4073.8325468327307,4091.474609375,1284964,0.5867,0,0.0,0.0,0.5867,0.6902,0.812,-0.0559,0.6963,0.39346000000000003,0.42229266273521715,0,-0.0208711100807506,4028.880126953125,-0.015298758613446872,0.0
2026-06-10,TITAN,4091.4745404929363,4105.6282930748075,4021.8032506621894,4028.880126953125,613629,0.4987,0,0.0,0.0,0.4987,0.5867,0.6902,0.812,0.5918666666666667,0.50634,0.33535893159419483,0,-0.015298758613446872,4012.03515625,-0.004181055323644989,0.0
2026-06-11,TITAN,4006.951982284827,4056.3896148157537,3949.8393386542043,4012.03515625,767665,0.4239,0,0.0,0.0,0.4239,0.4987,0.5867,0.6902,0.5031,0.6023,0.15370701025002037,0,-0.004181055323644989,4170.31591796875,0.039451489220421854,1.0
2026-06-12,TITAN,4054.4960073475113,4186.263588783162,4039.445295679552,4170.31591796875,1122271,0.3603,0,0.0,0.0,0.3603,0.4239,0.4987,0.5867,0.42763333333333337,0.51196,0.1306586315556683,0,0.039451489220421854,4269.49072265625,0.023781125132554815,1.0
2026-06-15,TITAN,4207.195130228091,4282.946570620732,4206.49722491917,4269.49072265625,1076822,0.7769,1,0.0,0.8649,0.7769,0.3603,0.4239,0.4987,0.5203666666666668,0.5292999999999999,0.1621781736239494,0,0.023781125132554815,4323.8125,0.012723245200063182,1.0
2026-06-16,TITAN,4284.0430909399065,4329.792876901798,4269.490743142001,4323.8125,779706,0.6604,0,0.0,0.0,0.6604,0.7769,0.3603,0.4239,0.5992000000000001,0.54404,0.1717652118445405,1,0.012723245200063182,4366.17333984375,0.009797103792948958,1.0
2026-06-17,TITAN,4323.812338372832,4380.625916816181,4313.346679185898,4366.17333984375,623868,0.5613,0,0.0,0.0,0.5613,0.6604,0.7769,0.3603,0.6662,0.5565599999999999,0.16990555611868574,0,0.009797103792948958,4373.548828125,0.0016892339600778072,1.0
2026-06-18,TITAN,4365.674763217696,4395.576645157543,4318.9282517885895,4373.548828125,562833,0.4771,0,0.0,0.0,0.4771,0.5613,0.6604,0.7769,0.5662666666666667,0.5672,0.16095089313203534,0,0.0016892339600778072,4405.4443359375,0.00729282078832405,1.0
2026-06-19,TITAN,4345.740340070183,4427.173329648428,4345.740340070183,4405.4443359375,941346,0.4055,0,0.0,0.0,0.4055,0.4771,0.5613,0.6604,0.48130000000000006,0.5762400000000001,0.14709812371339026,0,0.00729282078832405,4358.19921875,-0.010724256984045222,0.0
2026-06-22,TITAN,4390.891747775549,4400.061852755146,4338.762995819039,4358.19921875,390835,0.3447,0,0.0,0.0,0.3447,0.4055,0.4771,0.5613,0.4091,0.48980000000000007,0.12503839410357073,0,-0.010724256984045222,4291.21923828125,-0.015368728483219907,0.0
2026-06-23,TITAN,4360.691477754865,4402.952710396701,4277.065971666899,4291.21923828125,586588,0.293,0,0.0,0.0,0.293,0.3447,0.4055,0.4771,0.3477333333333333,0.4163200000000001,0.10626350267142473,0,-0.015368728483219907,4309.65869140625,0.0042970195883969,1.0
2026-06-24,TITAN,4287.93018361535,4326.603092410774,4249.755639555354,4309.65869140625,652078,0.2491,0,0.0,0.0,0.2491,0.293,0.3447,0.4055,0.29560000000000003,0.35388000000000003,0.09030128459772818,0,0.0042970195883969,4277.2646484375,-0.007516614490457374,0.0
2026-06-25,TITAN,4320.821917574416,4320.821917574416,4211.181684371836,4277.2646484375,754050,-0.04315,2,0.14106780284671624,0.76095,-0.0432,0.2491,0.293,0.3447,0.16629999999999998,0.24982,0.17389956009145027,0,-0.007516614490457374,4277.2646484375,0.0,0.0
2026-06-26,TITAN,4277.2646484375,4277.2646484375,4277.2646484375,4277.2646484375,0,-0.0367,0,0.0,0.0,-0.0367,-0.0432,0.2491,0.293,0.0564,0.16138,0.18689135078970334,2,0.0,4263.21142578125,-0.0032855630435174588,0.0
2026-06-29,TITAN,4270.9857208678,4302.183158180815,4252.64599620607,4263.21142578125,569087,-0.0312,0,0.0,0.0,-0.0312,-0.0367,-0.0432,0.2491,-0.037033333333333335,0.08619999999999998,0.16950971948534385,0,-0.0032855630435174588,4389.59619140625,0.029645436972866035,1.0
2026-06-30,TITAN,4263.50992478207,4413.916290951847,4261.018101330999,4389.59619140625,1243464,0.8737,1,0.0,0.9053,0.8737,-0.0312,-0.0367,-0.0432,0.2686,0.20234000000000002,0.3952472934758693,0,0.029645436972866035,4384.21435546875,-0.0012260435135323933,0.0
2026-07-01,TITAN,4454.384013002184,4489.767909279109,4375.742154951739,4384.21435546875,1168751,0.7426,0,0.0,0.0,0.7426,0.8737,-0.0312,-0.0367,0.5283666666666668,0.30104,0.465260038043243,1,-0.0012260435135323933,4466.4443359375,0.0187559215406925,1.0
2026-07-02,TITAN,4389.596399722663,4482.292236501547,4368.7648520199655,4466.4443359375,820705,0.6312,0,0.0,0.0,0.6312,0.7426,0.8737,-0.0312,0.7491666666666666,0.43592,0.43743827793186996,0,0.0187559215406925,4446.509765625,-0.004463185660258717,0.0
2026-07-03,TITAN,4480.298796026808,4492.957454484628,4436.442701026769,4446.509765625,542120,0.5366,0,0.0,0.0,0.5366,0.6312,0.7426,0.8737,0.6368,0.55058,0.3487266866759696,0,-0.004463185660258717,4469.7333984375,0.005222890319962259,1.0
2026-07-06,TITAN,4435.44600307642,4475.81354535161,4435.44600307642,4469.7333984375,589165,0.4561,0,0.0,0.0,0.4561,0.5366,0.6312,0.7426,0.5413,0.6480400000000001,0.16538398652832098,0,0.005222890319962259,4589.14208984375,0.02671494712592759,1.0
2026-07-07,TITAN,4535.1191570791025,4640.672712211398,4490.266330250847,4589.14208984375,3385946,0.46509999999999996,4,0.5109792037516465,0.7913,0.4651,0.4561,0.5366,0.6312,0.48593333333333333,0.5663199999999999,0.12099717765303399,0,0.02671494712592759,4571.39990234375,-0.0038661229381555806,0.0
2026-07-08,TITAN,4575.386820187532,4614.857404177837,4546.78097666898,4571.39990234375,1045703,0.3953,0,0.0,0.0,0.3953,0.4651,0.4561,0.5366,0.43883333333333335,0.49685999999999997,0.09029259659573356,4,-0.0038661229381555806,4555.7998046875,-0.0034125427635967043,0.0
2026-07-09,TITAN,4614.7998046875,4679.7998046875,4546.10009765625,4555.7998046875,1777107,0.85,1,0.0,0.864,0.85,0.3953,0.4651,0.4561,0.5701333333333333,0.54062,0.18006731241399662,0,-0.0034125427635967043,4584.39990234375,0.00627773363237405,1.0
2026-07-10,TITAN,4578.60009765625,4602.7998046875,4560.7001953125,4584.39990234375,652646,0.7225,0,0.0,0.0,0.7225,0.85,0.3953,0.4651,0.6559333333333334,0.5778,0.1973888041404574,1,0.00627773363237405,4601.5,0.0037300623899558794,1.0
2026-07-13,TITAN,4578.0,4635.0,4524.39990234375,4601.5,770367,0.6141,0,0.0,0.0,0.6141,0.7225,0.85,0.3953,0.7288666666666667,0.6093999999999999,0.18531281661018442,0,0.0037300623899558794,4573.7001953125,-0.006041465758448328,0.0
2026-07-14,TITAN,4579.7998046875,4600.0,4554.0,4573.7001953125,631158,-0.0262,1,0.0,0.9342,-0.0262,0.6141,0.7225,0.85,0.4368,0.5111399999999999,0.3436033658158777,0,-0.006041465758448328,4579.39990234375,0.0012461916583625943,1.0
2026-07-15,TITAN,4573.7001953125,4607.0,4565.10009765625,4579.39990234375,619451,-0.0223,0,0.0,0.0,-0.0223,-0.0262,0.6141,0.7225,0.18853333333333333,0.42761999999999994,0.42086650733932235,1,0.0012461916583625943,4625.7998046875,0.010132310637470665,1.0
2026-07-16,TITAN,4585.2998046875,4668.7998046875,4580.0,4625.7998046875,1136159,-0.0189,0,0.0,0.0,-0.0189,-0.0223,-0.0262,0.6141,-0.022466666666666666,0.25383999999999995,0.3802933972605886,0,0.010132310637470665,4638.10009765625,0.00265906297031826,1.0
2026-07-17,TITAN,4626.0,4647.5,4610.10009765625,4638.10009765625,667212,-0.0161,0,0.0,0.0,-0.0161,-0.0189,-0.0223,-0.0262,-0.019100000000000002,0.10611999999999996,0.28399458093421404,0,0.00265906297031826,4643.39990234375,0.001142667164552691,1.0
2026-07-20,TITAN,4638.10009765625,4660.0,4625.2998046875,4643.39990234375,274158,-0.0137,0,0.0,0.0,-0.0137,-0.0161,-0.0189,-0.0223,-0.016233333333333332,-0.019440000000000023,0.004956611745925502,0,0.001142667164552691,4688.7001953125,0.009755845699588539,1.0
2026-07-21,TITAN,4644.2001953125,4691.7001953125,4629.2001953125,4688.7001953125,530094,-0.0116,0,0.0,0.0,-0.0116,-0.0137,-0.0161,-0.0189,-0.0138,-0.016520000000000024,0.004225162718741929,0,0.009755845699588539,4711.60009765625,0.004884061976631493,1.0
2026-07-22,TITAN,4685.7001953125,4733.0,4675.0,4711.60009765625,996475,-0.0099,0,0.0,0.0,-0.0099,-0.0116,-0.0137,-0.0161,-0.011733333333333333,-0.014040000000000021,0.00357323382943892,0,0.004884061976631493,4697.2998046875,-0.00303512451658694,0.0
2026-07-23,TITAN,4700.0,4709.7998046875,4671.60009765625,4697.2998046875,421185,-0.0084,0,0.0,0.0,-0.0084,-0.0099,-0.0116,-0.0137,-0.009966666666666667,-0.011940000000000024,0.0030500819660866122,0,-0.00303512451658694,4677.0,-0.004321590175539236,0.0
2026-07-24,TITAN,4605.0,4697.0,4604.10009765625,4677.0,513858,-0.0071,0,0.0,0.0,-0.0071,-0.0084,-0.0099,-0.0116,-0.008466666666666666,-0.01014000000000002,0.0026044193210477476,0,-0.004321590175539236,4740.10009765625,0.013491575295328184,1.0
2026-07-27,TITAN,4686.89990234375,4749.10009765625,4686.89990234375,4740.10009765625,500721,-0.0061,0,0.0,0.0,-0.0061,-0.0071,-0.0084,-0.0099,-0.007200000000000001,-0.008620000000000022,0.002192487172105424,0,0.013491575295328184,4849.7001953125,0.023121895191715813,1.0
2026-07-28,TITAN,4750.0,4860.0,4712.89990234375,4849.7001953125,1321587,-0.0052,0,0.0,0.0,-0.0052,-0.0061,-0.0071,-0.0084,-0.0061333333333333335,-0.007340000000000023,0.0018609137540055065,0,0.023121895191715813,4850.2001953125,0.00010309915662065627,1.0
2026-07-29,TITAN,4849.7001953125,4866.89990234375,4823.2001953125,4850.2001953125,837059,-0.0044,0,0.0,0.0,-0.0044,-0.0052,-0.0061,-0.0071,-0.005233333333333333,-0.0062400000000000224,0.0015725775020160014,0,0.00010309915662065627,4850.0,-4.127568026845996e-05,0.0
2026-07-30,TITAN,4820.89990234375,4869.89990234375,4820.89990234375,4850.0,777361,0.0069,1,0.0,0.8972,0.0069,-0.0044,-0.0052,-0.0061,-0.0008999999999999998,-0.0031800000000000222,0.005724246675314312,0,-4.127568026845996e-05,4875.2001953125,0.005195916559278313,1.0
2026-07-31,TITAN,4850.0,4886.0,4820.89990234375,4875.2001953125,1003314,0.0059,0,0.0,0.0,0.0059,0.0069,-0.0044,-0.0052,0.0028,-0.0005800000000000223,0.006409914195981643,1,0.005195916559278313,5000.0,0.025598908698661216,1.0
2026-08-03,TITAN,4875.2001953125,5000.0,4851.7998046875,5000.0,505420,0.9264,1,0.0,0.9426,0.9264,0.0059,0.0069,-0.0044,0.31306666666666666,0.18591999999999997,0.41397902966213135,0,0.025598908698661216,4935.0,-0.013000000000000012,0.0
2026-08-04,TITAN,4935.0,4935.0,4862.0,4935.0,1181747,0.7874,0,0.0,0.0,0.7874,0.9264,0.0059,0.0069,0.5732333333333334,0.34443999999999997,0.4704048607316891,1,-0.013000000000000012,4912.39990234375,-0.0045795537297366185,0.0
2026-08-05,TITAN,4910.2001953125,4920.60009765625,4882.2998046875,4912.39990234375,546332,0.9337,1,0.0,0.9477,0.9337,0.7874,0.9264,0.0059,0.8825,0.53206,0.4833876839556422,0,-0.0045795537297366185,4998.0,0.017425311326019877,1.0
2026-08-06,TITAN,4883.89990234375,5005.0,4883.89990234375,4998.0,1283840,0.6571,4,0.35566695095271367,0.8397749999999999,0.6571,0.9337,0.7874,0.9264,0.7927333333333332,0.6620999999999999,0.3840392492962143,1,0.017425311326019877,4941.0,-0.01140456182472993,0.0
2026-08-07,TITAN,4978.10009765625,5003.0,4891.2998046875,4941.0,1166858,0.6966625,8,0.4229584948820122,0.9446125,0.6967,0.6571,0.9337,0.7874,0.7625000000000001,0.80026,0.12757583235080155,4,-0.01140456182472993,5090.0,0.03015583889900819,1.0
2026-08-10,TITAN,4932.0,5122.2001953125,4886.2001953125,5090.0,3664718,0.5392375,8,0.3986900225828869,0.86215,0.5392,0.6967,0.6571,0.9337,0.631,0.7228199999999999,0.14778246513033894,8,0.03015583889900819,5128.0,0.007465618860510892,1.0
2026-08-11,TITAN,5090.0,5168.0,5090.0,5128.0,1664853,0.2612,1,0.0,0.4463,0.2612,0.5392,0.6967,0.6571,0.4990333333333334,0.61758,0.24540975326991363,8,0.007465618860510892,5099.0,-0.005655226209048347,0.0
2026-08-12,TITAN,5128.0,5128.0,4992.0,5099.0,1105157,0.222,0,0.0,0.0,0.222,0.2612,0.5392,0.6967,0.3408,0.47524,0.22144530475943702,1,-0.005655226209048347,5063.7001953125,-0.006922887759854834,0.0
2026-08-13,TITAN,5069.5,5071.5,5010.0,5063.7001953125,533274,0.1887,0,0.0,0.0,0.1887,0.222,0.2612,0.5392,0.22396666666666665,0.38156,0.22433484571060283,0,-0.006922887759854834,5056.2001953125,-0.0014811303415914745,0.0
2026-08-14,TITAN,5064.0,5090.5,5046.39990234375,5056.2001953125,587764,0.1604,0,0.0,0.0,0.1604,0.1887,0.222,0.2612,0.19036666666666666,0.2743,0.15279028110452586,0,-0.0014811303415914745,5068.5,0.0024326182137532903,1.0
2026-08-17,TITAN,5056.2001953125,5111.0,5037.2001953125,5068.5,565258,0.1363,0,0.0,0.0,0.1363,0.1604,0.1887,0.222,0.16180000000000003,0.19371999999999998,0.049461570941490236,0,0.0024326182137532903,5048.60009765625,-0.003926191643237598,0.0
2026-08-18,TITAN,5060.0,5094.89990234375,5042.5,5048.60009765625,354873,0.9351,1,0.0,0.9501,0.9351,0.1363,0.1604,0.1887,0.4106,0.3285,0.3406054535676139,0,-0.003926191643237598,5068.0,0.003842630029808891,1.0
2026-08-19,TITAN,5045.0,5074.7998046875,5038.0,5068.0,412981,-0.0513,1,0.0,0.8568,-0.0513,0.9351,0.1363,0.1604,0.3400333333333334,0.27384,0.38144970572802916,1,0.003842630029808891,5068.0,0.0,0.0
2026-08-20,TITAN,5084.89990234375,5110.0,5060.10009765625,5068.0,614435,-0.0436,0,0.0,0.0,-0.0436,-0.0513,0.9351,0.1363,0.2800666666666667,0.22737999999999997,0.4076586157558798,1,0.0,5086.10009765625,0.003571447840617692,1.0
2026-08-21,TITAN,5068.0,5090.39990234375,5011.0,5086.10009765625,352381,-0.0371,0,0.0,0.0,-0.0371,-0.0436,-0.0513,0.9351,-0.044000000000000004,0.18788,0.42497184847940234,0,0.003571447840617692,,,
2026-02-23,WAAREEENER,2930.0,2940.0,2875.10009765625,2915.800048828125,978283,0.0,0,0.0,0.0,0.0,0.0,0.0,0.0,0.0,0.0,0.0,0,0.0,3023.5,0.03693667239465204,1.0
2026-02-24,WAAREEENER,2929.0,3049.0,2895.300048828125,3023.5,2294645,-0.8884,1,0.0,0.929,-0.8884,0.0,0.0,0.0,-0.4442,-0.4442,0.6281936644061288,0,0.03693667239465204,2708.5,-0.10418389283942453,0.0
2026-02-25,WAAREEENER,2819.0,2821.10009765625,2570.0,2708.5,14831874,0.1481,1,0.0,0.8287,0.1481,-0.8884,0.0,0.0,-0.24676666666666666,-0.24676666666666666,0.5605830922649498,1,-0.10418389283942453,2717.699951171875,0.0033966960206295305,1.0
2026-02-26,WAAREEENER,2755.0,2764.5,2705.0,2717.699951171875,3857643,0.1259,0,0.0,0.0,0.1259,0.1481,-0.8884,0.0,-0.20479999999999998,-0.1536,0.4941886077197652,1,0.0033966960206295305,2709.300048828125,-0.0030908130016810142,0.0
2026-02-27,WAAREEENER,2717.699951171875,2764.0,2687.0,2709.300048828125,2654339,0.107,0,0.0,0.0,0.107,0.1259,0.1481,-0.8884,0.127,-0.10147999999999999,0.443564264791473,0,-0.0030908130016810142,2643.300048828125,-0.024360535492754853,0.0
2026-03-02,WAAREEENER,2588.199951171875,2669.0,2581.800048828125,2643.300048828125,1471208,0.091,0,0.0,0.0,0.091,0.107,0.1259,0.1481,0.10796666666666667,-0.08327999999999999,0.4505805111187123,0,-0.024360535492754853,2634.0,-0.0035183477684449516,0.0
2026-03-04,WAAREEENER,2600.0,2642.199951171875,2573.60009765625,2634.0,1084934,0.0773,0,0.0,0.0,0.0773,0.091,0.107,0.1259,0.09176666666666666,0.10986,0.028033961546666868,0,-0.0035183477684449516,2646.199951171875,0.004631720262670891,1.0
2026-03-05,WAAREEENER,2650.0,2671.60009765625,2596.199951171875,2646.199951171875,1237673,0.0657,0,0.0,0.0,0.0657,0.0773,0.091,0.107,0.078,0.09337999999999999,0.023840448821278424,0,0.004631720262670891,2628.300048828125,-0.006764380120188207,0.0
2026-03-06,WAAREEENER,2634.0,2689.89990234375,2621.10009765625,2628.300048828125,844652,0.0559,0,0.0,0.0,0.0559,0.0657,0.0773,0.091,0.06629999999999998,0.07937999999999999,0.020252580082547374,0,-0.006764380120188207,2599.0,-0.01114790864200943,0.0
2026-03-09,WAAREEENER,2579.89990234375,2606.39990234375,2541.0,2599.0,955995,0.0475,0,0.0,0.0,0.0475,0.0559,0.0657,0.0773,0.05636666666666667,0.06748,0.017219814168567382,0,-0.01114790864200943,2655.699951171875,0.021816064321614093,1.0
2026-03-10,WAAREEENER,2638.60009765625,2663.89990234375,2613.0,2655.699951171875,791228,0.0404,0,0.0,0.0,0.0404,0.0475,0.0559,0.0657,0.04793333333333333,0.05735999999999999,0.014612939471577687,0,0.021816064321614093,2682.800048828125,0.010204502825814865,1.0
2026-03-11,WAAREEENER,2676.199951171875,2732.0,2670.39990234375,2682.800048828125,1512914,0.0343,0,0.0,0.0,0.0343,0.0404,0.0475,0.0559,0.04073333333333333,0.04876,0.012434950743770263,0,0.010204502825814865,2739.39990234375,0.021097305980871894,1.0
2026-03-12,WAAREEENER,2653.0,2759.60009765625,2615.0,2739.39990234375,1330806,0.0292,0,0.0,0.0,0.0292,0.0343,0.0404,0.0475,0.03463333333333333,0.04146,0.010579366710724805,0,0.021097305980871894,2726.60009765625,-0.0046724849031895,0.0
2026-03-13,WAAREEENER,2718.60009765625,2793.0,2685.300048828125,2726.60009765625,2249579,0.0248,0,0.0,0.0,0.0248,0.0292,0.0343,0.0404,0.02943333333333333,0.03524,0.008990161288875288,0,-0.0046724849031895,2790.699951171875,0.023509077686428848,1.0
2026-03-16,WAAREEENER,2755.60009765625,2818.0,2681.199951171875,2790.699951171875,1863844,0.0211,0,0.0,0.0,0.0211,0.0248,0.0292,0.0343,0.025033333333333335,0.029959999999999997,0.007640876913024541,0,0.023509077686428848,2883.10009765625,0.033110025477864236,1.0
2026-03-17,WAAREEENER,2791.300048828125,2965.0,2786.199951171875,2883.10009765625,4601103,0.0179,0,0.0,0.0,0.0179,0.0211,0.0248,0.0292,0.021266666666666666,0.02546,0.006494844108982997,0,0.033110025477864236,3184.800048828125,0.10464428599518105,1.0
2026-03-18,WAAREEENER,2890.0,3223.800048828125,2890.0,3184.800048828125,7718322,0.0152,0,0.0,0.0,0.0152,0.0179,0.0211,0.0248,0.018066666666666665,0.02164,0.005542833210551341,0,0.10464428599518105,3155.89990234375,-0.009074399033311087,0.0
2026-03-19,WAAREEENER,3095.0,3210.5,3095.0,3155.89990234375,3554580,0.0129,0,0.0,0.0,0.0129,0.0152,0.0179,0.0211,0.015333333333333332,0.01838,0.004716672555943507,0,-0.009074399033311087,3165.89990234375,0.0031686683068032906,1.0
2026-03-20,WAAREEENER,3180.0,3243.39990234375,3113.10009765625,3165.89990234375,2180409,0.011,0,0.0,0.0,0.011,0.0129,0.0152,0.0179,0.013033333333333333,0.015619999999999998,0.004004622329257839,0,0.0031686683068032906,3064.60009765625,-0.031997159674096665,0.0
2026-03-23,WAAREEENER,3108.800048828125,3110.39990234375,3015.89990234375,3064.60009765625,2004463,0.0093,0,0.0,0.0,0.0093,0.011,0.0129,0.0152,0.011066666666666667,0.01326,0.0033989704323501148,0,-0.031997159674096665,3086.699951171875,0.007211333554588917,1.0
2026-03-24,WAAREEENER,3135.0,3137.0,3016.300048828125,3086.699951171875,1849707,0.0079,0,0.0,0.0,0.0079,0.0093,0.011,0.0129,0.0094,0.011260000000000001,0.002890155705146384,0,0.007211333554588917,3177.89990234375,0.029546101861066987,1.0
2026-03-25,WAAREEENER,3142.0,3197.10009765625,3128.10009765625,3177.89990234375,1679711,0.0068,0,0.0,0.0,0.0068,0.0079,0.0093,0.011,0.008,0.00958,0.002432488437791654,0,0.029546101861066987,3092.60009765625,-0.02684156433769047,0.0
2026-03-27,WAAREEENER,3170.0,3183.39990234375,3080.0,3092.60009765625,1217830,0.0057,0,0.0,0.0,0.0057,0.0068,0.0079,0.0093,0.0068000000000000005,0.00814,0.0020815859338470725,0,-0.02684156433769047,3109.800048828125,0.005561647361037814,1.0
2026-03-30,WAAREEENER,3052.0,3143.39990234375,3014.0,3109.800048828125,1799109,0.0049,0,0.0,0.0,0.0049,0.0057,0.0068,0.0079,0.0058,0.00692,0.0017469974241509088,0,0.005561647361037814,3089.199951171875,-0.0066242515058203555,0.0
2026-04-01,WAAREEENER,3220.0,3220.0,3041.10009765625,3089.199951171875,2210451,0.876,1,0.0,0.8853,0.876,0.0049,0.0057,0.0068,0.29553333333333337,0.18026,0.38893213161167334,0,-0.0066242515058203555,3070.699951171875,-0.005988605558854165,0.0
2026-04-02,WAAREEENER,3066.0,3084.699951171875,2980.800048828125,3070.699951171875,1222615,0.7446,0,0.0,0.0,0.7446,0.876,0.0049,0.0057,0.5418333333333333,0.3276,0.4430855165766536,1,-0.005988605558854165,3084.699951171875,0.004559221097019561,1.0
2026-04-06,WAAREEENER,3075.0,3110.39990234375,3030.89990234375,3084.699951171875,705234,0.6329,0,0.0,0.0,0.6329,0.7446,0.876,0.0049,0.7511666666666666,0.45282,0.41749081067731303,0,0.004559221097019561,3083.800048828125,-0.0002917309164569559,0.0
2026-04-07,WAAREEENER,3084.0,3102.300048828125,3046.60009765625,3083.800048828125,661341,0.538,0,0.0,0.0,0.538,0.6329,0.7446,0.876,0.6385,0.55928,0.33461357862465774,0,-0.0002917309164569559,3125.0,0.013360124041612575,1.0
2026-04-08,WAAREEENER,3150.0,3150.0,3088.199951171875,3125.0,1759222,0.4573,0,0.0,0.0,0.4573,0.538,0.6329,0.7446,0.5427333333333334,0.64976,0.16582714795834852,0,0.013360124041612575,3232.300048828125,0.034336015625000105,1.0
2026-04-09,WAAREEENER,3130.60009765625,3244.89990234375,3115.0,3232.300048828125,2495594,0.0089,1,0.0,0.9452,0.0089,0.4573,0.538,0.6329,0.3347333333333333,0.47634,0.2824619850528563,0,0.034336015625000105,3281.39990234375,0.01519037613275609,1.0
2026-04-10,WAAREEENER,3268.0,3320.0,3200.0,3281.39990234375,2265005,0.0076,0,0.0,0.0,0.0076,0.0089,0.4573,0.538,0.1579333333333333,0.32893999999999995,0.29927372587649587,1,0.01519037613275609,3334.800048828125,0.01627358690607439,1.0
2026-04-13,WAAREEENER,3225.0,3381.800048828125,3220.0,3334.800048828125,3262309,0.0064,0,0.0,0.0,0.0064,0.0076,0.0089,0.4573,0.007633333333333297,0.20364000000000004,0.2699069154356738,0,0.01627358690607439,3426.10009765625,0.027377967941498715,1.0
2026-04-15,WAAREEENER,3393.0,3450.0,3365.300048828125,3426.10009765625,1874718,0.0055,0,0.0,0.0,0.0055,0.0064,0.0076,0.0089,0.006499999999999963,0.09713999999999999,0.2013396210386817,0,0.027377967941498715,3438.800048828125,0.003706824322080582,1.0
2026-04-16,WAAREEENER,3443.199951171875,3468.0,3395.5,3438.800048828125,1227960,0.0046,0,0.0,0.0,0.0046,0.0055,0.0064,0.0076,0.005499999999999963,0.0066,0.0016985287751319382,0,0.003706824322080582,3466.199951171875,0.007967867266108541,1.0
2026-04-17,WAAREEENER,3474.0,3514.89990234375,3413.0,3466.199951171875,3722006,0.0039,0,0.0,0.0,0.0039,0.0046,0.0055,0.0064,0.004666666666666629,0.0056,0.0014611639196035076,0,0.007967867266108541,3489.10009765625,0.006606700942521471,1.0
2026-04-20,WAAREEENER,3495.0,3520.0,3432.300048828125,3489.10009765625,1553640,0.0034,0,0.0,0.0,0.0034,0.0039,0.0046,0.0055,0.00396666666666663,0.0047599999999999995,0.0012095453691164243,0,0.006606700942521471,3472.800048828125,-0.0046717057040222,0.0
2026-04-21,WAAREEENER,3496.0,3557.0,3460.10009765625,3472.800048828125,1477569,0.0238,1,0.0,0.9326,0.0238,0.0034,0.0039,0.0046,0.01036666666666663,0.00824,0.008734013968385407,0,-0.0046717057040222,3427.800048828125,-0.012957843632599886,0.0
2026-04-22,WAAREEENER,3472.0,3529.39990234375,3420.800048828125,3427.800048828125,1301434,-0.0053,1,0.0,0.9413,-0.0053,0.0238,0.0034,0.0039,0.007299999999999964,0.00608,0.010696120792135399,1,-0.012957843632599886,3413.0,-0.004317652318484799,0.0
2026-04-23,WAAREEENER,3440.0,3477.60009765625,3385.0,3413.0,1301596,-0.9522,1,0.0,0.9609,-0.9522,-0.0053,0.0238,0.0034,-0.3112333333333334,-0.18528,0.42885392268230443,1,-0.004317652318484799,3305.699951171875,-0.03143863135895841,0.0
2026-04-24,WAAREEENER,3348.10009765625,3348.10009765625,3235.89990234375,3305.699951171875,2964226,-0.8094,0,0.0,0.0,-0.8094,-0.9522,-0.0053,0.0238,-0.5889666666666667,-0.34794,0.4891595015943163,1,-0.03143863135895841,3358.300048828125,0.015911939508485462,1.0
2026-04-27,WAAREEENER,3334.0,3370.0,3325.0,3358.300048828125,783238,-0.688,0,0.0,0.0,-0.688,-0.8094,-0.9522,-0.0053,-0.8165333333333334,-0.48622,0.46198005584657,0,0.015911939508485462,3453.60009765625,0.028377467004885304,1.0
2026-04-28,WAAREEENER,3375.0,3482.0,3372.0,3453.60009765625,1778289,0.9333,1,0.0,0.949,0.9333,-0.688,-0.8094,-0.9522,-0.18803333333333339,-0.30432000000000003,0.7815338873011202,0,0.028377467004885304,3502.89990234375,0.014274902505636566,1.0
2026-04-29,WAAREEENER,3479.89990234375,3535.60009765625,3462.0,3502.89990234375,1961068,-0.9412,1,0.0,0.9503,-0.9412,0.9333,-0.688,-0.8094,-0.23196666666666668,-0.4915,0.8037727104101009,1,0.014274902505636566,3118.800048828125,-0.10965196386531861,0.0
2026-04-30,WAAREEENER,3300.0,3324.89990234375,3100.0,3118.800048828125,8109147,-0.24323333333333333,3,0.48042371229294395,0.8888333333333334,-0.2432,-0.9412,0.9333,-0.688,-0.08370000000000004,-0.3497,0.7637202498297396,1,-0.10965196386531861,3118.800048828125,0.0,0.0
2026-05-01,WAAREEENER,3118.800048828125,3118.800048828125,3118.800048828125,3118.800048828125,0,-0.2067,0,0.0,0.0,-0.2067,-0.2432,-0.9412,0.9333,-0.46370000000000006,-0.22915999999999997,0.7192965195244586,3,0.0,3136.300048828125,0.0056111323990057915,1.0
2026-05-04,WAAREEENER,3159.800048828125,3165.0,3101.800048828125,3136.300048828125,1655282,-0.1757,0,0.0,0.0,-0.1757,-0.2067,-0.2432,-0.9412,-0.20853333333333338,-0.12669999999999998,0.67256663238671,0,0.0056111323990057915,3181.699951171875,0.014475624665029718,1.0
2026-05-05,WAAREEENER,3117.0,3197.0,3116.199951171875,3181.699951171875,1213873,-0.1494,0,0.0,0.0,-0.1494,-0.1757,-0.2067,-0.2432,-0.1772666666666667,-0.34324,0.33609929038901576,0,0.014475624665029718,3225.10009765625,0.013640552896381664,1.0
2026-05-06,WAAREEENER,3207.5,3247.699951171875,3186.10009765625,3225.10009765625,1349434,-0.127,0,0.0,0.0,-0.127,-0.1494,-0.1757,-0.2067,-0.15070000000000006,-0.1804,0.04601679041393371,0,0.013640552896381664,3226.60009765625,0.0004651018432233478,1.0
2026-05-07,WAAREEENER,3240.0,3258.5,3192.39990234375,3226.60009765625,993713,-0.1993,1,0.0,0.7078,-0.1993,-0.127,-0.1494,-0.1757,-0.15856666666666672,-0.17162000000000002,0.03353396785350491,0,0.0004651018432233478,3230.10009765625,0.0010847331228132084,1.0
2026-05-08,WAAREEENER,3250.0,3292.800048828125,3220.300048828125,3230.10009765625,1287553,-0.1694,0,0.0,0.0,-0.1694,-0.1993,-0.127,-0.1494,-0.16523333333333337,-0.16416,0.02735951388456857,1,0.0010847331228132084,3208.800048828125,-0.0065942380063021,0.0
2026-05-11,WAAREEENER,3220.0,3266.89990234375,3196.199951171875,3208.800048828125,937451,-0.144,0,0.0,0.0,-0.144,-0.1694,-0.1993,-0.127,-0.17090000000000005,-0.15782000000000002,0.02768775902813191,0,-0.0065942380063021,3125.199951171875,-0.026053383315916223,0.0
2026-05-12,WAAREEENER,3212.0,3233.0,3115.0,3125.199951171875,1018046,-0.1224,0,0.0,0.0,-0.1224,-0.144,-0.1694,-0.1993,-0.14526666666666668,-0.15242,0.0320325147311275,0,-0.026053383315916223,3085.300048828125,-0.012767151851768244,0.0
2026-05-13,WAAREEENER,3120.0,3144.199951171875,3064.5,3085.300048828125,1015367,-0.104,0,0.0,0.0,-0.104,-0.1224,-0.144,-0.1694,-0.12346666666666668,-0.14782,0.03773873341806665,0,-0.012767151851768244,3068.800048828125,-0.0053479401480796,0.0
2026-05-14,WAAREEENER,3100.699951171875,3109.0,3042.39990234375,3068.800048828125,783515,-0.0884,0,0.0,0.0,-0.0884,-0.104,-0.1224,-0.144,-0.10493333333333336,-0.12564000000000003,0.032084388727228394,0,-0.0053479401480796,3022.0,-0.01525027635671361,0.0
2026-05-15,WAAREEENER,3068.0,3075.199951171875,3014.0,3022.0,599165,-0.0752,0,0.0,0.0,-0.0752,-0.0884,-0.104,-0.1224,-0.08920000000000004,-0.1068,0.02725876005983949,0,-0.01525027635671361,2997.5,-0.008107213765718102,0.0
2026-05-18,WAAREEENER,3020.0,3037.89990234375,2961.300048828125,2997.5,684926,-0.0639,0,0.0,0.0,-0.0639,-0.0752,-0.0884,-0.104,-0.07583333333333338,-0.09078,0.02315992227966019,0,-0.008107213765718102,2998.800048828125,0.00043371103523770493,1.0
2026-05-19,WAAREEENER,2996.800048828125,3047.39990234375,2986.0,2998.800048828125,796513,-0.0543,0,0.0,0.0,-0.0543,-0.0639,-0.0752,-0.0884,-0.06446666666666671,-0.07716,0.01967849079578767,0,0.00043371103523770493,3005.199951171875,0.0021341544082777997,1.0
2026-05-20,WAAREEENER,3000.0,3047.89990234375,2998.699951171875,3005.199951171875,966842,-0.0462,0,0.0,0.0,-0.0462,-0.0543,-0.0639,-0.0752,-0.054800000000000036,-0.0656,0.016725280266707027,0,0.0021341544082777997,3056.60009765625,0.017103735964168143,1.0
2026-05-21,WAAREEENER,3040.0,3074.199951171875,2999.0,3056.60009765625,949176,-0.0392,0,0.0,0.0,-0.0392,-0.0462,-0.0543,-0.0639,-0.0465666666666667,-0.05576,0.0142472102532355,0,0.017103735964168143,2997.5,-0.019335240387372554,0.0
2026-05-22,WAAREEENER,3075.0,3087.699951171875,2992.10009765625,2997.5,1254447,-0.0334,0,0.0,0.0,-0.0334,-0.0392,-0.0462,-0.0543,-0.03960000000000003,-0.047400000000000005,0.012088631022572334,0,-0.019335240387372554,2984.199951171875,-0.004437047148665552,0.0
2026-05-25,WAAREEENER,3025.0,3028.300048828125,2974.89990234375,2984.199951171875,1277965,-0.0283,0,0.0,0.0,-0.0283,-0.0334,-0.0392,-0.0462,-0.03363333333333337,-0.040279999999999996,0.010291112670644406,0,-0.004437047148665552,3088.10009765625,0.0348167509498063,1.0
2026-05-26,WAAREEENER,2996.0,3102.0,2995.10009765625,3088.10009765625,1540466,-0.0241,0,0.0,0.0,-0.0241,-0.0283,-0.0334,-0.0392,-0.02860000000000004,-0.03424000000000001,0.008752885238588328,0,0.0348167509498063,3129.10009765625,0.013276771705398316,1.0
2026-05-27,WAAREEENER,3096.0,3154.60009765625,3040.0,3129.10009765625,1978239,-0.0205,0,0.0,0.0,-0.0205,-0.0241,-0.0283,-0.0334,-0.024300000000000033,-0.029099999999999997,0.007417883795254351,0,0.013276771705398316,3129.10009765625,0.0,0.0
2026-05-28,WAAREEENER,3129.10009765625,3129.10009765625,3129.10009765625,3129.10009765625,0,-0.0174,0,0.0,0.0,-0.0174,-0.0205,-0.0241,-0.0283,-0.020666666666666705,-0.02474,0.0063232112094960755,0,0.0,3140.800048828125,0.003739078587047695,1.0
2026-05-29,WAAREEENER,3145.0,3180.0,3071.89990234375,3140.800048828125,3943932,-0.0148,0,0.0,0.0,-0.0148,-0.0174,-0.0205,-0.0241,-0.017566666666666706,-0.02102,0.0053513549685940826,0,0.003739078587047695,3096.10009765625,-0.01423202702399129,0.0
2026-06-01,WAAREEENER,3149.300048828125,3163.0,3085.0,3096.10009765625,896473,-0.0126,0,0.0,0.0,-0.0126,-0.0148,-0.0174,-0.0205,-0.01493333333333337,-0.01788,0.0045592762583436825,0,-0.01423202702399129,3099.800048828125,0.0011950360308685681,1.0
2026-06-02,WAAREEENER,3090.0,3114.699951171875,3026.39990234375,3099.800048828125,826772,0.0685,1,0.0,0.8923,0.0685,-0.0126,-0.0148,-0.0174,0.013699999999999964,0.0006399999999999989,0.03804934953451761,0,0.0011950360308685681,3084.5,-0.004935817984101587,0.0
2026-06-03,WAAREEENER,3110.800048828125,3129.699951171875,3028.89990234375,3084.5,821381,0.0582,0,0.0,0.0,0.0582,0.0685,-0.0126,-0.0148,0.0380333333333333,0.01638,0.043065438578979945,1,-0.004935817984101587,3071.60009765625,-0.004182169668909053,0.0
2026-06-04,WAAREEENER,3070.0,3107.89990234375,3050.10009765625,3071.60009765625,689495,0.0495,0,0.0,0.0,0.0495,0.0582,0.0685,-0.0126,0.058733333333333304,0.029759999999999998,0.04024690050177645,0,-0.004182169668909053,3053.0,-0.006055507574193153,0.0
2026-06-05,WAAREEENER,3084.699951171875,3109.699951171875,3031.699951171875,3053.0,726329,0.0421,0,0.0,0.0,0.0421,0.0495,0.0582,0.0685,0.049933333333333295,0.041139999999999996,0.03161649885739869,0,-0.006055507574193153,3003.800048828125,-0.01611528043625121,0.0
2026-06-08,WAAREEENER,2991.10009765625,3043.0,2991.10009765625,3003.800048828125,576226,0.0358,0,0.0,0.0,0.0358,0.0421,0.0495,0.0582,0.04246666666666663,0.05082,0.012946312216221724,0,-0.01611528043625121,3040.800048828125,0.012317730673995664,1.0
2026-06-09,WAAREEENER,3040.0,3070.0,3006.300048828125,3040.800048828125,697669,0.9367,1,0.0,0.9503,0.9367,0.0358,0.0421,0.0495,0.3382,0.22446000000000002,0.39824206583433636,0,0.012317730673995664,3017.199951171875,-0.007761147486611275,0.0
2026-06-10,WAAREEENER,3040.800048828125,3074.800048828125,3008.10009765625,3017.199951171875,498505,0.7962,0,0.0,0.0,0.7962,0.9367,0.0358,0.0421,0.5895666666666667,0.37206,0.4540656373257063,1,-0.007761147486611275,3013.89990234375,-0.0010937454863881868,0.0
2026-06-11,WAAREEENER,3019.0,3019.10009765625,2962.199951171875,3013.89990234375,722523,0.882,1,0.0,0.926,0.882,0.7962,0.9367,0.0358,0.8716333333333331,0.53856,0.4588259506610321,0,-0.0010937454863881868,3031.39990234375,0.005806430394848627,1.0
2026-06-12,WAAREEENER,3040.0,3077.60009765625,3020.0,3031.39990234375,587997,0.7497,0,0.0,0.0,0.7497,0.882,0.7962,0.9367,0.8093,0.68008,0.3674415014665598,1,0.005806430394848627,3050.89990234375,0.006432671580190785,1.0
2026-06-15,WAAREEENER,3080.0,3080.0,3045.0,3050.89990234375,579143,0.904,1,0.0,0.9287,0.904,0.7497,0.882,0.7962,0.8452333333333333,0.85372,0.07800998013074907,0,0.006432671580190785,3064.60009765625,0.004490542381274221,1.0
2026-06-16,WAAREEENER,3060.0,3083.10009765625,2996.0,3064.60009765625,1111165,0.7684,0,0.0,0.0,0.7684,0.904,0.7497,0.882,0.8073666666666667,0.82006,0.06904902606119705,1,0.004490542381274221,3078.60009765625,0.00456829588000951,1.0
2026-06-17,WAAREEENER,3069.0,3103.60009765625,3056.800048828125,3078.60009765625,630837,0.6531,0,0.0,0.0,0.6531,0.7684,0.904,0.7497,0.7751666666666667,0.79144,0.10281280562264543,0,0.00456829588000951,3065.89990234375,-0.0041253150489304335,0.0
2026-06-18,WAAREEENER,3087.800048828125,3093.5,3054.0,3065.89990234375,492939,0.5552,0,0.0,0.0,0.5552,0.6531,0.7684,0.904,0.6588999999999999,0.72608,0.13089162310858504,0,-0.0041253150489304335,3125.39990234375,0.019407026287621143,1.0
2026-06-19,WAAREEENER,3066.300048828125,3147.5,3052.60009765625,3125.39990234375,1902606,0.4719,0,0.0,0.0,0.4719,0.5552,0.6531,0.7684,0.5600666666666666,0.67052,0.17113260063471214,0,0.019407026287621143,3061.300048828125,-0.020509328571859275,0.0
2026-06-22,WAAREEENER,3145.0,3157.800048828125,3058.0,3061.300048828125,1093756,0.9083,2,0.0009899494936612145,0.9373499999999999,0.9083,0.4719,0.5552,0.6531,0.6451333333333333,0.67138,0.17260372823319858,0,-0.020509328571859275,3033.800048828125,-0.008983111606628347,0.0
2026-06-23,WAAREEENER,3070.0,3094.0,3021.0,3033.800048828125,746444,0.7721,0,0.0,0.0,0.7721,0.9083,0.4719,0.5552,0.7174333333333333,0.67212,0.17313079448786653,2,-0.008983111606628347,3028.800048828125,-0.0016480980682729296,0.0
2026-06-24,WAAREEENER,3029.89990234375,3057.0,3020.0,3028.800048828125,440553,0.6562,0,0.0,0.0,0.6562,0.7721,0.9083,0.4719,0.7788666666666666,0.6727399999999999,0.17305118606932424,0,-0.0016480980682729296,3009.39990234375,-0.006405225228347855,0.0
2026-06-25,WAAREEENER,3042.10009765625,3082.0,3005.5,3009.39990234375,531855,-0.0073,1,0.0,0.9521,-0.0073,0.6562,0.7721,0.9083,0.4736666666666666,0.56024,0.3553675393166909,0,-0.006405225228347855,3009.39990234375,0.0,0.0
2026-06-26,WAAREEENER,3009.39990234375,3009.39990234375,3009.39990234375,3009.39990234375,0,-0.0062,0,0.0,0.0,-0.0062,-0.0073,0.6562,0.7721,0.2142333333333333,0.46462000000000003,0.4394538508194004,1,0.0,2886.10009765625,-0.04097155867901536,0.0
2026-06-29,WAAREEENER,3020.0,3020.0,2836.0,2886.10009765625,3058476,0.017633333333333317,3,0.7864347419419703,0.8512333333333334,0.0176,-0.0062,-0.0073,0.6562,0.0013666666666666296,0.28647999999999996,0.39267810863352154,0,-0.04097155867901536,2947.0,0.021101105395895825,1.0
2026-06-30,WAAREEENER,2900.0,2959.5,2865.60009765625,2947.0,1300340,0.9159,1,0.0,0.9382,0.9159,0.0176,-0.0062,-0.0073,0.3091,0.31524,0.4395996621927726,3,0.021101105395895825,2877.699951171875,-0.023515455998685098,0.0
2026-07-01,WAAREEENER,2954.0,2954.0,2866.5,2877.699951171875,775001,0.9087,1,0.0,0.9384,0.9087,0.9159,0.0176,-0.0062,0.6140666666666666,0.36574,0.4990443998283116,1,-0.023515455998685098,2879.60009765625,0.000660300419298876,1.0
2026-07-02,WAAREEENER,2890.0,2907.300048828125,2873.699951171875,2879.60009765625,599536,0.7724,0,0.0,0.0,0.7724,0.9087,0.9159,0.0176,0.8656666666666665,0.52168,0.4745546196171731,1,0.000660300419298876,2859.199951171875,-0.007084367895729304,0.0
2026-07-03,WAAREEENER,2895.199951171875,2918.800048828125,2834.10009765625,2859.199951171875,770232,0.6565,0,0.0,0.0,0.6565,0.7724,0.9087,0.9159,0.7791999999999999,0.6542199999999999,0.37164944100590264,0,-0.007084367895729304,2876.199951171875,0.0059457191837990475,1.0
2026-07-06,WAAREEENER,2869.5,2885.5,2842.0,2876.199951171875,379488,0.5581,0,0.0,0.0,0.5581,0.6565,0.7724,0.9087,0.6623333333333332,0.76232,0.1565400970997524,0,0.0059457191837990475,2841.199951171875,-0.012168834084619107,0.0
2026-07-07,WAAREEENER,2878.699951171875,2885.0,2825.0,2841.199951171875,525419,0.0653,1,0.0,0.9032,0.0653,0.5581,0.6565,0.7724,0.42663333333333336,0.5922,0.3223217336761513,0,-0.012168834084619107,2823.300048828125,-0.006300120600933767,0.0
2026-07-08,WAAREEENER,2830.0,2865.0,2803.300048828125,2823.300048828125,458923,0.0555,0,0.0,0.0,0.0555,0.0653,0.5581,0.6565,0.22629999999999997,0.42155999999999993,0.3383229936022672,1,-0.006300120600933767,2863.39990234375,0.014203185216629555,1.0
2026-07-09,WAAREEENER,2840.0,2889.0,2834.10009765625,2863.39990234375,471314,0.0472,0,0.0,0.0,0.0472,0.0555,0.0653,0.5581,0.05599999999999996,0.27652,0.3040244595423199,0,0.014203185216629555,2922.89990234375,0.0207794936192105,1.0
2026-07-10,WAAREEENER,2869.89990234375,2930.0,2869.89990234375,2922.89990234375,675347,0.0401,0,0.0,0.0,0.0401,0.0472,0.0555,0.0653,0.047599999999999955,0.15324,0.226518935190857,0,0.0207794936192105,2880.199951171875,-0.01460876273513012,0.0
2026-07-13,WAAREEENER,2904.89990234375,2914.0,2860.0,2880.199951171875,532271,0.0341,0,0.0,0.0,0.0341,0.0401,0.0472,0.0555,0.04046666666666663,0.04844,0.012357507839351474,0,-0.01460876273513012,2820.10009765625,-0.02086655598031384,0.0
2026-07-14,WAAREEENER,2847.89990234375,2854.199951171875,2809.300048828125,2820.10009765625,791107,0.029,0,0.0,0.0,0.029,0.0341,0.0401,0.0472,0.034399999999999965,0.04118,0.010499380934113726,0,-0.02086655598031384,2812.800048828125,-0.0025885779140222276,0.0
2026-07-15,WAAREEENER,2825.0,2847.60009765625,2806.300048828125,2812.800048828125,365892,0.0246,0,0.0,0.0,0.0246,0.029,0.0341,0.0401,0.029233333333333295,0.034999999999999996,0.008941755979651243,0,-0.0025885779140222276,2830.300048828125,0.006221558481304346,1.0
2026-07-16,WAAREEENER,2823.10009765625,2848.0,2802.10009765625,2830.300048828125,431763,0.0209,0,0.0,0.0,0.0209,0.0246,0.029,0.0341,0.024833333333333294,0.029739999999999996,0.007606773297504469,0,0.006221558481304346,2840.699951171875,0.003674487568219531,1.0
2026-07-17,WAAREEENER,2837.10009765625,2848.0,2810.0,2840.699951171875,439273,0.0178,0,0.0,0.0,0.0178,0.0209,0.0246,0.029,0.021099999999999963,0.025280000000000004,0.006465833279603299,0,0.003674487568219531,2826.199951171875,-0.005104375769788061,0.0
2026-07-20,WAAREEENER,2819.0,2847.5,2733.0,2826.199951171875,921417,0.0151,0,0.0,0.0,0.0151,0.0178,0.0209,0.0246,0.017933333333333298,0.021480000000000003,0.005496999181337423,0,-0.005104375769788061,2732.10009765625,-0.033295539997658996,0.0
2026-07-21,WAAREEENER,2823.300048828125,2834.89990234375,2711.199951171875,2732.10009765625,1126138,0.0129,0,0.0,0.0,0.0129,0.0151,0.0178,0.0209,0.015266666666666628,0.01826,0.004639288738548531,0,-0.033295539997658996,2697.199951171875,-0.012774109745947615,0.0
2026-07-22,WAAREEENER,2732.10009765625,2748.89990234375,2666.800048828125,2697.199951171875,1137312,0.0109,0,0.0,0.0,0.0109,0.0129,0.0151,0.0178,0.012966666666666632,0.01552,0.003953732413760736,0,-0.012774109745947615,2711.800048828125,0.005413057215096995,1.0
2026-07-23,WAAREEENER,2698.0,2739.800048828125,2686.199951171875,2711.800048828125,701465,0.0093,0,0.0,0.0,0.0093,0.0109,0.0129,0.0151,0.011033333333333296,0.0132,0.003367491648040351,0,0.005413057215096995,2702.0,-0.0036138537693293227,0.0
2026-07-24,WAAREEENER,2700.0,2718.0,2678.0,2702.0,431356,0.0079,0,0.0,0.0,0.0079,0.0093,0.0109,0.0129,0.009366666666666629,0.011219999999999999,0.0028586710198308675,0,-0.0036138537693293227,2741.39990234375,0.014581755123519669,1.0
2026-07-27,WAAREEENER,2721.0,2760.89990234375,2716.5,2741.39990234375,710887,0.0067,0,0.0,0.0,0.0067,0.0079,0.0093,0.0109,0.00796666666666663,0.00954,0.0024470390269916596,0,0.014581755123519669,2694.300048828125,-0.017180949585413385,0.0
2026-07-28,WAAREEENER,2741.0,2783.300048828125,2687.0,2694.300048828125,1036716,-0.0016,1,0.0,0.9416,-0.0016,0.0067,0.0079,0.0093,0.004333333333333297,0.006639999999999998,0.004866004521126067,0,-0.017180949585413385,2736.199951171875,0.015551312617157809,1.0
2026-07-29,WAAREEENER,2708.699951171875,2751.199951171875,2645.0,2736.199951171875,1130793,-0.009149999999999991,2,1.321229020647064,0.95095,-0.0091,-0.0016,0.0067,0.0079,-0.0013333333333333704,0.00264,0.007815241518956276,1,0.015551312617157809,2624.89990234375,-0.04067686967849582,0.0
2026-07-30,WAAREEENER,2626.0,2650.0,2561.0,2624.89990234375,4868001,-0.94475,2,0.01025304832720491,0.9559500000000001,-0.9448,-0.0091,-0.0016,0.0067,-0.31850000000000006,-0.18818,0.4230192513349712,2,-0.04067686967849582,2680.199951171875,0.021067488622612984,1.0
2026-07-31,WAAREEENER,2639.89990234375,2701.89990234375,2625.5,2680.199951171875,1316398,-0.803,0,0.0,0.0,-0.803,-0.9448,-0.0091,-0.0016,-0.5856333333333333,-0.35036,0.48057924736717406,2,0.021067488622612984,2676.0,-0.0015670290457391323,0.0
2026-08-03,WAAREEENER,2705.0,2719.0,2670.199951171875,2676.0,671684,0.0391,1,0.0,0.854,0.0391,-0.803,-0.9448,-0.0091,-0.5695666666666668,-0.34388,0.4867758590973873,0,-0.0015670290457391323,2670.0,-0.0022421524663677195,0.0
2026-08-04,WAAREEENER,2678.0,2695.0,2662.0,2670.0,614626,0.0332,0,0.0,0.0,0.0332,0.0391,-0.803,-0.9448,-0.2435666666666667,-0.33692,0.4931010210899988,1,-0.0022421524663677195,2697.0,0.010112359550561889,1.0
2026-08-05,WAAREEENER,2686.0,2700.0,2672.699951171875,2697.0,447229,0.0282,0,0.0,0.0,0.0282,0.0332,0.0391,-0.803,0.03349999999999997,-0.32946,0.4995405068660593,0,0.010112359550561889,2660.89990234375,-0.013385279071653655,0.0
2026-08-06,WAAREEENER,2690.0,2692.800048828125,2660.89990234375,2660.89990234375,363839,0.024,0,0.0,0.0,0.024,0.0282,0.0332,0.0391,0.02846666666666663,-0.1357,0.3730746708100129,0,-0.013385279071653655,2717.0,0.021083129661073174,1.0
2026-08-07,WAAREEENER,2663.89990234375,2730.0,2656.89990234375,2717.0,777123,0.0204,0,0.0,0.0,0.0204,0.024,0.0282,0.0332,0.02419999999999996,0.02898,0.007403512679767925,0,0.021083129661073174,2701.0,-0.005888847994111157,0.0
2026-08-10,WAAREEENER,2723.0,2725.0,2693.0,2701.0,356031,0.0173,0,0.0,0.0,0.0173,0.0204,0.024,0.0282,0.02056666666666663,0.024620000000000003,0.006289038082209693,0,-0.005888847994111157,2704.0,0.0011106997408367736,1.0
2026-08-11,WAAREEENER,2701.0,2719.300048828125,2685.0,2704.0,336490,0.0147,0,0.0,0.0,0.0147,0.0173,0.0204,0.024,0.017466666666666627,0.02092,0.005351354968555428,0,0.0011106997408367736,2668.0,-0.013313609467455634,0.0
2026-08-12,WAAREEENER,2704.0,2709.10009765625,2650.89990234375,2668.0,542431,0.0125,0,0.0,0.0,0.0125,0.0147,0.0173,0.0204,0.014833333333333297,0.017779999999999997,0.004559276258298248,0,-0.013313609467455634,2687.0,0.007121439280359798,1.0
2026-08-13,WAAREEENER,2668.0,2689.0,2668.0,2687.0,229853,0.0107,0,0.0,0.0,0.0107,0.0125,0.0147,0.0173,0.012633333333333297,0.01512,0.0038473367411082453,0,0.007121439280359798,2682.0,-0.0018608113137328353,0.0
2026-08-14,WAAREEENER,2703.89990234375,2703.89990234375,2660.10009765625,2682.0,372863,0.0091,0,0.0,0.0,0.0091,0.0107,0.0125,0.0147,0.010766666666666631,0.01286,0.0032416045408841646,0,-0.0018608113137328353,2707.0,0.00932140193885167,1.0
2026-08-17,WAAREEENER,2682.0,2719.0,2660.800048828125,2707.0,405982,0.0077,0,0.0,0.0,0.0077,0.0091,0.0107,0.0125,0.009166666666666629,0.01094,0.0027618834152585725,0,0.00932140193885167,2709.10009765625,0.0007758026066679857,1.0
2026-08-18,WAAREEENER,2706.89990234375,2719.5,2693.0,2709.10009765625,396655,0.0065,0,0.0,0.0,0.0065,0.0077,0.0091,0.0107,0.00776666666666663,0.0093,0.0023790754505647656,0,0.0007758026066679857,2679.0,-0.011110736617776062,0.0
2026-08-19,WAAREEENER,2711.0,2711.800048828125,2660.0,2679.0,438529,0.0056,0,0.0,0.0,0.0056,0.0065,0.0077,0.0091,0.006599999999999963,0.00792,0.0020351904086545786,0,-0.011110736617776062,2675.0,-0.001493094438223208,0.0
2026-08-20,WAAREEENER,2699.199951171875,2712.0,2664.39990234375,2675.0,444611,0.0047,0,0.0,0.0,0.0047,0.0056,0.0065,0.0077,0.005599999999999963,0.006719999999999999,0.001732628061494816,0,-0.001493094438223208,2678.199951171875,0.0011962434287382528,1.0
2026-08-21,WAAREEENER,2672.89990234375,2727.0,2672.800048828125,2678.199951171875,449753,0.004,0,0.0,0.0,0.004,0.0047,0.0056,0.0065,0.00476666666666663,0.0057,0.0014611639194419708,0,0.0011962434287382528,,,
2026-02-23,WIPRO,207.98465123840498,209.34907334064056,201.97330375460703,203.56512451171875,20946229,0.0,0,0.0,0.0,0.0,0.0,0.0,0.0,0.0,0.0,0.0,0,0.0,197.8800506591797,-0.02792754341479442,0.0
2026-02-24,WIPRO,200.70775660195747,200.9944753304764,197.10885950083022,197.8800506591797,25036686,0.0,0,0.0,0.0,0.0,0.0,0.0,0.0,0.0,0.0,0.0,0,-0.02792754341479442,199.63995361328125,0.008893786656305025,1.0
2026-02-25,WIPRO,199.0368410208734,203.1597523152721,199.0368410208734,199.63995361328125,13979068,0.0,0,0.0,0.0,0.0,0.0,0.0,0.0,0.0,0.0,0.0,0,0.008893786656305025,198.8094482421875,-0.0041600158488440675,0.0
2026-02-26,WIPRO,201.40975565647489,202.31936539730586,196.87157351677192,198.8094482421875,14378069,0.0,0,0.0,0.0,0.0,0.0,0.0,0.0,0.0,0.0,0.0,0,-0.0041600158488440675,198.69081115722656,-0.0005967376601559993,0.0
2026-02-27,WIPRO,201.69647751747044,201.69647751747044,197.7910830534253,198.69081115722656,13288519,-0.9481,1,0.0,0.9634,-0.9481,0.0,0.0,0.0,-0.31603333333333333,-0.18962,0.42400320989351015,0,-0.0005967376601559993,196.32778930664062,-0.011892959905005607,0.0
2026-03-02,WIPRO,192.79809388477366,198.0975702996301,192.50147841534536,196.32778930664062,10486866,-0.8059,0,0.0,0.0,-0.8059,-0.9481,0.0,0.0,-0.5846666666666667,-0.3508,0.48297650563976713,1,-0.011892959905005607,193.34188842773438,-0.015208753123800656,0.0
2026-03-04,WIPRO,193.79668574400895,194.8941524318745,192.31362346778468,193.34188842773438,19562075,-0.685,0,0.0,0.0,-0.685,-0.8059,-0.9481,0.0,-0.8130000000000001,-0.4878,0.4549310991787658,0,-0.015208753123800656,193.4704132080078,0.0006647539305559835,1.0
2026-03-05,WIPRO,194.18228431846163,194.74585523360835,191.03819948603214,193.4704132080078,13149281,-0.5823,0,0.0,0.0,-0.5823,-0.685,-0.8059,-0.9481,-0.6910666666666666,-0.60426,0.3643542136438112,0,0.0006647539305559835,193.19357299804688,-0.0014309175515291317,0.0
2026-03-06,WIPRO,193.39132670391479,196.68371167846257,192.79809575929033,193.19357299804688,9022914,-0.4949,0,0.0,0.0,-0.4949,-0.5823,-0.685,-0.8059,-0.5874,-0.70324,0.17948553702178902,0,-0.0014309175515291317,196.50575256347656,0.017144356895677726,1.0
2026-03-09,WIPRO,191.8093886657331,197.24728370522553,190.85034051548527,196.50575256347656,25862728,-0.4207,0,0.0,0.0,-0.4207,-0.4949,-0.5823,-0.685,-0.4993,-0.59776,0.1525635211969099,0,0.017144356895677726,198.6611328125,0.01096853512381113,1.0
2026-03-10,WIPRO,198.23599552495915,199.03684675887746,195.1907724366907,198.6611328125,12982340,-0.3576,0,0.0,0.0,-0.3576,-0.4207,-0.4949,-0.5823,-0.42440000000000005,-0.5081,0.1296750747059742,0,0.01096853512381113,199.9464569091797,0.006469932384271626,1.0
2026-03-11,WIPRO,200.40126932343745,203.62445265408158,199.30380260783787,199.9464569091797,29199002,-0.3039,0,0.0,0.0,-0.3039,-0.3576,-0.4207,-0.4949,-0.36073333333333335,-0.43188000000000004,0.11024868253181071,0,0.006469932384271626,200.22329711914062,0.001384571721051664,1.0
2026-03-12,WIPRO,198.78967321086512,201.49873917722337,197.44502942203997,200.22329711914062,19042475,-0.2583,0,0.0,0.0,-0.2583,-0.3039,-0.3576,-0.4207,-0.3066,-0.36707999999999996,0.09371196295030843,0,0.001384571721051664,195.34896850585938,-0.024344462824327784,0.0
2026-03-13,WIPRO,198.33487150232247,199.78827376725542,193.82634942522014,195.34896850585938,12629652,-0.2196,0,0.0,0.0,-0.2196,-0.2583,-0.3039,-0.3576,-0.2606,-0.31202,0.07965881621013442,0,-0.024344462824327784,192.9068603515625,-0.012501259530447006,0.0
2026-03-16,WIPRO,194.02410546172283,196.05094523243446,190.59328675018614,192.9068603515625,12631649,-0.1867,0,0.0,0.0,-0.1867,-0.2196,-0.2583,-0.3039,-0.22153333333333333,-0.26522,0.06768431871563728,0,-0.012501259530447006,189.15965270996094,-0.019424957903376172,0.0
2026-03-17,WIPRO,192.79809150296356,192.90685000419404,186.12431141247635,189.15965270996094,21778468,-0.1587,0,0.0,0.0,-0.1587,-0.1867,-0.2196,-0.2583,-0.18833333333333332,-0.22544,0.05749972173845682,0,-0.019424957903376172,192.1060028076172,0.015575996548132354,1.0
2026-03-18,WIPRO,190.8206791535338,195.76422006424713,190.5141820309079,192.1060028076172,24529164,-0.1349,0,0.0,0.0,-0.1349,-0.1587,-0.1867,-0.2196,-0.1601,-0.19163999999999998,0.048872773606579385,0,0.015575996548132354,186.2825164794922,-0.030313921704762548,0.0
2026-03-19,WIPRO,189.81219692550877,190.61304815752558,185.560748627745,186.2825164794922,13685195,-0.1146,0,0.0,0.0,-0.1146,-0.1349,-0.1587,-0.1867,-0.13606666666666667,-0.1629,0.04158082490764178,0,-0.030313921704762548,188.744384765625,0.013215777479599566,1.0
2026-03-20,WIPRO,189.0311185851019,190.12858526393205,186.28251106271452,188.744384765625,24395304,-0.0974,0,0.0,0.0,-0.0974,-0.1146,-0.1349,-0.1587,-0.11563333333333332,-0.13846,0.03537178253919306,0,0.013215777479599566,185.42233276367188,-0.0176007991235253,0.0
2026-03-23,WIPRO,187.27122739211956,188.4675558887426,184.88843696343739,185.42233276367188,12014988,-0.0828,0,0.0,0.0,-0.0828,-0.0974,-0.1146,-0.1349,-0.09826666666666667,-0.11768,0.030068870946544757,0,-0.0176007991235253,186.60879516601562,0.006398702813516843,1.0
2026-03-24,WIPRO,189.33762442635032,189.33762442635032,185.67940702392252,186.60879516601562,11843191,-0.0704,0,0.0,0.0,-0.0704,-0.0828,-0.0974,-0.1146,-0.08353333333333335,-0.10002,0.02554372721432727,0,0.006398702813516843,186.915283203125,0.0016424093882430046,1.0
2026-03-25,WIPRO,186.8658447771559,188.46754719042633,185.7782597517936,186.915283203125,13862888,-0.0598,0,0.0,0.0,-0.0598,-0.0704,-0.0828,-0.0974,-0.071,-0.08499999999999999,0.021696543503516047,0,0.0016424093882430046,189.43649291992188,0.01348851561836728,1.0
2026-03-27,WIPRO,186.91528404898315,190.11868889002054,185.7782605925063,189.43649291992188,26269256,-0.0509,0,0.0,0.0,-0.0509,-0.0598,-0.0704,-0.0828,-0.06036666666666666,-0.07226,0.018426014219031884,0,0.01348851561836728,185.52120971679688,-0.020668051560583156,0.0
2026-03-30,WIPRO,187.84468006738422,189.46616094402066,184.3940829499458,185.52120971679688,27946986,-0.0432,0,0.0,0.0,-0.0432,-0.0509,-0.0598,-0.0704,-0.051300000000000005,-0.061419999999999995,0.015676479196553208,0,-0.020668051560583156,189.02122497558594,0.018865849700591797,1.0
2026-04-01,WIPRO,189.34750048944647,192.29386176497866,188.25993052973445,189.02122497558594,11769673,-0.0367,0,0.0,0.0,-0.0367,-0.0432,-0.0509,-0.0598,-0.04360000000000001,-0.0522,0.013341101903514788,0,0.018865849700591797,192.70912170410156,0.019510490046776185,1.0
2026-04-02,WIPRO,188.3489148575087,193.1342589948106,186.4505968960953,192.70912170410156,16623045,-0.0312,0,0.0,0.0,-0.0312,-0.0367,-0.0432,-0.0509,-0.037033333333333335,-0.04436,0.011339885360971079,0,0.019510490046776185,195.06224060058594,0.012210729184358504,1.0
2026-04-06,WIPRO,194.7755218511451,198.90831502251189,193.89557212745996,195.06224060058594,23282287,-0.0266,0,0.0,0.0,-0.0266,-0.0312,-0.0367,-0.0432,-0.0315,-0.037720000000000004,0.009630005192104857,0,0.012210729184358504,202.40834045410156,0.037660286434203716,1.0
2026-04-07,WIPRO,194.785393724234,202.95213297211242,194.785393724234,202.40834045410156,24771466,-0.0226,0,0.0,0.0,-0.0226,-0.0266,-0.0312,-0.0367,-0.0268,-0.03206,0.008149723921702302,0,0.037660286434203716,201.12301635742188,-0.006350153821705562,0.0
2026-04-08,WIPRO,205.35468616494666,206.64000981747287,200.51002211291274,201.12301635742188,22084158,-0.0192,0,0.0,0.0,-0.0192,-0.0226,-0.0266,-0.0312,-0.022799999999999997,-0.027259999999999996,0.00692372731987381,0,-0.006350153821705562,200.5792236328125,-0.00270378166784746,0.0
2026-04-09,WIPRO,201.40974996967785,201.8546656333442,199.35323514506428,200.5792236328125,14540807,0.0468,1,0.0,0.9296,0.0468,-0.0192,-0.0226,-0.0266,0.001666666666666668,-0.010559999999999998,0.03237696712170502,0,-0.00270378166784746,202.56654357910156,0.009907905267033668,1.0
2026-04-10,WIPRO,206.34340110912888,206.34340110912888,198.35463693487117,202.56654357910156,51219565,0.9154,1,0.0,0.9417,0.9154,0.0468,-0.0192,-0.0226,0.3143333333333333,0.17876,0.412903945246349,1,0.009907905267033668,200.6781005859375,-0.009322580914881584,0.0
2026-04-13,WIPRO,200.71764227509874,201.10323786200135,198.04813320527367,200.6781005859375,21930624,0.7781,0,0.0,0.0,0.7781,0.9154,0.0468,-0.0192,0.5801,0.3397,0.46623115511514235,1,-0.009322580914881584,207.3815460205078,0.03340397091161251,1.0
2026-04-15,WIPRO,204.1682443539207,208.11319552342096,202.78405890137145,207.3815460205078,27890080,0.2586,1,0.0,0.7129,0.2586,0.7781,0.9154,0.0468,0.6507,0.39594,0.4269037338791966,0,0.03340397091161251,207.88577270507812,0.002431396111399753,1.0
2026-04-16,WIPRO,210.57506011256086,210.57506011256086,205.85893304222714,207.88577270507812,36305074,-0.2726,3,0.5745327753923182,0.9153666666666668,-0.2726,0.2586,0.7781,0.9154,0.2547,0.34526,0.49768197475898196,1,0.002431396111399753,202.0128631591797,-0.028250656451753287,0.0
2026-04-17,WIPRO,202.6851774819952,204.11880132981383,200.2134070248977,202.0128631591797,80542603,-0.28153333333333336,3,0.5912167143555174,0.9311666666666666,-0.2815,-0.2726,0.2586,0.7781,-0.09849999999999999,0.2796,0.5641238649445705,3,-0.028250656451753287,200.19363403320312,-0.009005511320054227,0.0
2026-04-20,WIPRO,202.19082884058898,202.8829215699336,199.71905831686541,200.19363403320312,27927164,-0.2393,0,0.0,0.0,-0.2393,-0.2815,-0.2726,0.2586,-0.2644666666666667,0.04866,0.4667151411728572,3,-0.009005511320054227,202.695068359375,0.012495074272726336,1.0
2026-04-21,WIPRO,200.70777025254299,203.37727945042653,200.1936377498463,202.695068359375,21530723,-0.2034,0,0.0,0.0,-0.2034,-0.2393,-0.2815,-0.2726,-0.24139999999999998,-0.14764,0.22916979076658425,0,0.012495074272726336,201.69647216796875,-0.004926593426712089,0.0
2026-04-22,WIPRO,201.20211806951784,203.06089430736998,199.91679439624752,201.69647216796875,21790433,-0.1729,0,0.0,0.0,-0.1729,-0.2034,-0.2393,-0.2815,-0.20520000000000002,-0.23393999999999998,0.045945217378961206,0,-0.004926593426712089,200.47047424316406,-0.0060784301858473055,0.0
2026-04-23,WIPRO,201.69647787313727,202.58630924092267,200.01567690815918,200.47047424316406,20307250,-0.147,0,0.0,0.0,-0.147,-0.1729,-0.2034,-0.2393,-0.17443333333333333,-0.20881999999999995,0.05327463749290085,0,-0.0060784301858473055,197.10887145996094,-0.01676856801927651,0.0
2026-04-24,WIPRO,200.46059172429597,200.46059172429597,195.64558751770736,197.10887145996094,39363394,-0.1249,0,0.0,0.0,-0.1249,-0.147,-0.1729,-0.2034,-0.14826666666666666,-0.1775,0.04529961368488695,0,-0.01676856801927651,202.734619140625,0.02854132154983602,1.0
2026-04-27,WIPRO,197.1088670767416,202.9323577630474,197.1088670767416,202.734619140625,42632215,0.5301,1,0.0,0.5439,0.5301,-0.1249,-0.147,-0.1729,0.08606666666666667,-0.023619999999999974,0.31092260612570455,0,0.02854132154983602,199.30380249023438,-0.016922697588273583,0.0
2026-04-28,WIPRO,202.25014872750128,203.35749709340243,198.7501283072838,199.30380249023438,23455983,0.4506,0,0.0,0.0,0.4506,0.5301,-0.1249,-0.147,0.28526666666666667,0.10718000000000001,0.35132322297280605,1,-0.016922697588273583,198.41395568847656,-0.004464775837889068,0.0
2026-04-29,WIPRO,199.30380212644286,201.30099692828904,198.03825682872588,198.41395568847656,15667662,0.383,0,0.0,0.0,0.383,0.4506,0.5301,-0.1249,0.45456666666666673,0.21836000000000003,0.3276960985425368,0,-0.004464775837889068,198.38429260253906,-0.00014950100578647874,0.0
2026-04-30,WIPRO,198.6215879996505,199.8673548898837,197.74163831261896,198.38429260253906,15300274,0.3255,0,0.0,0.0,0.3255,0.383,0.4506,0.5301,0.3863666666666667,0.31286,0.2563585048325879,0,-0.00014950100578647874,198.38429260253906,0.0,0.0
2026-05-01,WIPRO,198.38429260253906,198.38429260253906,198.38429260253906,198.38429260253906,0,0.2767,0,0.0,0.0,0.2767,0.3255,0.383,0.4506,0.3284,0.39318000000000003,0.10036925326014919,0,0.0,198.48316955566406,0.0004984111989303486,1.0
2026-05-04,WIPRO,200.11453203796404,201.0735801911796,197.80095848930563,198.48316955566406,8446995,0.2352,0,0.0,0.0,0.2352,0.2767,0.3255,0.383,0.27913333333333334,0.33419999999999994,0.08531315842236749,0,0.0004984111989303486,197.5241241455078,-0.004831872708921492,0.0
2026-05-05,WIPRO,197.74164115770049,200.015673048312,197.34616390998104,197.5241241455078,8899200,0.1999,0,0.0,0.0,0.1999,0.2352,0.2767,0.3255,0.23726666666666665,0.28406000000000003,0.072509951041219,0,-0.004831872708921492,196.87156677246094,-0.003303684427762188,0.0
2026-05-06,WIPRO,198.2458705308143,198.85887985748613,196.01139548878703,196.87156677246094,13166683,0.1699,0,0.0,0.0,0.1699,0.1999,0.2352,0.2767,0.20166666666666666,0.24144000000000002,0.06162757499691173,0,-0.003303684427762188,195.13145446777344,-0.008838819811388343,0.0
2026-05-07,WIPRO,197.2472894503983,198.01848065336037,194.96337588112686,195.13145446777344,19303572,0.1444,0,0.0,0.0,0.1444,0.1699,0.1999,0.2352,0.1714,0.20522,0.052400066793850376,0,-0.008838819811388343,195.6752471923828,0.002786801984808518,1.0
2026-05-08,WIPRO,195.76422731131214,196.69361545076993,194.47890360964692,195.6752471923828,15970687,0.1228,0,0.0,0.0,0.1228,0.1444,0.1699,0.1999,0.1457,0.17444,0.04452440903594321,0,0.002786801984808518,194.45912170410156,-0.006215019557816559,0.0
2026-05-11,WIPRO,195.64558361432836,196.00151917009842,193.93510756456368,194.45912170410156,9199527,0.1044,0,0.0,0.0,0.1044,0.1228,0.1444,0.1699,0.12386666666666668,0.14828,0.03782125064034744,0,-0.006215019557816559,187.42941284179688,-0.036150059717956706,0.0
2026-05-12,WIPRO,193.88567590965667,193.92521759794002,186.964718800399,187.42941284179688,27435195,0.0887,0,0.0,0.0,0.0887,0.1044,0.1228,0.1444,0.1053,0.12603999999999999,0.03214751934442192,0,-0.036150059717956706,185.6793975830078,-0.009336929739337085,0.0
2026-05-13,WIPRO,188.51698520689447,189.13987618247523,185.19492514794618,185.6793975830078,17242394,0.0754,0,0.0,0.0,0.0754,0.0887,0.1044,0.1228,0.08949999999999998,0.10714000000000001,0.027333642274676478,0,-0.009336929739337085,186.1737518310547,0.00266240764716974,1.0
2026-05-14,WIPRO,186.12431340514985,188.03251293586302,184.88842818997622,186.1737518310547,18280387,0.0641,0,0.0,0.0,0.0641,0.0754,0.0887,0.1044,0.07606666666666667,0.09108000000000001,0.02325418241951285,0,0.00266240764716974,187.85455322265625,0.00902813299442351,1.0
2026-05-15,WIPRO,187.75567637057486,189.73309272028703,186.66810643012684,187.85455322265625,17902610,0.0545,0,0.0,0.0,0.0545,0.0641,0.0754,0.0887,0.06466666666666666,0.07742,0.019760996938413298,0,0.00902813299442351,190.0000457763672,0.011421030349836547,1.0
2026-05-18,WIPRO,188.83337738613744,190.57349832099325,187.0635813268366,190.0000457763672,16327369,0.0463,0,0.0,0.0,0.0463,0.0545,0.0641,0.0754,0.054966666666666664,0.0658,0.01678838884467413,0,0.011421030349836547,192.96617126464844,0.015611183019252683,1.0
2026-05-19,WIPRO,190.22744541611505,195.76421718940094,190.22744541611505,192.96617126464844,20534622,0.1055,1,0.0,0.8666,0.1055,0.0463,0.0545,0.0641,0.06876666666666666,0.06916,0.023036015280425103,0,0.015611183019252683,194.89414978027344,0.00999127724299842,1.0
2026-05-20,WIPRO,192.41249770295815,195.70489772176057,191.81926676594372,194.89414978027344,16201692,0.38134999999999997,2,0.4603972252305611,0.8317,0.3813,0.1055,0.0463,0.0545,0.17769999999999997,0.13033999999999998,0.142126802539141,1,0.00999127724299842,197.4845733642578,0.013291438387990961,1.0
2026-05-21,WIPRO,196.25856981438196,197.7811737431486,195.269861654108,197.4845733642578,18980608,0.3241,0,0.0,0.0,0.3241,0.3813,0.1055,0.0463,0.2703,0.18234,0.15845765364916894,2,0.013291438387990961,200.8165283203125,0.016871975867750022,1.0
2026-05-22,WIPRO,197.74164513500358,203.08066351905256,196.58485832134264,200.8165283203125,40014399,0.2755,0,0.0,0.0,0.2755,0.3241,0.3813,0.1055,0.3269666666666666,0.22654000000000002,0.144051060391793,0,0.016871975867750022,204.50439453125,0.018364355971014268,1.0
2026-05-25,WIPRO,204.6625914594157,207.18380031353246,201.7557870219509,204.50439453125,72041558,0.2342,0,0.0,0.0,0.2342,0.2755,0.3241,0.3813,0.2779333333333333,0.26412,0.10429976989428114,0,0.018364355971014268,201.4295196533203,-0.015035739867486408,0.0
2026-05-26,WIPRO,204.65271807734212,206.33351901916558,200.64844680449008,201.4295196533203,46458415,0.1991,0,0.0,0.0,0.1991,0.2342,0.2755,0.3241,0.23626666666666665,0.28284000000000004,0.07216105597896967,0,-0.015035739867486408,199.30380249023438,-0.010553156095216343,0.0
2026-05-27,WIPRO,201.54817434786398,203.66400931070504,197.9393803347562,199.30380249023438,39465643,0.1692,0,0.0,0.0,0.1692,0.1991,0.2342,0.2755,0.20083333333333334,0.24042000000000002,0.061341804668594443,0,-0.010553156095216343,199.30380249023438,0.0,0.0
2026-05-28,WIPRO,199.30380249023438,199.30380249023438,199.30380249023438,199.30380249023438,0,0.1438,0,0.0,0.0,0.1438,0.1692,0.1991,0.2342,0.1707,0.20436,0.052160166794211794,0,0.0,201.9436492919922,0.01324534087545648,1.0
2026-05-29,WIPRO,208.6174296235513,208.6174296235513,201.35041833903546,201.9436492919922,82734524,0.08486666666666666,3,0.062358666866229054,0.8773333333333334,0.0849,0.1438,0.1692,0.1991,0.13263333333333333,0.16624,0.05662784650682026,0,0.01324534087545648,204.0792694091797,0.010575326952221076,1.0
2026-06-01,WIPRO,202.78406404150158,205.40413481684354,202.78406404150158,204.0792694091797,26491139,0.078,1,0.0,0.9011,0.078,0.0849,0.1438,0.1692,0.10223333333333334,0.135,0.052713613042552857,3,0.010575326952221076,207.47052001953125,0.016617320417548598,1.0
2026-06-02,WIPRO,205.65130059655002,207.80667717859504,204.1781199832558,207.47052001953125,42476874,0.0663,0,0.0,0.0,0.0663,0.078,0.0849,0.1438,0.07640000000000001,0.10844000000000001,0.045273093554560655,1,0.016617320417548598,201.79534912109375,-0.027354107455378474,0.0
2026-06-03,WIPRO,205.6513050563035,206.046782300662,199.71905587198705,201.79534912109375,62282204,0.0564,0,0.0,0.0,0.0564,0.0663,0.078,0.0849,0.0669,0.08588,0.034169533213083324,0,-0.027354107455378474,202.0128631591797,0.00107789420833182,1.0
2026-06-04,WIPRO,200.7077611163172,202.7741575976932,199.81792978635795,202.0128631591797,40659957,0.0479,0,0.0,0.0,0.0479,0.0564,0.0663,0.078,0.05686666666666667,0.0667,0.015154372306367755,0,0.00107789420833182,196.13003540039062,-0.029121055297125276,0.0
2026-06-05,WIPRO,189.3573934689589,196.7529263768986,186.0254366679845,196.13003540039062,43539069,-0.7506333333333334,3,0.14877857148572618,0.7733666666666666,-0.7506,0.0479,0.0564,0.0663,-0.21543333333333337,-0.1004,0.3636463323065421,0,-0.029121055297125276,179.7075958251953,-0.08373240509374125,0.0
2026-06-08,WIPRO,191.20627694364634,191.70063104041222,178.95618302924748,179.7075958251953,75164049,-0.8324,1,0.0,0.8441,-0.8324,-0.7506,0.0479,0.0564,-0.5116999999999999,-0.28248,0.465614225512924,3,-0.08373240509374125,179.61862182617188,-0.0004951042754474111,0.0
2026-06-09,WIPRO,181.8926537660442,182.26836772005944,178.5607118680362,179.61862182617188,28381665,-0.7075,0,0.0,0.0,-0.7075,-0.8324,-0.7506,0.0479,-0.7635000000000001,-0.4372400000000001,0.44900658458423526,1,-0.0004951042754474111,176.9095458984375,-0.01508237787480693,0.0
2026-06-10,WIPRO,180.04376407844163,180.2316059583898,176.4844086261751,176.9095458984375,16935979,-0.6014,0,0.0,0.0,-0.6014,-0.7075,-0.8324,-0.7506,-0.7137666666666668,-0.5688000000000001,0.3546672877500828,0,-0.01508237787480693,175.36717224121094,-0.008718430932562748,0.0
2026-06-11,WIPRO,174.9716949876097,176.18780187459916,173.844568219707,175.36717224121094,14468882,-0.5112,0,0.0,0.0,-0.5112,-0.6014,-0.7075,-0.8324,-0.6067,-0.68062,0.1261307337646144,0,-0.008718430932562748,178.10589599609375,0.015617083402107879,1.0
2026-06-12,WIPRO,176.63271533495106,178.4123931267533,175.5649237463597,178.10589599609375,13850153,-0.4345,0,0.0,0.0,-0.4345,-0.5112,-0.6014,-0.7075,-0.5156999999999999,-0.6174000000000001,0.15758320024672687,0,0.015617083402107879,179.33189392089844,0.0068835336300803185,1.0
2026-06-15,WIPRO,180.93359633950593,180.93359633950593,178.86719987092152,179.33189392089844,13870660,-0.3693,0,0.0,0.0,-0.3693,-0.4345,-0.5112,-0.6014,-0.4383333333333333,-0.52478,0.13394602271064257,0,0.0068835336300803185,180.60733032226562,0.007112155977841761,1.0
2026-06-16,WIPRO,180.33049322515495,181.30931980268286,179.57908040249603,180.60733032226562,11706020,-0.3139,0,0.0,0.0,-0.3139,-0.3693,-0.4345,-0.5112,-0.37256666666666666,-0.44606,0.11387024633327149,0,0.007112155977841761,182.3870086669922,0.009853854445171173,1.0
2026-06-17,WIPRO,181.92231459128,183.15819988062296,181.50705894443965,182.3870086669922,16131548,0.0351,1,0.0,0.9263,0.0351,-0.3139,-0.3693,-0.4345,-0.2160333333333333,-0.31876000000000004,0.21108275154545397,0,0.009853854445171173,180.77540588378906,-0.008836170925669573,0.0
2026-06-18,WIPRO,182.38700509722617,182.6737238406862,179.65817586290345,180.77540588378906,18165845,0.0298,0,0.0,0.0,0.0298,0.0351,-0.3139,-0.3693,-0.08299999999999996,-0.21056000000000002,0.22591393936629894,1,-0.008836170925669573,178.75843811035156,-0.01115731292969191,0.0
2026-06-19,WIPRO,174.7640487007675,179.43075241675308,172.91516927167407,178.75843811035156,37469436,0.0254,0,0.0,0.0,0.0254,0.0298,0.0351,-0.3139,0.030100000000000033,-0.11858000000000002,0.20455734403829098,0,-0.01115731292969191,178.1454315185547,-0.0034292456248607994,0.0
2026-06-22,WIPRO,178.7979825340377,180.34036487136882,177.96747128878084,178.1454315185547,10368112,0.0216,0,0.0,0.0,0.0216,0.0254,0.0298,0.0351,0.02560000000000004,-0.040400000000000026,0.15297400105900247,0,-0.0034292456248607994,172.5196990966797,-0.03157943694609455,0.0
2026-06-23,WIPRO,177.47312174316596,177.47312174316596,172.03522664797148,172.5196990966797,23954730,-0.9613,1,0.0,0.9709,-0.9613,0.0216,0.0254,0.0298,-0.30476666666666663,-0.16988000000000003,0.4424458690054635,0,-0.03157943694609455,172.50979614257812,-5.740187441438671e-05,0.0
2026-06-24,WIPRO,169.56345003957682,173.50840104306232,169.553568389078,172.50979614257812,56627728,-0.8171,0,0.0,0.0,-0.8171,-0.9613,0.0216,0.0254,-0.5856,-0.34032000000000007,0.503651999896754,1,-5.740187441438671e-05,173.02394104003906,0.0029803808766661888,1.0
2026-06-25,WIPRO,174.01264927455358,174.39824488255462,170.74002743214902,173.02394104003906,21544904,-0.6945,0,0.0,0.0,-0.6945,-0.8171,-0.9613,0.0216,-0.8243,-0.48518000000000006,0.47386546297446075,0,0.0029803808766661888,173.02394104003906,0.0,0.0
2026-06-26,WIPRO,173.02394104003906,173.02394104003906,173.02394104003906,173.02394104003906,0,-0.5904,0,0.0,0.0,-0.5904,-0.6945,-0.8171,-0.9613,-0.7006666666666667,-0.60834,0.3783950620713755,0,0.0,173.49850463867188,0.002742762624525996,1.0
2026-06-29,WIPRO,174.2894741882829,174.6948481568508,172.62845171194016,173.49850463867188,24484011,-0.5018,0,0.0,0.0,-0.5018,-0.5904,-0.6945,-0.8171,-0.5955666666666667,-0.71302,0.18198086987373216,0,0.002742762624525996,168.4659881591797,-0.029006108669195174,0.0
2026-06-30,WIPRO,173.02393352580475,173.41941076783928,168.12983099480138,168.4659881591797,26845383,-0.9169499999999999,2,0.025243712088359713,0.9367,-0.917,-0.5018,-0.5904,-0.6945,-0.6697333333333333,-0.7041600000000001,0.1673622806966977,0,-0.029006108669195174,168.20892333984375,-0.0015259152434557999,0.0
2026-07-01,WIPRO,169.0690946075389,170.2061029518828,167.33885533523951,168.20892333984375,34638511,-0.7794,0,0.0,0.0,-0.7794,-0.917,-0.5018,-0.5904,-0.7327333333333333,-0.69662,0.16175744805108733,2,-0.0015259152434557999,172.0352325439453,0.022747361603230765,1.0
2026-07-02,WIPRO,167.57616384420143,172.99428073688537,167.0916913788894,172.0352325439453,43447174,-0.3082,1,0.0,0.4723,-0.3082,-0.7794,-0.917,-0.5018,-0.6682,-0.6193600000000001,0.2375299728455341,0,0.022747361603230765,174.09173583984375,0.011953965856227322,1.0
2026-07-03,WIPRO,174.21037599219633,176.1284722498395,172.61855524001209,174.09173583984375,29538753,-0.262,0,0.0,0.0,-0.262,-0.3082,-0.7794,-0.917,-0.44986666666666664,-0.5536800000000001,0.2876543620388888,1,0.011953965856227322,172.35162353515625,-0.00999537569255049,0.0
2026-07-06,WIPRO,174.09174456499278,174.30926157953363,171.61009237280982,172.35162353515625,8304046,-0.2227,0,0.0,0.0,-0.2227,-0.262,-0.3082,-0.7794,-0.2643,-0.4978600000000001,0.3249065219413117,0,-0.00999537569255049,171.04652404785156,-0.007572307475470219,0.0
2026-07-07,WIPRO,171.93635542159686,174.210387371323,170.81912537882604,171.04652404785156,18837725,-0.0326,1,0.0,0.929,-0.0326,-0.2227,-0.262,-0.3082,-0.1724333333333333,-0.32098,0.27686316475833317,0,-0.007572307475470219,170.76968383789062,-0.0016185082479869273,0.0
2026-07-08,WIPRO,171.04652093074372,173.4194146084817,170.29510811964104,170.76968383789062,16482564,-0.0277,0,0.0,0.0,-0.0277,-0.0326,-0.2227,-0.262,-0.09433333333333331,-0.17064000000000001,0.13178252160282805,1,-0.0016185082479869273,170.80921936035156,0.00023151370648699654,1.0
2026-07-09,WIPRO,171.0465147541525,172.32194166541998,169.71175267956764,170.80921936035156,10270117,-0.0236,0,0.0,0.0,-0.0236,-0.0277,-0.0326,-0.2227,-0.02796666666666663,-0.11372000000000004,0.1182847285155603,0,0.00023151370648699654,173.47874450683594,0.015628694730186465,1.0
2026-07-10,WIPRO,173.25133076236907,175.21886547857812,173.0239321043918,173.47874450683594,16249590,-0.02,0,0.0,0.0,-0.02,-0.0236,-0.0277,-0.0326,-0.02376666666666663,-0.06532000000000002,0.08810333137855667,0,0.015628694730186465,176.41519165039062,0.01692684110611009,1.0
2026-07-13,WIPRO,172.62845263285115,177.91803229401972,172.39115724075515,176.41519165039062,22417855,-0.017,0,0.0,0.0,-0.017,-0.02,-0.0236,-0.0277,-0.020199999999999965,-0.02418000000000002,0.00617753996342706,0,0.01692684110611009,175.1397705078125,-0.007229655964695381,0.0
2026-07-14,WIPRO,176.48441426759663,178.46183067395626,174.71463322196033,175.1397705078125,14461463,-0.8361,1,0.0,0.8616,-0.8361,-0.017,-0.02,-0.0236,-0.2910333333333333,-0.18488000000000002,0.3640650312787536,0,-0.007229655964695381,172.67788696289062,-0.01405667906143604,0.0
2026-07-15,WIPRO,173.14258103959983,174.60588008759453,172.51970511124802,172.67788696289062,10398720,-0.3047,3,0.48081513079353067,0.9005666666666666,-0.3047,-0.8361,-0.017,-0.02,-0.3859333333333333,-0.24028,0.35513337916901005,1,-0.01405667906143604,175.73300170898438,0.017692565040191344,1.0
2026-07-16,WIPRO,173.61716675469336,175.98017876012347,173.42930978198925,175.73300170898438,11184572,-0.16475384615384614,13,0.6575725772559059,0.8123153846153847,-0.1648,-0.3047,-0.8361,-0.017,-0.43520000000000003,-0.26852,0.338835648950933,3,0.017692565040191344,174.0126495361328,-0.009789579396705883,0.0
2026-07-17,WIPRO,171.59031737522906,174.26970824635646,171.59031737522906,174.0126495361328,22960032,-0.56945,2,0.5490684155913541,0.8719,-0.5694,-0.1648,-0.3047,-0.8361,-0.3463,-0.37839999999999996,0.3269697615988365,13,-0.009789579396705883,174.3883514404297,0.0021590493869174665,1.0
2026-07-20,WIPRO,175.0013456767054,175.79231522813527,173.8643373184864,174.3883514404297,10183661,-0.484,0,0.0,0.0,-0.484,-0.5694,-0.1648,-0.3047,-0.40606666666666663,-0.4718,0.2571772248858753,2,0.0021590493869174665,172.99427795410156,-0.007994074574438126,0.0
2026-07-21,WIPRO,174.12140471814374,175.49570853646264,172.52958388514213,172.99427795410156,11350578,-0.4114,0,0.0,0.0,-0.4114,-0.484,-0.5694,-0.1648,-0.4882666666666666,-0.38686,0.15765480646019012,0,-0.007994074574438126,172.4702606201172,-0.0030291021193394885,0.0
2026-07-22,WIPRO,172.79653613611436,172.984393107733,171.46177403307956,172.4702606201172,5057035,-0.3497,0,0.0,0.0,-0.3497,-0.4114,-0.484,-0.5694,-0.4150333333333333,-0.39586,0.1530079671128272,0,-0.0030291021193394885,172.84597778320312,0.002178446079544649,1.0
2026-07-23,WIPRO,171.84737282841516,173.5776122086231,171.3530187197843,172.84597778320312,9055905,-0.2973,0,0.0,0.0,-0.2973,-0.3497,-0.4114,-0.484,-0.35279999999999995,-0.42236,0.10777273774011695,0,0.002178446079544649,175.1199951171875,0.013156321964498563,1.0
2026-07-24,WIPRO,172.0352302981391,175.89118632194962,170.84878345131204,175.1199951171875,13282944,-0.2527,0,0.0,0.0,-0.2527,-0.2973,-0.3497,-0.4114,-0.2999,-0.35902,0.09160216700493479,0,0.013156321964498563,178.52999877929688,0.019472383263986925,1.0
2026-07-27,WIPRO,177.5,178.77999877929688,175.61000061035156,178.52999877929688,12504426,-0.2148,0,0.0,0.0,-0.2148,-0.2527,-0.2973,-0.3497,-0.2549333333333333,-0.30518,0.07786126764958246,0,0.019472383263986925,181.1199951171875,0.014507345295467378,1.0
2026-07-28,WIPRO,178.5500030517578,181.6999969482422,178.5500030517578,181.1199951171875,26873060,-0.1826,0,0.0,0.0,-0.1826,-0.2148,-0.2527,-0.2973,-0.21669999999999998,-0.25942000000000004,0.06618683403819729,0,0.014507345295467378,183.61000061035156,0.013747822218927341,1.0
2026-07-29,WIPRO,183.0,185.75999450683594,181.4499969482422,183.61000061035156,26147867,-0.1552,0,0.0,0.0,-0.1552,-0.1826,-0.2148,-0.2527,-0.18419999999999995,-0.22052,0.05627625609437635,0,0.013747822218927341,186.3300018310547,0.014814014550740051,1.0
2026-07-30,WIPRO,183.39999389648438,191.33999633789062,183.39999389648438,186.3300018310547,54015268,0.1241,1,0.0,0.7896,0.1241,-0.1552,-0.1826,-0.2148,-0.0712333333333333,-0.13624,0.15001687571736635,0,0.014814014550740051,183.64999389648438,-0.01438312621818294,0.0
2026-07-31,WIPRO,184.85000610351562,185.24000549316406,180.8300018310547,183.64999389648438,18762810,0.1055,0,0.0,0.0,0.1055,0.1241,-0.1552,-0.1826,0.024800000000000034,-0.0646,0.16525291222849803,1,-0.01438312621818294,188.66000366210938,0.02728020654576735,1.0
2026-08-03,WIPRO,184.02000427246094,189.80999755859375,184.02000427246094,188.66000366210938,15840516,0.0897,0,0.0,0.0,0.0897,0.1055,0.1241,-0.1552,0.10643333333333338,-0.003700000000000003,0.15160681053303512,0,0.02728020654576735,186.3000030517578,-0.012509278938520163,0.0
2026-08-04,WIPRO,189.0,189.39999389648438,186.3000030517578,186.3000030517578,11903457,0.0762,0,0.0,0.0,0.0762,0.0897,0.1055,0.1241,0.09046666666666671,0.048060000000000005,0.11502370625223114,0,-0.012509278938520163,186.99000549316406,0.0037037167477369515,1.0
2026-08-05,WIPRO,187.0,188.5399932861328,186.07000732421875,186.99000549316406,8829250,0.0648,0,0.0,0.0,0.0648,0.0762,0.0897,0.1055,0.07690000000000004,0.09206,0.023491551672878377,0,0.0037037167477369515,186.1199951171875,-0.004652710574995722,0.0
2026-08-06,WIPRO,186.0,188.24000549316406,185.41000366210938,186.1199951171875,6629768,0.0551,0,0.0,0.0,0.0551,0.0648,0.0762,0.0897,0.0653666666666667,0.07826000000000001,0.019966797439738036,0,-0.004652710574995722,187.52999877929688,0.00757577745057203,1.0
2026-08-07,WIPRO,185.8699951171875,188.3699951171875,185.64999389648438,187.52999877929688,7823102,0.0468,0,0.0,0.0,0.0468,0.0551,0.0648,0.0762,0.05556666666666671,0.06652,0.016979899881905725,0,0.00757577745057203,185.5,-0.010824928238206688,0.0
2026-08-10,WIPRO,187.52999877929688,187.88999938964844,185.0,185.5,5337618,0.0398,0,0.0,0.0,0.0398,0.0468,0.0551,0.0648,0.04723333333333337,0.05654,0.014421442368901695,0,-0.010824928238206688,184.60000610351562,-0.0048517191185141195,0.0
2026-08-11,WIPRO,185.5,187.47999572753906,183.30999755859375,184.60000610351562,9182421,0.0338,0,0.0,0.0,0.0338,0.0398,0.0468,0.0551,0.04013333333333337,0.048060000000000005,0.012277540470288102,0,-0.0048517191185141195,183.94000244140625,-0.0035753176613616544,0.0
2026-08-12,WIPRO,184.50999450683594,185.0,181.91000366210938,183.94000244140625,8624548,0.0287,0,0.0,0.0,0.0287,0.0338,0.0398,0.0468,0.03410000000000004,0.04084,0.010450980815194817,0,-0.0035753176613616544,183.10000610351562,-0.00456668656486614,0.0
2026-08-13,WIPRO,183.49000549316406,183.75,181.72000122070312,183.10000610351562,5434084,0.0244,0,0.0,0.0,0.0244,0.0287,0.0338,0.0398,0.028966666666666707,0.0347,0.008878626019806036,0,-0.00456668656486614,184.0,0.0049153133068469135,1.0
2026-08-14,WIPRO,183.5500030517578,185.83999633789062,183.10000610351562,184.0,7366162,0.0208,0,0.0,0.0,0.0208,0.0244,0.0287,0.0338,0.024633333333333368,0.0295,0.007531932023032502,0,0.0049153133068469135,181.89999389648438,-0.011413076649541387,0.0
2026-08-17,WIPRO,183.5,183.7100067138672,181.0,181.89999389648438,4436515,0.0177,0,0.0,0.0,0.0177,0.0208,0.0244,0.0287,0.020966666666666703,0.02508,0.006371577512640596,0,-0.011413076649541387,178.05999755859375,-0.021110480850680458,0.0
2026-08-18,WIPRO,181.89999389648438,181.99000549316406,178.05999755859375,178.05999755859375,7074731,0.015,0,0.0,0.0,0.015,0.0177,0.0208,0.0244,0.01783333333333337,0.02132,0.005414517522327494,0,-0.021110480850680458,179.5500030517578,0.008367996819014678,1.0
2026-08-19,WIPRO,179.05999755859375,179.9499969482422,178.22000122070312,179.5500030517578,5964187,-0.6634,1,0.0,0.6838,-0.6634,0.015,0.0177,0.0208,-0.2102333333333333,-0.11710000000000001,0.3054111163661201,0,0.008367996819014678,181.0,0.008075727783887654,1.0
2026-08-20,WIPRO,181.55999755859375,182.4600067138672,180.50999450683594,181.0,5364164,0.0267,1,0.0,0.9415,0.0267,-0.6634,0.015,0.0177,-0.2072333333333333,-0.11664,0.305679134060537,1,0.008075727783887654,180.7899932861328,-0.0011602580876640678,0.0
2026-08-21,WIPRO,180.60000610351562,181.75999450683594,180.0,180.7899932861328,4637869,0.0227,0,0.0,0.0,0.0227,0.0267,-0.6634,0.015,-0.20466666666666664,-0.11626,0.3058938100060211,1,-0.0011602580876640678,,,
