Date,Symbol,Headline,Source,URL
2026-04-07,RELIANCE,Analysts upgrade RELIANCE target price following robust revenue growth,Economic Times,https://finance.example.com/news/reliance
2026-04-08,RELIANCE,"RELIANCE reports record quarterly profit, exceeding analyst estimates",Financial Express,https://finance.example.com/news/reliance
2026-04-08,RELIANCE,RELIANCE faces margin pressure amid rising operational expenses,Financial Express,https://finance.example.com/news/reliance
2026-04-09,RELIANCE,RELIANCE announces strategic partnership to boost market share,Financial Express,https://finance.example.com/news/reliance
2026-04-10,RELIANCE,Executive leadership changes announced at RELIANCE,Business Standard,https://finance.example.com/news/reliance
2026-04-10,RELIANCE,RELIANCE announces strategic partnership to boost market share,Livemint,https://finance.example.com/news/reliance
2026-04-13,RELIANCE,Board of directors at RELIANCE considers new dividend payout plan,Business Standard,https://finance.example.com/news/reliance
2026-04-14,RELIANCE,RELIANCE secures $500M international contract expansion,Livemint,https://finance.example.com/news/reliance
2026-04-14,RELIANCE,RELIANCE launches innovative AI-driven service line in India,Financial Express,https://finance.example.com/news/reliance
2026-04-14,RELIANCE,Analysts upgrade RELIANCE target price following robust revenue growth,Livemint,https://finance.example.com/news/reliance
2026-04-15,RELIANCE,Executive leadership changes announced at RELIANCE,Financial Express,https://finance.example.com/news/reliance
2026-04-16,RELIANCE,Analysts upgrade RELIANCE target price following robust revenue growth,Livemint,https://finance.example.com/news/reliance
2026-04-16,RELIANCE,RELIANCE faces margin pressure amid rising operational expenses,Financial Express,https://finance.example.com/news/reliance
2026-04-16,RELIANCE,Quarterly revenue drops for RELIANCE as demand slows down,Financial Express,https://finance.example.com/news/reliance
2026-04-16,RELIANCE,RELIANCE schedules annual general meeting for upcoming month,Business Standard,https://finance.example.com/news/reliance
2026-04-17,RELIANCE,Quarterly revenue drops for RELIANCE as demand slows down,Economic Times,https://finance.example.com/news/reliance
2026-04-17,RELIANCE,RELIANCE secures $500M international contract expansion,Livemint,https://finance.example.com/news/reliance
2026-04-17,RELIANCE,RELIANCE schedules annual general meeting for upcoming month,Economic Times,https://finance.example.com/news/reliance
2026-04-20,RELIANCE,RELIANCE launches innovative AI-driven service line in India,Livemint,https://finance.example.com/news/reliance
2026-04-20,RELIANCE,Executive leadership changes announced at RELIANCE,Economic Times,https://finance.example.com/news/reliance
2026-04-21,RELIANCE,RELIANCE schedules annual general meeting for upcoming month,Economic Times,https://finance.example.com/news/reliance
2026-04-21,RELIANCE,RELIANCE files quarterly compliance report with NSE,Business Standard,https://finance.example.com/news/reliance
2026-04-21,RELIANCE,RELIANCE secures $500M international contract expansion,Livemint,https://finance.example.com/news/reliance
2026-04-22,RELIANCE,RELIANCE downgraded by major brokerage following weak guidance,Business Standard,https://finance.example.com/news/reliance
2026-04-22,RELIANCE,RELIANCE secures $500M international contract expansion,Economic Times,https://finance.example.com/news/reliance
2026-04-23,RELIANCE,Market highlights: RELIANCE trades rangebound in quiet session,Business Standard,https://finance.example.com/news/reliance
2026-04-23,RELIANCE,RELIANCE secures $500M international contract expansion,Business Standard,https://finance.example.com/news/reliance
2026-04-23,RELIANCE,"RELIANCE reports record quarterly profit, exceeding analyst estimates",Financial Express,https://finance.example.com/news/reliance
2026-04-24,RELIANCE,RELIANCE downgraded by major brokerage following weak guidance,Financial Express,https://finance.example.com/news/reliance
2026-04-24,RELIANCE,RELIANCE announces strategic partnership to boost market share,Business Standard,https://finance.example.com/news/reliance
2026-04-27,RELIANCE,RELIANCE schedules annual general meeting for upcoming month,Financial Express,https://finance.example.com/news/reliance
2026-04-27,RELIANCE,Supply chain disruptions impact production targets for RELIANCE,Livemint,https://finance.example.com/news/reliance
2026-04-27,RELIANCE,RELIANCE files quarterly compliance report with NSE,Financial Express,https://finance.example.com/news/reliance
2026-04-28,RELIANCE,RELIANCE downgraded by major brokerage following weak guidance,Financial Express,https://finance.example.com/news/reliance
2026-04-28,RELIANCE,RELIANCE files quarterly compliance report with NSE,Economic Times,https://finance.example.com/news/reliance
2026-04-28,RELIANCE,RELIANCE faces margin pressure amid rising operational expenses,Livemint,https://finance.example.com/news/reliance
2026-04-29,RELIANCE,RELIANCE secures $500M international contract expansion,Financial Express,https://finance.example.com/news/reliance
2026-04-29,RELIANCE,RELIANCE downgraded by major brokerage following weak guidance,Financial Express,https://finance.example.com/news/reliance
2026-04-30,RELIANCE,RELIANCE files quarterly compliance report with NSE,Economic Times,https://finance.example.com/news/reliance
2026-05-01,RELIANCE,RELIANCE announces strategic partnership to boost market share,Financial Express,https://finance.example.com/news/reliance
2026-05-04,RELIANCE,RELIANCE schedules annual general meeting for upcoming month,Economic Times,https://finance.example.com/news/reliance
2026-05-05,RELIANCE,Supply chain disruptions impact production targets for RELIANCE,Economic Times,https://finance.example.com/news/reliance
2026-05-05,RELIANCE,RELIANCE announces strategic partnership to boost market share,Business Standard,https://finance.example.com/news/reliance
2026-05-06,RELIANCE,Board of directors at RELIANCE considers new dividend payout plan,Livemint,https://finance.example.com/news/reliance
2026-05-06,RELIANCE,Analysts upgrade RELIANCE target price following robust revenue growth,Business Standard,https://finance.example.com/news/reliance
2026-05-07,RELIANCE,RELIANCE secures $500M international contract expansion,Financial Express,https://finance.example.com/news/reliance
2026-05-07,RELIANCE,RELIANCE announces strategic partnership to boost market share,Economic Times,https://finance.example.com/news/reliance
2026-05-07,RELIANCE,RELIANCE faces margin pressure amid rising operational expenses,Financial Express,https://finance.example.com/news/reliance
2026-05-07,RELIANCE,RELIANCE schedules annual general meeting for upcoming month,Economic Times,https://finance.example.com/news/reliance
2026-05-08,RELIANCE,RELIANCE files quarterly compliance report with NSE,Financial Express,https://finance.example.com/news/reliance
2026-05-11,RELIANCE,RELIANCE launches innovative AI-driven service line in India,Economic Times,https://finance.example.com/news/reliance
2026-05-11,RELIANCE,Supply chain disruptions impact production targets for RELIANCE,Business Standard,https://finance.example.com/news/reliance
2026-05-12,RELIANCE,Market highlights: RELIANCE trades rangebound in quiet session,Economic Times,https://finance.example.com/news/reliance
2026-05-12,RELIANCE,RELIANCE launches innovative AI-driven service line in India,Livemint,https://finance.example.com/news/reliance
2026-05-13,RELIANCE,RELIANCE faces margin pressure amid rising operational expenses,Financial Express,https://finance.example.com/news/reliance
2026-05-13,RELIANCE,Analysts upgrade RELIANCE target price following robust revenue growth,Financial Express,https://finance.example.com/news/reliance
2026-05-13,RELIANCE,RELIANCE secures $500M international contract expansion,Business Standard,https://finance.example.com/news/reliance
2026-05-13,RELIANCE,RELIANCE secures $500M international contract expansion,Livemint,https://finance.example.com/news/reliance
2026-05-14,RELIANCE,"RELIANCE reports record quarterly profit, exceeding analyst estimates",Business Standard,https://finance.example.com/news/reliance
2026-05-14,RELIANCE,Executive leadership changes announced at RELIANCE,Financial Express,https://finance.example.com/news/reliance
2026-05-14,RELIANCE,RELIANCE announces strategic partnership to boost market share,Financial Express,https://finance.example.com/news/reliance
2026-05-14,RELIANCE,Board of directors at RELIANCE considers new dividend payout plan,Economic Times,https://finance.example.com/news/reliance
2026-05-15,RELIANCE,Regulatory scrutiny increases for RELIANCE over compliance issue,Business Standard,https://finance.example.com/news/reliance
2026-05-15,RELIANCE,Board of directors at RELIANCE considers new dividend payout plan,Business Standard,https://finance.example.com/news/reliance
2026-05-15,RELIANCE,RELIANCE launches innovative AI-driven service line in India,Livemint,https://finance.example.com/news/reliance
2026-05-15,RELIANCE,Market highlights: RELIANCE trades rangebound in quiet session,Livemint,https://finance.example.com/news/reliance
2026-05-18,RELIANCE,Supply chain disruptions impact production targets for RELIANCE,Business Standard,https://finance.example.com/news/reliance
2026-05-18,RELIANCE,Analysts upgrade RELIANCE target price following robust revenue growth,Economic Times,https://finance.example.com/news/reliance
2026-05-18,RELIANCE,Executive leadership changes announced at RELIANCE,Financial Express,https://finance.example.com/news/reliance
2026-05-18,RELIANCE,RELIANCE schedules annual general meeting for upcoming month,Financial Express,https://finance.example.com/news/reliance
2026-05-19,RELIANCE,Supply chain disruptions impact production targets for RELIANCE,Economic Times,https://finance.example.com/news/reliance
2026-05-19,RELIANCE,RELIANCE announces strategic partnership to boost market share,Financial Express,https://finance.example.com/news/reliance
2026-05-19,RELIANCE,RELIANCE schedules annual general meeting for upcoming month,Financial Express,https://finance.example.com/news/reliance
2026-05-19,RELIANCE,Regulatory scrutiny increases for RELIANCE over compliance issue,Business Standard,https://finance.example.com/news/reliance
2026-05-20,RELIANCE,Executive leadership changes announced at RELIANCE,Economic Times,https://finance.example.com/news/reliance
2026-05-21,RELIANCE,RELIANCE downgraded by major brokerage following weak guidance,Livemint,https://finance.example.com/news/reliance
2026-05-22,RELIANCE,Analysts upgrade RELIANCE target price following robust revenue growth,Economic Times,https://finance.example.com/news/reliance
2026-05-22,RELIANCE,RELIANCE secures $500M international contract expansion,Livemint,https://finance.example.com/news/reliance
2026-05-22,RELIANCE,RELIANCE faces margin pressure amid rising operational expenses,Financial Express,https://finance.example.com/news/reliance
2026-05-25,RELIANCE,Supply chain disruptions impact production targets for RELIANCE,Financial Express,https://finance.example.com/news/reliance
2026-05-25,RELIANCE,RELIANCE secures $500M international contract expansion,Livemint,https://finance.example.com/news/reliance
2026-05-25,RELIANCE,Analysts upgrade RELIANCE target price following robust revenue growth,Financial Express,https://finance.example.com/news/reliance
2026-05-25,RELIANCE,RELIANCE files quarterly compliance report with NSE,Livemint,https://finance.example.com/news/reliance
2026-05-26,RELIANCE,Supply chain disruptions impact production targets for RELIANCE,Livemint,https://finance.example.com/news/reliance
2026-05-26,RELIANCE,Supply chain disruptions impact production targets for RELIANCE,Financial Express,https://finance.example.com/news/reliance
2026-05-27,RELIANCE,RELIANCE schedules annual general meeting for upcoming month,Economic Times,https://finance.example.com/news/reliance
2026-05-27,RELIANCE,"RELIANCE reports record quarterly profit, exceeding analyst estimates",Economic Times,https://finance.example.com/news/reliance
2026-05-27,RELIANCE,RELIANCE announces strategic partnership to boost market share,Economic Times,https://finance.example.com/news/reliance
2026-05-28,RELIANCE,Analysts upgrade RELIANCE target price following robust revenue growth,Business Standard,https://finance.example.com/news/reliance
2026-05-28,RELIANCE,"RELIANCE reports record quarterly profit, exceeding analyst estimates",Financial Express,https://finance.example.com/news/reliance
2026-05-28,RELIANCE,Quarterly revenue drops for RELIANCE as demand slows down,Financial Express,https://finance.example.com/news/reliance
2026-05-29,RELIANCE,RELIANCE secures $500M international contract expansion,Livemint,https://finance.example.com/news/reliance
2026-06-01,RELIANCE,Executive leadership changes announced at RELIANCE,Business Standard,https://finance.example.com/news/reliance
2026-06-01,RELIANCE,RELIANCE faces margin pressure amid rising operational expenses,Financial Express,https://finance.example.com/news/reliance
2026-06-02,RELIANCE,Quarterly revenue drops for RELIANCE as demand slows down,Economic Times,https://finance.example.com/news/reliance
2026-06-02,RELIANCE,RELIANCE faces margin pressure amid rising operational expenses,Livemint,https://finance.example.com/news/reliance
2026-06-03,RELIANCE,RELIANCE schedules annual general meeting for upcoming month,Livemint,https://finance.example.com/news/reliance
2026-06-03,RELIANCE,RELIANCE secures $500M international contract expansion,Financial Express,https://finance.example.com/news/reliance
2026-06-03,RELIANCE,RELIANCE announces strategic partnership to boost market share,Business Standard,https://finance.example.com/news/reliance
2026-06-04,RELIANCE,Board of directors at RELIANCE considers new dividend payout plan,Economic Times,https://finance.example.com/news/reliance
2026-06-04,RELIANCE,Board of directors at RELIANCE considers new dividend payout plan,Business Standard,https://finance.example.com/news/reliance
2026-06-05,RELIANCE,Analysts upgrade RELIANCE target price following robust revenue growth,Business Standard,https://finance.example.com/news/reliance
2026-06-08,RELIANCE,"RELIANCE reports record quarterly profit, exceeding analyst estimates",Business Standard,https://finance.example.com/news/reliance
2026-06-08,RELIANCE,Market highlights: RELIANCE trades rangebound in quiet session,Economic Times,https://finance.example.com/news/reliance
2026-06-09,RELIANCE,Market highlights: RELIANCE trades rangebound in quiet session,Livemint,https://finance.example.com/news/reliance
2026-06-09,RELIANCE,RELIANCE secures $500M international contract expansion,Economic Times,https://finance.example.com/news/reliance
2026-06-10,RELIANCE,RELIANCE downgraded by major brokerage following weak guidance,Livemint,https://finance.example.com/news/reliance
2026-06-11,RELIANCE,RELIANCE files quarterly compliance report with NSE,Livemint,https://finance.example.com/news/reliance
2026-06-11,RELIANCE,RELIANCE downgraded by major brokerage following weak guidance,Livemint,https://finance.example.com/news/reliance
2026-06-11,RELIANCE,RELIANCE schedules annual general meeting for upcoming month,Livemint,https://finance.example.com/news/reliance
2026-06-12,RELIANCE,Quarterly revenue drops for RELIANCE as demand slows down,Financial Express,https://finance.example.com/news/reliance
2026-06-12,RELIANCE,RELIANCE launches innovative AI-driven service line in India,Livemint,https://finance.example.com/news/reliance
2026-06-15,RELIANCE,Supply chain disruptions impact production targets for RELIANCE,Financial Express,https://finance.example.com/news/reliance
2026-06-15,RELIANCE,RELIANCE announces strategic partnership to boost market share,Economic Times,https://finance.example.com/news/reliance
2026-06-15,RELIANCE,RELIANCE launches innovative AI-driven service line in India,Financial Express,https://finance.example.com/news/reliance
2026-06-16,RELIANCE,"RELIANCE reports record quarterly profit, exceeding analyst estimates",Livemint,https://finance.example.com/news/reliance
2026-06-16,RELIANCE,RELIANCE faces margin pressure amid rising operational expenses,Livemint,https://finance.example.com/news/reliance
2026-06-17,RELIANCE,Quarterly revenue drops for RELIANCE as demand slows down,Business Standard,https://finance.example.com/news/reliance
2026-06-17,RELIANCE,Supply chain disruptions impact production targets for RELIANCE,Economic Times,https://finance.example.com/news/reliance
2026-06-17,RELIANCE,RELIANCE launches innovative AI-driven service line in India,Economic Times,https://finance.example.com/news/reliance
2026-06-18,RELIANCE,RELIANCE faces margin pressure amid rising operational expenses,Livemint,https://finance.example.com/news/reliance
2026-06-18,RELIANCE,RELIANCE launches innovative AI-driven service line in India,Livemint,https://finance.example.com/news/reliance
2026-06-18,RELIANCE,RELIANCE downgraded by major brokerage following weak guidance,Economic Times,https://finance.example.com/news/reliance
2026-06-19,RELIANCE,Board of directors at RELIANCE considers new dividend payout plan,Financial Express,https://finance.example.com/news/reliance
2026-06-19,RELIANCE,RELIANCE announces strategic partnership to boost market share,Livemint,https://finance.example.com/news/reliance
2026-06-19,RELIANCE,RELIANCE secures $500M international contract expansion,Livemint,https://finance.example.com/news/reliance
2026-06-19,RELIANCE,RELIANCE secures $500M international contract expansion,Economic Times,https://finance.example.com/news/reliance
2026-06-22,RELIANCE,RELIANCE launches innovative AI-driven service line in India,Financial Express,https://finance.example.com/news/reliance
2026-06-23,RELIANCE,Supply chain disruptions impact production targets for RELIANCE,Economic Times,https://finance.example.com/news/reliance
2026-06-23,RELIANCE,Market highlights: RELIANCE trades rangebound in quiet session,Business Standard,https://finance.example.com/news/reliance
2026-06-23,RELIANCE,RELIANCE secures $500M international contract expansion,Financial Express,https://finance.example.com/news/reliance
2026-06-23,RELIANCE,RELIANCE schedules annual general meeting for upcoming month,Business Standard,https://finance.example.com/news/reliance
2026-06-24,RELIANCE,RELIANCE announces strategic partnership to boost market share,Business Standard,https://finance.example.com/news/reliance
2026-06-24,RELIANCE,RELIANCE secures $500M international contract expansion,Financial Express,https://finance.example.com/news/reliance
2026-06-25,RELIANCE,RELIANCE launches innovative AI-driven service line in India,Livemint,https://finance.example.com/news/reliance
2026-06-25,RELIANCE,Market highlights: RELIANCE trades rangebound in quiet session,Business Standard,https://finance.example.com/news/reliance
2026-06-25,RELIANCE,Executive leadership changes announced at RELIANCE,Business Standard,https://finance.example.com/news/reliance
2026-06-25,RELIANCE,Market highlights: RELIANCE trades rangebound in quiet session,Business Standard,https://finance.example.com/news/reliance
2026-06-26,RELIANCE,RELIANCE files quarterly compliance report with NSE,Business Standard,https://finance.example.com/news/reliance
2026-06-26,RELIANCE,Quarterly revenue drops for RELIANCE as demand slows down,Business Standard,https://finance.example.com/news/reliance
2026-06-26,RELIANCE,Analysts upgrade RELIANCE target price following robust revenue growth,Economic Times,https://finance.example.com/news/reliance
2026-06-29,RELIANCE,RELIANCE announces strategic partnership to boost market share,Financial Express,https://finance.example.com/news/reliance
2026-06-29,RELIANCE,RELIANCE secures $500M international contract expansion,Business Standard,https://finance.example.com/news/reliance
2026-06-29,RELIANCE,Regulatory scrutiny increases for RELIANCE over compliance issue,Financial Express,https://finance.example.com/news/reliance
2026-06-30,RELIANCE,Supply chain disruptions impact production targets for RELIANCE,Business Standard,https://finance.example.com/news/reliance
2026-06-30,RELIANCE,Regulatory scrutiny increases for RELIANCE over compliance issue,Business Standard,https://finance.example.com/news/reliance
2026-06-30,RELIANCE,RELIANCE announces strategic partnership to boost market share,Financial Express,https://finance.example.com/news/reliance
2026-06-30,RELIANCE,Executive leadership changes announced at RELIANCE,Business Standard,https://finance.example.com/news/reliance
2026-07-01,RELIANCE,Analysts upgrade RELIANCE target price following robust revenue growth,Livemint,https://finance.example.com/news/reliance
2026-07-01,RELIANCE,Market highlights: RELIANCE trades rangebound in quiet session,Economic Times,https://finance.example.com/news/reliance
2026-07-01,RELIANCE,Quarterly revenue drops for RELIANCE as demand slows down,Business Standard,https://finance.example.com/news/reliance
2026-07-01,RELIANCE,RELIANCE downgraded by major brokerage following weak guidance,Livemint,https://finance.example.com/news/reliance
2026-07-02,RELIANCE,Market highlights: RELIANCE trades rangebound in quiet session,Economic Times,https://finance.example.com/news/reliance
2026-07-02,RELIANCE,Executive leadership changes announced at RELIANCE,Financial Express,https://finance.example.com/news/reliance
2026-07-02,RELIANCE,Executive leadership changes announced at RELIANCE,Financial Express,https://finance.example.com/news/reliance
2026-07-02,RELIANCE,RELIANCE launches innovative AI-driven service line in India,Economic Times,https://finance.example.com/news/reliance
2026-07-03,RELIANCE,Analysts upgrade RELIANCE target price following robust revenue growth,Business Standard,https://finance.example.com/news/reliance
2026-07-03,RELIANCE,RELIANCE launches innovative AI-driven service line in India,Livemint,https://finance.example.com/news/reliance
2026-07-03,RELIANCE,RELIANCE launches innovative AI-driven service line in India,Livemint,https://finance.example.com/news/reliance
2026-07-03,RELIANCE,Market highlights: RELIANCE trades rangebound in quiet session,Livemint,https://finance.example.com/news/reliance
2026-07-06,RELIANCE,Supply chain disruptions impact production targets for RELIANCE,Financial Express,https://finance.example.com/news/reliance
2026-07-07,RELIANCE,"RELIANCE reports record quarterly profit, exceeding analyst estimates",Financial Express,https://finance.example.com/news/reliance
2026-07-07,RELIANCE,Board of directors at RELIANCE considers new dividend payout plan,Economic Times,https://finance.example.com/news/reliance
2026-07-07,RELIANCE,Executive leadership changes announced at RELIANCE,Economic Times,https://finance.example.com/news/reliance
2026-07-08,RELIANCE,"RELIANCE reports record quarterly profit, exceeding analyst estimates",Economic Times,https://finance.example.com/news/reliance
2026-07-08,RELIANCE,Quarterly revenue drops for RELIANCE as demand slows down,Livemint,https://finance.example.com/news/reliance
2026-07-09,RELIANCE,RELIANCE faces margin pressure amid rising operational expenses,Economic Times,https://finance.example.com/news/reliance
2026-07-09,RELIANCE,RELIANCE schedules annual general meeting for upcoming month,Financial Express,https://finance.example.com/news/reliance
2026-07-10,RELIANCE,RELIANCE downgraded by major brokerage following weak guidance,Business Standard,https://finance.example.com/news/reliance
2026-07-10,RELIANCE,Board of directors at RELIANCE considers new dividend payout plan,Financial Express,https://finance.example.com/news/reliance
2026-07-10,RELIANCE,Regulatory scrutiny increases for RELIANCE over compliance issue,Financial Express,https://finance.example.com/news/reliance
2026-07-13,RELIANCE,Executive leadership changes announced at RELIANCE,Financial Express,https://finance.example.com/news/reliance
2026-07-13,RELIANCE,Executive leadership changes announced at RELIANCE,Financial Express,https://finance.example.com/news/reliance
2026-07-13,RELIANCE,RELIANCE launches innovative AI-driven service line in India,Livemint,https://finance.example.com/news/reliance
2026-07-14,RELIANCE,Quarterly revenue drops for RELIANCE as demand slows down,Financial Express,https://finance.example.com/news/reliance
2026-07-15,RELIANCE,RELIANCE schedules annual general meeting for upcoming month,Business Standard,https://finance.example.com/news/reliance
2026-07-15,RELIANCE,Market highlights: RELIANCE trades rangebound in quiet session,Economic Times,https://finance.example.com/news/reliance
2026-07-15,RELIANCE,Supply chain disruptions impact production targets for RELIANCE,Livemint,https://finance.example.com/news/reliance
2026-07-15,RELIANCE,Supply chain disruptions impact production targets for RELIANCE,Business Standard,https://finance.example.com/news/reliance
2026-07-16,RELIANCE,Supply chain disruptions impact production targets for RELIANCE,Livemint,https://finance.example.com/news/reliance
2026-07-16,RELIANCE,RELIANCE secures $500M international contract expansion,Financial Express,https://finance.example.com/news/reliance
2026-07-16,RELIANCE,RELIANCE launches innovative AI-driven service line in India,Economic Times,https://finance.example.com/news/reliance
2026-07-16,RELIANCE,Executive leadership changes announced at RELIANCE,Business Standard,https://finance.example.com/news/reliance
2026-07-17,RELIANCE,Analysts upgrade RELIANCE target price following robust revenue growth,Economic Times,https://finance.example.com/news/reliance
2026-07-17,RELIANCE,Quarterly revenue drops for RELIANCE as demand slows down,Livemint,https://finance.example.com/news/reliance
2026-07-17,RELIANCE,RELIANCE announces strategic partnership to boost market share,Livemint,https://finance.example.com/news/reliance
2026-07-20,RELIANCE,Regulatory scrutiny increases for RELIANCE over compliance issue,Financial Express,https://finance.example.com/news/reliance
2026-07-21,RELIANCE,Market highlights: RELIANCE trades rangebound in quiet session,Economic Times,https://finance.example.com/news/reliance
2026-07-21,RELIANCE,RELIANCE downgraded by major brokerage following weak guidance,Business Standard,https://finance.example.com/news/reliance
2026-07-22,RELIANCE,RELIANCE secures $500M international contract expansion,Business Standard,https://finance.example.com/news/reliance
2026-07-23,RELIANCE,RELIANCE announces strategic partnership to boost market share,Livemint,https://finance.example.com/news/reliance
2026-07-23,RELIANCE,Supply chain disruptions impact production targets for RELIANCE,Livemint,https://finance.example.com/news/reliance
2026-07-24,RELIANCE,Executive leadership changes announced at RELIANCE,Livemint,https://finance.example.com/news/reliance
2026-07-24,RELIANCE,RELIANCE launches innovative AI-driven service line in India,Livemint,https://finance.example.com/news/reliance
2026-07-24,RELIANCE,RELIANCE secures $500M international contract expansion,Financial Express,https://finance.example.com/news/reliance
2026-07-24,RELIANCE,RELIANCE files quarterly compliance report with NSE,Financial Express,https://finance.example.com/news/reliance
2026-07-27,RELIANCE,RELIANCE launches innovative AI-driven service line in India,Livemint,https://finance.example.com/news/reliance
2026-07-27,RELIANCE,Executive leadership changes announced at RELIANCE,Livemint,https://finance.example.com/news/reliance
2026-07-28,RELIANCE,RELIANCE files quarterly compliance report with NSE,Economic Times,https://finance.example.com/news/reliance
2026-07-29,RELIANCE,"RELIANCE reports record quarterly profit, exceeding analyst estimates",Economic Times,https://finance.example.com/news/reliance
2026-07-29,RELIANCE,"RELIANCE reports record quarterly profit, exceeding analyst estimates",Livemint,https://finance.example.com/news/reliance
2026-07-29,RELIANCE,Regulatory scrutiny increases for RELIANCE over compliance issue,Business Standard,https://finance.example.com/news/reliance
2026-07-30,RELIANCE,Executive leadership changes announced at RELIANCE,Livemint,https://finance.example.com/news/reliance
2026-07-31,RELIANCE,Quarterly revenue drops for RELIANCE as demand slows down,Economic Times,https://finance.example.com/news/reliance
2026-07-31,RELIANCE,RELIANCE files quarterly compliance report with NSE,Business Standard,https://finance.example.com/news/reliance
2026-07-31,RELIANCE,"RELIANCE reports record quarterly profit, exceeding analyst estimates",Business Standard,https://finance.example.com/news/reliance
2026-07-31,RELIANCE,Supply chain disruptions impact production targets for RELIANCE,Financial Express,https://finance.example.com/news/reliance
2026-08-03,RELIANCE,RELIANCE announces strategic partnership to boost market share,Livemint,https://finance.example.com/news/reliance
2026-08-03,RELIANCE,RELIANCE secures $500M international contract expansion,Financial Express,https://finance.example.com/news/reliance
2026-08-04,RELIANCE,Supply chain disruptions impact production targets for RELIANCE,Economic Times,https://finance.example.com/news/reliance
2026-08-04,RELIANCE,Market highlights: RELIANCE trades rangebound in quiet session,Business Standard,https://finance.example.com/news/reliance
2026-08-04,RELIANCE,RELIANCE files quarterly compliance report with NSE,Business Standard,https://finance.example.com/news/reliance
2026-08-04,RELIANCE,RELIANCE announces strategic partnership to boost market share,Financial Express,https://finance.example.com/news/reliance
2026-08-05,RELIANCE,Board of directors at RELIANCE considers new dividend payout plan,Economic Times,https://finance.example.com/news/reliance
2026-08-06,RELIANCE,Regulatory scrutiny increases for RELIANCE over compliance issue,Economic Times,https://finance.example.com/news/reliance
2026-08-06,RELIANCE,"RELIANCE reports record quarterly profit, exceeding analyst estimates",Economic Times,https://finance.example.com/news/reliance
2026-08-06,RELIANCE,RELIANCE launches innovative AI-driven service line in India,Business Standard,https://finance.example.com/news/reliance
2026-08-07,RELIANCE,Analysts upgrade RELIANCE target price following robust revenue growth,Livemint,https://finance.example.com/news/reliance
2026-08-07,RELIANCE,Market highlights: RELIANCE trades rangebound in quiet session,Financial Express,https://finance.example.com/news/reliance
2026-08-07,RELIANCE,Quarterly revenue drops for RELIANCE as demand slows down,Economic Times,https://finance.example.com/news/reliance
2026-08-10,RELIANCE,RELIANCE secures $500M international contract expansion,Economic Times,https://finance.example.com/news/reliance
2026-08-10,RELIANCE,Board of directors at RELIANCE considers new dividend payout plan,Financial Express,https://finance.example.com/news/reliance
2026-08-10,RELIANCE,Analysts upgrade RELIANCE target price following robust revenue growth,Livemint,https://finance.example.com/news/reliance
2026-08-10,RELIANCE,RELIANCE downgraded by major brokerage following weak guidance,Livemint,https://finance.example.com/news/reliance
2026-08-11,RELIANCE,Executive leadership changes announced at RELIANCE,Business Standard,https://finance.example.com/news/reliance
2026-08-11,RELIANCE,Supply chain disruptions impact production targets for RELIANCE,Financial Express,https://finance.example.com/news/reliance
2026-08-11,RELIANCE,RELIANCE files quarterly compliance report with NSE,Livemint,https://finance.example.com/news/reliance
2026-08-11,RELIANCE,RELIANCE secures $500M international contract expansion,Financial Express,https://finance.example.com/news/reliance
2026-08-12,RELIANCE,Regulatory scrutiny increases for RELIANCE over compliance issue,Business Standard,https://finance.example.com/news/reliance
2026-08-12,RELIANCE,RELIANCE downgraded by major brokerage following weak guidance,Livemint,https://finance.example.com/news/reliance
2026-08-12,RELIANCE,RELIANCE announces strategic partnership to boost market share,Business Standard,https://finance.example.com/news/reliance
2026-08-13,RELIANCE,Market highlights: RELIANCE trades rangebound in quiet session,Livemint,https://finance.example.com/news/reliance
2026-08-13,RELIANCE,Quarterly revenue drops for RELIANCE as demand slows down,Financial Express,https://finance.example.com/news/reliance
2026-08-13,RELIANCE,RELIANCE files quarterly compliance report with NSE,Business Standard,https://finance.example.com/news/reliance
2026-08-13,RELIANCE,Quarterly revenue drops for RELIANCE as demand slows down,Business Standard,https://finance.example.com/news/reliance
2026-08-14,RELIANCE,Quarterly revenue drops for RELIANCE as demand slows down,Livemint,https://finance.example.com/news/reliance
2026-08-17,RELIANCE,RELIANCE launches innovative AI-driven service line in India,Financial Express,https://finance.example.com/news/reliance
2026-08-17,RELIANCE,Supply chain disruptions impact production targets for RELIANCE,Business Standard,https://finance.example.com/news/reliance
2026-08-17,RELIANCE,Regulatory scrutiny increases for RELIANCE over compliance issue,Livemint,https://finance.example.com/news/reliance
2026-08-18,RELIANCE,RELIANCE faces margin pressure amid rising operational expenses,Economic Times,https://finance.example.com/news/reliance
2026-08-18,RELIANCE,RELIANCE secures $500M international contract expansion,Livemint,https://finance.example.com/news/reliance
2026-08-18,RELIANCE,RELIANCE downgraded by major brokerage following weak guidance,Financial Express,https://finance.example.com/news/reliance
2026-08-18,RELIANCE,RELIANCE announces strategic partnership to boost market share,Economic Times,https://finance.example.com/news/reliance
2026-08-19,RELIANCE,"RELIANCE reports record quarterly profit, exceeding analyst estimates",Business Standard,https://finance.example.com/news/reliance
2026-08-19,RELIANCE,"RELIANCE reports record quarterly profit, exceeding analyst estimates",Business Standard,https://finance.example.com/news/reliance
2026-08-20,RELIANCE,Regulatory scrutiny increases for RELIANCE over compliance issue,Business Standard,https://finance.example.com/news/reliance
2026-08-21,RELIANCE,Quarterly revenue drops for RELIANCE as demand slows down,Business Standard,https://finance.example.com/news/reliance
2026-08-21,RELIANCE,Market highlights: RELIANCE trades rangebound in quiet session,Economic Times,https://finance.example.com/news/reliance
2026-08-21,RELIANCE,Regulatory scrutiny increases for RELIANCE over compliance issue,Business Standard,https://finance.example.com/news/reliance
2026-08-24,RELIANCE,Executive leadership changes announced at RELIANCE,Economic Times,https://finance.example.com/news/reliance
2026-08-24,RELIANCE,RELIANCE files quarterly compliance report with NSE,Business Standard,https://finance.example.com/news/reliance
2026-08-25,RELIANCE,Executive leadership changes announced at RELIANCE,Livemint,https://finance.example.com/news/reliance
2026-08-25,RELIANCE,RELIANCE files quarterly compliance report with NSE,Livemint,https://finance.example.com/news/reliance
2026-08-25,RELIANCE,Executive leadership changes announced at RELIANCE,Business Standard,https://finance.example.com/news/reliance
2026-08-26,RELIANCE,RELIANCE downgraded by major brokerage following weak guidance,Livemint,https://finance.example.com/news/reliance
2026-08-26,RELIANCE,RELIANCE announces strategic partnership to boost market share,Business Standard,https://finance.example.com/news/reliance
2026-08-27,RELIANCE,Board of directors at RELIANCE considers new dividend payout plan,Economic Times,https://finance.example.com/news/reliance
2026-08-27,RELIANCE,Regulatory scrutiny increases for RELIANCE over compliance issue,Business Standard,https://finance.example.com/news/reliance
2026-08-27,RELIANCE,RELIANCE launches innovative AI-driven service line in India,Business Standard,https://finance.example.com/news/reliance
2026-08-27,RELIANCE,RELIANCE secures $500M international contract expansion,Business Standard,https://finance.example.com/news/reliance
2026-08-28,RELIANCE,RELIANCE announces strategic partnership to boost market share,Livemint,https://finance.example.com/news/reliance
2026-08-31,RELIANCE,Market highlights: RELIANCE trades rangebound in quiet session,Financial Express,https://finance.example.com/news/reliance
2026-09-01,RELIANCE,RELIANCE secures $500M international contract expansion,Business Standard,https://finance.example.com/news/reliance
2026-09-01,RELIANCE,Board of directors at RELIANCE considers new dividend payout plan,Financial Express,https://finance.example.com/news/reliance
2026-09-01,RELIANCE,Quarterly revenue drops for RELIANCE as demand slows down,Livemint,https://finance.example.com/news/reliance
2026-09-01,RELIANCE,RELIANCE downgraded by major brokerage following weak guidance,Financial Express,https://finance.example.com/news/reliance
2026-09-02,RELIANCE,Executive leadership changes announced at RELIANCE,Business Standard,https://finance.example.com/news/reliance
2026-09-02,RELIANCE,Market highlights: RELIANCE trades rangebound in quiet session,Financial Express,https://finance.example.com/news/reliance
2026-09-02,RELIANCE,Regulatory scrutiny increases for RELIANCE over compliance issue,Livemint,https://finance.example.com/news/reliance
2026-09-03,RELIANCE,Market highlights: RELIANCE trades rangebound in quiet session,Financial Express,https://finance.example.com/news/reliance
2026-09-03,RELIANCE,RELIANCE schedules annual general meeting for upcoming month,Business Standard,https://finance.example.com/news/reliance
2026-09-04,RELIANCE,RELIANCE faces margin pressure amid rising operational expenses,Financial Express,https://finance.example.com/news/reliance
2026-09-04,RELIANCE,"RELIANCE reports record quarterly profit, exceeding analyst estimates",Livemint,https://finance.example.com/news/reliance
2026-09-07,RELIANCE,RELIANCE secures $500M international contract expansion,Economic Times,https://finance.example.com/news/reliance
2026-09-07,RELIANCE,Supply chain disruptions impact production targets for RELIANCE,Economic Times,https://finance.example.com/news/reliance
2026-09-07,RELIANCE,"RELIANCE reports record quarterly profit, exceeding analyst estimates",Business Standard,https://finance.example.com/news/reliance
2026-09-08,RELIANCE,Supply chain disruptions impact production targets for RELIANCE,Economic Times,https://finance.example.com/news/reliance
2026-09-08,RELIANCE,Analysts upgrade RELIANCE target price following robust revenue growth,Business Standard,https://finance.example.com/news/reliance
2026-09-09,RELIANCE,RELIANCE downgraded by major brokerage following weak guidance,Livemint,https://finance.example.com/news/reliance
2026-09-09,RELIANCE,Regulatory scrutiny increases for RELIANCE over compliance issue,Financial Express,https://finance.example.com/news/reliance
2026-09-09,RELIANCE,Quarterly revenue drops for RELIANCE as demand slows down,Livemint,https://finance.example.com/news/reliance
2026-09-10,RELIANCE,RELIANCE downgraded by major brokerage following weak guidance,Livemint,https://finance.example.com/news/reliance
2026-09-10,RELIANCE,RELIANCE launches innovative AI-driven service line in India,Business Standard,https://finance.example.com/news/reliance
2026-09-10,RELIANCE,RELIANCE launches innovative AI-driven service line in India,Livemint,https://finance.example.com/news/reliance
2026-09-10,RELIANCE,Quarterly revenue drops for RELIANCE as demand slows down,Financial Express,https://finance.example.com/news/reliance
2026-09-11,RELIANCE,RELIANCE announces strategic partnership to boost market share,Financial Express,https://finance.example.com/news/reliance
2026-09-11,RELIANCE,Market highlights: RELIANCE trades rangebound in quiet session,Livemint,https://finance.example.com/news/reliance
2026-09-11,RELIANCE,Board of directors at RELIANCE considers new dividend payout plan,Livemint,https://finance.example.com/news/reliance
2026-09-11,RELIANCE,RELIANCE secures $500M international contract expansion,Livemint,https://finance.example.com/news/reliance
2026-09-14,RELIANCE,RELIANCE faces margin pressure amid rising operational expenses,Livemint,https://finance.example.com/news/reliance
2026-09-14,RELIANCE,RELIANCE schedules annual general meeting for upcoming month,Livemint,https://finance.example.com/news/reliance
2026-09-15,RELIANCE,Analysts upgrade RELIANCE target price following robust revenue growth,Livemint,https://finance.example.com/news/reliance
2026-09-15,RELIANCE,Board of directors at RELIANCE considers new dividend payout plan,Economic Times,https://finance.example.com/news/reliance
2026-09-16,RELIANCE,RELIANCE files quarterly compliance report with NSE,Livemint,https://finance.example.com/news/reliance
2026-09-16,RELIANCE,RELIANCE files quarterly compliance report with NSE,Business Standard,https://finance.example.com/news/reliance
2026-09-17,RELIANCE,RELIANCE files quarterly compliance report with NSE,Financial Express,https://finance.example.com/news/reliance
2026-09-17,RELIANCE,RELIANCE faces margin pressure amid rising operational expenses,Economic Times,https://finance.example.com/news/reliance
2026-09-17,RELIANCE,Board of directors at RELIANCE considers new dividend payout plan,Business Standard,https://finance.example.com/news/reliance
2026-09-18,RELIANCE,RELIANCE launches innovative AI-driven service line in India,Financial Express,https://finance.example.com/news/reliance
2026-09-18,RELIANCE,"RELIANCE reports record quarterly profit, exceeding analyst estimates",Business Standard,https://finance.example.com/news/reliance
2026-09-18,RELIANCE,Analysts upgrade RELIANCE target price following robust revenue growth,Business Standard,https://finance.example.com/news/reliance
2026-09-21,RELIANCE,RELIANCE secures $500M international contract expansion,Business Standard,https://finance.example.com/news/reliance
2026-09-21,RELIANCE,RELIANCE announces strategic partnership to boost market share,Livemint,https://finance.example.com/news/reliance
2026-09-21,RELIANCE,Board of directors at RELIANCE considers new dividend payout plan,Financial Express,https://finance.example.com/news/reliance
2026-09-22,RELIANCE,RELIANCE files quarterly compliance report with NSE,Business Standard,https://finance.example.com/news/reliance
2026-09-22,RELIANCE,"RELIANCE reports record quarterly profit, exceeding analyst estimates",Financial Express,https://finance.example.com/news/reliance
2026-09-22,RELIANCE,RELIANCE launches innovative AI-driven service line in India,Financial Express,https://finance.example.com/news/reliance
2026-09-22,RELIANCE,RELIANCE announces strategic partnership to boost market share,Economic Times,https://finance.example.com/news/reliance
2026-09-23,RELIANCE,Supply chain disruptions impact production targets for RELIANCE,Business Standard,https://finance.example.com/news/reliance
2026-09-23,RELIANCE,Regulatory scrutiny increases for RELIANCE over compliance issue,Business Standard,https://finance.example.com/news/reliance
2026-09-23,RELIANCE,RELIANCE downgraded by major brokerage following weak guidance,Business Standard,https://finance.example.com/news/reliance
2026-09-23,RELIANCE,RELIANCE files quarterly compliance report with NSE,Financial Express,https://finance.example.com/news/reliance
2026-09-24,RELIANCE,RELIANCE launches innovative AI-driven service line in India,Economic Times,https://finance.example.com/news/reliance
2026-09-24,RELIANCE,RELIANCE schedules annual general meeting for upcoming month,Livemint,https://finance.example.com/news/reliance
2026-09-24,RELIANCE,Quarterly revenue drops for RELIANCE as demand slows down,Financial Express,https://finance.example.com/news/reliance
2026-09-25,RELIANCE,"RELIANCE reports record quarterly profit, exceeding analyst estimates",Business Standard,https://finance.example.com/news/reliance
2026-09-25,RELIANCE,RELIANCE secures $500M international contract expansion,Financial Express,https://finance.example.com/news/reliance
2026-09-25,RELIANCE,Analysts upgrade RELIANCE target price following robust revenue growth,Economic Times,https://finance.example.com/news/reliance
2026-09-25,RELIANCE,Executive leadership changes announced at RELIANCE,Economic Times,https://finance.example.com/news/reliance
2026-09-28,RELIANCE,Executive leadership changes announced at RELIANCE,Economic Times,https://finance.example.com/news/reliance
2026-09-29,RELIANCE,Board of directors at RELIANCE considers new dividend payout plan,Livemint,https://finance.example.com/news/reliance
2026-09-29,RELIANCE,Executive leadership changes announced at RELIANCE,Financial Express,https://finance.example.com/news/reliance
2026-09-30,RELIANCE,Board of directors at RELIANCE considers new dividend payout plan,Economic Times,https://finance.example.com/news/reliance
2026-09-30,RELIANCE,Regulatory scrutiny increases for RELIANCE over compliance issue,Financial Express,https://finance.example.com/news/reliance
2026-09-30,RELIANCE,RELIANCE faces margin pressure amid rising operational expenses,Economic Times,https://finance.example.com/news/reliance
2026-10-01,RELIANCE,RELIANCE secures $500M international contract expansion,Livemint,https://finance.example.com/news/reliance
2026-10-02,RELIANCE,"RELIANCE reports record quarterly profit, exceeding analyst estimates",Economic Times,https://finance.example.com/news/reliance
2026-04-07,TCS,TCS faces margin pressure amid rising operational expenses,Business Standard,https://finance.example.com/news/tcs
2026-04-07,TCS,Quarterly revenue drops for TCS as demand slows down,Financial Express,https://finance.example.com/news/tcs
2026-04-07,TCS,Regulatory scrutiny increases for TCS over compliance issue,Financial Express,https://finance.example.com/news/tcs
2026-04-07,TCS,Executive leadership changes announced at TCS,Livemint,https://finance.example.com/news/tcs
2026-04-08,TCS,TCS faces margin pressure amid rising operational expenses,Financial Express,https://finance.example.com/news/tcs
2026-04-08,TCS,Market highlights: TCS trades rangebound in quiet session,Business Standard,https://finance.example.com/news/tcs
2026-04-08,TCS,TCS downgraded by major brokerage following weak guidance,Business Standard,https://finance.example.com/news/tcs
2026-04-08,TCS,"TCS reports record quarterly profit, exceeding analyst estimates",Livemint,https://finance.example.com/news/tcs
2026-04-09,TCS,Analysts upgrade TCS target price following robust revenue growth,Livemint,https://finance.example.com/news/tcs
2026-04-09,TCS,TCS announces strategic partnership to boost market share,Livemint,https://finance.example.com/news/tcs
2026-04-10,TCS,TCS downgraded by major brokerage following weak guidance,Financial Express,https://finance.example.com/news/tcs
2026-04-10,TCS,TCS schedules annual general meeting for upcoming month,Economic Times,https://finance.example.com/news/tcs
2026-04-10,TCS,Regulatory scrutiny increases for TCS over compliance issue,Business Standard,https://finance.example.com/news/tcs
2026-04-10,TCS,TCS launches innovative AI-driven service line in India,Business Standard,https://finance.example.com/news/tcs
2026-04-13,TCS,TCS files quarterly compliance report with NSE,Business Standard,https://finance.example.com/news/tcs
2026-04-13,TCS,Analysts upgrade TCS target price following robust revenue growth,Livemint,https://finance.example.com/news/tcs
2026-04-13,TCS,Market highlights: TCS trades rangebound in quiet session,Financial Express,https://finance.example.com/news/tcs
2026-04-13,TCS,"TCS reports record quarterly profit, exceeding analyst estimates",Financial Express,https://finance.example.com/news/tcs
2026-04-14,TCS,Analysts upgrade TCS target price following robust revenue growth,Economic Times,https://finance.example.com/news/tcs
2026-04-14,TCS,Supply chain disruptions impact production targets for TCS,Livemint,https://finance.example.com/news/tcs
2026-04-14,TCS,TCS downgraded by major brokerage following weak guidance,Livemint,https://finance.example.com/news/tcs
2026-04-14,TCS,Market highlights: TCS trades rangebound in quiet session,Financial Express,https://finance.example.com/news/tcs
2026-04-15,TCS,Quarterly revenue drops for TCS as demand slows down,Financial Express,https://finance.example.com/news/tcs
2026-04-15,TCS,Regulatory scrutiny increases for TCS over compliance issue,Economic Times,https://finance.example.com/news/tcs
2026-04-15,TCS,Regulatory scrutiny increases for TCS over compliance issue,Financial Express,https://finance.example.com/news/tcs
2026-04-16,TCS,TCS files quarterly compliance report with NSE,Financial Express,https://finance.example.com/news/tcs
2026-04-16,TCS,Executive leadership changes announced at TCS,Economic Times,https://finance.example.com/news/tcs
2026-04-16,TCS,Executive leadership changes announced at TCS,Financial Express,https://finance.example.com/news/tcs
2026-04-17,TCS,Analysts upgrade TCS target price following robust revenue growth,Livemint,https://finance.example.com/news/tcs
2026-04-17,TCS,TCS files quarterly compliance report with NSE,Financial Express,https://finance.example.com/news/tcs
2026-04-17,TCS,TCS secures $500M international contract expansion,Business Standard,https://finance.example.com/news/tcs
2026-04-20,TCS,"TCS reports record quarterly profit, exceeding analyst estimates",Financial Express,https://finance.example.com/news/tcs
2026-04-21,TCS,TCS launches innovative AI-driven service line in India,Livemint,https://finance.example.com/news/tcs
2026-04-21,TCS,Analysts upgrade TCS target price following robust revenue growth,Livemint,https://finance.example.com/news/tcs
2026-04-22,TCS,Board of directors at TCS considers new dividend payout plan,Economic Times,https://finance.example.com/news/tcs
2026-04-23,TCS,Quarterly revenue drops for TCS as demand slows down,Business Standard,https://finance.example.com/news/tcs
2026-04-24,TCS,TCS downgraded by major brokerage following weak guidance,Business Standard,https://finance.example.com/news/tcs
2026-04-24,TCS,TCS announces strategic partnership to boost market share,Financial Express,https://finance.example.com/news/tcs
2026-04-24,TCS,"TCS reports record quarterly profit, exceeding analyst estimates",Livemint,https://finance.example.com/news/tcs
2026-04-24,TCS,Supply chain disruptions impact production targets for TCS,Business Standard,https://finance.example.com/news/tcs
2026-04-27,TCS,TCS launches innovative AI-driven service line in India,Financial Express,https://finance.example.com/news/tcs
2026-04-27,TCS,Analysts upgrade TCS target price following robust revenue growth,Economic Times,https://finance.example.com/news/tcs
2026-04-27,TCS,TCS files quarterly compliance report with NSE,Livemint,https://finance.example.com/news/tcs
2026-04-28,TCS,TCS launches innovative AI-driven service line in India,Business Standard,https://finance.example.com/news/tcs
2026-04-28,TCS,TCS launches innovative AI-driven service line in India,Economic Times,https://finance.example.com/news/tcs
2026-04-28,TCS,Quarterly revenue drops for TCS as demand slows down,Financial Express,https://finance.example.com/news/tcs
2026-04-29,TCS,TCS schedules annual general meeting for upcoming month,Business Standard,https://finance.example.com/news/tcs
2026-04-29,TCS,"TCS reports record quarterly profit, exceeding analyst estimates",Livemint,https://finance.example.com/news/tcs
2026-04-29,TCS,Supply chain disruptions impact production targets for TCS,Business Standard,https://finance.example.com/news/tcs
2026-04-29,TCS,Market highlights: TCS trades rangebound in quiet session,Livemint,https://finance.example.com/news/tcs
2026-04-30,TCS,Quarterly revenue drops for TCS as demand slows down,Economic Times,https://finance.example.com/news/tcs
2026-05-01,TCS,TCS files quarterly compliance report with NSE,Financial Express,https://finance.example.com/news/tcs
2026-05-01,TCS,TCS faces margin pressure amid rising operational expenses,Economic Times,https://finance.example.com/news/tcs
2026-05-01,TCS,TCS downgraded by major brokerage following weak guidance,Financial Express,https://finance.example.com/news/tcs
2026-05-01,TCS,Analysts upgrade TCS target price following robust revenue growth,Livemint,https://finance.example.com/news/tcs
2026-05-04,TCS,TCS secures $500M international contract expansion,Financial Express,https://finance.example.com/news/tcs
2026-05-04,TCS,TCS faces margin pressure amid rising operational expenses,Economic Times,https://finance.example.com/news/tcs
2026-05-05,TCS,TCS secures $500M international contract expansion,Economic Times,https://finance.example.com/news/tcs
2026-05-05,TCS,Analysts upgrade TCS target price following robust revenue growth,Economic Times,https://finance.example.com/news/tcs
2026-05-05,TCS,TCS secures $500M international contract expansion,Financial Express,https://finance.example.com/news/tcs
2026-05-06,TCS,Market highlights: TCS trades rangebound in quiet session,Business Standard,https://finance.example.com/news/tcs
2026-05-06,TCS,Executive leadership changes announced at TCS,Business Standard,https://finance.example.com/news/tcs
2026-05-07,TCS,TCS files quarterly compliance report with NSE,Economic Times,https://finance.example.com/news/tcs
2026-05-07,TCS,TCS downgraded by major brokerage following weak guidance,Business Standard,https://finance.example.com/news/tcs
2026-05-07,TCS,Quarterly revenue drops for TCS as demand slows down,Financial Express,https://finance.example.com/news/tcs
2026-05-08,TCS,Quarterly revenue drops for TCS as demand slows down,Business Standard,https://finance.example.com/news/tcs
2026-05-08,TCS,TCS faces margin pressure amid rising operational expenses,Livemint,https://finance.example.com/news/tcs
2026-05-08,TCS,TCS schedules annual general meeting for upcoming month,Financial Express,https://finance.example.com/news/tcs
2026-05-11,TCS,Supply chain disruptions impact production targets for TCS,Financial Express,https://finance.example.com/news/tcs
2026-05-11,TCS,Supply chain disruptions impact production targets for TCS,Economic Times,https://finance.example.com/news/tcs
2026-05-11,TCS,TCS launches innovative AI-driven service line in India,Economic Times,https://finance.example.com/news/tcs
2026-05-11,TCS,Market highlights: TCS trades rangebound in quiet session,Financial Express,https://finance.example.com/news/tcs
2026-05-12,TCS,TCS schedules annual general meeting for upcoming month,Economic Times,https://finance.example.com/news/tcs
2026-05-12,TCS,TCS launches innovative AI-driven service line in India,Business Standard,https://finance.example.com/news/tcs
2026-05-12,TCS,Supply chain disruptions impact production targets for TCS,Economic Times,https://finance.example.com/news/tcs
2026-05-13,TCS,Analysts upgrade TCS target price following robust revenue growth,Business Standard,https://finance.example.com/news/tcs
2026-05-13,TCS,Quarterly revenue drops for TCS as demand slows down,Financial Express,https://finance.example.com/news/tcs
2026-05-13,TCS,TCS files quarterly compliance report with NSE,Financial Express,https://finance.example.com/news/tcs
2026-05-14,TCS,TCS launches innovative AI-driven service line in India,Livemint,https://finance.example.com/news/tcs
2026-05-14,TCS,TCS announces strategic partnership to boost market share,Economic Times,https://finance.example.com/news/tcs
2026-05-14,TCS,TCS announces strategic partnership to boost market share,Economic Times,https://finance.example.com/news/tcs
2026-05-15,TCS,TCS launches innovative AI-driven service line in India,Economic Times,https://finance.example.com/news/tcs
2026-05-15,TCS,TCS faces margin pressure amid rising operational expenses,Livemint,https://finance.example.com/news/tcs
2026-05-15,TCS,Quarterly revenue drops for TCS as demand slows down,Economic Times,https://finance.example.com/news/tcs
2026-05-18,TCS,TCS downgraded by major brokerage following weak guidance,Livemint,https://finance.example.com/news/tcs
2026-05-19,TCS,TCS secures $500M international contract expansion,Economic Times,https://finance.example.com/news/tcs
2026-05-20,TCS,Market highlights: TCS trades rangebound in quiet session,Economic Times,https://finance.example.com/news/tcs
2026-05-20,TCS,TCS secures $500M international contract expansion,Economic Times,https://finance.example.com/news/tcs
2026-05-20,TCS,"TCS reports record quarterly profit, exceeding analyst estimates",Financial Express,https://finance.example.com/news/tcs
2026-05-21,TCS,Executive leadership changes announced at TCS,Economic Times,https://finance.example.com/news/tcs
2026-05-21,TCS,Regulatory scrutiny increases for TCS over compliance issue,Economic Times,https://finance.example.com/news/tcs
2026-05-21,TCS,TCS announces strategic partnership to boost market share,Economic Times,https://finance.example.com/news/tcs
2026-05-22,TCS,Analysts upgrade TCS target price following robust revenue growth,Economic Times,https://finance.example.com/news/tcs
2026-05-22,TCS,Executive leadership changes announced at TCS,Livemint,https://finance.example.com/news/tcs
2026-05-22,TCS,Market highlights: TCS trades rangebound in quiet session,Economic Times,https://finance.example.com/news/tcs
2026-05-22,TCS,Quarterly revenue drops for TCS as demand slows down,Business Standard,https://finance.example.com/news/tcs
2026-05-25,TCS,TCS announces strategic partnership to boost market share,Business Standard,https://finance.example.com/news/tcs
2026-05-25,TCS,Quarterly revenue drops for TCS as demand slows down,Business Standard,https://finance.example.com/news/tcs
2026-05-26,TCS,Board of directors at TCS considers new dividend payout plan,Economic Times,https://finance.example.com/news/tcs
2026-05-26,TCS,TCS schedules annual general meeting for upcoming month,Business Standard,https://finance.example.com/news/tcs
2026-05-26,TCS,Executive leadership changes announced at TCS,Financial Express,https://finance.example.com/news/tcs
2026-05-26,TCS,Executive leadership changes announced at TCS,Financial Express,https://finance.example.com/news/tcs
2026-05-27,TCS,TCS secures $500M international contract expansion,Livemint,https://finance.example.com/news/tcs
2026-05-27,TCS,Supply chain disruptions impact production targets for TCS,Economic Times,https://finance.example.com/news/tcs
2026-05-27,TCS,TCS schedules annual general meeting for upcoming month,Economic Times,https://finance.example.com/news/tcs
2026-05-28,TCS,TCS schedules annual general meeting for upcoming month,Business Standard,https://finance.example.com/news/tcs
2026-05-28,TCS,TCS announces strategic partnership to boost market share,Livemint,https://finance.example.com/news/tcs
2026-05-28,TCS,"TCS reports record quarterly profit, exceeding analyst estimates",Livemint,https://finance.example.com/news/tcs
2026-05-28,TCS,Analysts upgrade TCS target price following robust revenue growth,Financial Express,https://finance.example.com/news/tcs
2026-05-29,TCS,Board of directors at TCS considers new dividend payout plan,Financial Express,https://finance.example.com/news/tcs
2026-05-29,TCS,TCS launches innovative AI-driven service line in India,Economic Times,https://finance.example.com/news/tcs
2026-05-29,TCS,Market highlights: TCS trades rangebound in quiet session,Business Standard,https://finance.example.com/news/tcs
2026-06-01,TCS,TCS schedules annual general meeting for upcoming month,Livemint,https://finance.example.com/news/tcs
2026-06-02,TCS,Executive leadership changes announced at TCS,Business Standard,https://finance.example.com/news/tcs
2026-06-02,TCS,Analysts upgrade TCS target price following robust revenue growth,Economic Times,https://finance.example.com/news/tcs
2026-06-03,TCS,TCS secures $500M international contract expansion,Business Standard,https://finance.example.com/news/tcs
2026-06-03,TCS,Supply chain disruptions impact production targets for TCS,Business Standard,https://finance.example.com/news/tcs
2026-06-03,TCS,TCS launches innovative AI-driven service line in India,Financial Express,https://finance.example.com/news/tcs
2026-06-04,TCS,TCS files quarterly compliance report with NSE,Business Standard,https://finance.example.com/news/tcs
2026-06-04,TCS,Analysts upgrade TCS target price following robust revenue growth,Economic Times,https://finance.example.com/news/tcs
2026-06-05,TCS,"TCS reports record quarterly profit, exceeding analyst estimates",Livemint,https://finance.example.com/news/tcs
2026-06-05,TCS,TCS announces strategic partnership to boost market share,Financial Express,https://finance.example.com/news/tcs
2026-06-05,TCS,TCS launches innovative AI-driven service line in India,Financial Express,https://finance.example.com/news/tcs
2026-06-05,TCS,Quarterly revenue drops for TCS as demand slows down,Livemint,https://finance.example.com/news/tcs
2026-06-08,TCS,"TCS reports record quarterly profit, exceeding analyst estimates",Livemint,https://finance.example.com/news/tcs
2026-06-09,TCS,TCS schedules annual general meeting for upcoming month,Livemint,https://finance.example.com/news/tcs
2026-06-09,TCS,Analysts upgrade TCS target price following robust revenue growth,Livemint,https://finance.example.com/news/tcs
2026-06-10,TCS,Market highlights: TCS trades rangebound in quiet session,Business Standard,https://finance.example.com/news/tcs
2026-06-10,TCS,Regulatory scrutiny increases for TCS over compliance issue,Financial Express,https://finance.example.com/news/tcs
2026-06-11,TCS,TCS secures $500M international contract expansion,Financial Express,https://finance.example.com/news/tcs
2026-06-11,TCS,TCS schedules annual general meeting for upcoming month,Livemint,https://finance.example.com/news/tcs
2026-06-11,TCS,Executive leadership changes announced at TCS,Business Standard,https://finance.example.com/news/tcs
2026-06-11,TCS,Executive leadership changes announced at TCS,Business Standard,https://finance.example.com/news/tcs
2026-06-12,TCS,TCS secures $500M international contract expansion,Livemint,https://finance.example.com/news/tcs
2026-06-12,TCS,"TCS reports record quarterly profit, exceeding analyst estimates",Livemint,https://finance.example.com/news/tcs
2026-06-12,TCS,Analysts upgrade TCS target price following robust revenue growth,Business Standard,https://finance.example.com/news/tcs
2026-06-15,TCS,Market highlights: TCS trades rangebound in quiet session,Livemint,https://finance.example.com/news/tcs
2026-06-15,TCS,Market highlights: TCS trades rangebound in quiet session,Business Standard,https://finance.example.com/news/tcs
2026-06-15,TCS,TCS announces strategic partnership to boost market share,Livemint,https://finance.example.com/news/tcs
2026-06-15,TCS,Market highlights: TCS trades rangebound in quiet session,Financial Express,https://finance.example.com/news/tcs
2026-06-16,TCS,Regulatory scrutiny increases for TCS over compliance issue,Livemint,https://finance.example.com/news/tcs
2026-06-16,TCS,"TCS reports record quarterly profit, exceeding analyst estimates",Livemint,https://finance.example.com/news/tcs
2026-06-16,TCS,Quarterly revenue drops for TCS as demand slows down,Business Standard,https://finance.example.com/news/tcs
2026-06-16,TCS,TCS downgraded by major brokerage following weak guidance,Economic Times,https://finance.example.com/news/tcs
2026-06-17,TCS,"TCS reports record quarterly profit, exceeding analyst estimates",Livemint,https://finance.example.com/news/tcs
2026-06-17,TCS,TCS downgraded by major brokerage following weak guidance,Livemint,https://finance.example.com/news/tcs
2026-06-17,TCS,TCS faces margin pressure amid rising operational expenses,Financial Express,https://finance.example.com/news/tcs
2026-06-17,TCS,TCS downgraded by major brokerage following weak guidance,Livemint,https://finance.example.com/news/tcs
2026-06-18,TCS,Board of directors at TCS considers new dividend payout plan,Business Standard,https://finance.example.com/news/tcs
2026-06-18,TCS,"TCS reports record quarterly profit, exceeding analyst estimates",Economic Times,https://finance.example.com/news/tcs
2026-06-19,TCS,TCS announces strategic partnership to boost market share,Financial Express,https://finance.example.com/news/tcs
2026-06-19,TCS,TCS downgraded by major brokerage following weak guidance,Livemint,https://finance.example.com/news/tcs
2026-06-19,TCS,"TCS reports record quarterly profit, exceeding analyst estimates",Economic Times,https://finance.example.com/news/tcs
2026-06-22,TCS,Analysts upgrade TCS target price following robust revenue growth,Economic Times,https://finance.example.com/news/tcs
2026-06-22,TCS,TCS schedules annual general meeting for upcoming month,Economic Times,https://finance.example.com/news/tcs
2026-06-22,TCS,TCS downgraded by major brokerage following weak guidance,Financial Express,https://finance.example.com/news/tcs
2026-06-23,TCS,Market highlights: TCS trades rangebound in quiet session,Economic Times,https://finance.example.com/news/tcs
2026-06-23,TCS,TCS files quarterly compliance report with NSE,Business Standard,https://finance.example.com/news/tcs
2026-06-23,TCS,TCS secures $500M international contract expansion,Financial Express,https://finance.example.com/news/tcs
2026-06-24,TCS,TCS launches innovative AI-driven service line in India,Financial Express,https://finance.example.com/news/tcs
2026-06-24,TCS,TCS files quarterly compliance report with NSE,Livemint,https://finance.example.com/news/tcs
2026-06-24,TCS,Executive leadership changes announced at TCS,Livemint,https://finance.example.com/news/tcs
2026-06-24,TCS,Board of directors at TCS considers new dividend payout plan,Economic Times,https://finance.example.com/news/tcs
2026-06-25,TCS,TCS faces margin pressure amid rising operational expenses,Economic Times,https://finance.example.com/news/tcs
2026-06-25,TCS,Board of directors at TCS considers new dividend payout plan,Business Standard,https://finance.example.com/news/tcs
2026-06-25,TCS,TCS announces strategic partnership to boost market share,Livemint,https://finance.example.com/news/tcs
2026-06-26,TCS,Executive leadership changes announced at TCS,Economic Times,https://finance.example.com/news/tcs
2026-06-26,TCS,TCS faces margin pressure amid rising operational expenses,Financial Express,https://finance.example.com/news/tcs
2026-06-26,TCS,TCS launches innovative AI-driven service line in India,Business Standard,https://finance.example.com/news/tcs
2026-06-26,TCS,Executive leadership changes announced at TCS,Financial Express,https://finance.example.com/news/tcs
2026-06-29,TCS,TCS schedules annual general meeting for upcoming month,Business Standard,https://finance.example.com/news/tcs
2026-06-29,TCS,Supply chain disruptions impact production targets for TCS,Livemint,https://finance.example.com/news/tcs
2026-06-30,TCS,Executive leadership changes announced at TCS,Economic Times,https://finance.example.com/news/tcs
2026-06-30,TCS,Board of directors at TCS considers new dividend payout plan,Business Standard,https://finance.example.com/news/tcs
2026-07-01,TCS,Executive leadership changes announced at TCS,Economic Times,https://finance.example.com/news/tcs
2026-07-02,TCS,Analysts upgrade TCS target price following robust revenue growth,Economic Times,https://finance.example.com/news/tcs
2026-07-02,TCS,TCS announces strategic partnership to boost market share,Livemint,https://finance.example.com/news/tcs
2026-07-02,TCS,TCS files quarterly compliance report with NSE,Economic Times,https://finance.example.com/news/tcs
2026-07-03,TCS,Analysts upgrade TCS target price following robust revenue growth,Financial Express,https://finance.example.com/news/tcs
2026-07-03,TCS,Regulatory scrutiny increases for TCS over compliance issue,Economic Times,https://finance.example.com/news/tcs
2026-07-03,TCS,TCS announces strategic partnership to boost market share,Livemint,https://finance.example.com/news/tcs
2026-07-06,TCS,TCS schedules annual general meeting for upcoming month,Financial Express,https://finance.example.com/news/tcs
2026-07-07,TCS,Executive leadership changes announced at TCS,Livemint,https://finance.example.com/news/tcs
2026-07-08,TCS,Market highlights: TCS trades rangebound in quiet session,Financial Express,https://finance.example.com/news/tcs
2026-07-08,TCS,Supply chain disruptions impact production targets for TCS,Livemint,https://finance.example.com/news/tcs
2026-07-09,TCS,TCS downgraded by major brokerage following weak guidance,Livemint,https://finance.example.com/news/tcs
2026-07-09,TCS,TCS faces margin pressure amid rising operational expenses,Economic Times,https://finance.example.com/news/tcs
2026-07-09,TCS,TCS downgraded by major brokerage following weak guidance,Business Standard,https://finance.example.com/news/tcs
2026-07-10,TCS,TCS secures $500M international contract expansion,Livemint,https://finance.example.com/news/tcs
2026-07-10,TCS,TCS files quarterly compliance report with NSE,Livemint,https://finance.example.com/news/tcs
2026-07-13,TCS,Analysts upgrade TCS target price following robust revenue growth,Financial Express,https://finance.example.com/news/tcs
2026-07-13,TCS,TCS launches innovative AI-driven service line in India,Financial Express,https://finance.example.com/news/tcs
2026-07-13,TCS,TCS secures $500M international contract expansion,Economic Times,https://finance.example.com/news/tcs
2026-07-13,TCS,Analysts upgrade TCS target price following robust revenue growth,Business Standard,https://finance.example.com/news/tcs
2026-07-14,TCS,TCS secures $500M international contract expansion,Livemint,https://finance.example.com/news/tcs
2026-07-14,TCS,TCS files quarterly compliance report with NSE,Economic Times,https://finance.example.com/news/tcs
2026-07-14,TCS,Market highlights: TCS trades rangebound in quiet session,Business Standard,https://finance.example.com/news/tcs
2026-07-14,TCS,Quarterly revenue drops for TCS as demand slows down,Business Standard,https://finance.example.com/news/tcs
2026-07-15,TCS,TCS launches innovative AI-driven service line in India,Business Standard,https://finance.example.com/news/tcs
2026-07-16,TCS,Analysts upgrade TCS target price following robust revenue growth,Financial Express,https://finance.example.com/news/tcs
2026-07-16,TCS,TCS launches innovative AI-driven service line in India,Business Standard,https://finance.example.com/news/tcs
2026-07-17,TCS,TCS faces margin pressure amid rising operational expenses,Business Standard,https://finance.example.com/news/tcs
2026-07-17,TCS,Analysts upgrade TCS target price following robust revenue growth,Livemint,https://finance.example.com/news/tcs
2026-07-17,TCS,TCS files quarterly compliance report with NSE,Financial Express,https://finance.example.com/news/tcs
2026-07-20,TCS,TCS announces strategic partnership to boost market share,Economic Times,https://finance.example.com/news/tcs
2026-07-20,TCS,Analysts upgrade TCS target price following robust revenue growth,Financial Express,https://finance.example.com/news/tcs
2026-07-20,TCS,TCS launches innovative AI-driven service line in India,Livemint,https://finance.example.com/news/tcs
2026-07-20,TCS,Executive leadership changes announced at TCS,Financial Express,https://finance.example.com/news/tcs
2026-07-21,TCS,Market highlights: TCS trades rangebound in quiet session,Livemint,https://finance.example.com/news/tcs
2026-07-21,TCS,TCS files quarterly compliance report with NSE,Livemint,https://finance.example.com/news/tcs
2026-07-22,TCS,TCS announces strategic partnership to boost market share,Business Standard,https://finance.example.com/news/tcs
2026-07-22,TCS,TCS faces margin pressure amid rising operational expenses,Financial Express,https://finance.example.com/news/tcs
2026-07-23,TCS,Market highlights: TCS trades rangebound in quiet session,Business Standard,https://finance.example.com/news/tcs
2026-07-23,TCS,TCS announces strategic partnership to boost market share,Economic Times,https://finance.example.com/news/tcs
2026-07-24,TCS,TCS files quarterly compliance report with NSE,Economic Times,https://finance.example.com/news/tcs
2026-07-24,TCS,TCS announces strategic partnership to boost market share,Livemint,https://finance.example.com/news/tcs
2026-07-24,TCS,Supply chain disruptions impact production targets for TCS,Business Standard,https://finance.example.com/news/tcs
2026-07-27,TCS,TCS faces margin pressure amid rising operational expenses,Livemint,https://finance.example.com/news/tcs
2026-07-27,TCS,"TCS reports record quarterly profit, exceeding analyst estimates",Business Standard,https://finance.example.com/news/tcs
2026-07-27,TCS,TCS faces margin pressure amid rising operational expenses,Business Standard,https://finance.example.com/news/tcs
2026-07-28,TCS,Executive leadership changes announced at TCS,Economic Times,https://finance.example.com/news/tcs
2026-07-28,TCS,Executive leadership changes announced at TCS,Business Standard,https://finance.example.com/news/tcs
2026-07-28,TCS,TCS announces strategic partnership to boost market share,Business Standard,https://finance.example.com/news/tcs
2026-07-29,TCS,Board of directors at TCS considers new dividend payout plan,Financial Express,https://finance.example.com/news/tcs
2026-07-29,TCS,TCS faces margin pressure amid rising operational expenses,Economic Times,https://finance.example.com/news/tcs
2026-07-30,TCS,TCS downgraded by major brokerage following weak guidance,Economic Times,https://finance.example.com/news/tcs
2026-07-31,TCS,TCS downgraded by major brokerage following weak guidance,Business Standard,https://finance.example.com/news/tcs
2026-07-31,TCS,TCS schedules annual general meeting for upcoming month,Economic Times,https://finance.example.com/news/tcs
2026-07-31,TCS,Supply chain disruptions impact production targets for TCS,Livemint,https://finance.example.com/news/tcs
2026-07-31,TCS,Market highlights: TCS trades rangebound in quiet session,Business Standard,https://finance.example.com/news/tcs
2026-08-03,TCS,Market highlights: TCS trades rangebound in quiet session,Livemint,https://finance.example.com/news/tcs
2026-08-03,TCS,Quarterly revenue drops for TCS as demand slows down,Business Standard,https://finance.example.com/news/tcs
2026-08-03,TCS,TCS secures $500M international contract expansion,Livemint,https://finance.example.com/news/tcs
2026-08-04,TCS,Analysts upgrade TCS target price following robust revenue growth,Livemint,https://finance.example.com/news/tcs
2026-08-04,TCS,Market highlights: TCS trades rangebound in quiet session,Livemint,https://finance.example.com/news/tcs
2026-08-04,TCS,Supply chain disruptions impact production targets for TCS,Livemint,https://finance.example.com/news/tcs
2026-08-05,TCS,TCS announces strategic partnership to boost market share,Business Standard,https://finance.example.com/news/tcs
2026-08-05,TCS,Market highlights: TCS trades rangebound in quiet session,Livemint,https://finance.example.com/news/tcs
2026-08-05,TCS,Board of directors at TCS considers new dividend payout plan,Livemint,https://finance.example.com/news/tcs
2026-08-06,TCS,"TCS reports record quarterly profit, exceeding analyst estimates",Livemint,https://finance.example.com/news/tcs
2026-08-07,TCS,TCS downgraded by major brokerage following weak guidance,Economic Times,https://finance.example.com/news/tcs
2026-08-07,TCS,TCS announces strategic partnership to boost market share,Livemint,https://finance.example.com/news/tcs
2026-08-07,TCS,TCS files quarterly compliance report with NSE,Economic Times,https://finance.example.com/news/tcs
2026-08-07,TCS,TCS announces strategic partnership to boost market share,Economic Times,https://finance.example.com/news/tcs
2026-08-10,TCS,TCS announces strategic partnership to boost market share,Economic Times,https://finance.example.com/news/tcs
2026-08-10,TCS,TCS faces margin pressure amid rising operational expenses,Financial Express,https://finance.example.com/news/tcs
2026-08-11,TCS,TCS launches innovative AI-driven service line in India,Financial Express,https://finance.example.com/news/tcs
2026-08-11,TCS,Regulatory scrutiny increases for TCS over compliance issue,Financial Express,https://finance.example.com/news/tcs
2026-08-11,TCS,Board of directors at TCS considers new dividend payout plan,Business Standard,https://finance.example.com/news/tcs
2026-08-11,TCS,TCS downgraded by major brokerage following weak guidance,Business Standard,https://finance.example.com/news/tcs
2026-08-12,TCS,TCS files quarterly compliance report with NSE,Livemint,https://finance.example.com/news/tcs
2026-08-12,TCS,"TCS reports record quarterly profit, exceeding analyst estimates",Financial Express,https://finance.example.com/news/tcs
2026-08-13,TCS,TCS faces margin pressure amid rising operational expenses,Economic Times,https://finance.example.com/news/tcs
2026-08-13,TCS,Regulatory scrutiny increases for TCS over compliance issue,Financial Express,https://finance.example.com/news/tcs
2026-08-14,TCS,Board of directors at TCS considers new dividend payout plan,Livemint,https://finance.example.com/news/tcs
2026-08-14,TCS,TCS schedules annual general meeting for upcoming month,Livemint,https://finance.example.com/news/tcs
2026-08-14,TCS,TCS faces margin pressure amid rising operational expenses,Livemint,https://finance.example.com/news/tcs
2026-08-14,TCS,TCS announces strategic partnership to boost market share,Business Standard,https://finance.example.com/news/tcs
2026-08-17,TCS,Market highlights: TCS trades rangebound in quiet session,Livemint,https://finance.example.com/news/tcs
2026-08-17,TCS,"TCS reports record quarterly profit, exceeding analyst estimates",Livemint,https://finance.example.com/news/tcs
2026-08-18,TCS,TCS files quarterly compliance report with NSE,Economic Times,https://finance.example.com/news/tcs
2026-08-18,TCS,Analysts upgrade TCS target price following robust revenue growth,Livemint,https://finance.example.com/news/tcs
2026-08-19,TCS,TCS launches innovative AI-driven service line in India,Business Standard,https://finance.example.com/news/tcs
2026-08-19,TCS,TCS faces margin pressure amid rising operational expenses,Business Standard,https://finance.example.com/news/tcs
2026-08-20,TCS,TCS secures $500M international contract expansion,Business Standard,https://finance.example.com/news/tcs
2026-08-21,TCS,TCS schedules annual general meeting for upcoming month,Livemint,https://finance.example.com/news/tcs
2026-08-21,TCS,TCS launches innovative AI-driven service line in India,Livemint,https://finance.example.com/news/tcs
2026-08-21,TCS,TCS files quarterly compliance report with NSE,Financial Express,https://finance.example.com/news/tcs
2026-08-24,TCS,Regulatory scrutiny increases for TCS over compliance issue,Financial Express,https://finance.example.com/news/tcs
2026-08-24,TCS,TCS downgraded by major brokerage following weak guidance,Livemint,https://finance.example.com/news/tcs
2026-08-24,TCS,TCS announces strategic partnership to boost market share,Livemint,https://finance.example.com/news/tcs
2026-08-25,TCS,Quarterly revenue drops for TCS as demand slows down,Livemint,https://finance.example.com/news/tcs
2026-08-26,TCS,TCS secures $500M international contract expansion,Business Standard,https://finance.example.com/news/tcs
2026-08-26,TCS,TCS announces strategic partnership to boost market share,Livemint,https://finance.example.com/news/tcs
2026-08-27,TCS,Market highlights: TCS trades rangebound in quiet session,Economic Times,https://finance.example.com/news/tcs
2026-08-27,TCS,Executive leadership changes announced at TCS,Financial Express,https://finance.example.com/news/tcs
2026-08-27,TCS,Supply chain disruptions impact production targets for TCS,Livemint,https://finance.example.com/news/tcs
2026-08-27,TCS,TCS announces strategic partnership to boost market share,Financial Express,https://finance.example.com/news/tcs
2026-08-28,TCS,Executive leadership changes announced at TCS,Economic Times,https://finance.example.com/news/tcs
2026-08-31,TCS,TCS announces strategic partnership to boost market share,Business Standard,https://finance.example.com/news/tcs
2026-08-31,TCS,TCS secures $500M international contract expansion,Business Standard,https://finance.example.com/news/tcs
2026-09-01,TCS,Market highlights: TCS trades rangebound in quiet session,Financial Express,https://finance.example.com/news/tcs
2026-09-02,TCS,TCS launches innovative AI-driven service line in India,Business Standard,https://finance.example.com/news/tcs
2026-09-02,TCS,Supply chain disruptions impact production targets for TCS,Business Standard,https://finance.example.com/news/tcs
2026-09-02,TCS,Quarterly revenue drops for TCS as demand slows down,Financial Express,https://finance.example.com/news/tcs
2026-09-02,TCS,"TCS reports record quarterly profit, exceeding analyst estimates",Economic Times,https://finance.example.com/news/tcs
2026-09-03,TCS,Analysts upgrade TCS target price following robust revenue growth,Financial Express,https://finance.example.com/news/tcs
2026-09-04,TCS,TCS schedules annual general meeting for upcoming month,Business Standard,https://finance.example.com/news/tcs
2026-09-07,TCS,TCS secures $500M international contract expansion,Economic Times,https://finance.example.com/news/tcs
2026-09-08,TCS,TCS launches innovative AI-driven service line in India,Business Standard,https://finance.example.com/news/tcs
2026-09-08,TCS,Market highlights: TCS trades rangebound in quiet session,Business Standard,https://finance.example.com/news/tcs
2026-09-08,TCS,TCS announces strategic partnership to boost market share,Economic Times,https://finance.example.com/news/tcs
2026-09-08,TCS,Quarterly revenue drops for TCS as demand slows down,Financial Express,https://finance.example.com/news/tcs
2026-09-09,TCS,Market highlights: TCS trades rangebound in quiet session,Economic Times,https://finance.example.com/news/tcs
2026-09-09,TCS,Board of directors at TCS considers new dividend payout plan,Financial Express,https://finance.example.com/news/tcs
2026-09-10,TCS,Market highlights: TCS trades rangebound in quiet session,Business Standard,https://finance.example.com/news/tcs
2026-09-11,TCS,Board of directors at TCS considers new dividend payout plan,Business Standard,https://finance.example.com/news/tcs
2026-09-11,TCS,Analysts upgrade TCS target price following robust revenue growth,Economic Times,https://finance.example.com/news/tcs
2026-09-11,TCS,TCS schedules annual general meeting for upcoming month,Financial Express,https://finance.example.com/news/tcs
2026-09-11,TCS,Market highlights: TCS trades rangebound in quiet session,Financial Express,https://finance.example.com/news/tcs
2026-09-14,TCS,"TCS reports record quarterly profit, exceeding analyst estimates",Financial Express,https://finance.example.com/news/tcs
2026-09-14,TCS,TCS faces margin pressure amid rising operational expenses,Economic Times,https://finance.example.com/news/tcs
2026-09-15,TCS,Regulatory scrutiny increases for TCS over compliance issue,Economic Times,https://finance.example.com/news/tcs
2026-09-16,TCS,Analysts upgrade TCS target price following robust revenue growth,Economic Times,https://finance.example.com/news/tcs
2026-09-17,TCS,Quarterly revenue drops for TCS as demand slows down,Economic Times,https://finance.example.com/news/tcs
2026-09-17,TCS,TCS secures $500M international contract expansion,Economic Times,https://finance.example.com/news/tcs
2026-09-17,TCS,Quarterly revenue drops for TCS as demand slows down,Financial Express,https://finance.example.com/news/tcs
2026-09-18,TCS,TCS downgraded by major brokerage following weak guidance,Business Standard,https://finance.example.com/news/tcs
2026-09-18,TCS,Analysts upgrade TCS target price following robust revenue growth,Business Standard,https://finance.example.com/news/tcs
2026-09-21,TCS,TCS downgraded by major brokerage following weak guidance,Economic Times,https://finance.example.com/news/tcs
2026-09-21,TCS,TCS secures $500M international contract expansion,Business Standard,https://finance.example.com/news/tcs
2026-09-21,TCS,TCS secures $500M international contract expansion,Livemint,https://finance.example.com/news/tcs
2026-09-22,TCS,TCS schedules annual general meeting for upcoming month,Business Standard,https://finance.example.com/news/tcs
2026-09-22,TCS,Executive leadership changes announced at TCS,Economic Times,https://finance.example.com/news/tcs
2026-09-23,TCS,TCS secures $500M international contract expansion,Livemint,https://finance.example.com/news/tcs
2026-09-23,TCS,TCS downgraded by major brokerage following weak guidance,Livemint,https://finance.example.com/news/tcs
2026-09-23,TCS,TCS secures $500M international contract expansion,Financial Express,https://finance.example.com/news/tcs
2026-09-23,TCS,TCS announces strategic partnership to boost market share,Financial Express,https://finance.example.com/news/tcs
2026-09-24,TCS,TCS announces strategic partnership to boost market share,Economic Times,https://finance.example.com/news/tcs
2026-09-25,TCS,Analysts upgrade TCS target price following robust revenue growth,Livemint,https://finance.example.com/news/tcs
2026-09-25,TCS,TCS schedules annual general meeting for upcoming month,Economic Times,https://finance.example.com/news/tcs
2026-09-25,TCS,TCS schedules annual general meeting for upcoming month,Business Standard,https://finance.example.com/news/tcs
2026-09-25,TCS,Executive leadership changes announced at TCS,Economic Times,https://finance.example.com/news/tcs
2026-09-28,TCS,Executive leadership changes announced at TCS,Livemint,https://finance.example.com/news/tcs
2026-09-28,TCS,Market highlights: TCS trades rangebound in quiet session,Business Standard,https://finance.example.com/news/tcs
2026-09-28,TCS,Quarterly revenue drops for TCS as demand slows down,Livemint,https://finance.example.com/news/tcs
2026-09-28,TCS,TCS announces strategic partnership to boost market share,Business Standard,https://finance.example.com/news/tcs
2026-09-29,TCS,TCS launches innovative AI-driven service line in India,Livemint,https://finance.example.com/news/tcs
2026-09-29,TCS,TCS files quarterly compliance report with NSE,Livemint,https://finance.example.com/news/tcs
2026-09-29,TCS,Supply chain disruptions impact production targets for TCS,Economic Times,https://finance.example.com/news/tcs
2026-09-29,TCS,TCS schedules annual general meeting for upcoming month,Livemint,https://finance.example.com/news/tcs
2026-09-30,TCS,TCS secures $500M international contract expansion,Livemint,https://finance.example.com/news/tcs
2026-09-30,TCS,TCS announces strategic partnership to boost market share,Economic Times,https://finance.example.com/news/tcs
2026-09-30,TCS,Quarterly revenue drops for TCS as demand slows down,Livemint,https://finance.example.com/news/tcs
2026-09-30,TCS,Market highlights: TCS trades rangebound in quiet session,Business Standard,https://finance.example.com/news/tcs
2026-10-01,TCS,Analysts upgrade TCS target price following robust revenue growth,Economic Times,https://finance.example.com/news/tcs
2026-10-01,TCS,TCS announces strategic partnership to boost market share,Business Standard,https://finance.example.com/news/tcs
2026-10-01,TCS,TCS announces strategic partnership to boost market share,Financial Express,https://finance.example.com/news/tcs
2026-10-01,TCS,TCS faces margin pressure amid rising operational expenses,Financial Express,https://finance.example.com/news/tcs
2026-10-02,TCS,Regulatory scrutiny increases for TCS over compliance issue,Financial Express,https://finance.example.com/news/tcs
2026-04-07,INFY,INFY announces strategic partnership to boost market share,Business Standard,https://finance.example.com/news/infy
2026-04-07,INFY,INFY announces strategic partnership to boost market share,Business Standard,https://finance.example.com/news/infy
2026-04-08,INFY,INFY announces strategic partnership to boost market share,Business Standard,https://finance.example.com/news/infy
2026-04-08,INFY,INFY announces strategic partnership to boost market share,Livemint,https://finance.example.com/news/infy
2026-04-08,INFY,Quarterly revenue drops for INFY as demand slows down,Financial Express,https://finance.example.com/news/infy
2026-04-08,INFY,INFY downgraded by major brokerage following weak guidance,Economic Times,https://finance.example.com/news/infy
2026-04-09,INFY,Executive leadership changes announced at INFY,Economic Times,https://finance.example.com/news/infy
2026-04-10,INFY,INFY announces strategic partnership to boost market share,Livemint,https://finance.example.com/news/infy
2026-04-10,INFY,INFY files quarterly compliance report with NSE,Business Standard,https://finance.example.com/news/infy
2026-04-13,INFY,INFY launches innovative AI-driven service line in India,Business Standard,https://finance.example.com/news/infy
2026-04-14,INFY,Board of directors at INFY considers new dividend payout plan,Livemint,https://finance.example.com/news/infy
2026-04-14,INFY,INFY faces margin pressure amid rising operational expenses,Financial Express,https://finance.example.com/news/infy
2026-04-15,INFY,INFY downgraded by major brokerage following weak guidance,Business Standard,https://finance.example.com/news/infy
2026-04-16,INFY,Regulatory scrutiny increases for INFY over compliance issue,Financial Express,https://finance.example.com/news/infy
2026-04-17,INFY,INFY files quarterly compliance report with NSE,Financial Express,https://finance.example.com/news/infy
2026-04-17,INFY,INFY schedules annual general meeting for upcoming month,Economic Times,https://finance.example.com/news/infy
2026-04-17,INFY,INFY announces strategic partnership to boost market share,Business Standard,https://finance.example.com/news/infy
2026-04-17,INFY,"INFY reports record quarterly profit, exceeding analyst estimates",Livemint,https://finance.example.com/news/infy
2026-04-20,INFY,Analysts upgrade INFY target price following robust revenue growth,Financial Express,https://finance.example.com/news/infy
2026-04-21,INFY,INFY downgraded by major brokerage following weak guidance,Financial Express,https://finance.example.com/news/infy
2026-04-21,INFY,INFY announces strategic partnership to boost market share,Economic Times,https://finance.example.com/news/infy
2026-04-22,INFY,Supply chain disruptions impact production targets for INFY,Livemint,https://finance.example.com/news/infy
2026-04-22,INFY,INFY secures $500M international contract expansion,Financial Express,https://finance.example.com/news/infy
2026-04-22,INFY,Quarterly revenue drops for INFY as demand slows down,Financial Express,https://finance.example.com/news/infy
2026-04-22,INFY,INFY secures $500M international contract expansion,Financial Express,https://finance.example.com/news/infy
2026-04-23,INFY,Supply chain disruptions impact production targets for INFY,Business Standard,https://finance.example.com/news/infy
2026-04-23,INFY,INFY files quarterly compliance report with NSE,Financial Express,https://finance.example.com/news/infy
2026-04-23,INFY,INFY downgraded by major brokerage following weak guidance,Business Standard,https://finance.example.com/news/infy
2026-04-24,INFY,INFY launches innovative AI-driven service line in India,Business Standard,https://finance.example.com/news/infy
2026-04-24,INFY,INFY announces strategic partnership to boost market share,Business Standard,https://finance.example.com/news/infy
2026-04-27,INFY,INFY files quarterly compliance report with NSE,Economic Times,https://finance.example.com/news/infy
2026-04-28,INFY,INFY secures $500M international contract expansion,Business Standard,https://finance.example.com/news/infy
2026-04-29,INFY,INFY files quarterly compliance report with NSE,Livemint,https://finance.example.com/news/infy
2026-04-29,INFY,"INFY reports record quarterly profit, exceeding analyst estimates",Livemint,https://finance.example.com/news/infy
2026-04-30,INFY,Analysts upgrade INFY target price following robust revenue growth,Financial Express,https://finance.example.com/news/infy
2026-04-30,INFY,INFY secures $500M international contract expansion,Business Standard,https://finance.example.com/news/infy
2026-04-30,INFY,Supply chain disruptions impact production targets for INFY,Business Standard,https://finance.example.com/news/infy
2026-04-30,INFY,"INFY reports record quarterly profit, exceeding analyst estimates",Livemint,https://finance.example.com/news/infy
2026-05-01,INFY,Quarterly revenue drops for INFY as demand slows down,Business Standard,https://finance.example.com/news/infy
2026-05-04,INFY,INFY launches innovative AI-driven service line in India,Financial Express,https://finance.example.com/news/infy
2026-05-05,INFY,Regulatory scrutiny increases for INFY over compliance issue,Business Standard,https://finance.example.com/news/infy
2026-05-05,INFY,Analysts upgrade INFY target price following robust revenue growth,Livemint,https://finance.example.com/news/infy
2026-05-06,INFY,INFY faces margin pressure amid rising operational expenses,Economic Times,https://finance.example.com/news/infy
2026-05-06,INFY,INFY downgraded by major brokerage following weak guidance,Livemint,https://finance.example.com/news/infy
2026-05-06,INFY,INFY faces margin pressure amid rising operational expenses,Livemint,https://finance.example.com/news/infy
2026-05-07,INFY,Market highlights: INFY trades rangebound in quiet session,Economic Times,https://finance.example.com/news/infy
2026-05-07,INFY,Regulatory scrutiny increases for INFY over compliance issue,Livemint,https://finance.example.com/news/infy
2026-05-07,INFY,INFY launches innovative AI-driven service line in India,Livemint,https://finance.example.com/news/infy
2026-05-08,INFY,INFY files quarterly compliance report with NSE,Business Standard,https://finance.example.com/news/infy
2026-05-08,INFY,INFY announces strategic partnership to boost market share,Economic Times,https://finance.example.com/news/infy
2026-05-08,INFY,INFY announces strategic partnership to boost market share,Economic Times,https://finance.example.com/news/infy
2026-05-08,INFY,Regulatory scrutiny increases for INFY over compliance issue,Business Standard,https://finance.example.com/news/infy
2026-05-11,INFY,INFY launches innovative AI-driven service line in India,Economic Times,https://finance.example.com/news/infy
2026-05-11,INFY,Analysts upgrade INFY target price following robust revenue growth,Business Standard,https://finance.example.com/news/infy
2026-05-11,INFY,INFY announces strategic partnership to boost market share,Economic Times,https://finance.example.com/news/infy
2026-05-12,INFY,Supply chain disruptions impact production targets for INFY,Financial Express,https://finance.example.com/news/infy
2026-05-12,INFY,Market highlights: INFY trades rangebound in quiet session,Economic Times,https://finance.example.com/news/infy
2026-05-13,INFY,INFY schedules annual general meeting for upcoming month,Business Standard,https://finance.example.com/news/infy
2026-05-13,INFY,Regulatory scrutiny increases for INFY over compliance issue,Livemint,https://finance.example.com/news/infy
2026-05-13,INFY,INFY secures $500M international contract expansion,Business Standard,https://finance.example.com/news/infy
2026-05-13,INFY,INFY schedules annual general meeting for upcoming month,Business Standard,https://finance.example.com/news/infy
2026-05-14,INFY,Supply chain disruptions impact production targets for INFY,Business Standard,https://finance.example.com/news/infy
2026-05-14,INFY,Quarterly revenue drops for INFY as demand slows down,Financial Express,https://finance.example.com/news/infy
2026-05-14,INFY,INFY secures $500M international contract expansion,Livemint,https://finance.example.com/news/infy
2026-05-14,INFY,INFY announces strategic partnership to boost market share,Financial Express,https://finance.example.com/news/infy
2026-05-15,INFY,INFY files quarterly compliance report with NSE,Business Standard,https://finance.example.com/news/infy
2026-05-15,INFY,"INFY reports record quarterly profit, exceeding analyst estimates",Livemint,https://finance.example.com/news/infy
2026-05-15,INFY,INFY announces strategic partnership to boost market share,Economic Times,https://finance.example.com/news/infy
2026-05-15,INFY,INFY downgraded by major brokerage following weak guidance,Business Standard,https://finance.example.com/news/infy
2026-05-18,INFY,"INFY reports record quarterly profit, exceeding analyst estimates",Business Standard,https://finance.example.com/news/infy
2026-05-18,INFY,INFY launches innovative AI-driven service line in India,Financial Express,https://finance.example.com/news/infy
2026-05-19,INFY,Board of directors at INFY considers new dividend payout plan,Livemint,https://finance.example.com/news/infy
2026-05-20,INFY,INFY secures $500M international contract expansion,Business Standard,https://finance.example.com/news/infy
2026-05-20,INFY,"INFY reports record quarterly profit, exceeding analyst estimates",Business Standard,https://finance.example.com/news/infy
2026-05-20,INFY,Market highlights: INFY trades rangebound in quiet session,Livemint,https://finance.example.com/news/infy
2026-05-21,INFY,"INFY reports record quarterly profit, exceeding analyst estimates",Financial Express,https://finance.example.com/news/infy
2026-05-22,INFY,Regulatory scrutiny increases for INFY over compliance issue,Economic Times,https://finance.example.com/news/infy
2026-05-22,INFY,Supply chain disruptions impact production targets for INFY,Economic Times,https://finance.example.com/news/infy
2026-05-22,INFY,INFY launches innovative AI-driven service line in India,Business Standard,https://finance.example.com/news/infy
2026-05-25,INFY,Board of directors at INFY considers new dividend payout plan,Economic Times,https://finance.example.com/news/infy
2026-05-25,INFY,INFY downgraded by major brokerage following weak guidance,Business Standard,https://finance.example.com/news/infy
2026-05-26,INFY,Board of directors at INFY considers new dividend payout plan,Business Standard,https://finance.example.com/news/infy
2026-05-27,INFY,INFY secures $500M international contract expansion,Economic Times,https://finance.example.com/news/infy
2026-05-27,INFY,"INFY reports record quarterly profit, exceeding analyst estimates",Financial Express,https://finance.example.com/news/infy
2026-05-27,INFY,Executive leadership changes announced at INFY,Economic Times,https://finance.example.com/news/infy
2026-05-27,INFY,INFY secures $500M international contract expansion,Business Standard,https://finance.example.com/news/infy
2026-05-28,INFY,INFY launches innovative AI-driven service line in India,Livemint,https://finance.example.com/news/infy
2026-05-29,INFY,Supply chain disruptions impact production targets for INFY,Financial Express,https://finance.example.com/news/infy
2026-05-29,INFY,INFY launches innovative AI-driven service line in India,Economic Times,https://finance.example.com/news/infy
2026-05-29,INFY,INFY files quarterly compliance report with NSE,Financial Express,https://finance.example.com/news/infy
2026-05-29,INFY,Quarterly revenue drops for INFY as demand slows down,Financial Express,https://finance.example.com/news/infy
2026-06-01,INFY,INFY secures $500M international contract expansion,Livemint,https://finance.example.com/news/infy
2026-06-01,INFY,Supply chain disruptions impact production targets for INFY,Business Standard,https://finance.example.com/news/infy
2026-06-02,INFY,Supply chain disruptions impact production targets for INFY,Business Standard,https://finance.example.com/news/infy
2026-06-02,INFY,INFY downgraded by major brokerage following weak guidance,Economic Times,https://finance.example.com/news/infy
2026-06-02,INFY,INFY downgraded by major brokerage following weak guidance,Livemint,https://finance.example.com/news/infy
2026-06-02,INFY,Analysts upgrade INFY target price following robust revenue growth,Business Standard,https://finance.example.com/news/infy
2026-06-03,INFY,INFY schedules annual general meeting for upcoming month,Business Standard,https://finance.example.com/news/infy
2026-06-04,INFY,INFY launches innovative AI-driven service line in India,Business Standard,https://finance.example.com/news/infy
2026-06-04,INFY,INFY downgraded by major brokerage following weak guidance,Business Standard,https://finance.example.com/news/infy
2026-06-05,INFY,INFY faces margin pressure amid rising operational expenses,Financial Express,https://finance.example.com/news/infy
2026-06-05,INFY,Board of directors at INFY considers new dividend payout plan,Livemint,https://finance.example.com/news/infy
2026-06-05,INFY,INFY secures $500M international contract expansion,Livemint,https://finance.example.com/news/infy
2026-06-05,INFY,INFY launches innovative AI-driven service line in India,Business Standard,https://finance.example.com/news/infy
2026-06-08,INFY,Quarterly revenue drops for INFY as demand slows down,Livemint,https://finance.example.com/news/infy
2026-06-09,INFY,Market highlights: INFY trades rangebound in quiet session,Economic Times,https://finance.example.com/news/infy
2026-06-10,INFY,INFY secures $500M international contract expansion,Livemint,https://finance.example.com/news/infy
2026-06-10,INFY,INFY schedules annual general meeting for upcoming month,Business Standard,https://finance.example.com/news/infy
2026-06-10,INFY,"INFY reports record quarterly profit, exceeding analyst estimates",Business Standard,https://finance.example.com/news/infy
2026-06-10,INFY,INFY schedules annual general meeting for upcoming month,Economic Times,https://finance.example.com/news/infy
2026-06-11,INFY,Executive leadership changes announced at INFY,Livemint,https://finance.example.com/news/infy
2026-06-11,INFY,Executive leadership changes announced at INFY,Business Standard,https://finance.example.com/news/infy
2026-06-12,INFY,Regulatory scrutiny increases for INFY over compliance issue,Economic Times,https://finance.example.com/news/infy
2026-06-12,INFY,Executive leadership changes announced at INFY,Livemint,https://finance.example.com/news/infy
2026-06-15,INFY,Regulatory scrutiny increases for INFY over compliance issue,Livemint,https://finance.example.com/news/infy
2026-06-15,INFY,INFY files quarterly compliance report with NSE,Livemint,https://finance.example.com/news/infy
2026-06-15,INFY,Supply chain disruptions impact production targets for INFY,Financial Express,https://finance.example.com/news/infy
2026-06-16,INFY,Market highlights: INFY trades rangebound in quiet session,Financial Express,https://finance.example.com/news/infy
2026-06-16,INFY,Board of directors at INFY considers new dividend payout plan,Economic Times,https://finance.example.com/news/infy
2026-06-17,INFY,Analysts upgrade INFY target price following robust revenue growth,Economic Times,https://finance.example.com/news/infy
2026-06-17,INFY,Market highlights: INFY trades rangebound in quiet session,Business Standard,https://finance.example.com/news/infy
2026-06-18,INFY,Quarterly revenue drops for INFY as demand slows down,Business Standard,https://finance.example.com/news/infy
2026-06-18,INFY,"INFY reports record quarterly profit, exceeding analyst estimates",Financial Express,https://finance.example.com/news/infy
2026-06-19,INFY,Quarterly revenue drops for INFY as demand slows down,Livemint,https://finance.example.com/news/infy
2026-06-19,INFY,INFY downgraded by major brokerage following weak guidance,Livemint,https://finance.example.com/news/infy
2026-06-19,INFY,INFY faces margin pressure amid rising operational expenses,Business Standard,https://finance.example.com/news/infy
2026-06-19,INFY,Quarterly revenue drops for INFY as demand slows down,Financial Express,https://finance.example.com/news/infy
2026-06-22,INFY,INFY launches innovative AI-driven service line in India,Economic Times,https://finance.example.com/news/infy
2026-06-22,INFY,Quarterly revenue drops for INFY as demand slows down,Livemint,https://finance.example.com/news/infy
2026-06-22,INFY,INFY announces strategic partnership to boost market share,Economic Times,https://finance.example.com/news/infy
2026-06-22,INFY,INFY downgraded by major brokerage following weak guidance,Livemint,https://finance.example.com/news/infy
2026-06-23,INFY,INFY launches innovative AI-driven service line in India,Financial Express,https://finance.example.com/news/infy
2026-06-24,INFY,Board of directors at INFY considers new dividend payout plan,Business Standard,https://finance.example.com/news/infy
2026-06-25,INFY,INFY launches innovative AI-driven service line in India,Economic Times,https://finance.example.com/news/infy
2026-06-25,INFY,Board of directors at INFY considers new dividend payout plan,Livemint,https://finance.example.com/news/infy
2026-06-25,INFY,Analysts upgrade INFY target price following robust revenue growth,Financial Express,https://finance.example.com/news/infy
2026-06-25,INFY,Quarterly revenue drops for INFY as demand slows down,Financial Express,https://finance.example.com/news/infy
2026-06-26,INFY,Regulatory scrutiny increases for INFY over compliance issue,Financial Express,https://finance.example.com/news/infy
2026-06-26,INFY,Analysts upgrade INFY target price following robust revenue growth,Economic Times,https://finance.example.com/news/infy
2026-06-26,INFY,INFY faces margin pressure amid rising operational expenses,Financial Express,https://finance.example.com/news/infy
2026-06-29,INFY,"INFY reports record quarterly profit, exceeding analyst estimates",Economic Times,https://finance.example.com/news/infy
2026-06-30,INFY,INFY downgraded by major brokerage following weak guidance,Financial Express,https://finance.example.com/news/infy
2026-06-30,INFY,Analysts upgrade INFY target price following robust revenue growth,Financial Express,https://finance.example.com/news/infy
2026-07-01,INFY,INFY downgraded by major brokerage following weak guidance,Financial Express,https://finance.example.com/news/infy
2026-07-01,INFY,"INFY reports record quarterly profit, exceeding analyst estimates",Financial Express,https://finance.example.com/news/infy
2026-07-01,INFY,Analysts upgrade INFY target price following robust revenue growth,Livemint,https://finance.example.com/news/infy
2026-07-01,INFY,INFY secures $500M international contract expansion,Economic Times,https://finance.example.com/news/infy
2026-07-02,INFY,INFY faces margin pressure amid rising operational expenses,Economic Times,https://finance.example.com/news/infy
2026-07-03,INFY,INFY secures $500M international contract expansion,Economic Times,https://finance.example.com/news/infy
2026-07-03,INFY,Executive leadership changes announced at INFY,Business Standard,https://finance.example.com/news/infy
2026-07-03,INFY,INFY schedules annual general meeting for upcoming month,Financial Express,https://finance.example.com/news/infy
2026-07-03,INFY,"INFY reports record quarterly profit, exceeding analyst estimates",Business Standard,https://finance.example.com/news/infy
2026-07-06,INFY,INFY files quarterly compliance report with NSE,Economic Times,https://finance.example.com/news/infy
2026-07-06,INFY,"INFY reports record quarterly profit, exceeding analyst estimates",Economic Times,https://finance.example.com/news/infy
2026-07-06,INFY,Supply chain disruptions impact production targets for INFY,Livemint,https://finance.example.com/news/infy
2026-07-07,INFY,INFY files quarterly compliance report with NSE,Economic Times,https://finance.example.com/news/infy
2026-07-08,INFY,INFY files quarterly compliance report with NSE,Financial Express,https://finance.example.com/news/infy
2026-07-08,INFY,Board of directors at INFY considers new dividend payout plan,Business Standard,https://finance.example.com/news/infy
2026-07-09,INFY,INFY launches innovative AI-driven service line in India,Financial Express,https://finance.example.com/news/infy
2026-07-09,INFY,INFY faces margin pressure amid rising operational expenses,Livemint,https://finance.example.com/news/infy
2026-07-09,INFY,Board of directors at INFY considers new dividend payout plan,Business Standard,https://finance.example.com/news/infy
2026-07-09,INFY,Executive leadership changes announced at INFY,Business Standard,https://finance.example.com/news/infy
2026-07-10,INFY,Regulatory scrutiny increases for INFY over compliance issue,Business Standard,https://finance.example.com/news/infy
2026-07-10,INFY,INFY schedules annual general meeting for upcoming month,Financial Express,https://finance.example.com/news/infy
2026-07-10,INFY,INFY faces margin pressure amid rising operational expenses,Livemint,https://finance.example.com/news/infy
2026-07-13,INFY,"INFY reports record quarterly profit, exceeding analyst estimates",Business Standard,https://finance.example.com/news/infy
2026-07-13,INFY,Supply chain disruptions impact production targets for INFY,Business Standard,https://finance.example.com/news/infy
2026-07-14,INFY,INFY schedules annual general meeting for upcoming month,Economic Times,https://finance.example.com/news/infy
2026-07-14,INFY,Analysts upgrade INFY target price following robust revenue growth,Financial Express,https://finance.example.com/news/infy
2026-07-14,INFY,Regulatory scrutiny increases for INFY over compliance issue,Economic Times,https://finance.example.com/news/infy
2026-07-14,INFY,INFY downgraded by major brokerage following weak guidance,Financial Express,https://finance.example.com/news/infy
2026-07-15,INFY,Regulatory scrutiny increases for INFY over compliance issue,Financial Express,https://finance.example.com/news/infy
2026-07-15,INFY,INFY launches innovative AI-driven service line in India,Financial Express,https://finance.example.com/news/infy
2026-07-15,INFY,Supply chain disruptions impact production targets for INFY,Financial Express,https://finance.example.com/news/infy
2026-07-16,INFY,Regulatory scrutiny increases for INFY over compliance issue,Financial Express,https://finance.example.com/news/infy
2026-07-16,INFY,INFY secures $500M international contract expansion,Financial Express,https://finance.example.com/news/infy
2026-07-16,INFY,Analysts upgrade INFY target price following robust revenue growth,Livemint,https://finance.example.com/news/infy
2026-07-17,INFY,Analysts upgrade INFY target price following robust revenue growth,Financial Express,https://finance.example.com/news/infy
2026-07-17,INFY,INFY schedules annual general meeting for upcoming month,Livemint,https://finance.example.com/news/infy
2026-07-20,INFY,"INFY reports record quarterly profit, exceeding analyst estimates",Livemint,https://finance.example.com/news/infy
2026-07-20,INFY,Executive leadership changes announced at INFY,Financial Express,https://finance.example.com/news/infy
2026-07-20,INFY,Supply chain disruptions impact production targets for INFY,Livemint,https://finance.example.com/news/infy
2026-07-20,INFY,INFY announces strategic partnership to boost market share,Economic Times,https://finance.example.com/news/infy
2026-07-21,INFY,"INFY reports record quarterly profit, exceeding analyst estimates",Financial Express,https://finance.example.com/news/infy
2026-07-21,INFY,INFY announces strategic partnership to boost market share,Financial Express,https://finance.example.com/news/infy
2026-07-21,INFY,"INFY reports record quarterly profit, exceeding analyst estimates",Economic Times,https://finance.example.com/news/infy
2026-07-22,INFY,INFY downgraded by major brokerage following weak guidance,Economic Times,https://finance.example.com/news/infy
2026-07-23,INFY,INFY schedules annual general meeting for upcoming month,Business Standard,https://finance.example.com/news/infy
2026-07-23,INFY,INFY secures $500M international contract expansion,Business Standard,https://finance.example.com/news/infy
2026-07-24,INFY,"INFY reports record quarterly profit, exceeding analyst estimates",Livemint,https://finance.example.com/news/infy
2026-07-24,INFY,"INFY reports record quarterly profit, exceeding analyst estimates",Economic Times,https://finance.example.com/news/infy
2026-07-24,INFY,INFY announces strategic partnership to boost market share,Financial Express,https://finance.example.com/news/infy
2026-07-27,INFY,INFY launches innovative AI-driven service line in India,Livemint,https://finance.example.com/news/infy
2026-07-27,INFY,INFY files quarterly compliance report with NSE,Livemint,https://finance.example.com/news/infy
2026-07-27,INFY,INFY launches innovative AI-driven service line in India,Financial Express,https://finance.example.com/news/infy
2026-07-27,INFY,Analysts upgrade INFY target price following robust revenue growth,Livemint,https://finance.example.com/news/infy
2026-07-28,INFY,Supply chain disruptions impact production targets for INFY,Business Standard,https://finance.example.com/news/infy
2026-07-28,INFY,Board of directors at INFY considers new dividend payout plan,Economic Times,https://finance.example.com/news/infy
2026-07-29,INFY,INFY launches innovative AI-driven service line in India,Financial Express,https://finance.example.com/news/infy
2026-07-29,INFY,Analysts upgrade INFY target price following robust revenue growth,Financial Express,https://finance.example.com/news/infy
2026-07-30,INFY,INFY launches innovative AI-driven service line in India,Livemint,https://finance.example.com/news/infy
2026-07-30,INFY,INFY announces strategic partnership to boost market share,Economic Times,https://finance.example.com/news/infy
2026-07-30,INFY,INFY faces margin pressure amid rising operational expenses,Economic Times,https://finance.example.com/news/infy
2026-07-31,INFY,INFY secures $500M international contract expansion,Business Standard,https://finance.example.com/news/infy
2026-07-31,INFY,INFY files quarterly compliance report with NSE,Business Standard,https://finance.example.com/news/infy
2026-07-31,INFY,INFY schedules annual general meeting for upcoming month,Financial Express,https://finance.example.com/news/infy
2026-08-03,INFY,INFY downgraded by major brokerage following weak guidance,Financial Express,https://finance.example.com/news/infy
2026-08-03,INFY,INFY faces margin pressure amid rising operational expenses,Business Standard,https://finance.example.com/news/infy
2026-08-04,INFY,Analysts upgrade INFY target price following robust revenue growth,Livemint,https://finance.example.com/news/infy
2026-08-04,INFY,Market highlights: INFY trades rangebound in quiet session,Livemint,https://finance.example.com/news/infy
2026-08-05,INFY,Regulatory scrutiny increases for INFY over compliance issue,Financial Express,https://finance.example.com/news/infy
2026-08-05,INFY,Board of directors at INFY considers new dividend payout plan,Financial Express,https://finance.example.com/news/infy
2026-08-05,INFY,INFY secures $500M international contract expansion,Business Standard,https://finance.example.com/news/infy
2026-08-06,INFY,"INFY reports record quarterly profit, exceeding analyst estimates",Livemint,https://finance.example.com/news/infy
2026-08-06,INFY,Board of directors at INFY considers new dividend payout plan,Business Standard,https://finance.example.com/news/infy
2026-08-06,INFY,Analysts upgrade INFY target price following robust revenue growth,Financial Express,https://finance.example.com/news/infy
2026-08-06,INFY,Analysts upgrade INFY target price following robust revenue growth,Financial Express,https://finance.example.com/news/infy
2026-08-07,INFY,INFY files quarterly compliance report with NSE,Economic Times,https://finance.example.com/news/infy
2026-08-07,INFY,INFY secures $500M international contract expansion,Livemint,https://finance.example.com/news/infy
2026-08-10,INFY,Quarterly revenue drops for INFY as demand slows down,Livemint,https://finance.example.com/news/infy
2026-08-10,INFY,Board of directors at INFY considers new dividend payout plan,Financial Express,https://finance.example.com/news/infy
2026-08-10,INFY,Market highlights: INFY trades rangebound in quiet session,Economic Times,https://finance.example.com/news/infy
2026-08-10,INFY,"INFY reports record quarterly profit, exceeding analyst estimates",Economic Times,https://finance.example.com/news/infy
2026-08-11,INFY,INFY secures $500M international contract expansion,Economic Times,https://finance.example.com/news/infy
2026-08-12,INFY,INFY files quarterly compliance report with NSE,Financial Express,https://finance.example.com/news/infy
2026-08-12,INFY,Quarterly revenue drops for INFY as demand slows down,Financial Express,https://finance.example.com/news/infy
2026-08-13,INFY,Board of directors at INFY considers new dividend payout plan,Business Standard,https://finance.example.com/news/infy
2026-08-14,INFY,Analysts upgrade INFY target price following robust revenue growth,Financial Express,https://finance.example.com/news/infy
2026-08-14,INFY,INFY launches innovative AI-driven service line in India,Financial Express,https://finance.example.com/news/infy
2026-08-17,INFY,Market highlights: INFY trades rangebound in quiet session,Business Standard,https://finance.example.com/news/infy
2026-08-17,INFY,INFY downgraded by major brokerage following weak guidance,Business Standard,https://finance.example.com/news/infy
2026-08-18,INFY,INFY secures $500M international contract expansion,Livemint,https://finance.example.com/news/infy
2026-08-18,INFY,INFY secures $500M international contract expansion,Financial Express,https://finance.example.com/news/infy
2026-08-19,INFY,INFY downgraded by major brokerage following weak guidance,Business Standard,https://finance.example.com/news/infy
2026-08-19,INFY,Market highlights: INFY trades rangebound in quiet session,Financial Express,https://finance.example.com/news/infy
2026-08-20,INFY,INFY secures $500M international contract expansion,Business Standard,https://finance.example.com/news/infy
2026-08-21,INFY,Supply chain disruptions impact production targets for INFY,Economic Times,https://finance.example.com/news/infy
2026-08-21,INFY,Supply chain disruptions impact production targets for INFY,Financial Express,https://finance.example.com/news/infy
2026-08-24,INFY,INFY files quarterly compliance report with NSE,Business Standard,https://finance.example.com/news/infy
2026-08-24,INFY,INFY downgraded by major brokerage following weak guidance,Livemint,https://finance.example.com/news/infy
2026-08-24,INFY,Executive leadership changes announced at INFY,Livemint,https://finance.example.com/news/infy
2026-08-24,INFY,INFY secures $500M international contract expansion,Financial Express,https://finance.example.com/news/infy
2026-08-25,INFY,INFY faces margin pressure amid rising operational expenses,Livemint,https://finance.example.com/news/infy
2026-08-25,INFY,INFY launches innovative AI-driven service line in India,Livemint,https://finance.example.com/news/infy
2026-08-25,INFY,Board of directors at INFY considers new dividend payout plan,Economic Times,https://finance.example.com/news/infy
2026-08-26,INFY,INFY secures $500M international contract expansion,Livemint,https://finance.example.com/news/infy
2026-08-27,INFY,Board of directors at INFY considers new dividend payout plan,Business Standard,https://finance.example.com/news/infy
2026-08-28,INFY,Board of directors at INFY considers new dividend payout plan,Economic Times,https://finance.example.com/news/infy
2026-08-28,INFY,Analysts upgrade INFY target price following robust revenue growth,Livemint,https://finance.example.com/news/infy
2026-08-28,INFY,INFY schedules annual general meeting for upcoming month,Livemint,https://finance.example.com/news/infy
2026-08-31,INFY,Regulatory scrutiny increases for INFY over compliance issue,Business Standard,https://finance.example.com/news/infy
2026-08-31,INFY,Regulatory scrutiny increases for INFY over compliance issue,Business Standard,https://finance.example.com/news/infy
2026-09-01,INFY,INFY secures $500M international contract expansion,Economic Times,https://finance.example.com/news/infy
2026-09-02,INFY,INFY faces margin pressure amid rising operational expenses,Livemint,https://finance.example.com/news/infy
2026-09-03,INFY,INFY files quarterly compliance report with NSE,Economic Times,https://finance.example.com/news/infy
2026-09-03,INFY,INFY files quarterly compliance report with NSE,Financial Express,https://finance.example.com/news/infy
2026-09-04,INFY,INFY secures $500M international contract expansion,Financial Express,https://finance.example.com/news/infy
2026-09-07,INFY,INFY files quarterly compliance report with NSE,Business Standard,https://finance.example.com/news/infy
2026-09-07,INFY,Quarterly revenue drops for INFY as demand slows down,Livemint,https://finance.example.com/news/infy
2026-09-07,INFY,INFY secures $500M international contract expansion,Business Standard,https://finance.example.com/news/infy
2026-09-08,INFY,Regulatory scrutiny increases for INFY over compliance issue,Livemint,https://finance.example.com/news/infy
2026-09-08,INFY,INFY announces strategic partnership to boost market share,Economic Times,https://finance.example.com/news/infy
2026-09-08,INFY,Analysts upgrade INFY target price following robust revenue growth,Economic Times,https://finance.example.com/news/infy
2026-09-08,INFY,"INFY reports record quarterly profit, exceeding analyst estimates",Business Standard,https://finance.example.com/news/infy
2026-09-09,INFY,Analysts upgrade INFY target price following robust revenue growth,Economic Times,https://finance.example.com/news/infy
2026-09-10,INFY,Board of directors at INFY considers new dividend payout plan,Livemint,https://finance.example.com/news/infy
2026-09-11,INFY,Analysts upgrade INFY target price following robust revenue growth,Economic Times,https://finance.example.com/news/infy
2026-09-14,INFY,INFY files quarterly compliance report with NSE,Business Standard,https://finance.example.com/news/infy
2026-09-15,INFY,INFY secures $500M international contract expansion,Financial Express,https://finance.example.com/news/infy
2026-09-16,INFY,"INFY reports record quarterly profit, exceeding analyst estimates",Financial Express,https://finance.example.com/news/infy
2026-09-16,INFY,INFY launches innovative AI-driven service line in India,Business Standard,https://finance.example.com/news/infy
2026-09-16,INFY,Market highlights: INFY trades rangebound in quiet session,Business Standard,https://finance.example.com/news/infy
2026-09-17,INFY,INFY launches innovative AI-driven service line in India,Financial Express,https://finance.example.com/news/infy
2026-09-17,INFY,Executive leadership changes announced at INFY,Economic Times,https://finance.example.com/news/infy
2026-09-17,INFY,"INFY reports record quarterly profit, exceeding analyst estimates",Financial Express,https://finance.example.com/news/infy
2026-09-17,INFY,Analysts upgrade INFY target price following robust revenue growth,Livemint,https://finance.example.com/news/infy
2026-09-18,INFY,INFY secures $500M international contract expansion,Business Standard,https://finance.example.com/news/infy
2026-09-21,INFY,Executive leadership changes announced at INFY,Financial Express,https://finance.example.com/news/infy
2026-09-21,INFY,INFY announces strategic partnership to boost market share,Business Standard,https://finance.example.com/news/infy
2026-09-22,INFY,Regulatory scrutiny increases for INFY over compliance issue,Business Standard,https://finance.example.com/news/infy
2026-09-23,INFY,Analysts upgrade INFY target price following robust revenue growth,Economic Times,https://finance.example.com/news/infy
2026-09-23,INFY,Market highlights: INFY trades rangebound in quiet session,Livemint,https://finance.example.com/news/infy
2026-09-24,INFY,"INFY reports record quarterly profit, exceeding analyst estimates",Financial Express,https://finance.example.com/news/infy
2026-09-24,INFY,INFY announces strategic partnership to boost market share,Business Standard,https://finance.example.com/news/infy
2026-09-24,INFY,Analysts upgrade INFY target price following robust revenue growth,Financial Express,https://finance.example.com/news/infy
2026-09-25,INFY,INFY announces strategic partnership to boost market share,Business Standard,https://finance.example.com/news/infy
2026-09-25,INFY,"INFY reports record quarterly profit, exceeding analyst estimates",Economic Times,https://finance.example.com/news/infy
2026-09-25,INFY,Analysts upgrade INFY target price following robust revenue growth,Financial Express,https://finance.example.com/news/infy
2026-09-25,INFY,INFY faces margin pressure amid rising operational expenses,Livemint,https://finance.example.com/news/infy
2026-09-28,INFY,Quarterly revenue drops for INFY as demand slows down,Financial Express,https://finance.example.com/news/infy
2026-09-28,INFY,INFY downgraded by major brokerage following weak guidance,Economic Times,https://finance.example.com/news/infy
2026-09-28,INFY,INFY launches innovative AI-driven service line in India,Livemint,https://finance.example.com/news/infy
2026-09-28,INFY,"INFY reports record quarterly profit, exceeding analyst estimates",Livemint,https://finance.example.com/news/infy
2026-09-29,INFY,Regulatory scrutiny increases for INFY over compliance issue,Livemint,https://finance.example.com/news/infy
2026-09-29,INFY,Regulatory scrutiny increases for INFY over compliance issue,Financial Express,https://finance.example.com/news/infy
2026-09-29,INFY,Analysts upgrade INFY target price following robust revenue growth,Business Standard,https://finance.example.com/news/infy
2026-09-29,INFY,Executive leadership changes announced at INFY,Economic Times,https://finance.example.com/news/infy
2026-09-30,INFY,Executive leadership changes announced at INFY,Business Standard,https://finance.example.com/news/infy
2026-10-01,INFY,Regulatory scrutiny increases for INFY over compliance issue,Business Standard,https://finance.example.com/news/infy
2026-10-01,INFY,INFY launches innovative AI-driven service line in India,Financial Express,https://finance.example.com/news/infy
2026-10-01,INFY,Supply chain disruptions impact production targets for INFY,Economic Times,https://finance.example.com/news/infy
2026-10-01,INFY,INFY launches innovative AI-driven service line in India,Economic Times,https://finance.example.com/news/infy
2026-10-02,INFY,Board of directors at INFY considers new dividend payout plan,Economic Times,https://finance.example.com/news/infy
2026-10-02,INFY,"INFY reports record quarterly profit, exceeding analyst estimates",Business Standard,https://finance.example.com/news/infy
2026-04-07,HDFCBANK,Board of directors at HDFCBANK considers new dividend payout plan,Livemint,https://finance.example.com/news/hdfcbank
2026-04-07,HDFCBANK,"HDFCBANK reports record quarterly profit, exceeding analyst estimates",Financial Express,https://finance.example.com/news/hdfcbank
2026-04-08,HDFCBANK,Supply chain disruptions impact production targets for HDFCBANK,Livemint,https://finance.example.com/news/hdfcbank
2026-04-08,HDFCBANK,Executive leadership changes announced at HDFCBANK,Business Standard,https://finance.example.com/news/hdfcbank
2026-04-08,HDFCBANK,HDFCBANK schedules annual general meeting for upcoming month,Business Standard,https://finance.example.com/news/hdfcbank
2026-04-08,HDFCBANK,HDFCBANK secures $500M international contract expansion,Economic Times,https://finance.example.com/news/hdfcbank
2026-04-09,HDFCBANK,Executive leadership changes announced at HDFCBANK,Financial Express,https://finance.example.com/news/hdfcbank
2026-04-10,HDFCBANK,HDFCBANK files quarterly compliance report with NSE,Business Standard,https://finance.example.com/news/hdfcbank
2026-04-10,HDFCBANK,HDFCBANK launches innovative AI-driven service line in India,Business Standard,https://finance.example.com/news/hdfcbank
2026-04-10,HDFCBANK,Analysts upgrade HDFCBANK target price following robust revenue growth,Business Standard,https://finance.example.com/news/hdfcbank
2026-04-13,HDFCBANK,HDFCBANK downgraded by major brokerage following weak guidance,Financial Express,https://finance.example.com/news/hdfcbank
2026-04-13,HDFCBANK,Analysts upgrade HDFCBANK target price following robust revenue growth,Economic Times,https://finance.example.com/news/hdfcbank
2026-04-14,HDFCBANK,HDFCBANK files quarterly compliance report with NSE,Livemint,https://finance.example.com/news/hdfcbank
2026-04-15,HDFCBANK,Analysts upgrade HDFCBANK target price following robust revenue growth,Livemint,https://finance.example.com/news/hdfcbank
2026-04-16,HDFCBANK,HDFCBANK schedules annual general meeting for upcoming month,Economic Times,https://finance.example.com/news/hdfcbank
2026-04-16,HDFCBANK,HDFCBANK launches innovative AI-driven service line in India,Livemint,https://finance.example.com/news/hdfcbank
2026-04-16,HDFCBANK,HDFCBANK launches innovative AI-driven service line in India,Financial Express,https://finance.example.com/news/hdfcbank
2026-04-17,HDFCBANK,HDFCBANK downgraded by major brokerage following weak guidance,Business Standard,https://finance.example.com/news/hdfcbank
2026-04-17,HDFCBANK,HDFCBANK files quarterly compliance report with NSE,Financial Express,https://finance.example.com/news/hdfcbank
2026-04-20,HDFCBANK,HDFCBANK announces strategic partnership to boost market share,Business Standard,https://finance.example.com/news/hdfcbank
2026-04-20,HDFCBANK,HDFCBANK announces strategic partnership to boost market share,Financial Express,https://finance.example.com/news/hdfcbank
2026-04-21,HDFCBANK,HDFCBANK secures $500M international contract expansion,Financial Express,https://finance.example.com/news/hdfcbank
2026-04-21,HDFCBANK,HDFCBANK launches innovative AI-driven service line in India,Financial Express,https://finance.example.com/news/hdfcbank
2026-04-22,HDFCBANK,HDFCBANK files quarterly compliance report with NSE,Livemint,https://finance.example.com/news/hdfcbank
2026-04-22,HDFCBANK,Executive leadership changes announced at HDFCBANK,Business Standard,https://finance.example.com/news/hdfcbank
2026-04-22,HDFCBANK,HDFCBANK faces margin pressure amid rising operational expenses,Financial Express,https://finance.example.com/news/hdfcbank
2026-04-23,HDFCBANK,HDFCBANK announces strategic partnership to boost market share,Business Standard,https://finance.example.com/news/hdfcbank
2026-04-23,HDFCBANK,HDFCBANK launches innovative AI-driven service line in India,Livemint,https://finance.example.com/news/hdfcbank
2026-04-24,HDFCBANK,Analysts upgrade HDFCBANK target price following robust revenue growth,Financial Express,https://finance.example.com/news/hdfcbank
2026-04-24,HDFCBANK,HDFCBANK launches innovative AI-driven service line in India,Financial Express,https://finance.example.com/news/hdfcbank
2026-04-24,HDFCBANK,HDFCBANK announces strategic partnership to boost market share,Economic Times,https://finance.example.com/news/hdfcbank
2026-04-27,HDFCBANK,Regulatory scrutiny increases for HDFCBANK over compliance issue,Livemint,https://finance.example.com/news/hdfcbank
2026-04-27,HDFCBANK,Supply chain disruptions impact production targets for HDFCBANK,Financial Express,https://finance.example.com/news/hdfcbank
2026-04-28,HDFCBANK,Regulatory scrutiny increases for HDFCBANK over compliance issue,Economic Times,https://finance.example.com/news/hdfcbank
2026-04-29,HDFCBANK,HDFCBANK announces strategic partnership to boost market share,Livemint,https://finance.example.com/news/hdfcbank
2026-04-30,HDFCBANK,HDFCBANK downgraded by major brokerage following weak guidance,Livemint,https://finance.example.com/news/hdfcbank
2026-04-30,HDFCBANK,Regulatory scrutiny increases for HDFCBANK over compliance issue,Business Standard,https://finance.example.com/news/hdfcbank
2026-04-30,HDFCBANK,HDFCBANK announces strategic partnership to boost market share,Business Standard,https://finance.example.com/news/hdfcbank
2026-05-01,HDFCBANK,Analysts upgrade HDFCBANK target price following robust revenue growth,Livemint,https://finance.example.com/news/hdfcbank
2026-05-04,HDFCBANK,HDFCBANK downgraded by major brokerage following weak guidance,Financial Express,https://finance.example.com/news/hdfcbank
2026-05-04,HDFCBANK,Analysts upgrade HDFCBANK target price following robust revenue growth,Livemint,https://finance.example.com/news/hdfcbank
2026-05-04,HDFCBANK,HDFCBANK files quarterly compliance report with NSE,Livemint,https://finance.example.com/news/hdfcbank
2026-05-05,HDFCBANK,HDFCBANK secures $500M international contract expansion,Financial Express,https://finance.example.com/news/hdfcbank
2026-05-05,HDFCBANK,Executive leadership changes announced at HDFCBANK,Business Standard,https://finance.example.com/news/hdfcbank
2026-05-06,HDFCBANK,HDFCBANK faces margin pressure amid rising operational expenses,Business Standard,https://finance.example.com/news/hdfcbank
2026-05-06,HDFCBANK,HDFCBANK files quarterly compliance report with NSE,Business Standard,https://finance.example.com/news/hdfcbank
2026-05-06,HDFCBANK,HDFCBANK faces margin pressure amid rising operational expenses,Economic Times,https://finance.example.com/news/hdfcbank
2026-05-07,HDFCBANK,Board of directors at HDFCBANK considers new dividend payout plan,Business Standard,https://finance.example.com/news/hdfcbank
2026-05-07,HDFCBANK,HDFCBANK files quarterly compliance report with NSE,Livemint,https://finance.example.com/news/hdfcbank
2026-05-07,HDFCBANK,Executive leadership changes announced at HDFCBANK,Economic Times,https://finance.example.com/news/hdfcbank
2026-05-08,HDFCBANK,HDFCBANK secures $500M international contract expansion,Livemint,https://finance.example.com/news/hdfcbank
2026-05-08,HDFCBANK,Executive leadership changes announced at HDFCBANK,Economic Times,https://finance.example.com/news/hdfcbank
2026-05-08,HDFCBANK,HDFCBANK files quarterly compliance report with NSE,Financial Express,https://finance.example.com/news/hdfcbank
2026-05-11,HDFCBANK,Analysts upgrade HDFCBANK target price following robust revenue growth,Business Standard,https://finance.example.com/news/hdfcbank
2026-05-11,HDFCBANK,HDFCBANK files quarterly compliance report with NSE,Livemint,https://finance.example.com/news/hdfcbank
2026-05-12,HDFCBANK,HDFCBANK downgraded by major brokerage following weak guidance,Financial Express,https://finance.example.com/news/hdfcbank
2026-05-12,HDFCBANK,Supply chain disruptions impact production targets for HDFCBANK,Financial Express,https://finance.example.com/news/hdfcbank
2026-05-12,HDFCBANK,Regulatory scrutiny increases for HDFCBANK over compliance issue,Financial Express,https://finance.example.com/news/hdfcbank
2026-05-13,HDFCBANK,HDFCBANK downgraded by major brokerage following weak guidance,Financial Express,https://finance.example.com/news/hdfcbank
2026-05-13,HDFCBANK,Board of directors at HDFCBANK considers new dividend payout plan,Economic Times,https://finance.example.com/news/hdfcbank
2026-05-13,HDFCBANK,HDFCBANK files quarterly compliance report with NSE,Business Standard,https://finance.example.com/news/hdfcbank
2026-05-13,HDFCBANK,Market highlights: HDFCBANK trades rangebound in quiet session,Economic Times,https://finance.example.com/news/hdfcbank
2026-05-14,HDFCBANK,Board of directors at HDFCBANK considers new dividend payout plan,Financial Express,https://finance.example.com/news/hdfcbank
2026-05-14,HDFCBANK,Regulatory scrutiny increases for HDFCBANK over compliance issue,Livemint,https://finance.example.com/news/hdfcbank
2026-05-14,HDFCBANK,HDFCBANK faces margin pressure amid rising operational expenses,Business Standard,https://finance.example.com/news/hdfcbank
2026-05-15,HDFCBANK,HDFCBANK secures $500M international contract expansion,Economic Times,https://finance.example.com/news/hdfcbank
2026-05-15,HDFCBANK,HDFCBANK faces margin pressure amid rising operational expenses,Economic Times,https://finance.example.com/news/hdfcbank
2026-05-15,HDFCBANK,HDFCBANK downgraded by major brokerage following weak guidance,Business Standard,https://finance.example.com/news/hdfcbank
2026-05-18,HDFCBANK,Market highlights: HDFCBANK trades rangebound in quiet session,Financial Express,https://finance.example.com/news/hdfcbank
2026-05-18,HDFCBANK,HDFCBANK secures $500M international contract expansion,Livemint,https://finance.example.com/news/hdfcbank
2026-05-18,HDFCBANK,HDFCBANK files quarterly compliance report with NSE,Economic Times,https://finance.example.com/news/hdfcbank
2026-05-18,HDFCBANK,"HDFCBANK reports record quarterly profit, exceeding analyst estimates",Economic Times,https://finance.example.com/news/hdfcbank
2026-05-19,HDFCBANK,Quarterly revenue drops for HDFCBANK as demand slows down,Livemint,https://finance.example.com/news/hdfcbank
2026-05-19,HDFCBANK,HDFCBANK launches innovative AI-driven service line in India,Livemint,https://finance.example.com/news/hdfcbank
2026-05-20,HDFCBANK,"HDFCBANK reports record quarterly profit, exceeding analyst estimates",Livemint,https://finance.example.com/news/hdfcbank
2026-05-20,HDFCBANK,Market highlights: HDFCBANK trades rangebound in quiet session,Livemint,https://finance.example.com/news/hdfcbank
2026-05-21,HDFCBANK,Board of directors at HDFCBANK considers new dividend payout plan,Livemint,https://finance.example.com/news/hdfcbank
2026-05-21,HDFCBANK,Market highlights: HDFCBANK trades rangebound in quiet session,Livemint,https://finance.example.com/news/hdfcbank
2026-05-21,HDFCBANK,Board of directors at HDFCBANK considers new dividend payout plan,Business Standard,https://finance.example.com/news/hdfcbank
2026-05-21,HDFCBANK,HDFCBANK secures $500M international contract expansion,Economic Times,https://finance.example.com/news/hdfcbank
2026-05-22,HDFCBANK,Executive leadership changes announced at HDFCBANK,Economic Times,https://finance.example.com/news/hdfcbank
2026-05-22,HDFCBANK,"HDFCBANK reports record quarterly profit, exceeding analyst estimates",Business Standard,https://finance.example.com/news/hdfcbank
2026-05-25,HDFCBANK,Executive leadership changes announced at HDFCBANK,Financial Express,https://finance.example.com/news/hdfcbank
2026-05-25,HDFCBANK,HDFCBANK faces margin pressure amid rising operational expenses,Financial Express,https://finance.example.com/news/hdfcbank
2026-05-25,HDFCBANK,HDFCBANK faces margin pressure amid rising operational expenses,Financial Express,https://finance.example.com/news/hdfcbank
2026-05-26,HDFCBANK,HDFCBANK downgraded by major brokerage following weak guidance,Financial Express,https://finance.example.com/news/hdfcbank
2026-05-27,HDFCBANK,Regulatory scrutiny increases for HDFCBANK over compliance issue,Economic Times,https://finance.example.com/news/hdfcbank
2026-05-27,HDFCBANK,HDFCBANK faces margin pressure amid rising operational expenses,Livemint,https://finance.example.com/news/hdfcbank
2026-05-27,HDFCBANK,HDFCBANK faces margin pressure amid rising operational expenses,Livemint,https://finance.example.com/news/hdfcbank
2026-05-28,HDFCBANK,HDFCBANK faces margin pressure amid rising operational expenses,Financial Express,https://finance.example.com/news/hdfcbank
2026-05-28,HDFCBANK,"HDFCBANK reports record quarterly profit, exceeding analyst estimates",Business Standard,https://finance.example.com/news/hdfcbank
2026-05-29,HDFCBANK,Quarterly revenue drops for HDFCBANK as demand slows down,Economic Times,https://finance.example.com/news/hdfcbank
2026-05-29,HDFCBANK,HDFCBANK launches innovative AI-driven service line in India,Livemint,https://finance.example.com/news/hdfcbank
2026-06-01,HDFCBANK,HDFCBANK launches innovative AI-driven service line in India,Economic Times,https://finance.example.com/news/hdfcbank
2026-06-01,HDFCBANK,HDFCBANK downgraded by major brokerage following weak guidance,Livemint,https://finance.example.com/news/hdfcbank
2026-06-02,HDFCBANK,"HDFCBANK reports record quarterly profit, exceeding analyst estimates",Financial Express,https://finance.example.com/news/hdfcbank
2026-06-02,HDFCBANK,Market highlights: HDFCBANK trades rangebound in quiet session,Economic Times,https://finance.example.com/news/hdfcbank
2026-06-03,HDFCBANK,HDFCBANK schedules annual general meeting for upcoming month,Financial Express,https://finance.example.com/news/hdfcbank
2026-06-04,HDFCBANK,HDFCBANK downgraded by major brokerage following weak guidance,Livemint,https://finance.example.com/news/hdfcbank
2026-06-04,HDFCBANK,"HDFCBANK reports record quarterly profit, exceeding analyst estimates",Financial Express,https://finance.example.com/news/hdfcbank
2026-06-04,HDFCBANK,HDFCBANK schedules annual general meeting for upcoming month,Livemint,https://finance.example.com/news/hdfcbank
2026-06-05,HDFCBANK,HDFCBANK files quarterly compliance report with NSE,Business Standard,https://finance.example.com/news/hdfcbank
2026-06-05,HDFCBANK,HDFCBANK schedules annual general meeting for upcoming month,Financial Express,https://finance.example.com/news/hdfcbank
2026-06-05,HDFCBANK,HDFCBANK secures $500M international contract expansion,Economic Times,https://finance.example.com/news/hdfcbank
2026-06-08,HDFCBANK,HDFCBANK launches innovative AI-driven service line in India,Livemint,https://finance.example.com/news/hdfcbank
2026-06-08,HDFCBANK,HDFCBANK schedules annual general meeting for upcoming month,Livemint,https://finance.example.com/news/hdfcbank
2026-06-08,HDFCBANK,Board of directors at HDFCBANK considers new dividend payout plan,Financial Express,https://finance.example.com/news/hdfcbank
2026-06-09,HDFCBANK,HDFCBANK downgraded by major brokerage following weak guidance,Livemint,https://finance.example.com/news/hdfcbank
2026-06-09,HDFCBANK,Market highlights: HDFCBANK trades rangebound in quiet session,Business Standard,https://finance.example.com/news/hdfcbank
2026-06-09,HDFCBANK,Regulatory scrutiny increases for HDFCBANK over compliance issue,Financial Express,https://finance.example.com/news/hdfcbank
2026-06-09,HDFCBANK,"HDFCBANK reports record quarterly profit, exceeding analyst estimates",Economic Times,https://finance.example.com/news/hdfcbank
2026-06-10,HDFCBANK,Supply chain disruptions impact production targets for HDFCBANK,Business Standard,https://finance.example.com/news/hdfcbank
2026-06-11,HDFCBANK,HDFCBANK launches innovative AI-driven service line in India,Livemint,https://finance.example.com/news/hdfcbank
2026-06-11,HDFCBANK,Regulatory scrutiny increases for HDFCBANK over compliance issue,Business Standard,https://finance.example.com/news/hdfcbank
2026-06-11,HDFCBANK,HDFCBANK schedules annual general meeting for upcoming month,Business Standard,https://finance.example.com/news/hdfcbank
2026-06-11,HDFCBANK,HDFCBANK faces margin pressure amid rising operational expenses,Livemint,https://finance.example.com/news/hdfcbank
2026-06-12,HDFCBANK,HDFCBANK announces strategic partnership to boost market share,Economic Times,https://finance.example.com/news/hdfcbank
2026-06-12,HDFCBANK,HDFCBANK files quarterly compliance report with NSE,Financial Express,https://finance.example.com/news/hdfcbank
2026-06-12,HDFCBANK,Regulatory scrutiny increases for HDFCBANK over compliance issue,Business Standard,https://finance.example.com/news/hdfcbank
2026-06-15,HDFCBANK,HDFCBANK downgraded by major brokerage following weak guidance,Economic Times,https://finance.example.com/news/hdfcbank
2026-06-15,HDFCBANK,Executive leadership changes announced at HDFCBANK,Financial Express,https://finance.example.com/news/hdfcbank
2026-06-15,HDFCBANK,HDFCBANK secures $500M international contract expansion,Business Standard,https://finance.example.com/news/hdfcbank
2026-06-16,HDFCBANK,HDFCBANK schedules annual general meeting for upcoming month,Business Standard,https://finance.example.com/news/hdfcbank
2026-06-16,HDFCBANK,Analysts upgrade HDFCBANK target price following robust revenue growth,Livemint,https://finance.example.com/news/hdfcbank
2026-06-16,HDFCBANK,HDFCBANK secures $500M international contract expansion,Business Standard,https://finance.example.com/news/hdfcbank
2026-06-16,HDFCBANK,Regulatory scrutiny increases for HDFCBANK over compliance issue,Financial Express,https://finance.example.com/news/hdfcbank
2026-06-17,HDFCBANK,Supply chain disruptions impact production targets for HDFCBANK,Business Standard,https://finance.example.com/news/hdfcbank
2026-06-17,HDFCBANK,HDFCBANK launches innovative AI-driven service line in India,Business Standard,https://finance.example.com/news/hdfcbank
2026-06-17,HDFCBANK,HDFCBANK launches innovative AI-driven service line in India,Financial Express,https://finance.example.com/news/hdfcbank
2026-06-17,HDFCBANK,HDFCBANK launches innovative AI-driven service line in India,Financial Express,https://finance.example.com/news/hdfcbank
2026-06-18,HDFCBANK,Executive leadership changes announced at HDFCBANK,Livemint,https://finance.example.com/news/hdfcbank
2026-06-19,HDFCBANK,HDFCBANK downgraded by major brokerage following weak guidance,Livemint,https://finance.example.com/news/hdfcbank
2026-06-19,HDFCBANK,"HDFCBANK reports record quarterly profit, exceeding analyst estimates",Economic Times,https://finance.example.com/news/hdfcbank
2026-06-22,HDFCBANK,HDFCBANK announces strategic partnership to boost market share,Business Standard,https://finance.example.com/news/hdfcbank
2026-06-22,HDFCBANK,HDFCBANK files quarterly compliance report with NSE,Business Standard,https://finance.example.com/news/hdfcbank
2026-06-22,HDFCBANK,HDFCBANK secures $500M international contract expansion,Financial Express,https://finance.example.com/news/hdfcbank
2026-06-22,HDFCBANK,Analysts upgrade HDFCBANK target price following robust revenue growth,Livemint,https://finance.example.com/news/hdfcbank
2026-06-23,HDFCBANK,HDFCBANK secures $500M international contract expansion,Business Standard,https://finance.example.com/news/hdfcbank
2026-06-24,HDFCBANK,Market highlights: HDFCBANK trades rangebound in quiet session,Financial Express,https://finance.example.com/news/hdfcbank
2026-06-24,HDFCBANK,HDFCBANK secures $500M international contract expansion,Economic Times,https://finance.example.com/news/hdfcbank
2026-06-25,HDFCBANK,Market highlights: HDFCBANK trades rangebound in quiet session,Economic Times,https://finance.example.com/news/hdfcbank
2026-06-26,HDFCBANK,Board of directors at HDFCBANK considers new dividend payout plan,Livemint,https://finance.example.com/news/hdfcbank
2026-06-26,HDFCBANK,HDFCBANK launches innovative AI-driven service line in India,Financial Express,https://finance.example.com/news/hdfcbank
2026-06-26,HDFCBANK,Executive leadership changes announced at HDFCBANK,Financial Express,https://finance.example.com/news/hdfcbank
2026-06-26,HDFCBANK,Market highlights: HDFCBANK trades rangebound in quiet session,Business Standard,https://finance.example.com/news/hdfcbank
2026-06-29,HDFCBANK,HDFCBANK schedules annual general meeting for upcoming month,Financial Express,https://finance.example.com/news/hdfcbank
2026-06-29,HDFCBANK,HDFCBANK downgraded by major brokerage following weak guidance,Business Standard,https://finance.example.com/news/hdfcbank
2026-06-30,HDFCBANK,Regulatory scrutiny increases for HDFCBANK over compliance issue,Economic Times,https://finance.example.com/news/hdfcbank
2026-06-30,HDFCBANK,HDFCBANK announces strategic partnership to boost market share,Livemint,https://finance.example.com/news/hdfcbank
2026-07-01,HDFCBANK,Supply chain disruptions impact production targets for HDFCBANK,Economic Times,https://finance.example.com/news/hdfcbank
2026-07-01,HDFCBANK,Analysts upgrade HDFCBANK target price following robust revenue growth,Livemint,https://finance.example.com/news/hdfcbank
2026-07-01,HDFCBANK,Regulatory scrutiny increases for HDFCBANK over compliance issue,Economic Times,https://finance.example.com/news/hdfcbank
2026-07-01,HDFCBANK,Supply chain disruptions impact production targets for HDFCBANK,Livemint,https://finance.example.com/news/hdfcbank
2026-07-02,HDFCBANK,Executive leadership changes announced at HDFCBANK,Economic Times,https://finance.example.com/news/hdfcbank
2026-07-02,HDFCBANK,HDFCBANK announces strategic partnership to boost market share,Livemint,https://finance.example.com/news/hdfcbank
2026-07-02,HDFCBANK,Regulatory scrutiny increases for HDFCBANK over compliance issue,Economic Times,https://finance.example.com/news/hdfcbank
2026-07-03,HDFCBANK,HDFCBANK files quarterly compliance report with NSE,Business Standard,https://finance.example.com/news/hdfcbank
2026-07-03,HDFCBANK,HDFCBANK downgraded by major brokerage following weak guidance,Livemint,https://finance.example.com/news/hdfcbank
2026-07-03,HDFCBANK,Market highlights: HDFCBANK trades rangebound in quiet session,Financial Express,https://finance.example.com/news/hdfcbank
2026-07-06,HDFCBANK,HDFCBANK secures $500M international contract expansion,Financial Express,https://finance.example.com/news/hdfcbank
2026-07-07,HDFCBANK,HDFCBANK secures $500M international contract expansion,Livemint,https://finance.example.com/news/hdfcbank
2026-07-08,HDFCBANK,"HDFCBANK reports record quarterly profit, exceeding analyst estimates",Livemint,https://finance.example.com/news/hdfcbank
2026-07-08,HDFCBANK,HDFCBANK announces strategic partnership to boost market share,Financial Express,https://finance.example.com/news/hdfcbank
2026-07-08,HDFCBANK,HDFCBANK launches innovative AI-driven service line in India,Financial Express,https://finance.example.com/news/hdfcbank
2026-07-09,HDFCBANK,Executive leadership changes announced at HDFCBANK,Business Standard,https://finance.example.com/news/hdfcbank
2026-07-09,HDFCBANK,Analysts upgrade HDFCBANK target price following robust revenue growth,Financial Express,https://finance.example.com/news/hdfcbank
2026-07-10,HDFCBANK,Analysts upgrade HDFCBANK target price following robust revenue growth,Financial Express,https://finance.example.com/news/hdfcbank
2026-07-10,HDFCBANK,Analysts upgrade HDFCBANK target price following robust revenue growth,Economic Times,https://finance.example.com/news/hdfcbank
2026-07-10,HDFCBANK,HDFCBANK downgraded by major brokerage following weak guidance,Economic Times,https://finance.example.com/news/hdfcbank
2026-07-10,HDFCBANK,HDFCBANK files quarterly compliance report with NSE,Economic Times,https://finance.example.com/news/hdfcbank
2026-07-13,HDFCBANK,HDFCBANK secures $500M international contract expansion,Financial Express,https://finance.example.com/news/hdfcbank
2026-07-13,HDFCBANK,HDFCBANK secures $500M international contract expansion,Financial Express,https://finance.example.com/news/hdfcbank
2026-07-14,HDFCBANK,Analysts upgrade HDFCBANK target price following robust revenue growth,Livemint,https://finance.example.com/news/hdfcbank
2026-07-14,HDFCBANK,HDFCBANK announces strategic partnership to boost market share,Livemint,https://finance.example.com/news/hdfcbank
2026-07-14,HDFCBANK,HDFCBANK launches innovative AI-driven service line in India,Economic Times,https://finance.example.com/news/hdfcbank
2026-07-14,HDFCBANK,Analysts upgrade HDFCBANK target price following robust revenue growth,Financial Express,https://finance.example.com/news/hdfcbank
2026-07-15,HDFCBANK,Supply chain disruptions impact production targets for HDFCBANK,Livemint,https://finance.example.com/news/hdfcbank
2026-07-15,HDFCBANK,Analysts upgrade HDFCBANK target price following robust revenue growth,Economic Times,https://finance.example.com/news/hdfcbank
2026-07-15,HDFCBANK,Executive leadership changes announced at HDFCBANK,Financial Express,https://finance.example.com/news/hdfcbank
2026-07-16,HDFCBANK,Supply chain disruptions impact production targets for HDFCBANK,Business Standard,https://finance.example.com/news/hdfcbank
2026-07-16,HDFCBANK,HDFCBANK secures $500M international contract expansion,Economic Times,https://finance.example.com/news/hdfcbank
2026-07-17,HDFCBANK,Analysts upgrade HDFCBANK target price following robust revenue growth,Economic Times,https://finance.example.com/news/hdfcbank
2026-07-17,HDFCBANK,Executive leadership changes announced at HDFCBANK,Business Standard,https://finance.example.com/news/hdfcbank
2026-07-17,HDFCBANK,HDFCBANK schedules annual general meeting for upcoming month,Financial Express,https://finance.example.com/news/hdfcbank
2026-07-20,HDFCBANK,Supply chain disruptions impact production targets for HDFCBANK,Economic Times,https://finance.example.com/news/hdfcbank
2026-07-20,HDFCBANK,HDFCBANK files quarterly compliance report with NSE,Business Standard,https://finance.example.com/news/hdfcbank
2026-07-20,HDFCBANK,HDFCBANK schedules annual general meeting for upcoming month,Business Standard,https://finance.example.com/news/hdfcbank
2026-07-21,HDFCBANK,Quarterly revenue drops for HDFCBANK as demand slows down,Financial Express,https://finance.example.com/news/hdfcbank
2026-07-21,HDFCBANK,HDFCBANK files quarterly compliance report with NSE,Business Standard,https://finance.example.com/news/hdfcbank
2026-07-21,HDFCBANK,Quarterly revenue drops for HDFCBANK as demand slows down,Economic Times,https://finance.example.com/news/hdfcbank
2026-07-22,HDFCBANK,HDFCBANK faces margin pressure amid rising operational expenses,Economic Times,https://finance.example.com/news/hdfcbank
2026-07-22,HDFCBANK,Executive leadership changes announced at HDFCBANK,Financial Express,https://finance.example.com/news/hdfcbank
2026-07-22,HDFCBANK,Regulatory scrutiny increases for HDFCBANK over compliance issue,Economic Times,https://finance.example.com/news/hdfcbank
2026-07-23,HDFCBANK,Board of directors at HDFCBANK considers new dividend payout plan,Business Standard,https://finance.example.com/news/hdfcbank
2026-07-23,HDFCBANK,HDFCBANK faces margin pressure amid rising operational expenses,Economic Times,https://finance.example.com/news/hdfcbank
2026-07-23,HDFCBANK,Analysts upgrade HDFCBANK target price following robust revenue growth,Financial Express,https://finance.example.com/news/hdfcbank
2026-07-23,HDFCBANK,"HDFCBANK reports record quarterly profit, exceeding analyst estimates",Economic Times,https://finance.example.com/news/hdfcbank
2026-07-24,HDFCBANK,Supply chain disruptions impact production targets for HDFCBANK,Economic Times,https://finance.example.com/news/hdfcbank
2026-07-24,HDFCBANK,Market highlights: HDFCBANK trades rangebound in quiet session,Business Standard,https://finance.example.com/news/hdfcbank
2026-07-24,HDFCBANK,HDFCBANK downgraded by major brokerage following weak guidance,Business Standard,https://finance.example.com/news/hdfcbank
2026-07-27,HDFCBANK,"HDFCBANK reports record quarterly profit, exceeding analyst estimates",Financial Express,https://finance.example.com/news/hdfcbank
2026-07-27,HDFCBANK,Supply chain disruptions impact production targets for HDFCBANK,Financial Express,https://finance.example.com/news/hdfcbank
2026-07-27,HDFCBANK,Executive leadership changes announced at HDFCBANK,Financial Express,https://finance.example.com/news/hdfcbank
2026-07-28,HDFCBANK,HDFCBANK announces strategic partnership to boost market share,Financial Express,https://finance.example.com/news/hdfcbank
2026-07-29,HDFCBANK,HDFCBANK files quarterly compliance report with NSE,Financial Express,https://finance.example.com/news/hdfcbank
2026-07-29,HDFCBANK,HDFCBANK launches innovative AI-driven service line in India,Business Standard,https://finance.example.com/news/hdfcbank
2026-07-29,HDFCBANK,"HDFCBANK reports record quarterly profit, exceeding analyst estimates",Business Standard,https://finance.example.com/news/hdfcbank
2026-07-30,HDFCBANK,Regulatory scrutiny increases for HDFCBANK over compliance issue,Business Standard,https://finance.example.com/news/hdfcbank
2026-07-30,HDFCBANK,Executive leadership changes announced at HDFCBANK,Livemint,https://finance.example.com/news/hdfcbank
2026-07-31,HDFCBANK,Analysts upgrade HDFCBANK target price following robust revenue growth,Financial Express,https://finance.example.com/news/hdfcbank
2026-07-31,HDFCBANK,Supply chain disruptions impact production targets for HDFCBANK,Economic Times,https://finance.example.com/news/hdfcbank
2026-08-03,HDFCBANK,HDFCBANK announces strategic partnership to boost market share,Business Standard,https://finance.example.com/news/hdfcbank
2026-08-04,HDFCBANK,Analysts upgrade HDFCBANK target price following robust revenue growth,Economic Times,https://finance.example.com/news/hdfcbank
2026-08-05,HDFCBANK,Executive leadership changes announced at HDFCBANK,Economic Times,https://finance.example.com/news/hdfcbank
2026-08-05,HDFCBANK,HDFCBANK secures $500M international contract expansion,Livemint,https://finance.example.com/news/hdfcbank
2026-08-05,HDFCBANK,HDFCBANK secures $500M international contract expansion,Financial Express,https://finance.example.com/news/hdfcbank
2026-08-05,HDFCBANK,Executive leadership changes announced at HDFCBANK,Business Standard,https://finance.example.com/news/hdfcbank
2026-08-06,HDFCBANK,"HDFCBANK reports record quarterly profit, exceeding analyst estimates",Livemint,https://finance.example.com/news/hdfcbank
2026-08-07,HDFCBANK,HDFCBANK announces strategic partnership to boost market share,Business Standard,https://finance.example.com/news/hdfcbank
2026-08-10,HDFCBANK,HDFCBANK secures $500M international contract expansion,Financial Express,https://finance.example.com/news/hdfcbank
2026-08-10,HDFCBANK,"HDFCBANK reports record quarterly profit, exceeding analyst estimates",Economic Times,https://finance.example.com/news/hdfcbank
2026-08-10,HDFCBANK,HDFCBANK launches innovative AI-driven service line in India,Livemint,https://finance.example.com/news/hdfcbank
2026-08-11,HDFCBANK,Regulatory scrutiny increases for HDFCBANK over compliance issue,Livemint,https://finance.example.com/news/hdfcbank
2026-08-11,HDFCBANK,Market highlights: HDFCBANK trades rangebound in quiet session,Economic Times,https://finance.example.com/news/hdfcbank
2026-08-11,HDFCBANK,HDFCBANK secures $500M international contract expansion,Economic Times,https://finance.example.com/news/hdfcbank
2026-08-12,HDFCBANK,Analysts upgrade HDFCBANK target price following robust revenue growth,Economic Times,https://finance.example.com/news/hdfcbank
2026-08-12,HDFCBANK,Quarterly revenue drops for HDFCBANK as demand slows down,Business Standard,https://finance.example.com/news/hdfcbank
2026-08-12,HDFCBANK,Quarterly revenue drops for HDFCBANK as demand slows down,Livemint,https://finance.example.com/news/hdfcbank
2026-08-12,HDFCBANK,HDFCBANK faces margin pressure amid rising operational expenses,Economic Times,https://finance.example.com/news/hdfcbank
2026-08-13,HDFCBANK,Board of directors at HDFCBANK considers new dividend payout plan,Economic Times,https://finance.example.com/news/hdfcbank
2026-08-14,HDFCBANK,HDFCBANK schedules annual general meeting for upcoming month,Financial Express,https://finance.example.com/news/hdfcbank
2026-08-14,HDFCBANK,Executive leadership changes announced at HDFCBANK,Financial Express,https://finance.example.com/news/hdfcbank
2026-08-14,HDFCBANK,Executive leadership changes announced at HDFCBANK,Business Standard,https://finance.example.com/news/hdfcbank
2026-08-17,HDFCBANK,Executive leadership changes announced at HDFCBANK,Livemint,https://finance.example.com/news/hdfcbank
2026-08-17,HDFCBANK,Supply chain disruptions impact production targets for HDFCBANK,Business Standard,https://finance.example.com/news/hdfcbank
2026-08-18,HDFCBANK,HDFCBANK secures $500M international contract expansion,Livemint,https://finance.example.com/news/hdfcbank
2026-08-18,HDFCBANK,HDFCBANK announces strategic partnership to boost market share,Financial Express,https://finance.example.com/news/hdfcbank
2026-08-19,HDFCBANK,"HDFCBANK reports record quarterly profit, exceeding analyst estimates",Economic Times,https://finance.example.com/news/hdfcbank
2026-08-19,HDFCBANK,Executive leadership changes announced at HDFCBANK,Economic Times,https://finance.example.com/news/hdfcbank
2026-08-19,HDFCBANK,Board of directors at HDFCBANK considers new dividend payout plan,Business Standard,https://finance.example.com/news/hdfcbank
2026-08-19,HDFCBANK,HDFCBANK announces strategic partnership to boost market share,Economic Times,https://finance.example.com/news/hdfcbank
2026-08-20,HDFCBANK,HDFCBANK schedules annual general meeting for upcoming month,Economic Times,https://finance.example.com/news/hdfcbank
2026-08-20,HDFCBANK,Board of directors at HDFCBANK considers new dividend payout plan,Financial Express,https://finance.example.com/news/hdfcbank
2026-08-20,HDFCBANK,HDFCBANK secures $500M international contract expansion,Financial Express,https://finance.example.com/news/hdfcbank
2026-08-20,HDFCBANK,Supply chain disruptions impact production targets for HDFCBANK,Livemint,https://finance.example.com/news/hdfcbank
2026-08-21,HDFCBANK,HDFCBANK downgraded by major brokerage following weak guidance,Financial Express,https://finance.example.com/news/hdfcbank
2026-08-21,HDFCBANK,Analysts upgrade HDFCBANK target price following robust revenue growth,Financial Express,https://finance.example.com/news/hdfcbank
2026-08-21,HDFCBANK,Executive leadership changes announced at HDFCBANK,Livemint,https://finance.example.com/news/hdfcbank
2026-08-21,HDFCBANK,HDFCBANK files quarterly compliance report with NSE,Economic Times,https://finance.example.com/news/hdfcbank
2026-08-24,HDFCBANK,Quarterly revenue drops for HDFCBANK as demand slows down,Financial Express,https://finance.example.com/news/hdfcbank
2026-08-24,HDFCBANK,HDFCBANK downgraded by major brokerage following weak guidance,Economic Times,https://finance.example.com/news/hdfcbank
2026-08-24,HDFCBANK,Quarterly revenue drops for HDFCBANK as demand slows down,Livemint,https://finance.example.com/news/hdfcbank
2026-08-24,HDFCBANK,HDFCBANK downgraded by major brokerage following weak guidance,Financial Express,https://finance.example.com/news/hdfcbank
2026-08-25,HDFCBANK,Regulatory scrutiny increases for HDFCBANK over compliance issue,Financial Express,https://finance.example.com/news/hdfcbank
2026-08-25,HDFCBANK,Quarterly revenue drops for HDFCBANK as demand slows down,Economic Times,https://finance.example.com/news/hdfcbank
2026-08-26,HDFCBANK,Analysts upgrade HDFCBANK target price following robust revenue growth,Financial Express,https://finance.example.com/news/hdfcbank
2026-08-26,HDFCBANK,HDFCBANK downgraded by major brokerage following weak guidance,Livemint,https://finance.example.com/news/hdfcbank
2026-08-27,HDFCBANK,HDFCBANK downgraded by major brokerage following weak guidance,Business Standard,https://finance.example.com/news/hdfcbank
2026-08-28,HDFCBANK,HDFCBANK downgraded by major brokerage following weak guidance,Financial Express,https://finance.example.com/news/hdfcbank
2026-08-28,HDFCBANK,HDFCBANK secures $500M international contract expansion,Economic Times,https://finance.example.com/news/hdfcbank
2026-08-31,HDFCBANK,HDFCBANK faces margin pressure amid rising operational expenses,Economic Times,https://finance.example.com/news/hdfcbank
2026-08-31,HDFCBANK,Analysts upgrade HDFCBANK target price following robust revenue growth,Economic Times,https://finance.example.com/news/hdfcbank
2026-09-01,HDFCBANK,Supply chain disruptions impact production targets for HDFCBANK,Financial Express,https://finance.example.com/news/hdfcbank
2026-09-01,HDFCBANK,HDFCBANK files quarterly compliance report with NSE,Financial Express,https://finance.example.com/news/hdfcbank
2026-09-01,HDFCBANK,HDFCBANK announces strategic partnership to boost market share,Business Standard,https://finance.example.com/news/hdfcbank
2026-09-01,HDFCBANK,Board of directors at HDFCBANK considers new dividend payout plan,Economic Times,https://finance.example.com/news/hdfcbank
2026-09-02,HDFCBANK,Supply chain disruptions impact production targets for HDFCBANK,Economic Times,https://finance.example.com/news/hdfcbank
2026-09-02,HDFCBANK,Supply chain disruptions impact production targets for HDFCBANK,Livemint,https://finance.example.com/news/hdfcbank
2026-09-02,HDFCBANK,Analysts upgrade HDFCBANK target price following robust revenue growth,Business Standard,https://finance.example.com/news/hdfcbank
2026-09-02,HDFCBANK,HDFCBANK faces margin pressure amid rising operational expenses,Economic Times,https://finance.example.com/news/hdfcbank
2026-09-03,HDFCBANK,"HDFCBANK reports record quarterly profit, exceeding analyst estimates",Financial Express,https://finance.example.com/news/hdfcbank
2026-09-03,HDFCBANK,HDFCBANK announces strategic partnership to boost market share,Business Standard,https://finance.example.com/news/hdfcbank
2026-09-03,HDFCBANK,Executive leadership changes announced at HDFCBANK,Financial Express,https://finance.example.com/news/hdfcbank
2026-09-03,HDFCBANK,HDFCBANK announces strategic partnership to boost market share,Financial Express,https://finance.example.com/news/hdfcbank
2026-09-04,HDFCBANK,HDFCBANK secures $500M international contract expansion,Financial Express,https://finance.example.com/news/hdfcbank
2026-09-07,HDFCBANK,Quarterly revenue drops for HDFCBANK as demand slows down,Financial Express,https://finance.example.com/news/hdfcbank
2026-09-07,HDFCBANK,HDFCBANK downgraded by major brokerage following weak guidance,Economic Times,https://finance.example.com/news/hdfcbank
2026-09-07,HDFCBANK,Market highlights: HDFCBANK trades rangebound in quiet session,Business Standard,https://finance.example.com/news/hdfcbank
2026-09-07,HDFCBANK,HDFCBANK announces strategic partnership to boost market share,Financial Express,https://finance.example.com/news/hdfcbank
2026-09-08,HDFCBANK,HDFCBANK launches innovative AI-driven service line in India,Economic Times,https://finance.example.com/news/hdfcbank
2026-09-08,HDFCBANK,HDFCBANK schedules annual general meeting for upcoming month,Livemint,https://finance.example.com/news/hdfcbank
2026-09-08,HDFCBANK,Supply chain disruptions impact production targets for HDFCBANK,Business Standard,https://finance.example.com/news/hdfcbank
2026-09-08,HDFCBANK,"HDFCBANK reports record quarterly profit, exceeding analyst estimates",Financial Express,https://finance.example.com/news/hdfcbank
2026-09-09,HDFCBANK,HDFCBANK downgraded by major brokerage following weak guidance,Economic Times,https://finance.example.com/news/hdfcbank
2026-09-10,HDFCBANK,HDFCBANK faces margin pressure amid rising operational expenses,Economic Times,https://finance.example.com/news/hdfcbank
2026-09-10,HDFCBANK,Supply chain disruptions impact production targets for HDFCBANK,Livemint,https://finance.example.com/news/hdfcbank
2026-09-10,HDFCBANK,HDFCBANK announces strategic partnership to boost market share,Business Standard,https://finance.example.com/news/hdfcbank
2026-09-11,HDFCBANK,HDFCBANK downgraded by major brokerage following weak guidance,Economic Times,https://finance.example.com/news/hdfcbank
2026-09-11,HDFCBANK,Supply chain disruptions impact production targets for HDFCBANK,Business Standard,https://finance.example.com/news/hdfcbank
2026-09-11,HDFCBANK,HDFCBANK announces strategic partnership to boost market share,Business Standard,https://finance.example.com/news/hdfcbank
2026-09-14,HDFCBANK,Executive leadership changes announced at HDFCBANK,Livemint,https://finance.example.com/news/hdfcbank
2026-09-14,HDFCBANK,Market highlights: HDFCBANK trades rangebound in quiet session,Economic Times,https://finance.example.com/news/hdfcbank
2026-09-14,HDFCBANK,HDFCBANK schedules annual general meeting for upcoming month,Economic Times,https://finance.example.com/news/hdfcbank
2026-09-15,HDFCBANK,Board of directors at HDFCBANK considers new dividend payout plan,Financial Express,https://finance.example.com/news/hdfcbank
2026-09-15,HDFCBANK,HDFCBANK launches innovative AI-driven service line in India,Livemint,https://finance.example.com/news/hdfcbank
2026-09-15,HDFCBANK,Executive leadership changes announced at HDFCBANK,Financial Express,https://finance.example.com/news/hdfcbank
2026-09-15,HDFCBANK,"HDFCBANK reports record quarterly profit, exceeding analyst estimates",Financial Express,https://finance.example.com/news/hdfcbank
2026-09-16,HDFCBANK,Supply chain disruptions impact production targets for HDFCBANK,Business Standard,https://finance.example.com/news/hdfcbank
2026-09-16,HDFCBANK,Analysts upgrade HDFCBANK target price following robust revenue growth,Economic Times,https://finance.example.com/news/hdfcbank
2026-09-17,HDFCBANK,"HDFCBANK reports record quarterly profit, exceeding analyst estimates",Business Standard,https://finance.example.com/news/hdfcbank
2026-09-17,HDFCBANK,Market highlights: HDFCBANK trades rangebound in quiet session,Livemint,https://finance.example.com/news/hdfcbank
2026-09-17,HDFCBANK,Executive leadership changes announced at HDFCBANK,Financial Express,https://finance.example.com/news/hdfcbank
2026-09-18,HDFCBANK,HDFCBANK downgraded by major brokerage following weak guidance,Financial Express,https://finance.example.com/news/hdfcbank
2026-09-18,HDFCBANK,HDFCBANK announces strategic partnership to boost market share,Livemint,https://finance.example.com/news/hdfcbank
2026-09-21,HDFCBANK,HDFCBANK announces strategic partnership to boost market share,Economic Times,https://finance.example.com/news/hdfcbank
2026-09-21,HDFCBANK,HDFCBANK faces margin pressure amid rising operational expenses,Livemint,https://finance.example.com/news/hdfcbank
2026-09-22,HDFCBANK,Regulatory scrutiny increases for HDFCBANK over compliance issue,Financial Express,https://finance.example.com/news/hdfcbank
2026-09-22,HDFCBANK,Market highlights: HDFCBANK trades rangebound in quiet session,Livemint,https://finance.example.com/news/hdfcbank
2026-09-23,HDFCBANK,Regulatory scrutiny increases for HDFCBANK over compliance issue,Financial Express,https://finance.example.com/news/hdfcbank
2026-09-23,HDFCBANK,HDFCBANK schedules annual general meeting for upcoming month,Financial Express,https://finance.example.com/news/hdfcbank
2026-09-23,HDFCBANK,Supply chain disruptions impact production targets for HDFCBANK,Livemint,https://finance.example.com/news/hdfcbank
2026-09-23,HDFCBANK,Analysts upgrade HDFCBANK target price following robust revenue growth,Economic Times,https://finance.example.com/news/hdfcbank
2026-09-24,HDFCBANK,HDFCBANK downgraded by major brokerage following weak guidance,Financial Express,https://finance.example.com/news/hdfcbank
2026-09-24,HDFCBANK,HDFCBANK launches innovative AI-driven service line in India,Financial Express,https://finance.example.com/news/hdfcbank
2026-09-25,HDFCBANK,Quarterly revenue drops for HDFCBANK as demand slows down,Financial Express,https://finance.example.com/news/hdfcbank
2026-09-28,HDFCBANK,Executive leadership changes announced at HDFCBANK,Livemint,https://finance.example.com/news/hdfcbank
2026-09-28,HDFCBANK,HDFCBANK downgraded by major brokerage following weak guidance,Business Standard,https://finance.example.com/news/hdfcbank
2026-09-28,HDFCBANK,HDFCBANK files quarterly compliance report with NSE,Business Standard,https://finance.example.com/news/hdfcbank
2026-09-29,HDFCBANK,HDFCBANK schedules annual general meeting for upcoming month,Business Standard,https://finance.example.com/news/hdfcbank
2026-09-29,HDFCBANK,"HDFCBANK reports record quarterly profit, exceeding analyst estimates",Business Standard,https://finance.example.com/news/hdfcbank
2026-09-29,HDFCBANK,Regulatory scrutiny increases for HDFCBANK over compliance issue,Economic Times,https://finance.example.com/news/hdfcbank
2026-09-29,HDFCBANK,Market highlights: HDFCBANK trades rangebound in quiet session,Livemint,https://finance.example.com/news/hdfcbank
2026-09-30,HDFCBANK,HDFCBANK files quarterly compliance report with NSE,Economic Times,https://finance.example.com/news/hdfcbank
2026-10-01,HDFCBANK,Analysts upgrade HDFCBANK target price following robust revenue growth,Financial Express,https://finance.example.com/news/hdfcbank
2026-10-01,HDFCBANK,Regulatory scrutiny increases for HDFCBANK over compliance issue,Business Standard,https://finance.example.com/news/hdfcbank
2026-10-01,HDFCBANK,HDFCBANK secures $500M international contract expansion,Livemint,https://finance.example.com/news/hdfcbank
2026-10-02,HDFCBANK,Board of directors at HDFCBANK considers new dividend payout plan,Business Standard,https://finance.example.com/news/hdfcbank
2026-10-02,HDFCBANK,Board of directors at HDFCBANK considers new dividend payout plan,Economic Times,https://finance.example.com/news/hdfcbank
2026-04-07,ICICIBANK,ICICIBANK secures $500M international contract expansion,Economic Times,https://finance.example.com/news/icicibank
2026-04-07,ICICIBANK,ICICIBANK files quarterly compliance report with NSE,Economic Times,https://finance.example.com/news/icicibank
2026-04-07,ICICIBANK,ICICIBANK schedules annual general meeting for upcoming month,Financial Express,https://finance.example.com/news/icicibank
2026-04-08,ICICIBANK,Supply chain disruptions impact production targets for ICICIBANK,Financial Express,https://finance.example.com/news/icicibank
2026-04-08,ICICIBANK,ICICIBANK files quarterly compliance report with NSE,Livemint,https://finance.example.com/news/icicibank
2026-04-08,ICICIBANK,Supply chain disruptions impact production targets for ICICIBANK,Livemint,https://finance.example.com/news/icicibank
2026-04-08,ICICIBANK,Supply chain disruptions impact production targets for ICICIBANK,Livemint,https://finance.example.com/news/icicibank
2026-04-09,ICICIBANK,ICICIBANK announces strategic partnership to boost market share,Economic Times,https://finance.example.com/news/icicibank
2026-04-09,ICICIBANK,ICICIBANK launches innovative AI-driven service line in India,Business Standard,https://finance.example.com/news/icicibank
2026-04-09,ICICIBANK,ICICIBANK schedules annual general meeting for upcoming month,Livemint,https://finance.example.com/news/icicibank
2026-04-09,ICICIBANK,ICICIBANK secures $500M international contract expansion,Business Standard,https://finance.example.com/news/icicibank
2026-04-10,ICICIBANK,ICICIBANK downgraded by major brokerage following weak guidance,Livemint,https://finance.example.com/news/icicibank
2026-04-13,ICICIBANK,ICICIBANK secures $500M international contract expansion,Business Standard,https://finance.example.com/news/icicibank
2026-04-14,ICICIBANK,ICICIBANK announces strategic partnership to boost market share,Livemint,https://finance.example.com/news/icicibank
2026-04-15,ICICIBANK,Regulatory scrutiny increases for ICICIBANK over compliance issue,Livemint,https://finance.example.com/news/icicibank
2026-04-15,ICICIBANK,Supply chain disruptions impact production targets for ICICIBANK,Livemint,https://finance.example.com/news/icicibank
2026-04-16,ICICIBANK,ICICIBANK launches innovative AI-driven service line in India,Economic Times,https://finance.example.com/news/icicibank
2026-04-16,ICICIBANK,Quarterly revenue drops for ICICIBANK as demand slows down,Livemint,https://finance.example.com/news/icicibank
2026-04-16,ICICIBANK,ICICIBANK files quarterly compliance report with NSE,Business Standard,https://finance.example.com/news/icicibank
2026-04-17,ICICIBANK,Supply chain disruptions impact production targets for ICICIBANK,Economic Times,https://finance.example.com/news/icicibank
2026-04-17,ICICIBANK,ICICIBANK files quarterly compliance report with NSE,Economic Times,https://finance.example.com/news/icicibank
2026-04-20,ICICIBANK,Board of directors at ICICIBANK considers new dividend payout plan,Economic Times,https://finance.example.com/news/icicibank
2026-04-20,ICICIBANK,Board of directors at ICICIBANK considers new dividend payout plan,Business Standard,https://finance.example.com/news/icicibank
2026-04-20,ICICIBANK,Board of directors at ICICIBANK considers new dividend payout plan,Business Standard,https://finance.example.com/news/icicibank
2026-04-20,ICICIBANK,Supply chain disruptions impact production targets for ICICIBANK,Livemint,https://finance.example.com/news/icicibank
2026-04-21,ICICIBANK,ICICIBANK announces strategic partnership to boost market share,Financial Express,https://finance.example.com/news/icicibank
2026-04-21,ICICIBANK,ICICIBANK secures $500M international contract expansion,Financial Express,https://finance.example.com/news/icicibank
2026-04-21,ICICIBANK,Analysts upgrade ICICIBANK target price following robust revenue growth,Business Standard,https://finance.example.com/news/icicibank
2026-04-21,ICICIBANK,ICICIBANK schedules annual general meeting for upcoming month,Business Standard,https://finance.example.com/news/icicibank
2026-04-22,ICICIBANK,Analysts upgrade ICICIBANK target price following robust revenue growth,Livemint,https://finance.example.com/news/icicibank
2026-04-22,ICICIBANK,ICICIBANK launches innovative AI-driven service line in India,Financial Express,https://finance.example.com/news/icicibank
2026-04-22,ICICIBANK,ICICIBANK announces strategic partnership to boost market share,Economic Times,https://finance.example.com/news/icicibank
2026-04-23,ICICIBANK,ICICIBANK files quarterly compliance report with NSE,Livemint,https://finance.example.com/news/icicibank
2026-04-23,ICICIBANK,ICICIBANK announces strategic partnership to boost market share,Business Standard,https://finance.example.com/news/icicibank
2026-04-24,ICICIBANK,Market highlights: ICICIBANK trades rangebound in quiet session,Livemint,https://finance.example.com/news/icicibank
2026-04-24,ICICIBANK,Regulatory scrutiny increases for ICICIBANK over compliance issue,Economic Times,https://finance.example.com/news/icicibank
2026-04-24,ICICIBANK,Quarterly revenue drops for ICICIBANK as demand slows down,Business Standard,https://finance.example.com/news/icicibank
2026-04-24,ICICIBANK,Supply chain disruptions impact production targets for ICICIBANK,Business Standard,https://finance.example.com/news/icicibank
2026-04-27,ICICIBANK,Analysts upgrade ICICIBANK target price following robust revenue growth,Economic Times,https://finance.example.com/news/icicibank
2026-04-28,ICICIBANK,Analysts upgrade ICICIBANK target price following robust revenue growth,Livemint,https://finance.example.com/news/icicibank
2026-04-28,ICICIBANK,ICICIBANK downgraded by major brokerage following weak guidance,Livemint,https://finance.example.com/news/icicibank
2026-04-28,ICICIBANK,ICICIBANK files quarterly compliance report with NSE,Business Standard,https://finance.example.com/news/icicibank
2026-04-29,ICICIBANK,"ICICIBANK reports record quarterly profit, exceeding analyst estimates",Economic Times,https://finance.example.com/news/icicibank
2026-04-29,ICICIBANK,ICICIBANK files quarterly compliance report with NSE,Financial Express,https://finance.example.com/news/icicibank
2026-04-29,ICICIBANK,ICICIBANK launches innovative AI-driven service line in India,Financial Express,https://finance.example.com/news/icicibank
2026-04-29,ICICIBANK,ICICIBANK launches innovative AI-driven service line in India,Financial Express,https://finance.example.com/news/icicibank
2026-04-30,ICICIBANK,Executive leadership changes announced at ICICIBANK,Financial Express,https://finance.example.com/news/icicibank
2026-05-01,ICICIBANK,ICICIBANK secures $500M international contract expansion,Financial Express,https://finance.example.com/news/icicibank
2026-05-04,ICICIBANK,ICICIBANK secures $500M international contract expansion,Livemint,https://finance.example.com/news/icicibank
2026-05-04,ICICIBANK,Regulatory scrutiny increases for ICICIBANK over compliance issue,Economic Times,https://finance.example.com/news/icicibank
2026-05-04,ICICIBANK,Regulatory scrutiny increases for ICICIBANK over compliance issue,Financial Express,https://finance.example.com/news/icicibank
2026-05-04,ICICIBANK,Analysts upgrade ICICIBANK target price following robust revenue growth,Livemint,https://finance.example.com/news/icicibank
2026-05-05,ICICIBANK,Supply chain disruptions impact production targets for ICICIBANK,Livemint,https://finance.example.com/news/icicibank
2026-05-05,ICICIBANK,Regulatory scrutiny increases for ICICIBANK over compliance issue,Economic Times,https://finance.example.com/news/icicibank
2026-05-05,ICICIBANK,ICICIBANK downgraded by major brokerage following weak guidance,Business Standard,https://finance.example.com/news/icicibank
2026-05-05,ICICIBANK,Supply chain disruptions impact production targets for ICICIBANK,Livemint,https://finance.example.com/news/icicibank
2026-05-06,ICICIBANK,Regulatory scrutiny increases for ICICIBANK over compliance issue,Financial Express,https://finance.example.com/news/icicibank
2026-05-06,ICICIBANK,Quarterly revenue drops for ICICIBANK as demand slows down,Business Standard,https://finance.example.com/news/icicibank
2026-05-06,ICICIBANK,Analysts upgrade ICICIBANK target price following robust revenue growth,Financial Express,https://finance.example.com/news/icicibank
2026-05-07,ICICIBANK,Regulatory scrutiny increases for ICICIBANK over compliance issue,Livemint,https://finance.example.com/news/icicibank
2026-05-08,ICICIBANK,ICICIBANK faces margin pressure amid rising operational expenses,Business Standard,https://finance.example.com/news/icicibank
2026-05-08,ICICIBANK,Market highlights: ICICIBANK trades rangebound in quiet session,Livemint,https://finance.example.com/news/icicibank
2026-05-08,ICICIBANK,ICICIBANK launches innovative AI-driven service line in India,Livemint,https://finance.example.com/news/icicibank
2026-05-11,ICICIBANK,Executive leadership changes announced at ICICIBANK,Livemint,https://finance.example.com/news/icicibank
2026-05-11,ICICIBANK,ICICIBANK announces strategic partnership to boost market share,Business Standard,https://finance.example.com/news/icicibank
2026-05-12,ICICIBANK,ICICIBANK launches innovative AI-driven service line in India,Business Standard,https://finance.example.com/news/icicibank
2026-05-12,ICICIBANK,"ICICIBANK reports record quarterly profit, exceeding analyst estimates",Business Standard,https://finance.example.com/news/icicibank
2026-05-12,ICICIBANK,Supply chain disruptions impact production targets for ICICIBANK,Livemint,https://finance.example.com/news/icicibank
2026-05-12,ICICIBANK,ICICIBANK announces strategic partnership to boost market share,Livemint,https://finance.example.com/news/icicibank
2026-05-13,ICICIBANK,"ICICIBANK reports record quarterly profit, exceeding analyst estimates",Economic Times,https://finance.example.com/news/icicibank
2026-05-13,ICICIBANK,"ICICIBANK reports record quarterly profit, exceeding analyst estimates",Business Standard,https://finance.example.com/news/icicibank
2026-05-13,ICICIBANK,Quarterly revenue drops for ICICIBANK as demand slows down,Business Standard,https://finance.example.com/news/icicibank
2026-05-13,ICICIBANK,"ICICIBANK reports record quarterly profit, exceeding analyst estimates",Economic Times,https://finance.example.com/news/icicibank
2026-05-14,ICICIBANK,ICICIBANK schedules annual general meeting for upcoming month,Economic Times,https://finance.example.com/news/icicibank
2026-05-15,ICICIBANK,ICICIBANK secures $500M international contract expansion,Business Standard,https://finance.example.com/news/icicibank
2026-05-18,ICICIBANK,ICICIBANK secures $500M international contract expansion,Financial Express,https://finance.example.com/news/icicibank
2026-05-19,ICICIBANK,ICICIBANK launches innovative AI-driven service line in India,Livemint,https://finance.example.com/news/icicibank
2026-05-19,ICICIBANK,Market highlights: ICICIBANK trades rangebound in quiet session,Livemint,https://finance.example.com/news/icicibank
2026-05-19,ICICIBANK,ICICIBANK faces margin pressure amid rising operational expenses,Livemint,https://finance.example.com/news/icicibank
2026-05-19,ICICIBANK,ICICIBANK secures $500M international contract expansion,Financial Express,https://finance.example.com/news/icicibank
2026-05-20,ICICIBANK,ICICIBANK schedules annual general meeting for upcoming month,Business Standard,https://finance.example.com/news/icicibank
2026-05-20,ICICIBANK,Analysts upgrade ICICIBANK target price following robust revenue growth,Business Standard,https://finance.example.com/news/icicibank
2026-05-20,ICICIBANK,ICICIBANK schedules annual general meeting for upcoming month,Economic Times,https://finance.example.com/news/icicibank
2026-05-21,ICICIBANK,Market highlights: ICICIBANK trades rangebound in quiet session,Economic Times,https://finance.example.com/news/icicibank
2026-05-21,ICICIBANK,ICICIBANK schedules annual general meeting for upcoming month,Economic Times,https://finance.example.com/news/icicibank
2026-05-21,ICICIBANK,ICICIBANK faces margin pressure amid rising operational expenses,Economic Times,https://finance.example.com/news/icicibank
2026-05-21,ICICIBANK,Quarterly revenue drops for ICICIBANK as demand slows down,Livemint,https://finance.example.com/news/icicibank
2026-05-22,ICICIBANK,ICICIBANK faces margin pressure amid rising operational expenses,Financial Express,https://finance.example.com/news/icicibank
2026-05-22,ICICIBANK,Analysts upgrade ICICIBANK target price following robust revenue growth,Economic Times,https://finance.example.com/news/icicibank
2026-05-25,ICICIBANK,Board of directors at ICICIBANK considers new dividend payout plan,Financial Express,https://finance.example.com/news/icicibank
2026-05-25,ICICIBANK,ICICIBANK launches innovative AI-driven service line in India,Livemint,https://finance.example.com/news/icicibank
2026-05-25,ICICIBANK,Analysts upgrade ICICIBANK target price following robust revenue growth,Financial Express,https://finance.example.com/news/icicibank
2026-05-26,ICICIBANK,ICICIBANK schedules annual general meeting for upcoming month,Financial Express,https://finance.example.com/news/icicibank
2026-05-26,ICICIBANK,ICICIBANK downgraded by major brokerage following weak guidance,Economic Times,https://finance.example.com/news/icicibank
2026-05-26,ICICIBANK,"ICICIBANK reports record quarterly profit, exceeding analyst estimates",Economic Times,https://finance.example.com/news/icicibank
2026-05-26,ICICIBANK,"ICICIBANK reports record quarterly profit, exceeding analyst estimates",Livemint,https://finance.example.com/news/icicibank
2026-05-27,ICICIBANK,ICICIBANK secures $500M international contract expansion,Financial Express,https://finance.example.com/news/icicibank
2026-05-28,ICICIBANK,Quarterly revenue drops for ICICIBANK as demand slows down,Livemint,https://finance.example.com/news/icicibank
2026-05-28,ICICIBANK,Market highlights: ICICIBANK trades rangebound in quiet session,Economic Times,https://finance.example.com/news/icicibank
2026-05-29,ICICIBANK,Quarterly revenue drops for ICICIBANK as demand slows down,Economic Times,https://finance.example.com/news/icicibank
2026-06-01,ICICIBANK,Market highlights: ICICIBANK trades rangebound in quiet session,Business Standard,https://finance.example.com/news/icicibank
2026-06-01,ICICIBANK,Supply chain disruptions impact production targets for ICICIBANK,Business Standard,https://finance.example.com/news/icicibank
2026-06-01,ICICIBANK,ICICIBANK secures $500M international contract expansion,Livemint,https://finance.example.com/news/icicibank
2026-06-02,ICICIBANK,ICICIBANK files quarterly compliance report with NSE,Economic Times,https://finance.example.com/news/icicibank
2026-06-02,ICICIBANK,ICICIBANK secures $500M international contract expansion,Business Standard,https://finance.example.com/news/icicibank
2026-06-02,ICICIBANK,Analysts upgrade ICICIBANK target price following robust revenue growth,Livemint,https://finance.example.com/news/icicibank
2026-06-03,ICICIBANK,ICICIBANK announces strategic partnership to boost market share,Business Standard,https://finance.example.com/news/icicibank
2026-06-03,ICICIBANK,ICICIBANK schedules annual general meeting for upcoming month,Livemint,https://finance.example.com/news/icicibank
2026-06-03,ICICIBANK,Board of directors at ICICIBANK considers new dividend payout plan,Livemint,https://finance.example.com/news/icicibank
2026-06-03,ICICIBANK,Executive leadership changes announced at ICICIBANK,Business Standard,https://finance.example.com/news/icicibank
2026-06-04,ICICIBANK,ICICIBANK downgraded by major brokerage following weak guidance,Economic Times,https://finance.example.com/news/icicibank
2026-06-04,ICICIBANK,Quarterly revenue drops for ICICIBANK as demand slows down,Business Standard,https://finance.example.com/news/icicibank
2026-06-05,ICICIBANK,ICICIBANK announces strategic partnership to boost market share,Financial Express,https://finance.example.com/news/icicibank
2026-06-05,ICICIBANK,ICICIBANK secures $500M international contract expansion,Economic Times,https://finance.example.com/news/icicibank
2026-06-05,ICICIBANK,Board of directors at ICICIBANK considers new dividend payout plan,Financial Express,https://finance.example.com/news/icicibank
2026-06-08,ICICIBANK,"ICICIBANK reports record quarterly profit, exceeding analyst estimates",Business Standard,https://finance.example.com/news/icicibank
2026-06-08,ICICIBANK,Supply chain disruptions impact production targets for ICICIBANK,Livemint,https://finance.example.com/news/icicibank
2026-06-08,ICICIBANK,ICICIBANK secures $500M international contract expansion,Financial Express,https://finance.example.com/news/icicibank
2026-06-08,ICICIBANK,ICICIBANK secures $500M international contract expansion,Business Standard,https://finance.example.com/news/icicibank
2026-06-09,ICICIBANK,ICICIBANK faces margin pressure amid rising operational expenses,Livemint,https://finance.example.com/news/icicibank
2026-06-10,ICICIBANK,ICICIBANK schedules annual general meeting for upcoming month,Livemint,https://finance.example.com/news/icicibank
2026-06-10,ICICIBANK,ICICIBANK faces margin pressure amid rising operational expenses,Livemint,https://finance.example.com/news/icicibank
2026-06-10,ICICIBANK,ICICIBANK secures $500M international contract expansion,Financial Express,https://finance.example.com/news/icicibank
2026-06-10,ICICIBANK,ICICIBANK secures $500M international contract expansion,Business Standard,https://finance.example.com/news/icicibank
2026-06-11,ICICIBANK,ICICIBANK secures $500M international contract expansion,Economic Times,https://finance.example.com/news/icicibank
2026-06-11,ICICIBANK,Supply chain disruptions impact production targets for ICICIBANK,Business Standard,https://finance.example.com/news/icicibank
2026-06-12,ICICIBANK,Executive leadership changes announced at ICICIBANK,Livemint,https://finance.example.com/news/icicibank
2026-06-15,ICICIBANK,Market highlights: ICICIBANK trades rangebound in quiet session,Financial Express,https://finance.example.com/news/icicibank
2026-06-15,ICICIBANK,ICICIBANK secures $500M international contract expansion,Business Standard,https://finance.example.com/news/icicibank
2026-06-15,ICICIBANK,Regulatory scrutiny increases for ICICIBANK over compliance issue,Business Standard,https://finance.example.com/news/icicibank
2026-06-15,ICICIBANK,ICICIBANK files quarterly compliance report with NSE,Livemint,https://finance.example.com/news/icicibank
2026-06-16,ICICIBANK,ICICIBANK downgraded by major brokerage following weak guidance,Livemint,https://finance.example.com/news/icicibank
2026-06-16,ICICIBANK,Supply chain disruptions impact production targets for ICICIBANK,Economic Times,https://finance.example.com/news/icicibank
2026-06-16,ICICIBANK,ICICIBANK announces strategic partnership to boost market share,Livemint,https://finance.example.com/news/icicibank
2026-06-17,ICICIBANK,Market highlights: ICICIBANK trades rangebound in quiet session,Business Standard,https://finance.example.com/news/icicibank
2026-06-17,ICICIBANK,"ICICIBANK reports record quarterly profit, exceeding analyst estimates",Livemint,https://finance.example.com/news/icicibank
2026-06-17,ICICIBANK,Supply chain disruptions impact production targets for ICICIBANK,Economic Times,https://finance.example.com/news/icicibank
2026-06-18,ICICIBANK,ICICIBANK secures $500M international contract expansion,Economic Times,https://finance.example.com/news/icicibank
2026-06-18,ICICIBANK,ICICIBANK schedules annual general meeting for upcoming month,Livemint,https://finance.example.com/news/icicibank
2026-06-18,ICICIBANK,Executive leadership changes announced at ICICIBANK,Economic Times,https://finance.example.com/news/icicibank
2026-06-19,ICICIBANK,Analysts upgrade ICICIBANK target price following robust revenue growth,Economic Times,https://finance.example.com/news/icicibank
2026-06-22,ICICIBANK,ICICIBANK announces strategic partnership to boost market share,Economic Times,https://finance.example.com/news/icicibank
2026-06-22,ICICIBANK,Analysts upgrade ICICIBANK target price following robust revenue growth,Financial Express,https://finance.example.com/news/icicibank
2026-06-23,ICICIBANK,Regulatory scrutiny increases for ICICIBANK over compliance issue,Financial Express,https://finance.example.com/news/icicibank
2026-06-23,ICICIBANK,Market highlights: ICICIBANK trades rangebound in quiet session,Economic Times,https://finance.example.com/news/icicibank
2026-06-23,ICICIBANK,Supply chain disruptions impact production targets for ICICIBANK,Financial Express,https://finance.example.com/news/icicibank
2026-06-23,ICICIBANK,Quarterly revenue drops for ICICIBANK as demand slows down,Financial Express,https://finance.example.com/news/icicibank
2026-06-24,ICICIBANK,"ICICIBANK reports record quarterly profit, exceeding analyst estimates",Livemint,https://finance.example.com/news/icicibank
2026-06-24,ICICIBANK,ICICIBANK launches innovative AI-driven service line in India,Business Standard,https://finance.example.com/news/icicibank
2026-06-24,ICICIBANK,ICICIBANK schedules annual general meeting for upcoming month,Economic Times,https://finance.example.com/news/icicibank
2026-06-24,ICICIBANK,Executive leadership changes announced at ICICIBANK,Financial Express,https://finance.example.com/news/icicibank
2026-06-25,ICICIBANK,ICICIBANK announces strategic partnership to boost market share,Financial Express,https://finance.example.com/news/icicibank
2026-06-25,ICICIBANK,ICICIBANK announces strategic partnership to boost market share,Economic Times,https://finance.example.com/news/icicibank
2026-06-25,ICICIBANK,ICICIBANK secures $500M international contract expansion,Economic Times,https://finance.example.com/news/icicibank
2026-06-25,ICICIBANK,ICICIBANK launches innovative AI-driven service line in India,Business Standard,https://finance.example.com/news/icicibank
2026-06-26,ICICIBANK,Analysts upgrade ICICIBANK target price following robust revenue growth,Business Standard,https://finance.example.com/news/icicibank
2026-06-29,ICICIBANK,"ICICIBANK reports record quarterly profit, exceeding analyst estimates",Business Standard,https://finance.example.com/news/icicibank
2026-06-29,ICICIBANK,ICICIBANK faces margin pressure amid rising operational expenses,Business Standard,https://finance.example.com/news/icicibank
2026-06-30,ICICIBANK,ICICIBANK announces strategic partnership to boost market share,Business Standard,https://finance.example.com/news/icicibank
2026-06-30,ICICIBANK,Board of directors at ICICIBANK considers new dividend payout plan,Economic Times,https://finance.example.com/news/icicibank
2026-06-30,ICICIBANK,Regulatory scrutiny increases for ICICIBANK over compliance issue,Business Standard,https://finance.example.com/news/icicibank
2026-07-01,ICICIBANK,Regulatory scrutiny increases for ICICIBANK over compliance issue,Economic Times,https://finance.example.com/news/icicibank
2026-07-01,ICICIBANK,Analysts upgrade ICICIBANK target price following robust revenue growth,Business Standard,https://finance.example.com/news/icicibank
2026-07-01,ICICIBANK,ICICIBANK announces strategic partnership to boost market share,Financial Express,https://finance.example.com/news/icicibank
2026-07-01,ICICIBANK,ICICIBANK launches innovative AI-driven service line in India,Business Standard,https://finance.example.com/news/icicibank
2026-07-02,ICICIBANK,Analysts upgrade ICICIBANK target price following robust revenue growth,Livemint,https://finance.example.com/news/icicibank
2026-07-02,ICICIBANK,ICICIBANK faces margin pressure amid rising operational expenses,Livemint,https://finance.example.com/news/icicibank
2026-07-02,ICICIBANK,Analysts upgrade ICICIBANK target price following robust revenue growth,Business Standard,https://finance.example.com/news/icicibank
2026-07-03,ICICIBANK,Regulatory scrutiny increases for ICICIBANK over compliance issue,Economic Times,https://finance.example.com/news/icicibank
2026-07-03,ICICIBANK,Regulatory scrutiny increases for ICICIBANK over compliance issue,Financial Express,https://finance.example.com/news/icicibank
2026-07-06,ICICIBANK,Board of directors at ICICIBANK considers new dividend payout plan,Economic Times,https://finance.example.com/news/icicibank
2026-07-07,ICICIBANK,"ICICIBANK reports record quarterly profit, exceeding analyst estimates",Livemint,https://finance.example.com/news/icicibank
2026-07-07,ICICIBANK,ICICIBANK faces margin pressure amid rising operational expenses,Livemint,https://finance.example.com/news/icicibank
2026-07-07,ICICIBANK,ICICIBANK announces strategic partnership to boost market share,Economic Times,https://finance.example.com/news/icicibank
2026-07-08,ICICIBANK,Quarterly revenue drops for ICICIBANK as demand slows down,Business Standard,https://finance.example.com/news/icicibank
2026-07-08,ICICIBANK,Regulatory scrutiny increases for ICICIBANK over compliance issue,Financial Express,https://finance.example.com/news/icicibank
2026-07-09,ICICIBANK,Supply chain disruptions impact production targets for ICICIBANK,Financial Express,https://finance.example.com/news/icicibank
2026-07-09,ICICIBANK,"ICICIBANK reports record quarterly profit, exceeding analyst estimates",Livemint,https://finance.example.com/news/icicibank
2026-07-09,ICICIBANK,ICICIBANK announces strategic partnership to boost market share,Livemint,https://finance.example.com/news/icicibank
2026-07-09,ICICIBANK,"ICICIBANK reports record quarterly profit, exceeding analyst estimates",Financial Express,https://finance.example.com/news/icicibank
2026-07-10,ICICIBANK,Quarterly revenue drops for ICICIBANK as demand slows down,Financial Express,https://finance.example.com/news/icicibank
2026-07-10,ICICIBANK,ICICIBANK launches innovative AI-driven service line in India,Economic Times,https://finance.example.com/news/icicibank
2026-07-10,ICICIBANK,Executive leadership changes announced at ICICIBANK,Financial Express,https://finance.example.com/news/icicibank
2026-07-10,ICICIBANK,Market highlights: ICICIBANK trades rangebound in quiet session,Financial Express,https://finance.example.com/news/icicibank
2026-07-13,ICICIBANK,ICICIBANK launches innovative AI-driven service line in India,Financial Express,https://finance.example.com/news/icicibank
2026-07-13,ICICIBANK,ICICIBANK announces strategic partnership to boost market share,Livemint,https://finance.example.com/news/icicibank
2026-07-14,ICICIBANK,Regulatory scrutiny increases for ICICIBANK over compliance issue,Financial Express,https://finance.example.com/news/icicibank
2026-07-14,ICICIBANK,Analysts upgrade ICICIBANK target price following robust revenue growth,Livemint,https://finance.example.com/news/icicibank
2026-07-14,ICICIBANK,Regulatory scrutiny increases for ICICIBANK over compliance issue,Livemint,https://finance.example.com/news/icicibank
2026-07-15,ICICIBANK,ICICIBANK downgraded by major brokerage following weak guidance,Financial Express,https://finance.example.com/news/icicibank
2026-07-16,ICICIBANK,Analysts upgrade ICICIBANK target price following robust revenue growth,Business Standard,https://finance.example.com/news/icicibank
2026-07-16,ICICIBANK,ICICIBANK faces margin pressure amid rising operational expenses,Business Standard,https://finance.example.com/news/icicibank
2026-07-16,ICICIBANK,Supply chain disruptions impact production targets for ICICIBANK,Economic Times,https://finance.example.com/news/icicibank
2026-07-17,ICICIBANK,ICICIBANK secures $500M international contract expansion,Business Standard,https://finance.example.com/news/icicibank
2026-07-17,ICICIBANK,Executive leadership changes announced at ICICIBANK,Livemint,https://finance.example.com/news/icicibank
2026-07-17,ICICIBANK,Regulatory scrutiny increases for ICICIBANK over compliance issue,Economic Times,https://finance.example.com/news/icicibank
2026-07-17,ICICIBANK,Supply chain disruptions impact production targets for ICICIBANK,Economic Times,https://finance.example.com/news/icicibank
2026-07-20,ICICIBANK,ICICIBANK announces strategic partnership to boost market share,Economic Times,https://finance.example.com/news/icicibank
2026-07-20,ICICIBANK,Regulatory scrutiny increases for ICICIBANK over compliance issue,Economic Times,https://finance.example.com/news/icicibank
2026-07-21,ICICIBANK,ICICIBANK announces strategic partnership to boost market share,Financial Express,https://finance.example.com/news/icicibank
2026-07-21,ICICIBANK,ICICIBANK secures $500M international contract expansion,Financial Express,https://finance.example.com/news/icicibank
2026-07-21,ICICIBANK,Market highlights: ICICIBANK trades rangebound in quiet session,Business Standard,https://finance.example.com/news/icicibank
2026-07-22,ICICIBANK,Quarterly revenue drops for ICICIBANK as demand slows down,Economic Times,https://finance.example.com/news/icicibank
2026-07-22,ICICIBANK,ICICIBANK schedules annual general meeting for upcoming month,Economic Times,https://finance.example.com/news/icicibank
2026-07-22,ICICIBANK,ICICIBANK announces strategic partnership to boost market share,Livemint,https://finance.example.com/news/icicibank
2026-07-23,ICICIBANK,Regulatory scrutiny increases for ICICIBANK over compliance issue,Financial Express,https://finance.example.com/news/icicibank
2026-07-23,ICICIBANK,ICICIBANK launches innovative AI-driven service line in India,Economic Times,https://finance.example.com/news/icicibank
2026-07-24,ICICIBANK,ICICIBANK files quarterly compliance report with NSE,Economic Times,https://finance.example.com/news/icicibank
2026-07-24,ICICIBANK,Market highlights: ICICIBANK trades rangebound in quiet session,Business Standard,https://finance.example.com/news/icicibank
2026-07-24,ICICIBANK,ICICIBANK secures $500M international contract expansion,Economic Times,https://finance.example.com/news/icicibank
2026-07-24,ICICIBANK,"ICICIBANK reports record quarterly profit, exceeding analyst estimates",Livemint,https://finance.example.com/news/icicibank
2026-07-27,ICICIBANK,ICICIBANK secures $500M international contract expansion,Economic Times,https://finance.example.com/news/icicibank
2026-07-27,ICICIBANK,ICICIBANK launches innovative AI-driven service line in India,Business Standard,https://finance.example.com/news/icicibank
2026-07-27,ICICIBANK,ICICIBANK downgraded by major brokerage following weak guidance,Economic Times,https://finance.example.com/news/icicibank
2026-07-27,ICICIBANK,ICICIBANK faces margin pressure amid rising operational expenses,Business Standard,https://finance.example.com/news/icicibank
2026-07-28,ICICIBANK,ICICIBANK announces strategic partnership to boost market share,Financial Express,https://finance.example.com/news/icicibank
2026-07-28,ICICIBANK,ICICIBANK downgraded by major brokerage following weak guidance,Business Standard,https://finance.example.com/news/icicibank
2026-07-28,ICICIBANK,ICICIBANK schedules annual general meeting for upcoming month,Economic Times,https://finance.example.com/news/icicibank
2026-07-29,ICICIBANK,ICICIBANK schedules annual general meeting for upcoming month,Business Standard,https://finance.example.com/news/icicibank
2026-07-29,ICICIBANK,ICICIBANK faces margin pressure amid rising operational expenses,Economic Times,https://finance.example.com/news/icicibank
2026-07-29,ICICIBANK,ICICIBANK launches innovative AI-driven service line in India,Livemint,https://finance.example.com/news/icicibank
2026-07-29,ICICIBANK,ICICIBANK files quarterly compliance report with NSE,Business Standard,https://finance.example.com/news/icicibank
2026-07-30,ICICIBANK,Supply chain disruptions impact production targets for ICICIBANK,Financial Express,https://finance.example.com/news/icicibank
2026-07-30,ICICIBANK,Regulatory scrutiny increases for ICICIBANK over compliance issue,Business Standard,https://finance.example.com/news/icicibank
2026-07-31,ICICIBANK,ICICIBANK announces strategic partnership to boost market share,Financial Express,https://finance.example.com/news/icicibank
2026-07-31,ICICIBANK,ICICIBANK announces strategic partnership to boost market share,Economic Times,https://finance.example.com/news/icicibank
2026-07-31,ICICIBANK,Analysts upgrade ICICIBANK target price following robust revenue growth,Business Standard,https://finance.example.com/news/icicibank
2026-07-31,ICICIBANK,ICICIBANK launches innovative AI-driven service line in India,Economic Times,https://finance.example.com/news/icicibank
2026-08-03,ICICIBANK,Analysts upgrade ICICIBANK target price following robust revenue growth,Economic Times,https://finance.example.com/news/icicibank
2026-08-03,ICICIBANK,ICICIBANK schedules annual general meeting for upcoming month,Financial Express,https://finance.example.com/news/icicibank
2026-08-03,ICICIBANK,ICICIBANK launches innovative AI-driven service line in India,Livemint,https://finance.example.com/news/icicibank
2026-08-03,ICICIBANK,ICICIBANK launches innovative AI-driven service line in India,Economic Times,https://finance.example.com/news/icicibank
2026-08-04,ICICIBANK,ICICIBANK faces margin pressure amid rising operational expenses,Economic Times,https://finance.example.com/news/icicibank
2026-08-04,ICICIBANK,Executive leadership changes announced at ICICIBANK,Economic Times,https://finance.example.com/news/icicibank
2026-08-04,ICICIBANK,ICICIBANK secures $500M international contract expansion,Economic Times,https://finance.example.com/news/icicibank
2026-08-04,ICICIBANK,ICICIBANK schedules annual general meeting for upcoming month,Business Standard,https://finance.example.com/news/icicibank
2026-08-05,ICICIBANK,ICICIBANK launches innovative AI-driven service line in India,Livemint,https://finance.example.com/news/icicibank
2026-08-05,ICICIBANK,ICICIBANK faces margin pressure amid rising operational expenses,Economic Times,https://finance.example.com/news/icicibank
2026-08-05,ICICIBANK,ICICIBANK schedules annual general meeting for upcoming month,Livemint,https://finance.example.com/news/icicibank
2026-08-06,ICICIBANK,ICICIBANK downgraded by major brokerage following weak guidance,Financial Express,https://finance.example.com/news/icicibank
2026-08-07,ICICIBANK,ICICIBANK announces strategic partnership to boost market share,Business Standard,https://finance.example.com/news/icicibank
2026-08-07,ICICIBANK,ICICIBANK downgraded by major brokerage following weak guidance,Financial Express,https://finance.example.com/news/icicibank
2026-08-07,ICICIBANK,ICICIBANK faces margin pressure amid rising operational expenses,Economic Times,https://finance.example.com/news/icicibank
2026-08-07,ICICIBANK,ICICIBANK files quarterly compliance report with NSE,Economic Times,https://finance.example.com/news/icicibank
2026-08-10,ICICIBANK,"ICICIBANK reports record quarterly profit, exceeding analyst estimates",Livemint,https://finance.example.com/news/icicibank
2026-08-11,ICICIBANK,"ICICIBANK reports record quarterly profit, exceeding analyst estimates",Livemint,https://finance.example.com/news/icicibank
2026-08-12,ICICIBANK,ICICIBANK schedules annual general meeting for upcoming month,Financial Express,https://finance.example.com/news/icicibank
2026-08-12,ICICIBANK,Regulatory scrutiny increases for ICICIBANK over compliance issue,Economic Times,https://finance.example.com/news/icicibank
2026-08-12,ICICIBANK,Supply chain disruptions impact production targets for ICICIBANK,Economic Times,https://finance.example.com/news/icicibank
2026-08-13,ICICIBANK,ICICIBANK files quarterly compliance report with NSE,Financial Express,https://finance.example.com/news/icicibank
2026-08-13,ICICIBANK,Analysts upgrade ICICIBANK target price following robust revenue growth,Livemint,https://finance.example.com/news/icicibank
2026-08-13,ICICIBANK,ICICIBANK launches innovative AI-driven service line in India,Financial Express,https://finance.example.com/news/icicibank
2026-08-13,ICICIBANK,Executive leadership changes announced at ICICIBANK,Financial Express,https://finance.example.com/news/icicibank
2026-08-14,ICICIBANK,ICICIBANK faces margin pressure amid rising operational expenses,Livemint,https://finance.example.com/news/icicibank
2026-08-14,ICICIBANK,ICICIBANK launches innovative AI-driven service line in India,Economic Times,https://finance.example.com/news/icicibank
2026-08-14,ICICIBANK,Supply chain disruptions impact production targets for ICICIBANK,Financial Express,https://finance.example.com/news/icicibank
2026-08-17,ICICIBANK,Supply chain disruptions impact production targets for ICICIBANK,Financial Express,https://finance.example.com/news/icicibank
2026-08-18,ICICIBANK,Executive leadership changes announced at ICICIBANK,Livemint,https://finance.example.com/news/icicibank
2026-08-18,ICICIBANK,Quarterly revenue drops for ICICIBANK as demand slows down,Livemint,https://finance.example.com/news/icicibank
2026-08-18,ICICIBANK,Supply chain disruptions impact production targets for ICICIBANK,Livemint,https://finance.example.com/news/icicibank
2026-08-18,ICICIBANK,Executive leadership changes announced at ICICIBANK,Business Standard,https://finance.example.com/news/icicibank
2026-08-19,ICICIBANK,Regulatory scrutiny increases for ICICIBANK over compliance issue,Economic Times,https://finance.example.com/news/icicibank
2026-08-19,ICICIBANK,Board of directors at ICICIBANK considers new dividend payout plan,Financial Express,https://finance.example.com/news/icicibank
2026-08-19,ICICIBANK,ICICIBANK launches innovative AI-driven service line in India,Financial Express,https://finance.example.com/news/icicibank
2026-08-19,ICICIBANK,Board of directors at ICICIBANK considers new dividend payout plan,Business Standard,https://finance.example.com/news/icicibank
2026-08-20,ICICIBANK,Analysts upgrade ICICIBANK target price following robust revenue growth,Economic Times,https://finance.example.com/news/icicibank
2026-08-20,ICICIBANK,ICICIBANK secures $500M international contract expansion,Livemint,https://finance.example.com/news/icicibank
2026-08-20,ICICIBANK,"ICICIBANK reports record quarterly profit, exceeding analyst estimates",Livemint,https://finance.example.com/news/icicibank
2026-08-20,ICICIBANK,ICICIBANK announces strategic partnership to boost market share,Livemint,https://finance.example.com/news/icicibank
2026-08-21,ICICIBANK,Analysts upgrade ICICIBANK target price following robust revenue growth,Livemint,https://finance.example.com/news/icicibank
2026-08-24,ICICIBANK,Executive leadership changes announced at ICICIBANK,Financial Express,https://finance.example.com/news/icicibank
2026-08-24,ICICIBANK,Board of directors at ICICIBANK considers new dividend payout plan,Livemint,https://finance.example.com/news/icicibank
2026-08-24,ICICIBANK,Market highlights: ICICIBANK trades rangebound in quiet session,Business Standard,https://finance.example.com/news/icicibank
2026-08-24,ICICIBANK,Board of directors at ICICIBANK considers new dividend payout plan,Business Standard,https://finance.example.com/news/icicibank
2026-08-25,ICICIBANK,Supply chain disruptions impact production targets for ICICIBANK,Livemint,https://finance.example.com/news/icicibank
2026-08-25,ICICIBANK,ICICIBANK downgraded by major brokerage following weak guidance,Financial Express,https://finance.example.com/news/icicibank
2026-08-26,ICICIBANK,Quarterly revenue drops for ICICIBANK as demand slows down,Financial Express,https://finance.example.com/news/icicibank
2026-08-26,ICICIBANK,Analysts upgrade ICICIBANK target price following robust revenue growth,Livemint,https://finance.example.com/news/icicibank
2026-08-26,ICICIBANK,ICICIBANK secures $500M international contract expansion,Livemint,https://finance.example.com/news/icicibank
2026-08-27,ICICIBANK,ICICIBANK launches innovative AI-driven service line in India,Economic Times,https://finance.example.com/news/icicibank
2026-08-28,ICICIBANK,"ICICIBANK reports record quarterly profit, exceeding analyst estimates",Livemint,https://finance.example.com/news/icicibank
2026-08-28,ICICIBANK,ICICIBANK files quarterly compliance report with NSE,Financial Express,https://finance.example.com/news/icicibank
2026-08-28,ICICIBANK,"ICICIBANK reports record quarterly profit, exceeding analyst estimates",Business Standard,https://finance.example.com/news/icicibank
2026-08-28,ICICIBANK,ICICIBANK files quarterly compliance report with NSE,Business Standard,https://finance.example.com/news/icicibank
2026-08-31,ICICIBANK,Analysts upgrade ICICIBANK target price following robust revenue growth,Economic Times,https://finance.example.com/news/icicibank
2026-08-31,ICICIBANK,"ICICIBANK reports record quarterly profit, exceeding analyst estimates",Economic Times,https://finance.example.com/news/icicibank
2026-08-31,ICICIBANK,Market highlights: ICICIBANK trades rangebound in quiet session,Financial Express,https://finance.example.com/news/icicibank
2026-09-01,ICICIBANK,Board of directors at ICICIBANK considers new dividend payout plan,Economic Times,https://finance.example.com/news/icicibank
2026-09-01,ICICIBANK,ICICIBANK launches innovative AI-driven service line in India,Livemint,https://finance.example.com/news/icicibank
2026-09-01,ICICIBANK,Board of directors at ICICIBANK considers new dividend payout plan,Financial Express,https://finance.example.com/news/icicibank
2026-09-01,ICICIBANK,Executive leadership changes announced at ICICIBANK,Economic Times,https://finance.example.com/news/icicibank
2026-09-02,ICICIBANK,Market highlights: ICICIBANK trades rangebound in quiet session,Business Standard,https://finance.example.com/news/icicibank
2026-09-02,ICICIBANK,Executive leadership changes announced at ICICIBANK,Financial Express,https://finance.example.com/news/icicibank
2026-09-03,ICICIBANK,"ICICIBANK reports record quarterly profit, exceeding analyst estimates",Financial Express,https://finance.example.com/news/icicibank
2026-09-04,ICICIBANK,ICICIBANK faces margin pressure amid rising operational expenses,Financial Express,https://finance.example.com/news/icicibank
2026-09-04,ICICIBANK,Quarterly revenue drops for ICICIBANK as demand slows down,Financial Express,https://finance.example.com/news/icicibank
2026-09-04,ICICIBANK,Quarterly revenue drops for ICICIBANK as demand slows down,Economic Times,https://finance.example.com/news/icicibank
2026-09-07,ICICIBANK,Analysts upgrade ICICIBANK target price following robust revenue growth,Livemint,https://finance.example.com/news/icicibank
2026-09-07,ICICIBANK,ICICIBANK downgraded by major brokerage following weak guidance,Financial Express,https://finance.example.com/news/icicibank
2026-09-07,ICICIBANK,ICICIBANK secures $500M international contract expansion,Livemint,https://finance.example.com/news/icicibank
2026-09-08,ICICIBANK,ICICIBANK announces strategic partnership to boost market share,Financial Express,https://finance.example.com/news/icicibank
2026-09-09,ICICIBANK,Supply chain disruptions impact production targets for ICICIBANK,Livemint,https://finance.example.com/news/icicibank
2026-09-09,ICICIBANK,Analysts upgrade ICICIBANK target price following robust revenue growth,Economic Times,https://finance.example.com/news/icicibank
2026-09-10,ICICIBANK,ICICIBANK announces strategic partnership to boost market share,Livemint,https://finance.example.com/news/icicibank
2026-09-10,ICICIBANK,ICICIBANK faces margin pressure amid rising operational expenses,Economic Times,https://finance.example.com/news/icicibank
2026-09-11,ICICIBANK,ICICIBANK faces margin pressure amid rising operational expenses,Financial Express,https://finance.example.com/news/icicibank
2026-09-14,ICICIBANK,ICICIBANK launches innovative AI-driven service line in India,Business Standard,https://finance.example.com/news/icicibank
2026-09-14,ICICIBANK,ICICIBANK announces strategic partnership to boost market share,Business Standard,https://finance.example.com/news/icicibank
2026-09-14,ICICIBANK,Quarterly revenue drops for ICICIBANK as demand slows down,Livemint,https://finance.example.com/news/icicibank
2026-09-14,ICICIBANK,Executive leadership changes announced at ICICIBANK,Financial Express,https://finance.example.com/news/icicibank
2026-09-15,ICICIBANK,ICICIBANK faces margin pressure amid rising operational expenses,Business Standard,https://finance.example.com/news/icicibank
2026-09-15,ICICIBANK,Analysts upgrade ICICIBANK target price following robust revenue growth,Business Standard,https://finance.example.com/news/icicibank
2026-09-15,ICICIBANK,Regulatory scrutiny increases for ICICIBANK over compliance issue,Economic Times,https://finance.example.com/news/icicibank
2026-09-15,ICICIBANK,Executive leadership changes announced at ICICIBANK,Livemint,https://finance.example.com/news/icicibank
2026-09-16,ICICIBANK,Analysts upgrade ICICIBANK target price following robust revenue growth,Livemint,https://finance.example.com/news/icicibank
2026-09-16,ICICIBANK,ICICIBANK faces margin pressure amid rising operational expenses,Financial Express,https://finance.example.com/news/icicibank
2026-09-16,ICICIBANK,Quarterly revenue drops for ICICIBANK as demand slows down,Business Standard,https://finance.example.com/news/icicibank
2026-09-17,ICICIBANK,ICICIBANK files quarterly compliance report with NSE,Livemint,https://finance.example.com/news/icicibank
2026-09-17,ICICIBANK,Regulatory scrutiny increases for ICICIBANK over compliance issue,Financial Express,https://finance.example.com/news/icicibank
2026-09-17,ICICIBANK,ICICIBANK faces margin pressure amid rising operational expenses,Livemint,https://finance.example.com/news/icicibank
2026-09-17,ICICIBANK,ICICIBANK faces margin pressure amid rising operational expenses,Livemint,https://finance.example.com/news/icicibank
2026-09-18,ICICIBANK,ICICIBANK downgraded by major brokerage following weak guidance,Economic Times,https://finance.example.com/news/icicibank
2026-09-18,ICICIBANK,Supply chain disruptions impact production targets for ICICIBANK,Economic Times,https://finance.example.com/news/icicibank
2026-09-18,ICICIBANK,Market highlights: ICICIBANK trades rangebound in quiet session,Financial Express,https://finance.example.com/news/icicibank
2026-09-18,ICICIBANK,ICICIBANK announces strategic partnership to boost market share,Business Standard,https://finance.example.com/news/icicibank
2026-09-21,ICICIBANK,Quarterly revenue drops for ICICIBANK as demand slows down,Economic Times,https://finance.example.com/news/icicibank
2026-09-21,ICICIBANK,"ICICIBANK reports record quarterly profit, exceeding analyst estimates",Business Standard,https://finance.example.com/news/icicibank
2026-09-21,ICICIBANK,ICICIBANK announces strategic partnership to boost market share,Business Standard,https://finance.example.com/news/icicibank
2026-09-21,ICICIBANK,"ICICIBANK reports record quarterly profit, exceeding analyst estimates",Business Standard,https://finance.example.com/news/icicibank
2026-09-22,ICICIBANK,ICICIBANK launches innovative AI-driven service line in India,Financial Express,https://finance.example.com/news/icicibank
2026-09-22,ICICIBANK,Supply chain disruptions impact production targets for ICICIBANK,Business Standard,https://finance.example.com/news/icicibank
2026-09-23,ICICIBANK,ICICIBANK faces margin pressure amid rising operational expenses,Financial Express,https://finance.example.com/news/icicibank
2026-09-23,ICICIBANK,ICICIBANK secures $500M international contract expansion,Financial Express,https://finance.example.com/news/icicibank
2026-09-23,ICICIBANK,Board of directors at ICICIBANK considers new dividend payout plan,Business Standard,https://finance.example.com/news/icicibank
2026-09-24,ICICIBANK,ICICIBANK announces strategic partnership to boost market share,Business Standard,https://finance.example.com/news/icicibank
2026-09-24,ICICIBANK,Analysts upgrade ICICIBANK target price following robust revenue growth,Livemint,https://finance.example.com/news/icicibank
2026-09-24,ICICIBANK,Quarterly revenue drops for ICICIBANK as demand slows down,Business Standard,https://finance.example.com/news/icicibank
2026-09-25,ICICIBANK,Executive leadership changes announced at ICICIBANK,Financial Express,https://finance.example.com/news/icicibank
2026-09-25,ICICIBANK,Supply chain disruptions impact production targets for ICICIBANK,Business Standard,https://finance.example.com/news/icicibank
2026-09-25,ICICIBANK,ICICIBANK files quarterly compliance report with NSE,Financial Express,https://finance.example.com/news/icicibank
2026-09-28,ICICIBANK,ICICIBANK schedules annual general meeting for upcoming month,Financial Express,https://finance.example.com/news/icicibank
2026-09-28,ICICIBANK,ICICIBANK files quarterly compliance report with NSE,Financial Express,https://finance.example.com/news/icicibank
2026-09-28,ICICIBANK,ICICIBANK schedules annual general meeting for upcoming month,Economic Times,https://finance.example.com/news/icicibank
2026-09-29,ICICIBANK,Market highlights: ICICIBANK trades rangebound in quiet session,Livemint,https://finance.example.com/news/icicibank
2026-09-29,ICICIBANK,Market highlights: ICICIBANK trades rangebound in quiet session,Business Standard,https://finance.example.com/news/icicibank
2026-09-29,ICICIBANK,Regulatory scrutiny increases for ICICIBANK over compliance issue,Economic Times,https://finance.example.com/news/icicibank
2026-09-29,ICICIBANK,Regulatory scrutiny increases for ICICIBANK over compliance issue,Business Standard,https://finance.example.com/news/icicibank
2026-09-30,ICICIBANK,Board of directors at ICICIBANK considers new dividend payout plan,Livemint,https://finance.example.com/news/icicibank
2026-09-30,ICICIBANK,Board of directors at ICICIBANK considers new dividend payout plan,Economic Times,https://finance.example.com/news/icicibank
2026-09-30,ICICIBANK,"ICICIBANK reports record quarterly profit, exceeding analyst estimates",Economic Times,https://finance.example.com/news/icicibank
2026-10-01,ICICIBANK,Regulatory scrutiny increases for ICICIBANK over compliance issue,Financial Express,https://finance.example.com/news/icicibank
2026-10-01,ICICIBANK,ICICIBANK launches innovative AI-driven service line in India,Business Standard,https://finance.example.com/news/icicibank
2026-10-01,ICICIBANK,Executive leadership changes announced at ICICIBANK,Business Standard,https://finance.example.com/news/icicibank
2026-10-01,ICICIBANK,ICICIBANK downgraded by major brokerage following weak guidance,Business Standard,https://finance.example.com/news/icicibank
2026-10-02,ICICIBANK,ICICIBANK secures $500M international contract expansion,Economic Times,https://finance.example.com/news/icicibank
2026-10-02,ICICIBANK,ICICIBANK faces margin pressure amid rising operational expenses,Business Standard,https://finance.example.com/news/icicibank
2026-10-02,ICICIBANK,Board of directors at ICICIBANK considers new dividend payout plan,Livemint,https://finance.example.com/news/icicibank
2026-10-02,ICICIBANK,Supply chain disruptions impact production targets for ICICIBANK,Livemint,https://finance.example.com/news/icicibank
2026-04-07,ITC,Executive leadership changes announced at ITC,Business Standard,https://finance.example.com/news/itc
2026-04-08,ITC,ITC launches innovative AI-driven service line in India,Financial Express,https://finance.example.com/news/itc
2026-04-08,ITC,ITC announces strategic partnership to boost market share,Livemint,https://finance.example.com/news/itc
2026-04-08,ITC,ITC faces margin pressure amid rising operational expenses,Financial Express,https://finance.example.com/news/itc
2026-04-09,ITC,ITC faces margin pressure amid rising operational expenses,Livemint,https://finance.example.com/news/itc
2026-04-09,ITC,Quarterly revenue drops for ITC as demand slows down,Financial Express,https://finance.example.com/news/itc
2026-04-10,ITC,ITC downgraded by major brokerage following weak guidance,Livemint,https://finance.example.com/news/itc
2026-04-10,ITC,Quarterly revenue drops for ITC as demand slows down,Livemint,https://finance.example.com/news/itc
2026-04-10,ITC,ITC announces strategic partnership to boost market share,Livemint,https://finance.example.com/news/itc
2026-04-10,ITC,Executive leadership changes announced at ITC,Livemint,https://finance.example.com/news/itc
2026-04-13,ITC,Supply chain disruptions impact production targets for ITC,Economic Times,https://finance.example.com/news/itc
2026-04-14,ITC,Quarterly revenue drops for ITC as demand slows down,Financial Express,https://finance.example.com/news/itc
2026-04-15,ITC,Regulatory scrutiny increases for ITC over compliance issue,Financial Express,https://finance.example.com/news/itc
2026-04-15,ITC,ITC files quarterly compliance report with NSE,Livemint,https://finance.example.com/news/itc
2026-04-15,ITC,Analysts upgrade ITC target price following robust revenue growth,Livemint,https://finance.example.com/news/itc
2026-04-16,ITC,"ITC reports record quarterly profit, exceeding analyst estimates",Economic Times,https://finance.example.com/news/itc
2026-04-16,ITC,Board of directors at ITC considers new dividend payout plan,Business Standard,https://finance.example.com/news/itc
2026-04-16,ITC,ITC secures $500M international contract expansion,Livemint,https://finance.example.com/news/itc
2026-04-17,ITC,Supply chain disruptions impact production targets for ITC,Financial Express,https://finance.example.com/news/itc
2026-04-17,ITC,"ITC reports record quarterly profit, exceeding analyst estimates",Economic Times,https://finance.example.com/news/itc
2026-04-20,ITC,Market highlights: ITC trades rangebound in quiet session,Business Standard,https://finance.example.com/news/itc
2026-04-20,ITC,ITC launches innovative AI-driven service line in India,Economic Times,https://finance.example.com/news/itc
2026-04-21,ITC,Quarterly revenue drops for ITC as demand slows down,Financial Express,https://finance.example.com/news/itc
2026-04-21,ITC,ITC faces margin pressure amid rising operational expenses,Financial Express,https://finance.example.com/news/itc
2026-04-22,ITC,ITC downgraded by major brokerage following weak guidance,Livemint,https://finance.example.com/news/itc
2026-04-22,ITC,Supply chain disruptions impact production targets for ITC,Economic Times,https://finance.example.com/news/itc
2026-04-23,ITC,ITC downgraded by major brokerage following weak guidance,Business Standard,https://finance.example.com/news/itc
2026-04-23,ITC,ITC announces strategic partnership to boost market share,Business Standard,https://finance.example.com/news/itc
2026-04-23,ITC,ITC launches innovative AI-driven service line in India,Business Standard,https://finance.example.com/news/itc
2026-04-23,ITC,Supply chain disruptions impact production targets for ITC,Financial Express,https://finance.example.com/news/itc
2026-04-24,ITC,ITC files quarterly compliance report with NSE,Business Standard,https://finance.example.com/news/itc
2026-04-27,ITC,Analysts upgrade ITC target price following robust revenue growth,Financial Express,https://finance.example.com/news/itc
2026-04-27,ITC,ITC announces strategic partnership to boost market share,Business Standard,https://finance.example.com/news/itc
2026-04-27,ITC,Regulatory scrutiny increases for ITC over compliance issue,Economic Times,https://finance.example.com/news/itc
2026-04-28,ITC,Regulatory scrutiny increases for ITC over compliance issue,Livemint,https://finance.example.com/news/itc
2026-04-28,ITC,ITC faces margin pressure amid rising operational expenses,Financial Express,https://finance.example.com/news/itc
2026-04-28,ITC,"ITC reports record quarterly profit, exceeding analyst estimates",Financial Express,https://finance.example.com/news/itc
2026-04-29,ITC,Analysts upgrade ITC target price following robust revenue growth,Livemint,https://finance.example.com/news/itc
2026-04-29,ITC,"ITC reports record quarterly profit, exceeding analyst estimates",Financial Express,https://finance.example.com/news/itc
2026-04-29,ITC,ITC announces strategic partnership to boost market share,Economic Times,https://finance.example.com/news/itc
2026-04-29,ITC,ITC schedules annual general meeting for upcoming month,Financial Express,https://finance.example.com/news/itc
2026-04-30,ITC,Board of directors at ITC considers new dividend payout plan,Business Standard,https://finance.example.com/news/itc
2026-05-01,ITC,Board of directors at ITC considers new dividend payout plan,Livemint,https://finance.example.com/news/itc
2026-05-01,ITC,"ITC reports record quarterly profit, exceeding analyst estimates",Business Standard,https://finance.example.com/news/itc
2026-05-04,ITC,ITC files quarterly compliance report with NSE,Livemint,https://finance.example.com/news/itc
2026-05-04,ITC,"ITC reports record quarterly profit, exceeding analyst estimates",Livemint,https://finance.example.com/news/itc
2026-05-04,ITC,Market highlights: ITC trades rangebound in quiet session,Business Standard,https://finance.example.com/news/itc
2026-05-05,ITC,ITC files quarterly compliance report with NSE,Livemint,https://finance.example.com/news/itc
2026-05-05,ITC,"ITC reports record quarterly profit, exceeding analyst estimates",Business Standard,https://finance.example.com/news/itc
2026-05-05,ITC,Board of directors at ITC considers new dividend payout plan,Business Standard,https://finance.example.com/news/itc
2026-05-06,ITC,ITC faces margin pressure amid rising operational expenses,Economic Times,https://finance.example.com/news/itc
2026-05-06,ITC,ITC downgraded by major brokerage following weak guidance,Economic Times,https://finance.example.com/news/itc
2026-05-07,ITC,ITC files quarterly compliance report with NSE,Financial Express,https://finance.example.com/news/itc
2026-05-08,ITC,ITC announces strategic partnership to boost market share,Livemint,https://finance.example.com/news/itc
2026-05-11,ITC,ITC launches innovative AI-driven service line in India,Economic Times,https://finance.example.com/news/itc
2026-05-11,ITC,ITC faces margin pressure amid rising operational expenses,Financial Express,https://finance.example.com/news/itc
2026-05-11,ITC,Quarterly revenue drops for ITC as demand slows down,Economic Times,https://finance.example.com/news/itc
2026-05-11,ITC,Market highlights: ITC trades rangebound in quiet session,Financial Express,https://finance.example.com/news/itc
2026-05-12,ITC,ITC downgraded by major brokerage following weak guidance,Financial Express,https://finance.example.com/news/itc
2026-05-12,ITC,ITC faces margin pressure amid rising operational expenses,Business Standard,https://finance.example.com/news/itc
2026-05-12,ITC,Market highlights: ITC trades rangebound in quiet session,Financial Express,https://finance.example.com/news/itc
2026-05-12,ITC,Quarterly revenue drops for ITC as demand slows down,Livemint,https://finance.example.com/news/itc
2026-05-13,ITC,ITC faces margin pressure amid rising operational expenses,Livemint,https://finance.example.com/news/itc
2026-05-13,ITC,Quarterly revenue drops for ITC as demand slows down,Financial Express,https://finance.example.com/news/itc
2026-05-13,ITC,ITC files quarterly compliance report with NSE,Economic Times,https://finance.example.com/news/itc
2026-05-14,ITC,ITC downgraded by major brokerage following weak guidance,Economic Times,https://finance.example.com/news/itc
2026-05-14,ITC,ITC launches innovative AI-driven service line in India,Financial Express,https://finance.example.com/news/itc
2026-05-15,ITC,ITC downgraded by major brokerage following weak guidance,Economic Times,https://finance.example.com/news/itc
2026-05-15,ITC,ITC secures $500M international contract expansion,Financial Express,https://finance.example.com/news/itc
2026-05-15,ITC,Executive leadership changes announced at ITC,Economic Times,https://finance.example.com/news/itc
2026-05-18,ITC,ITC announces strategic partnership to boost market share,Livemint,https://finance.example.com/news/itc
2026-05-18,ITC,ITC downgraded by major brokerage following weak guidance,Financial Express,https://finance.example.com/news/itc
2026-05-18,ITC,"ITC reports record quarterly profit, exceeding analyst estimates",Livemint,https://finance.example.com/news/itc
2026-05-18,ITC,ITC schedules annual general meeting for upcoming month,Business Standard,https://finance.example.com/news/itc
2026-05-19,ITC,ITC announces strategic partnership to boost market share,Business Standard,https://finance.example.com/news/itc
2026-05-20,ITC,Board of directors at ITC considers new dividend payout plan,Financial Express,https://finance.example.com/news/itc
2026-05-20,ITC,ITC secures $500M international contract expansion,Business Standard,https://finance.example.com/news/itc
2026-05-21,ITC,Supply chain disruptions impact production targets for ITC,Financial Express,https://finance.example.com/news/itc
2026-05-22,ITC,Board of directors at ITC considers new dividend payout plan,Financial Express,https://finance.example.com/news/itc
2026-05-22,ITC,"ITC reports record quarterly profit, exceeding analyst estimates",Livemint,https://finance.example.com/news/itc
2026-05-25,ITC,Regulatory scrutiny increases for ITC over compliance issue,Financial Express,https://finance.example.com/news/itc
2026-05-26,ITC,ITC announces strategic partnership to boost market share,Economic Times,https://finance.example.com/news/itc
2026-05-27,ITC,Market highlights: ITC trades rangebound in quiet session,Livemint,https://finance.example.com/news/itc
2026-05-28,ITC,ITC announces strategic partnership to boost market share,Economic Times,https://finance.example.com/news/itc
2026-05-28,ITC,ITC secures $500M international contract expansion,Financial Express,https://finance.example.com/news/itc
2026-05-28,ITC,Quarterly revenue drops for ITC as demand slows down,Financial Express,https://finance.example.com/news/itc
2026-05-28,ITC,ITC secures $500M international contract expansion,Business Standard,https://finance.example.com/news/itc
2026-05-29,ITC,Supply chain disruptions impact production targets for ITC,Economic Times,https://finance.example.com/news/itc
2026-05-29,ITC,Supply chain disruptions impact production targets for ITC,Financial Express,https://finance.example.com/news/itc
2026-06-01,ITC,ITC announces strategic partnership to boost market share,Business Standard,https://finance.example.com/news/itc
2026-06-01,ITC,ITC schedules annual general meeting for upcoming month,Business Standard,https://finance.example.com/news/itc
2026-06-02,ITC,ITC secures $500M international contract expansion,Financial Express,https://finance.example.com/news/itc
2026-06-03,ITC,ITC downgraded by major brokerage following weak guidance,Economic Times,https://finance.example.com/news/itc
2026-06-03,ITC,Analysts upgrade ITC target price following robust revenue growth,Business Standard,https://finance.example.com/news/itc
2026-06-03,ITC,Regulatory scrutiny increases for ITC over compliance issue,Financial Express,https://finance.example.com/news/itc
2026-06-04,ITC,Executive leadership changes announced at ITC,Financial Express,https://finance.example.com/news/itc
2026-06-04,ITC,Quarterly revenue drops for ITC as demand slows down,Livemint,https://finance.example.com/news/itc
2026-06-05,ITC,ITC secures $500M international contract expansion,Economic Times,https://finance.example.com/news/itc
2026-06-05,ITC,ITC announces strategic partnership to boost market share,Financial Express,https://finance.example.com/news/itc
2026-06-05,ITC,Supply chain disruptions impact production targets for ITC,Economic Times,https://finance.example.com/news/itc
2026-06-05,ITC,Regulatory scrutiny increases for ITC over compliance issue,Livemint,https://finance.example.com/news/itc
2026-06-08,ITC,ITC secures $500M international contract expansion,Business Standard,https://finance.example.com/news/itc
2026-06-09,ITC,"ITC reports record quarterly profit, exceeding analyst estimates",Financial Express,https://finance.example.com/news/itc
2026-06-09,ITC,Quarterly revenue drops for ITC as demand slows down,Economic Times,https://finance.example.com/news/itc
2026-06-09,ITC,Quarterly revenue drops for ITC as demand slows down,Business Standard,https://finance.example.com/news/itc
2026-06-09,ITC,"ITC reports record quarterly profit, exceeding analyst estimates",Economic Times,https://finance.example.com/news/itc
2026-06-10,ITC,Market highlights: ITC trades rangebound in quiet session,Financial Express,https://finance.example.com/news/itc
2026-06-10,ITC,ITC secures $500M international contract expansion,Business Standard,https://finance.example.com/news/itc
2026-06-11,ITC,Quarterly revenue drops for ITC as demand slows down,Economic Times,https://finance.example.com/news/itc
2026-06-11,ITC,ITC files quarterly compliance report with NSE,Economic Times,https://finance.example.com/news/itc
2026-06-11,ITC,ITC launches innovative AI-driven service line in India,Economic Times,https://finance.example.com/news/itc
2026-06-12,ITC,ITC schedules annual general meeting for upcoming month,Business Standard,https://finance.example.com/news/itc
2026-06-12,ITC,ITC faces margin pressure amid rising operational expenses,Business Standard,https://finance.example.com/news/itc
2026-06-12,ITC,ITC announces strategic partnership to boost market share,Business Standard,https://finance.example.com/news/itc
2026-06-12,ITC,Analysts upgrade ITC target price following robust revenue growth,Economic Times,https://finance.example.com/news/itc
2026-06-15,ITC,ITC files quarterly compliance report with NSE,Livemint,https://finance.example.com/news/itc
2026-06-15,ITC,ITC secures $500M international contract expansion,Financial Express,https://finance.example.com/news/itc
2026-06-15,ITC,ITC faces margin pressure amid rising operational expenses,Livemint,https://finance.example.com/news/itc
2026-06-15,ITC,ITC launches innovative AI-driven service line in India,Business Standard,https://finance.example.com/news/itc
2026-06-16,ITC,Analysts upgrade ITC target price following robust revenue growth,Economic Times,https://finance.example.com/news/itc
2026-06-16,ITC,Executive leadership changes announced at ITC,Economic Times,https://finance.example.com/news/itc
2026-06-16,ITC,Executive leadership changes announced at ITC,Economic Times,https://finance.example.com/news/itc
2026-06-16,ITC,Supply chain disruptions impact production targets for ITC,Economic Times,https://finance.example.com/news/itc
2026-06-17,ITC,Supply chain disruptions impact production targets for ITC,Business Standard,https://finance.example.com/news/itc
2026-06-18,ITC,ITC downgraded by major brokerage following weak guidance,Livemint,https://finance.example.com/news/itc
2026-06-18,ITC,ITC launches innovative AI-driven service line in India,Economic Times,https://finance.example.com/news/itc
2026-06-19,ITC,ITC announces strategic partnership to boost market share,Economic Times,https://finance.example.com/news/itc
2026-06-19,ITC,Executive leadership changes announced at ITC,Economic Times,https://finance.example.com/news/itc
2026-06-22,ITC,ITC faces margin pressure amid rising operational expenses,Financial Express,https://finance.example.com/news/itc
2026-06-23,ITC,Executive leadership changes announced at ITC,Financial Express,https://finance.example.com/news/itc
2026-06-23,ITC,ITC downgraded by major brokerage following weak guidance,Business Standard,https://finance.example.com/news/itc
2026-06-23,ITC,ITC schedules annual general meeting for upcoming month,Business Standard,https://finance.example.com/news/itc
2026-06-23,ITC,ITC faces margin pressure amid rising operational expenses,Financial Express,https://finance.example.com/news/itc
2026-06-24,ITC,Board of directors at ITC considers new dividend payout plan,Livemint,https://finance.example.com/news/itc
2026-06-24,ITC,"ITC reports record quarterly profit, exceeding analyst estimates",Financial Express,https://finance.example.com/news/itc
2026-06-24,ITC,Quarterly revenue drops for ITC as demand slows down,Economic Times,https://finance.example.com/news/itc
2026-06-24,ITC,Executive leadership changes announced at ITC,Financial Express,https://finance.example.com/news/itc
2026-06-25,ITC,Regulatory scrutiny increases for ITC over compliance issue,Business Standard,https://finance.example.com/news/itc
2026-06-25,ITC,Analysts upgrade ITC target price following robust revenue growth,Business Standard,https://finance.example.com/news/itc
2026-06-25,ITC,ITC schedules annual general meeting for upcoming month,Financial Express,https://finance.example.com/news/itc
2026-06-25,ITC,Analysts upgrade ITC target price following robust revenue growth,Financial Express,https://finance.example.com/news/itc
2026-06-26,ITC,Quarterly revenue drops for ITC as demand slows down,Economic Times,https://finance.example.com/news/itc
2026-06-26,ITC,ITC schedules annual general meeting for upcoming month,Livemint,https://finance.example.com/news/itc
2026-06-26,ITC,ITC schedules annual general meeting for upcoming month,Livemint,https://finance.example.com/news/itc
2026-06-29,ITC,Analysts upgrade ITC target price following robust revenue growth,Business Standard,https://finance.example.com/news/itc
2026-06-30,ITC,ITC secures $500M international contract expansion,Financial Express,https://finance.example.com/news/itc
2026-07-01,ITC,Analysts upgrade ITC target price following robust revenue growth,Economic Times,https://finance.example.com/news/itc
2026-07-01,ITC,ITC downgraded by major brokerage following weak guidance,Economic Times,https://finance.example.com/news/itc
2026-07-02,ITC,Analysts upgrade ITC target price following robust revenue growth,Business Standard,https://finance.example.com/news/itc
2026-07-02,ITC,"ITC reports record quarterly profit, exceeding analyst estimates",Livemint,https://finance.example.com/news/itc
2026-07-03,ITC,Supply chain disruptions impact production targets for ITC,Financial Express,https://finance.example.com/news/itc
2026-07-03,ITC,Supply chain disruptions impact production targets for ITC,Livemint,https://finance.example.com/news/itc
2026-07-03,ITC,Quarterly revenue drops for ITC as demand slows down,Financial Express,https://finance.example.com/news/itc
2026-07-06,ITC,Market highlights: ITC trades rangebound in quiet session,Financial Express,https://finance.example.com/news/itc
2026-07-06,ITC,ITC secures $500M international contract expansion,Livemint,https://finance.example.com/news/itc
2026-07-07,ITC,Analysts upgrade ITC target price following robust revenue growth,Financial Express,https://finance.example.com/news/itc
2026-07-08,ITC,Regulatory scrutiny increases for ITC over compliance issue,Financial Express,https://finance.example.com/news/itc
2026-07-08,ITC,ITC announces strategic partnership to boost market share,Economic Times,https://finance.example.com/news/itc
2026-07-09,ITC,ITC launches innovative AI-driven service line in India,Financial Express,https://finance.example.com/news/itc
2026-07-09,ITC,"ITC reports record quarterly profit, exceeding analyst estimates",Financial Express,https://finance.example.com/news/itc
2026-07-09,ITC,Board of directors at ITC considers new dividend payout plan,Livemint,https://finance.example.com/news/itc
2026-07-09,ITC,Quarterly revenue drops for ITC as demand slows down,Livemint,https://finance.example.com/news/itc
2026-07-10,ITC,Supply chain disruptions impact production targets for ITC,Business Standard,https://finance.example.com/news/itc
2026-07-10,ITC,Supply chain disruptions impact production targets for ITC,Economic Times,https://finance.example.com/news/itc
2026-07-10,ITC,ITC files quarterly compliance report with NSE,Economic Times,https://finance.example.com/news/itc
2026-07-10,ITC,Board of directors at ITC considers new dividend payout plan,Business Standard,https://finance.example.com/news/itc
2026-07-13,ITC,ITC schedules annual general meeting for upcoming month,Economic Times,https://finance.example.com/news/itc
2026-07-13,ITC,ITC launches innovative AI-driven service line in India,Economic Times,https://finance.example.com/news/itc
2026-07-13,ITC,Regulatory scrutiny increases for ITC over compliance issue,Livemint,https://finance.example.com/news/itc
2026-07-14,ITC,Board of directors at ITC considers new dividend payout plan,Economic Times,https://finance.example.com/news/itc
2026-07-14,ITC,"ITC reports record quarterly profit, exceeding analyst estimates",Livemint,https://finance.example.com/news/itc
2026-07-15,ITC,Quarterly revenue drops for ITC as demand slows down,Economic Times,https://finance.example.com/news/itc
2026-07-15,ITC,"ITC reports record quarterly profit, exceeding analyst estimates",Livemint,https://finance.example.com/news/itc
2026-07-16,ITC,ITC launches innovative AI-driven service line in India,Economic Times,https://finance.example.com/news/itc
2026-07-16,ITC,ITC faces margin pressure amid rising operational expenses,Financial Express,https://finance.example.com/news/itc
2026-07-16,ITC,ITC downgraded by major brokerage following weak guidance,Economic Times,https://finance.example.com/news/itc
2026-07-17,ITC,Board of directors at ITC considers new dividend payout plan,Financial Express,https://finance.example.com/news/itc
2026-07-17,ITC,Executive leadership changes announced at ITC,Livemint,https://finance.example.com/news/itc
2026-07-17,ITC,Quarterly revenue drops for ITC as demand slows down,Business Standard,https://finance.example.com/news/itc
2026-07-17,ITC,Executive leadership changes announced at ITC,Economic Times,https://finance.example.com/news/itc
2026-07-20,ITC,"ITC reports record quarterly profit, exceeding analyst estimates",Business Standard,https://finance.example.com/news/itc
2026-07-20,ITC,Board of directors at ITC considers new dividend payout plan,Financial Express,https://finance.example.com/news/itc
2026-07-20,ITC,ITC launches innovative AI-driven service line in India,Economic Times,https://finance.example.com/news/itc
2026-07-20,ITC,ITC faces margin pressure amid rising operational expenses,Livemint,https://finance.example.com/news/itc
2026-07-21,ITC,Regulatory scrutiny increases for ITC over compliance issue,Economic Times,https://finance.example.com/news/itc
2026-07-22,ITC,"ITC reports record quarterly profit, exceeding analyst estimates",Business Standard,https://finance.example.com/news/itc
2026-07-22,ITC,ITC faces margin pressure amid rising operational expenses,Business Standard,https://finance.example.com/news/itc
2026-07-22,ITC,Analysts upgrade ITC target price following robust revenue growth,Financial Express,https://finance.example.com/news/itc
2026-07-23,ITC,ITC launches innovative AI-driven service line in India,Livemint,https://finance.example.com/news/itc
2026-07-23,ITC,"ITC reports record quarterly profit, exceeding analyst estimates",Livemint,https://finance.example.com/news/itc
2026-07-23,ITC,Analysts upgrade ITC target price following robust revenue growth,Business Standard,https://finance.example.com/news/itc
2026-07-24,ITC,ITC launches innovative AI-driven service line in India,Business Standard,https://finance.example.com/news/itc
2026-07-27,ITC,ITC launches innovative AI-driven service line in India,Business Standard,https://finance.example.com/news/itc
2026-07-27,ITC,ITC announces strategic partnership to boost market share,Financial Express,https://finance.example.com/news/itc
2026-07-27,ITC,Analysts upgrade ITC target price following robust revenue growth,Business Standard,https://finance.example.com/news/itc
2026-07-27,ITC,Executive leadership changes announced at ITC,Livemint,https://finance.example.com/news/itc
2026-07-28,ITC,Executive leadership changes announced at ITC,Business Standard,https://finance.example.com/news/itc
2026-07-29,ITC,Analysts upgrade ITC target price following robust revenue growth,Business Standard,https://finance.example.com/news/itc
2026-07-30,ITC,Supply chain disruptions impact production targets for ITC,Economic Times,https://finance.example.com/news/itc
2026-07-30,ITC,ITC launches innovative AI-driven service line in India,Livemint,https://finance.example.com/news/itc
2026-07-31,ITC,Analysts upgrade ITC target price following robust revenue growth,Livemint,https://finance.example.com/news/itc
2026-07-31,ITC,ITC downgraded by major brokerage following weak guidance,Economic Times,https://finance.example.com/news/itc
2026-07-31,ITC,"ITC reports record quarterly profit, exceeding analyst estimates",Economic Times,https://finance.example.com/news/itc
2026-07-31,ITC,ITC launches innovative AI-driven service line in India,Financial Express,https://finance.example.com/news/itc
2026-08-03,ITC,ITC downgraded by major brokerage following weak guidance,Economic Times,https://finance.example.com/news/itc
2026-08-03,ITC,Analysts upgrade ITC target price following robust revenue growth,Business Standard,https://finance.example.com/news/itc
2026-08-03,ITC,ITC schedules annual general meeting for upcoming month,Livemint,https://finance.example.com/news/itc
2026-08-04,ITC,Quarterly revenue drops for ITC as demand slows down,Business Standard,https://finance.example.com/news/itc
2026-08-04,ITC,ITC schedules annual general meeting for upcoming month,Livemint,https://finance.example.com/news/itc
2026-08-04,ITC,Supply chain disruptions impact production targets for ITC,Financial Express,https://finance.example.com/news/itc
2026-08-04,ITC,Board of directors at ITC considers new dividend payout plan,Financial Express,https://finance.example.com/news/itc
2026-08-05,ITC,ITC secures $500M international contract expansion,Livemint,https://finance.example.com/news/itc
2026-08-05,ITC,Analysts upgrade ITC target price following robust revenue growth,Livemint,https://finance.example.com/news/itc
2026-08-06,ITC,Quarterly revenue drops for ITC as demand slows down,Financial Express,https://finance.example.com/news/itc
2026-08-06,ITC,ITC announces strategic partnership to boost market share,Financial Express,https://finance.example.com/news/itc
2026-08-06,ITC,Regulatory scrutiny increases for ITC over compliance issue,Financial Express,https://finance.example.com/news/itc
2026-08-06,ITC,Regulatory scrutiny increases for ITC over compliance issue,Livemint,https://finance.example.com/news/itc
2026-08-07,ITC,ITC files quarterly compliance report with NSE,Livemint,https://finance.example.com/news/itc
2026-08-07,ITC,Quarterly revenue drops for ITC as demand slows down,Financial Express,https://finance.example.com/news/itc
2026-08-07,ITC,Quarterly revenue drops for ITC as demand slows down,Economic Times,https://finance.example.com/news/itc
2026-08-10,ITC,Analysts upgrade ITC target price following robust revenue growth,Livemint,https://finance.example.com/news/itc
2026-08-11,ITC,Regulatory scrutiny increases for ITC over compliance issue,Financial Express,https://finance.example.com/news/itc
2026-08-11,ITC,ITC announces strategic partnership to boost market share,Economic Times,https://finance.example.com/news/itc
2026-08-11,ITC,Executive leadership changes announced at ITC,Financial Express,https://finance.example.com/news/itc
2026-08-11,ITC,ITC faces margin pressure amid rising operational expenses,Financial Express,https://finance.example.com/news/itc
2026-08-12,ITC,Market highlights: ITC trades rangebound in quiet session,Livemint,https://finance.example.com/news/itc
2026-08-12,ITC,Analysts upgrade ITC target price following robust revenue growth,Economic Times,https://finance.example.com/news/itc
2026-08-13,ITC,Executive leadership changes announced at ITC,Livemint,https://finance.example.com/news/itc
2026-08-13,ITC,Analysts upgrade ITC target price following robust revenue growth,Financial Express,https://finance.example.com/news/itc
2026-08-13,ITC,ITC schedules annual general meeting for upcoming month,Economic Times,https://finance.example.com/news/itc
2026-08-13,ITC,ITC secures $500M international contract expansion,Economic Times,https://finance.example.com/news/itc
2026-08-14,ITC,ITC secures $500M international contract expansion,Financial Express,https://finance.example.com/news/itc
2026-08-14,ITC,ITC faces margin pressure amid rising operational expenses,Financial Express,https://finance.example.com/news/itc
2026-08-14,ITC,ITC launches innovative AI-driven service line in India,Business Standard,https://finance.example.com/news/itc
2026-08-17,ITC,"ITC reports record quarterly profit, exceeding analyst estimates",Financial Express,https://finance.example.com/news/itc
2026-08-18,ITC,Analysts upgrade ITC target price following robust revenue growth,Financial Express,https://finance.example.com/news/itc
2026-08-18,ITC,"ITC reports record quarterly profit, exceeding analyst estimates",Financial Express,https://finance.example.com/news/itc
2026-08-18,ITC,Executive leadership changes announced at ITC,Economic Times,https://finance.example.com/news/itc
2026-08-18,ITC,Regulatory scrutiny increases for ITC over compliance issue,Economic Times,https://finance.example.com/news/itc
2026-08-19,ITC,ITC secures $500M international contract expansion,Livemint,https://finance.example.com/news/itc
2026-08-19,ITC,ITC files quarterly compliance report with NSE,Livemint,https://finance.example.com/news/itc
2026-08-19,ITC,ITC announces strategic partnership to boost market share,Economic Times,https://finance.example.com/news/itc
2026-08-20,ITC,ITC announces strategic partnership to boost market share,Financial Express,https://finance.example.com/news/itc
2026-08-21,ITC,ITC files quarterly compliance report with NSE,Economic Times,https://finance.example.com/news/itc
2026-08-21,ITC,Executive leadership changes announced at ITC,Financial Express,https://finance.example.com/news/itc
2026-08-24,ITC,Executive leadership changes announced at ITC,Business Standard,https://finance.example.com/news/itc
2026-08-25,ITC,Regulatory scrutiny increases for ITC over compliance issue,Business Standard,https://finance.example.com/news/itc
2026-08-25,ITC,ITC faces margin pressure amid rising operational expenses,Economic Times,https://finance.example.com/news/itc
2026-08-25,ITC,Market highlights: ITC trades rangebound in quiet session,Business Standard,https://finance.example.com/news/itc
2026-08-26,ITC,ITC downgraded by major brokerage following weak guidance,Financial Express,https://finance.example.com/news/itc
2026-08-26,ITC,ITC files quarterly compliance report with NSE,Financial Express,https://finance.example.com/news/itc
2026-08-27,ITC,ITC secures $500M international contract expansion,Business Standard,https://finance.example.com/news/itc
2026-08-27,ITC,ITC files quarterly compliance report with NSE,Financial Express,https://finance.example.com/news/itc
2026-08-27,ITC,ITC launches innovative AI-driven service line in India,Financial Express,https://finance.example.com/news/itc
2026-08-27,ITC,ITC launches innovative AI-driven service line in India,Livemint,https://finance.example.com/news/itc
2026-08-28,ITC,ITC launches innovative AI-driven service line in India,Livemint,https://finance.example.com/news/itc
2026-08-28,ITC,Market highlights: ITC trades rangebound in quiet session,Economic Times,https://finance.example.com/news/itc
2026-08-28,ITC,Market highlights: ITC trades rangebound in quiet session,Livemint,https://finance.example.com/news/itc
2026-08-28,ITC,ITC launches innovative AI-driven service line in India,Financial Express,https://finance.example.com/news/itc
2026-08-31,ITC,ITC faces margin pressure amid rising operational expenses,Financial Express,https://finance.example.com/news/itc
2026-08-31,ITC,ITC launches innovative AI-driven service line in India,Financial Express,https://finance.example.com/news/itc
2026-08-31,ITC,Board of directors at ITC considers new dividend payout plan,Financial Express,https://finance.example.com/news/itc
2026-08-31,ITC,ITC secures $500M international contract expansion,Livemint,https://finance.example.com/news/itc
2026-09-01,ITC,ITC downgraded by major brokerage following weak guidance,Financial Express,https://finance.example.com/news/itc
2026-09-01,ITC,ITC launches innovative AI-driven service line in India,Business Standard,https://finance.example.com/news/itc
2026-09-02,ITC,Executive leadership changes announced at ITC,Livemint,https://finance.example.com/news/itc
2026-09-02,ITC,Market highlights: ITC trades rangebound in quiet session,Livemint,https://finance.example.com/news/itc
2026-09-02,ITC,Supply chain disruptions impact production targets for ITC,Business Standard,https://finance.example.com/news/itc
2026-09-03,ITC,Regulatory scrutiny increases for ITC over compliance issue,Business Standard,https://finance.example.com/news/itc
2026-09-03,ITC,Analysts upgrade ITC target price following robust revenue growth,Business Standard,https://finance.example.com/news/itc
2026-09-03,ITC,Regulatory scrutiny increases for ITC over compliance issue,Financial Express,https://finance.example.com/news/itc
2026-09-03,ITC,"ITC reports record quarterly profit, exceeding analyst estimates",Financial Express,https://finance.example.com/news/itc
2026-09-04,ITC,Regulatory scrutiny increases for ITC over compliance issue,Business Standard,https://finance.example.com/news/itc
2026-09-04,ITC,Quarterly revenue drops for ITC as demand slows down,Economic Times,https://finance.example.com/news/itc
2026-09-04,ITC,ITC announces strategic partnership to boost market share,Financial Express,https://finance.example.com/news/itc
2026-09-04,ITC,Executive leadership changes announced at ITC,Business Standard,https://finance.example.com/news/itc
2026-09-07,ITC,ITC launches innovative AI-driven service line in India,Business Standard,https://finance.example.com/news/itc
2026-09-07,ITC,Supply chain disruptions impact production targets for ITC,Livemint,https://finance.example.com/news/itc
2026-09-07,ITC,Executive leadership changes announced at ITC,Financial Express,https://finance.example.com/news/itc
2026-09-07,ITC,ITC schedules annual general meeting for upcoming month,Business Standard,https://finance.example.com/news/itc
2026-09-08,ITC,Analysts upgrade ITC target price following robust revenue growth,Business Standard,https://finance.example.com/news/itc
2026-09-09,ITC,ITC faces margin pressure amid rising operational expenses,Economic Times,https://finance.example.com/news/itc
2026-09-09,ITC,Quarterly revenue drops for ITC as demand slows down,Economic Times,https://finance.example.com/news/itc
2026-09-09,ITC,Regulatory scrutiny increases for ITC over compliance issue,Livemint,https://finance.example.com/news/itc
2026-09-09,ITC,Market highlights: ITC trades rangebound in quiet session,Financial Express,https://finance.example.com/news/itc
2026-09-10,ITC,Supply chain disruptions impact production targets for ITC,Business Standard,https://finance.example.com/news/itc
2026-09-10,ITC,Regulatory scrutiny increases for ITC over compliance issue,Financial Express,https://finance.example.com/news/itc
2026-09-10,ITC,ITC launches innovative AI-driven service line in India,Business Standard,https://finance.example.com/news/itc
2026-09-10,ITC,Quarterly revenue drops for ITC as demand slows down,Livemint,https://finance.example.com/news/itc
2026-09-11,ITC,ITC announces strategic partnership to boost market share,Financial Express,https://finance.example.com/news/itc
2026-09-11,ITC,Analysts upgrade ITC target price following robust revenue growth,Livemint,https://finance.example.com/news/itc
2026-09-11,ITC,Executive leadership changes announced at ITC,Financial Express,https://finance.example.com/news/itc
2026-09-14,ITC,ITC launches innovative AI-driven service line in India,Livemint,https://finance.example.com/news/itc
2026-09-14,ITC,Market highlights: ITC trades rangebound in quiet session,Livemint,https://finance.example.com/news/itc
2026-09-14,ITC,ITC secures $500M international contract expansion,Economic Times,https://finance.example.com/news/itc
2026-09-15,ITC,Supply chain disruptions impact production targets for ITC,Financial Express,https://finance.example.com/news/itc
2026-09-15,ITC,ITC schedules annual general meeting for upcoming month,Livemint,https://finance.example.com/news/itc
2026-09-16,ITC,"ITC reports record quarterly profit, exceeding analyst estimates",Livemint,https://finance.example.com/news/itc
2026-09-17,ITC,ITC downgraded by major brokerage following weak guidance,Business Standard,https://finance.example.com/news/itc
2026-09-18,ITC,ITC launches innovative AI-driven service line in India,Financial Express,https://finance.example.com/news/itc
2026-09-18,ITC,Market highlights: ITC trades rangebound in quiet session,Business Standard,https://finance.example.com/news/itc
2026-09-18,ITC,"ITC reports record quarterly profit, exceeding analyst estimates",Business Standard,https://finance.example.com/news/itc
2026-09-21,ITC,Regulatory scrutiny increases for ITC over compliance issue,Livemint,https://finance.example.com/news/itc
2026-09-22,ITC,Quarterly revenue drops for ITC as demand slows down,Economic Times,https://finance.example.com/news/itc
2026-09-22,ITC,Quarterly revenue drops for ITC as demand slows down,Business Standard,https://finance.example.com/news/itc
2026-09-22,ITC,"ITC reports record quarterly profit, exceeding analyst estimates",Economic Times,https://finance.example.com/news/itc
2026-09-22,ITC,"ITC reports record quarterly profit, exceeding analyst estimates",Livemint,https://finance.example.com/news/itc
2026-09-23,ITC,Executive leadership changes announced at ITC,Financial Express,https://finance.example.com/news/itc
2026-09-23,ITC,Executive leadership changes announced at ITC,Financial Express,https://finance.example.com/news/itc
2026-09-23,ITC,Quarterly revenue drops for ITC as demand slows down,Financial Express,https://finance.example.com/news/itc
2026-09-23,ITC,Supply chain disruptions impact production targets for ITC,Business Standard,https://finance.example.com/news/itc
2026-09-24,ITC,"ITC reports record quarterly profit, exceeding analyst estimates",Livemint,https://finance.example.com/news/itc
2026-09-24,ITC,Quarterly revenue drops for ITC as demand slows down,Business Standard,https://finance.example.com/news/itc
2026-09-24,ITC,Quarterly revenue drops for ITC as demand slows down,Economic Times,https://finance.example.com/news/itc
2026-09-24,ITC,Quarterly revenue drops for ITC as demand slows down,Business Standard,https://finance.example.com/news/itc
2026-09-25,ITC,Executive leadership changes announced at ITC,Economic Times,https://finance.example.com/news/itc
2026-09-25,ITC,Regulatory scrutiny increases for ITC over compliance issue,Business Standard,https://finance.example.com/news/itc
2026-09-28,ITC,Executive leadership changes announced at ITC,Business Standard,https://finance.example.com/news/itc
2026-09-28,ITC,ITC schedules annual general meeting for upcoming month,Economic Times,https://finance.example.com/news/itc
2026-09-28,ITC,ITC secures $500M international contract expansion,Economic Times,https://finance.example.com/news/itc
2026-09-29,ITC,ITC files quarterly compliance report with NSE,Business Standard,https://finance.example.com/news/itc
2026-09-29,ITC,ITC faces margin pressure amid rising operational expenses,Economic Times,https://finance.example.com/news/itc
2026-09-30,ITC,Analysts upgrade ITC target price following robust revenue growth,Economic Times,https://finance.example.com/news/itc
2026-09-30,ITC,ITC announces strategic partnership to boost market share,Economic Times,https://finance.example.com/news/itc
2026-09-30,ITC,ITC faces margin pressure amid rising operational expenses,Economic Times,https://finance.example.com/news/itc
2026-09-30,ITC,ITC secures $500M international contract expansion,Livemint,https://finance.example.com/news/itc
2026-10-01,ITC,ITC downgraded by major brokerage following weak guidance,Business Standard,https://finance.example.com/news/itc
2026-10-01,ITC,ITC faces margin pressure amid rising operational expenses,Economic Times,https://finance.example.com/news/itc
2026-10-01,ITC,ITC secures $500M international contract expansion,Financial Express,https://finance.example.com/news/itc
2026-10-01,ITC,Analysts upgrade ITC target price following robust revenue growth,Economic Times,https://finance.example.com/news/itc
2026-10-02,ITC,Market highlights: ITC trades rangebound in quiet session,Financial Express,https://finance.example.com/news/itc
2026-04-07,HINDUNILVR,HINDUNILVR schedules annual general meeting for upcoming month,Livemint,https://finance.example.com/news/hindunilvr
2026-04-08,HINDUNILVR,Market highlights: HINDUNILVR trades rangebound in quiet session,Livemint,https://finance.example.com/news/hindunilvr
2026-04-08,HINDUNILVR,HINDUNILVR faces margin pressure amid rising operational expenses,Business Standard,https://finance.example.com/news/hindunilvr
2026-04-08,HINDUNILVR,Board of directors at HINDUNILVR considers new dividend payout plan,Economic Times,https://finance.example.com/news/hindunilvr
2026-04-09,HINDUNILVR,Supply chain disruptions impact production targets for HINDUNILVR,Financial Express,https://finance.example.com/news/hindunilvr
2026-04-10,HINDUNILVR,HINDUNILVR faces margin pressure amid rising operational expenses,Economic Times,https://finance.example.com/news/hindunilvr
2026-04-10,HINDUNILVR,Quarterly revenue drops for HINDUNILVR as demand slows down,Livemint,https://finance.example.com/news/hindunilvr
2026-04-10,HINDUNILVR,Market highlights: HINDUNILVR trades rangebound in quiet session,Economic Times,https://finance.example.com/news/hindunilvr
2026-04-13,HINDUNILVR,"HINDUNILVR reports record quarterly profit, exceeding analyst estimates",Economic Times,https://finance.example.com/news/hindunilvr
2026-04-13,HINDUNILVR,Analysts upgrade HINDUNILVR target price following robust revenue growth,Business Standard,https://finance.example.com/news/hindunilvr
2026-04-13,HINDUNILVR,Supply chain disruptions impact production targets for HINDUNILVR,Financial Express,https://finance.example.com/news/hindunilvr
2026-04-13,HINDUNILVR,Quarterly revenue drops for HINDUNILVR as demand slows down,Financial Express,https://finance.example.com/news/hindunilvr
2026-04-14,HINDUNILVR,HINDUNILVR downgraded by major brokerage following weak guidance,Economic Times,https://finance.example.com/news/hindunilvr
2026-04-14,HINDUNILVR,Board of directors at HINDUNILVR considers new dividend payout plan,Livemint,https://finance.example.com/news/hindunilvr
2026-04-14,HINDUNILVR,Quarterly revenue drops for HINDUNILVR as demand slows down,Livemint,https://finance.example.com/news/hindunilvr
2026-04-15,HINDUNILVR,Supply chain disruptions impact production targets for HINDUNILVR,Financial Express,https://finance.example.com/news/hindunilvr
2026-04-16,HINDUNILVR,Regulatory scrutiny increases for HINDUNILVR over compliance issue,Livemint,https://finance.example.com/news/hindunilvr
2026-04-17,HINDUNILVR,Analysts upgrade HINDUNILVR target price following robust revenue growth,Financial Express,https://finance.example.com/news/hindunilvr
2026-04-17,HINDUNILVR,Regulatory scrutiny increases for HINDUNILVR over compliance issue,Business Standard,https://finance.example.com/news/hindunilvr
2026-04-17,HINDUNILVR,HINDUNILVR launches innovative AI-driven service line in India,Livemint,https://finance.example.com/news/hindunilvr
2026-04-17,HINDUNILVR,HINDUNILVR secures $500M international contract expansion,Livemint,https://finance.example.com/news/hindunilvr
2026-04-20,HINDUNILVR,Board of directors at HINDUNILVR considers new dividend payout plan,Business Standard,https://finance.example.com/news/hindunilvr
2026-04-20,HINDUNILVR,HINDUNILVR downgraded by major brokerage following weak guidance,Financial Express,https://finance.example.com/news/hindunilvr
2026-04-21,HINDUNILVR,Market highlights: HINDUNILVR trades rangebound in quiet session,Business Standard,https://finance.example.com/news/hindunilvr
2026-04-21,HINDUNILVR,HINDUNILVR files quarterly compliance report with NSE,Business Standard,https://finance.example.com/news/hindunilvr
2026-04-21,HINDUNILVR,HINDUNILVR schedules annual general meeting for upcoming month,Economic Times,https://finance.example.com/news/hindunilvr
2026-04-22,HINDUNILVR,Quarterly revenue drops for HINDUNILVR as demand slows down,Business Standard,https://finance.example.com/news/hindunilvr
2026-04-22,HINDUNILVR,Supply chain disruptions impact production targets for HINDUNILVR,Livemint,https://finance.example.com/news/hindunilvr
2026-04-22,HINDUNILVR,HINDUNILVR faces margin pressure amid rising operational expenses,Financial Express,https://finance.example.com/news/hindunilvr
2026-04-23,HINDUNILVR,Regulatory scrutiny increases for HINDUNILVR over compliance issue,Financial Express,https://finance.example.com/news/hindunilvr
2026-04-23,HINDUNILVR,Quarterly revenue drops for HINDUNILVR as demand slows down,Livemint,https://finance.example.com/news/hindunilvr
2026-04-24,HINDUNILVR,HINDUNILVR secures $500M international contract expansion,Economic Times,https://finance.example.com/news/hindunilvr
2026-04-27,HINDUNILVR,HINDUNILVR files quarterly compliance report with NSE,Business Standard,https://finance.example.com/news/hindunilvr
2026-04-27,HINDUNILVR,Regulatory scrutiny increases for HINDUNILVR over compliance issue,Livemint,https://finance.example.com/news/hindunilvr
2026-04-27,HINDUNILVR,HINDUNILVR announces strategic partnership to boost market share,Livemint,https://finance.example.com/news/hindunilvr
2026-04-27,HINDUNILVR,Board of directors at HINDUNILVR considers new dividend payout plan,Financial Express,https://finance.example.com/news/hindunilvr
2026-04-28,HINDUNILVR,HINDUNILVR launches innovative AI-driven service line in India,Business Standard,https://finance.example.com/news/hindunilvr
2026-04-28,HINDUNILVR,Executive leadership changes announced at HINDUNILVR,Economic Times,https://finance.example.com/news/hindunilvr
2026-04-28,HINDUNILVR,"HINDUNILVR reports record quarterly profit, exceeding analyst estimates",Economic Times,https://finance.example.com/news/hindunilvr
2026-04-28,HINDUNILVR,Market highlights: HINDUNILVR trades rangebound in quiet session,Economic Times,https://finance.example.com/news/hindunilvr
2026-04-29,HINDUNILVR,Board of directors at HINDUNILVR considers new dividend payout plan,Financial Express,https://finance.example.com/news/hindunilvr
2026-04-29,HINDUNILVR,HINDUNILVR downgraded by major brokerage following weak guidance,Livemint,https://finance.example.com/news/hindunilvr
2026-04-29,HINDUNILVR,Analysts upgrade HINDUNILVR target price following robust revenue growth,Economic Times,https://finance.example.com/news/hindunilvr
2026-04-30,HINDUNILVR,HINDUNILVR announces strategic partnership to boost market share,Business Standard,https://finance.example.com/news/hindunilvr
2026-05-01,HINDUNILVR,Market highlights: HINDUNILVR trades rangebound in quiet session,Financial Express,https://finance.example.com/news/hindunilvr
2026-05-01,HINDUNILVR,HINDUNILVR secures $500M international contract expansion,Economic Times,https://finance.example.com/news/hindunilvr
2026-05-01,HINDUNILVR,HINDUNILVR files quarterly compliance report with NSE,Livemint,https://finance.example.com/news/hindunilvr
2026-05-01,HINDUNILVR,Market highlights: HINDUNILVR trades rangebound in quiet session,Economic Times,https://finance.example.com/news/hindunilvr
2026-05-04,HINDUNILVR,Executive leadership changes announced at HINDUNILVR,Economic Times,https://finance.example.com/news/hindunilvr
2026-05-04,HINDUNILVR,HINDUNILVR files quarterly compliance report with NSE,Economic Times,https://finance.example.com/news/hindunilvr
2026-05-04,HINDUNILVR,HINDUNILVR downgraded by major brokerage following weak guidance,Economic Times,https://finance.example.com/news/hindunilvr
2026-05-04,HINDUNILVR,Analysts upgrade HINDUNILVR target price following robust revenue growth,Economic Times,https://finance.example.com/news/hindunilvr
2026-05-05,HINDUNILVR,HINDUNILVR files quarterly compliance report with NSE,Business Standard,https://finance.example.com/news/hindunilvr
2026-05-05,HINDUNILVR,HINDUNILVR launches innovative AI-driven service line in India,Economic Times,https://finance.example.com/news/hindunilvr
2026-05-05,HINDUNILVR,Market highlights: HINDUNILVR trades rangebound in quiet session,Economic Times,https://finance.example.com/news/hindunilvr
2026-05-05,HINDUNILVR,Market highlights: HINDUNILVR trades rangebound in quiet session,Livemint,https://finance.example.com/news/hindunilvr
2026-05-06,HINDUNILVR,"HINDUNILVR reports record quarterly profit, exceeding analyst estimates",Financial Express,https://finance.example.com/news/hindunilvr
2026-05-07,HINDUNILVR,Market highlights: HINDUNILVR trades rangebound in quiet session,Livemint,https://finance.example.com/news/hindunilvr
2026-05-07,HINDUNILVR,Executive leadership changes announced at HINDUNILVR,Financial Express,https://finance.example.com/news/hindunilvr
2026-05-07,HINDUNILVR,HINDUNILVR announces strategic partnership to boost market share,Business Standard,https://finance.example.com/news/hindunilvr
2026-05-08,HINDUNILVR,HINDUNILVR files quarterly compliance report with NSE,Economic Times,https://finance.example.com/news/hindunilvr
2026-05-08,HINDUNILVR,Executive leadership changes announced at HINDUNILVR,Financial Express,https://finance.example.com/news/hindunilvr
2026-05-08,HINDUNILVR,Quarterly revenue drops for HINDUNILVR as demand slows down,Economic Times,https://finance.example.com/news/hindunilvr
2026-05-11,HINDUNILVR,Market highlights: HINDUNILVR trades rangebound in quiet session,Economic Times,https://finance.example.com/news/hindunilvr
2026-05-11,HINDUNILVR,HINDUNILVR announces strategic partnership to boost market share,Business Standard,https://finance.example.com/news/hindunilvr
2026-05-11,HINDUNILVR,"HINDUNILVR reports record quarterly profit, exceeding analyst estimates",Livemint,https://finance.example.com/news/hindunilvr
2026-05-11,HINDUNILVR,HINDUNILVR secures $500M international contract expansion,Business Standard,https://finance.example.com/news/hindunilvr
2026-05-12,HINDUNILVR,Market highlights: HINDUNILVR trades rangebound in quiet session,Livemint,https://finance.example.com/news/hindunilvr
2026-05-12,HINDUNILVR,HINDUNILVR files quarterly compliance report with NSE,Livemint,https://finance.example.com/news/hindunilvr
2026-05-12,HINDUNILVR,HINDUNILVR downgraded by major brokerage following weak guidance,Economic Times,https://finance.example.com/news/hindunilvr
2026-05-13,HINDUNILVR,Market highlights: HINDUNILVR trades rangebound in quiet session,Economic Times,https://finance.example.com/news/hindunilvr
2026-05-13,HINDUNILVR,HINDUNILVR downgraded by major brokerage following weak guidance,Financial Express,https://finance.example.com/news/hindunilvr
2026-05-13,HINDUNILVR,"HINDUNILVR reports record quarterly profit, exceeding analyst estimates",Economic Times,https://finance.example.com/news/hindunilvr
2026-05-14,HINDUNILVR,Analysts upgrade HINDUNILVR target price following robust revenue growth,Economic Times,https://finance.example.com/news/hindunilvr
2026-05-14,HINDUNILVR,Market highlights: HINDUNILVR trades rangebound in quiet session,Financial Express,https://finance.example.com/news/hindunilvr
2026-05-15,HINDUNILVR,Analysts upgrade HINDUNILVR target price following robust revenue growth,Business Standard,https://finance.example.com/news/hindunilvr
2026-05-15,HINDUNILVR,HINDUNILVR faces margin pressure amid rising operational expenses,Economic Times,https://finance.example.com/news/hindunilvr
2026-05-15,HINDUNILVR,"HINDUNILVR reports record quarterly profit, exceeding analyst estimates",Economic Times,https://finance.example.com/news/hindunilvr
2026-05-15,HINDUNILVR,Board of directors at HINDUNILVR considers new dividend payout plan,Economic Times,https://finance.example.com/news/hindunilvr
2026-05-18,HINDUNILVR,Supply chain disruptions impact production targets for HINDUNILVR,Economic Times,https://finance.example.com/news/hindunilvr
2026-05-18,HINDUNILVR,HINDUNILVR faces margin pressure amid rising operational expenses,Economic Times,https://finance.example.com/news/hindunilvr
2026-05-18,HINDUNILVR,HINDUNILVR faces margin pressure amid rising operational expenses,Economic Times,https://finance.example.com/news/hindunilvr
2026-05-19,HINDUNILVR,Quarterly revenue drops for HINDUNILVR as demand slows down,Financial Express,https://finance.example.com/news/hindunilvr
2026-05-19,HINDUNILVR,"HINDUNILVR reports record quarterly profit, exceeding analyst estimates",Business Standard,https://finance.example.com/news/hindunilvr
2026-05-19,HINDUNILVR,"HINDUNILVR reports record quarterly profit, exceeding analyst estimates",Livemint,https://finance.example.com/news/hindunilvr
2026-05-19,HINDUNILVR,"HINDUNILVR reports record quarterly profit, exceeding analyst estimates",Business Standard,https://finance.example.com/news/hindunilvr
2026-05-20,HINDUNILVR,Quarterly revenue drops for HINDUNILVR as demand slows down,Financial Express,https://finance.example.com/news/hindunilvr
2026-05-20,HINDUNILVR,"HINDUNILVR reports record quarterly profit, exceeding analyst estimates",Business Standard,https://finance.example.com/news/hindunilvr
2026-05-20,HINDUNILVR,HINDUNILVR announces strategic partnership to boost market share,Economic Times,https://finance.example.com/news/hindunilvr
2026-05-20,HINDUNILVR,"HINDUNILVR reports record quarterly profit, exceeding analyst estimates",Livemint,https://finance.example.com/news/hindunilvr
2026-05-21,HINDUNILVR,HINDUNILVR schedules annual general meeting for upcoming month,Business Standard,https://finance.example.com/news/hindunilvr
2026-05-21,HINDUNILVR,Analysts upgrade HINDUNILVR target price following robust revenue growth,Economic Times,https://finance.example.com/news/hindunilvr
2026-05-21,HINDUNILVR,HINDUNILVR launches innovative AI-driven service line in India,Financial Express,https://finance.example.com/news/hindunilvr
2026-05-22,HINDUNILVR,Board of directors at HINDUNILVR considers new dividend payout plan,Business Standard,https://finance.example.com/news/hindunilvr
2026-05-25,HINDUNILVR,HINDUNILVR secures $500M international contract expansion,Financial Express,https://finance.example.com/news/hindunilvr
2026-05-25,HINDUNILVR,HINDUNILVR launches innovative AI-driven service line in India,Livemint,https://finance.example.com/news/hindunilvr
2026-05-25,HINDUNILVR,Executive leadership changes announced at HINDUNILVR,Economic Times,https://finance.example.com/news/hindunilvr
2026-05-25,HINDUNILVR,"HINDUNILVR reports record quarterly profit, exceeding analyst estimates",Livemint,https://finance.example.com/news/hindunilvr
2026-05-26,HINDUNILVR,HINDUNILVR downgraded by major brokerage following weak guidance,Business Standard,https://finance.example.com/news/hindunilvr
2026-05-26,HINDUNILVR,HINDUNILVR announces strategic partnership to boost market share,Business Standard,https://finance.example.com/news/hindunilvr
2026-05-27,HINDUNILVR,HINDUNILVR files quarterly compliance report with NSE,Economic Times,https://finance.example.com/news/hindunilvr
2026-05-28,HINDUNILVR,HINDUNILVR faces margin pressure amid rising operational expenses,Financial Express,https://finance.example.com/news/hindunilvr
2026-05-28,HINDUNILVR,HINDUNILVR downgraded by major brokerage following weak guidance,Economic Times,https://finance.example.com/news/hindunilvr
2026-05-28,HINDUNILVR,Regulatory scrutiny increases for HINDUNILVR over compliance issue,Business Standard,https://finance.example.com/news/hindunilvr
2026-05-28,HINDUNILVR,Supply chain disruptions impact production targets for HINDUNILVR,Financial Express,https://finance.example.com/news/hindunilvr
2026-05-29,HINDUNILVR,HINDUNILVR faces margin pressure amid rising operational expenses,Business Standard,https://finance.example.com/news/hindunilvr
2026-05-29,HINDUNILVR,HINDUNILVR secures $500M international contract expansion,Livemint,https://finance.example.com/news/hindunilvr
2026-05-29,HINDUNILVR,Executive leadership changes announced at HINDUNILVR,Business Standard,https://finance.example.com/news/hindunilvr
2026-06-01,HINDUNILVR,Supply chain disruptions impact production targets for HINDUNILVR,Financial Express,https://finance.example.com/news/hindunilvr
2026-06-01,HINDUNILVR,Executive leadership changes announced at HINDUNILVR,Financial Express,https://finance.example.com/news/hindunilvr
2026-06-01,HINDUNILVR,HINDUNILVR downgraded by major brokerage following weak guidance,Financial Express,https://finance.example.com/news/hindunilvr
2026-06-02,HINDUNILVR,Supply chain disruptions impact production targets for HINDUNILVR,Livemint,https://finance.example.com/news/hindunilvr
2026-06-02,HINDUNILVR,HINDUNILVR announces strategic partnership to boost market share,Financial Express,https://finance.example.com/news/hindunilvr
2026-06-02,HINDUNILVR,HINDUNILVR schedules annual general meeting for upcoming month,Financial Express,https://finance.example.com/news/hindunilvr
2026-06-02,HINDUNILVR,Market highlights: HINDUNILVR trades rangebound in quiet session,Economic Times,https://finance.example.com/news/hindunilvr
2026-06-03,HINDUNILVR,HINDUNILVR schedules annual general meeting for upcoming month,Financial Express,https://finance.example.com/news/hindunilvr
2026-06-03,HINDUNILVR,Quarterly revenue drops for HINDUNILVR as demand slows down,Livemint,https://finance.example.com/news/hindunilvr
2026-06-04,HINDUNILVR,Market highlights: HINDUNILVR trades rangebound in quiet session,Livemint,https://finance.example.com/news/hindunilvr
2026-06-04,HINDUNILVR,HINDUNILVR secures $500M international contract expansion,Economic Times,https://finance.example.com/news/hindunilvr
2026-06-04,HINDUNILVR,HINDUNILVR announces strategic partnership to boost market share,Livemint,https://finance.example.com/news/hindunilvr
2026-06-04,HINDUNILVR,HINDUNILVR schedules annual general meeting for upcoming month,Business Standard,https://finance.example.com/news/hindunilvr
2026-06-05,HINDUNILVR,"HINDUNILVR reports record quarterly profit, exceeding analyst estimates",Financial Express,https://finance.example.com/news/hindunilvr
2026-06-08,HINDUNILVR,HINDUNILVR downgraded by major brokerage following weak guidance,Business Standard,https://finance.example.com/news/hindunilvr
2026-06-08,HINDUNILVR,Executive leadership changes announced at HINDUNILVR,Business Standard,https://finance.example.com/news/hindunilvr
2026-06-09,HINDUNILVR,Supply chain disruptions impact production targets for HINDUNILVR,Livemint,https://finance.example.com/news/hindunilvr
2026-06-09,HINDUNILVR,HINDUNILVR downgraded by major brokerage following weak guidance,Livemint,https://finance.example.com/news/hindunilvr
2026-06-09,HINDUNILVR,HINDUNILVR secures $500M international contract expansion,Financial Express,https://finance.example.com/news/hindunilvr
2026-06-10,HINDUNILVR,"HINDUNILVR reports record quarterly profit, exceeding analyst estimates",Economic Times,https://finance.example.com/news/hindunilvr
2026-06-10,HINDUNILVR,Board of directors at HINDUNILVR considers new dividend payout plan,Business Standard,https://finance.example.com/news/hindunilvr
2026-06-11,HINDUNILVR,HINDUNILVR downgraded by major brokerage following weak guidance,Economic Times,https://finance.example.com/news/hindunilvr
2026-06-11,HINDUNILVR,HINDUNILVR launches innovative AI-driven service line in India,Economic Times,https://finance.example.com/news/hindunilvr
2026-06-12,HINDUNILVR,HINDUNILVR faces margin pressure amid rising operational expenses,Economic Times,https://finance.example.com/news/hindunilvr
2026-06-12,HINDUNILVR,Market highlights: HINDUNILVR trades rangebound in quiet session,Business Standard,https://finance.example.com/news/hindunilvr
2026-06-12,HINDUNILVR,HINDUNILVR downgraded by major brokerage following weak guidance,Economic Times,https://finance.example.com/news/hindunilvr
2026-06-12,HINDUNILVR,HINDUNILVR announces strategic partnership to boost market share,Business Standard,https://finance.example.com/news/hindunilvr
2026-06-15,HINDUNILVR,"HINDUNILVR reports record quarterly profit, exceeding analyst estimates",Business Standard,https://finance.example.com/news/hindunilvr
2026-06-16,HINDUNILVR,Executive leadership changes announced at HINDUNILVR,Livemint,https://finance.example.com/news/hindunilvr
2026-06-16,HINDUNILVR,HINDUNILVR launches innovative AI-driven service line in India,Business Standard,https://finance.example.com/news/hindunilvr
2026-06-16,HINDUNILVR,Supply chain disruptions impact production targets for HINDUNILVR,Business Standard,https://finance.example.com/news/hindunilvr
2026-06-16,HINDUNILVR,"HINDUNILVR reports record quarterly profit, exceeding analyst estimates",Financial Express,https://finance.example.com/news/hindunilvr
2026-06-17,HINDUNILVR,Supply chain disruptions impact production targets for HINDUNILVR,Financial Express,https://finance.example.com/news/hindunilvr
2026-06-17,HINDUNILVR,HINDUNILVR launches innovative AI-driven service line in India,Business Standard,https://finance.example.com/news/hindunilvr
2026-06-17,HINDUNILVR,HINDUNILVR announces strategic partnership to boost market share,Livemint,https://finance.example.com/news/hindunilvr
2026-06-17,HINDUNILVR,HINDUNILVR downgraded by major brokerage following weak guidance,Financial Express,https://finance.example.com/news/hindunilvr
2026-06-18,HINDUNILVR,HINDUNILVR secures $500M international contract expansion,Business Standard,https://finance.example.com/news/hindunilvr
2026-06-18,HINDUNILVR,HINDUNILVR secures $500M international contract expansion,Economic Times,https://finance.example.com/news/hindunilvr
2026-06-19,HINDUNILVR,Market highlights: HINDUNILVR trades rangebound in quiet session,Economic Times,https://finance.example.com/news/hindunilvr
2026-06-19,HINDUNILVR,Market highlights: HINDUNILVR trades rangebound in quiet session,Business Standard,https://finance.example.com/news/hindunilvr
2026-06-19,HINDUNILVR,HINDUNILVR files quarterly compliance report with NSE,Business Standard,https://finance.example.com/news/hindunilvr
2026-06-22,HINDUNILVR,Quarterly revenue drops for HINDUNILVR as demand slows down,Financial Express,https://finance.example.com/news/hindunilvr
2026-06-22,HINDUNILVR,Regulatory scrutiny increases for HINDUNILVR over compliance issue,Economic Times,https://finance.example.com/news/hindunilvr
2026-06-23,HINDUNILVR,HINDUNILVR launches innovative AI-driven service line in India,Financial Express,https://finance.example.com/news/hindunilvr
2026-06-23,HINDUNILVR,Market highlights: HINDUNILVR trades rangebound in quiet session,Livemint,https://finance.example.com/news/hindunilvr
2026-06-24,HINDUNILVR,"HINDUNILVR reports record quarterly profit, exceeding analyst estimates",Financial Express,https://finance.example.com/news/hindunilvr
2026-06-24,HINDUNILVR,Analysts upgrade HINDUNILVR target price following robust revenue growth,Livemint,https://finance.example.com/news/hindunilvr
2026-06-25,HINDUNILVR,HINDUNILVR announces strategic partnership to boost market share,Financial Express,https://finance.example.com/news/hindunilvr
2026-06-25,HINDUNILVR,HINDUNILVR files quarterly compliance report with NSE,Business Standard,https://finance.example.com/news/hindunilvr
2026-06-26,HINDUNILVR,HINDUNILVR faces margin pressure amid rising operational expenses,Economic Times,https://finance.example.com/news/hindunilvr
2026-06-29,HINDUNILVR,Analysts upgrade HINDUNILVR target price following robust revenue growth,Livemint,https://finance.example.com/news/hindunilvr
2026-06-29,HINDUNILVR,Executive leadership changes announced at HINDUNILVR,Livemint,https://finance.example.com/news/hindunilvr
2026-06-29,HINDUNILVR,Executive leadership changes announced at HINDUNILVR,Financial Express,https://finance.example.com/news/hindunilvr
2026-06-29,HINDUNILVR,Market highlights: HINDUNILVR trades rangebound in quiet session,Business Standard,https://finance.example.com/news/hindunilvr
2026-06-30,HINDUNILVR,Executive leadership changes announced at HINDUNILVR,Financial Express,https://finance.example.com/news/hindunilvr
2026-07-01,HINDUNILVR,Regulatory scrutiny increases for HINDUNILVR over compliance issue,Financial Express,https://finance.example.com/news/hindunilvr
2026-07-02,HINDUNILVR,Board of directors at HINDUNILVR considers new dividend payout plan,Livemint,https://finance.example.com/news/hindunilvr
2026-07-02,HINDUNILVR,Executive leadership changes announced at HINDUNILVR,Business Standard,https://finance.example.com/news/hindunilvr
2026-07-03,HINDUNILVR,Analysts upgrade HINDUNILVR target price following robust revenue growth,Livemint,https://finance.example.com/news/hindunilvr
2026-07-06,HINDUNILVR,HINDUNILVR secures $500M international contract expansion,Business Standard,https://finance.example.com/news/hindunilvr
2026-07-06,HINDUNILVR,HINDUNILVR schedules annual general meeting for upcoming month,Economic Times,https://finance.example.com/news/hindunilvr
2026-07-07,HINDUNILVR,HINDUNILVR announces strategic partnership to boost market share,Economic Times,https://finance.example.com/news/hindunilvr
2026-07-07,HINDUNILVR,Analysts upgrade HINDUNILVR target price following robust revenue growth,Business Standard,https://finance.example.com/news/hindunilvr
2026-07-07,HINDUNILVR,HINDUNILVR secures $500M international contract expansion,Economic Times,https://finance.example.com/news/hindunilvr
2026-07-07,HINDUNILVR,Executive leadership changes announced at HINDUNILVR,Business Standard,https://finance.example.com/news/hindunilvr
2026-07-08,HINDUNILVR,HINDUNILVR launches innovative AI-driven service line in India,Business Standard,https://finance.example.com/news/hindunilvr
2026-07-08,HINDUNILVR,Market highlights: HINDUNILVR trades rangebound in quiet session,Livemint,https://finance.example.com/news/hindunilvr
2026-07-09,HINDUNILVR,HINDUNILVR faces margin pressure amid rising operational expenses,Financial Express,https://finance.example.com/news/hindunilvr
2026-07-10,HINDUNILVR,HINDUNILVR launches innovative AI-driven service line in India,Economic Times,https://finance.example.com/news/hindunilvr
2026-07-13,HINDUNILVR,"HINDUNILVR reports record quarterly profit, exceeding analyst estimates",Economic Times,https://finance.example.com/news/hindunilvr
2026-07-13,HINDUNILVR,HINDUNILVR schedules annual general meeting for upcoming month,Livemint,https://finance.example.com/news/hindunilvr
2026-07-13,HINDUNILVR,Supply chain disruptions impact production targets for HINDUNILVR,Livemint,https://finance.example.com/news/hindunilvr
2026-07-13,HINDUNILVR,HINDUNILVR files quarterly compliance report with NSE,Livemint,https://finance.example.com/news/hindunilvr
2026-07-14,HINDUNILVR,Executive leadership changes announced at HINDUNILVR,Economic Times,https://finance.example.com/news/hindunilvr
2026-07-15,HINDUNILVR,Regulatory scrutiny increases for HINDUNILVR over compliance issue,Business Standard,https://finance.example.com/news/hindunilvr
2026-07-15,HINDUNILVR,HINDUNILVR downgraded by major brokerage following weak guidance,Economic Times,https://finance.example.com/news/hindunilvr
2026-07-15,HINDUNILVR,HINDUNILVR schedules annual general meeting for upcoming month,Financial Express,https://finance.example.com/news/hindunilvr
2026-07-15,HINDUNILVR,HINDUNILVR downgraded by major brokerage following weak guidance,Economic Times,https://finance.example.com/news/hindunilvr
2026-07-16,HINDUNILVR,HINDUNILVR announces strategic partnership to boost market share,Livemint,https://finance.example.com/news/hindunilvr
2026-07-16,HINDUNILVR,Regulatory scrutiny increases for HINDUNILVR over compliance issue,Financial Express,https://finance.example.com/news/hindunilvr
2026-07-16,HINDUNILVR,HINDUNILVR announces strategic partnership to boost market share,Livemint,https://finance.example.com/news/hindunilvr
2026-07-17,HINDUNILVR,HINDUNILVR files quarterly compliance report with NSE,Business Standard,https://finance.example.com/news/hindunilvr
2026-07-17,HINDUNILVR,HINDUNILVR schedules annual general meeting for upcoming month,Financial Express,https://finance.example.com/news/hindunilvr
2026-07-20,HINDUNILVR,HINDUNILVR announces strategic partnership to boost market share,Livemint,https://finance.example.com/news/hindunilvr
2026-07-20,HINDUNILVR,"HINDUNILVR reports record quarterly profit, exceeding analyst estimates",Business Standard,https://finance.example.com/news/hindunilvr
2026-07-20,HINDUNILVR,"HINDUNILVR reports record quarterly profit, exceeding analyst estimates",Business Standard,https://finance.example.com/news/hindunilvr
2026-07-21,HINDUNILVR,Executive leadership changes announced at HINDUNILVR,Economic Times,https://finance.example.com/news/hindunilvr
2026-07-21,HINDUNILVR,Analysts upgrade HINDUNILVR target price following robust revenue growth,Economic Times,https://finance.example.com/news/hindunilvr
2026-07-21,HINDUNILVR,Executive leadership changes announced at HINDUNILVR,Economic Times,https://finance.example.com/news/hindunilvr
2026-07-22,HINDUNILVR,HINDUNILVR announces strategic partnership to boost market share,Economic Times,https://finance.example.com/news/hindunilvr
2026-07-23,HINDUNILVR,Regulatory scrutiny increases for HINDUNILVR over compliance issue,Business Standard,https://finance.example.com/news/hindunilvr
2026-07-23,HINDUNILVR,HINDUNILVR schedules annual general meeting for upcoming month,Financial Express,https://finance.example.com/news/hindunilvr
2026-07-23,HINDUNILVR,HINDUNILVR secures $500M international contract expansion,Business Standard,https://finance.example.com/news/hindunilvr
2026-07-24,HINDUNILVR,Quarterly revenue drops for HINDUNILVR as demand slows down,Business Standard,https://finance.example.com/news/hindunilvr
2026-07-24,HINDUNILVR,Supply chain disruptions impact production targets for HINDUNILVR,Business Standard,https://finance.example.com/news/hindunilvr
2026-07-27,HINDUNILVR,HINDUNILVR downgraded by major brokerage following weak guidance,Business Standard,https://finance.example.com/news/hindunilvr
2026-07-27,HINDUNILVR,HINDUNILVR downgraded by major brokerage following weak guidance,Business Standard,https://finance.example.com/news/hindunilvr
2026-07-27,HINDUNILVR,Board of directors at HINDUNILVR considers new dividend payout plan,Economic Times,https://finance.example.com/news/hindunilvr
2026-07-28,HINDUNILVR,Board of directors at HINDUNILVR considers new dividend payout plan,Financial Express,https://finance.example.com/news/hindunilvr
2026-07-28,HINDUNILVR,HINDUNILVR downgraded by major brokerage following weak guidance,Business Standard,https://finance.example.com/news/hindunilvr
2026-07-28,HINDUNILVR,HINDUNILVR secures $500M international contract expansion,Livemint,https://finance.example.com/news/hindunilvr
2026-07-28,HINDUNILVR,HINDUNILVR schedules annual general meeting for upcoming month,Business Standard,https://finance.example.com/news/hindunilvr
2026-07-29,HINDUNILVR,HINDUNILVR announces strategic partnership to boost market share,Livemint,https://finance.example.com/news/hindunilvr
2026-07-30,HINDUNILVR,HINDUNILVR faces margin pressure amid rising operational expenses,Livemint,https://finance.example.com/news/hindunilvr
2026-07-31,HINDUNILVR,HINDUNILVR files quarterly compliance report with NSE,Livemint,https://finance.example.com/news/hindunilvr
2026-07-31,HINDUNILVR,Regulatory scrutiny increases for HINDUNILVR over compliance issue,Economic Times,https://finance.example.com/news/hindunilvr
2026-07-31,HINDUNILVR,Market highlights: HINDUNILVR trades rangebound in quiet session,Financial Express,https://finance.example.com/news/hindunilvr
2026-08-03,HINDUNILVR,Board of directors at HINDUNILVR considers new dividend payout plan,Economic Times,https://finance.example.com/news/hindunilvr
2026-08-03,HINDUNILVR,Market highlights: HINDUNILVR trades rangebound in quiet session,Financial Express,https://finance.example.com/news/hindunilvr
2026-08-03,HINDUNILVR,Analysts upgrade HINDUNILVR target price following robust revenue growth,Financial Express,https://finance.example.com/news/hindunilvr
2026-08-04,HINDUNILVR,Supply chain disruptions impact production targets for HINDUNILVR,Livemint,https://finance.example.com/news/hindunilvr
2026-08-05,HINDUNILVR,Market highlights: HINDUNILVR trades rangebound in quiet session,Business Standard,https://finance.example.com/news/hindunilvr
2026-08-05,HINDUNILVR,Executive leadership changes announced at HINDUNILVR,Economic Times,https://finance.example.com/news/hindunilvr
2026-08-05,HINDUNILVR,Executive leadership changes announced at HINDUNILVR,Business Standard,https://finance.example.com/news/hindunilvr
2026-08-05,HINDUNILVR,Market highlights: HINDUNILVR trades rangebound in quiet session,Economic Times,https://finance.example.com/news/hindunilvr
2026-08-06,HINDUNILVR,HINDUNILVR announces strategic partnership to boost market share,Business Standard,https://finance.example.com/news/hindunilvr
2026-08-06,HINDUNILVR,HINDUNILVR launches innovative AI-driven service line in India,Livemint,https://finance.example.com/news/hindunilvr
2026-08-06,HINDUNILVR,HINDUNILVR downgraded by major brokerage following weak guidance,Livemint,https://finance.example.com/news/hindunilvr
2026-08-07,HINDUNILVR,HINDUNILVR schedules annual general meeting for upcoming month,Livemint,https://finance.example.com/news/hindunilvr
2026-08-10,HINDUNILVR,HINDUNILVR faces margin pressure amid rising operational expenses,Economic Times,https://finance.example.com/news/hindunilvr
2026-08-11,HINDUNILVR,Executive leadership changes announced at HINDUNILVR,Economic Times,https://finance.example.com/news/hindunilvr
2026-08-12,HINDUNILVR,HINDUNILVR faces margin pressure amid rising operational expenses,Financial Express,https://finance.example.com/news/hindunilvr
2026-08-12,HINDUNILVR,Supply chain disruptions impact production targets for HINDUNILVR,Economic Times,https://finance.example.com/news/hindunilvr
2026-08-12,HINDUNILVR,HINDUNILVR files quarterly compliance report with NSE,Economic Times,https://finance.example.com/news/hindunilvr
2026-08-12,HINDUNILVR,HINDUNILVR announces strategic partnership to boost market share,Business Standard,https://finance.example.com/news/hindunilvr
2026-08-13,HINDUNILVR,Executive leadership changes announced at HINDUNILVR,Livemint,https://finance.example.com/news/hindunilvr
2026-08-14,HINDUNILVR,HINDUNILVR downgraded by major brokerage following weak guidance,Financial Express,https://finance.example.com/news/hindunilvr
2026-08-14,HINDUNILVR,HINDUNILVR secures $500M international contract expansion,Business Standard,https://finance.example.com/news/hindunilvr
2026-08-14,HINDUNILVR,HINDUNILVR announces strategic partnership to boost market share,Livemint,https://finance.example.com/news/hindunilvr
2026-08-14,HINDUNILVR,"HINDUNILVR reports record quarterly profit, exceeding analyst estimates",Financial Express,https://finance.example.com/news/hindunilvr
2026-08-17,HINDUNILVR,Quarterly revenue drops for HINDUNILVR as demand slows down,Economic Times,https://finance.example.com/news/hindunilvr
2026-08-18,HINDUNILVR,"HINDUNILVR reports record quarterly profit, exceeding analyst estimates",Economic Times,https://finance.example.com/news/hindunilvr
2026-08-18,HINDUNILVR,HINDUNILVR launches innovative AI-driven service line in India,Economic Times,https://finance.example.com/news/hindunilvr
2026-08-19,HINDUNILVR,Quarterly revenue drops for HINDUNILVR as demand slows down,Economic Times,https://finance.example.com/news/hindunilvr
2026-08-20,HINDUNILVR,HINDUNILVR files quarterly compliance report with NSE,Business Standard,https://finance.example.com/news/hindunilvr
2026-08-21,HINDUNILVR,HINDUNILVR launches innovative AI-driven service line in India,Livemint,https://finance.example.com/news/hindunilvr
2026-08-24,HINDUNILVR,"HINDUNILVR reports record quarterly profit, exceeding analyst estimates",Financial Express,https://finance.example.com/news/hindunilvr
2026-08-24,HINDUNILVR,HINDUNILVR announces strategic partnership to boost market share,Economic Times,https://finance.example.com/news/hindunilvr
2026-08-24,HINDUNILVR,Supply chain disruptions impact production targets for HINDUNILVR,Business Standard,https://finance.example.com/news/hindunilvr
2026-08-25,HINDUNILVR,Analysts upgrade HINDUNILVR target price following robust revenue growth,Business Standard,https://finance.example.com/news/hindunilvr
2026-08-26,HINDUNILVR,"HINDUNILVR reports record quarterly profit, exceeding analyst estimates",Business Standard,https://finance.example.com/news/hindunilvr
2026-08-26,HINDUNILVR,HINDUNILVR faces margin pressure amid rising operational expenses,Livemint,https://finance.example.com/news/hindunilvr
2026-08-26,HINDUNILVR,Supply chain disruptions impact production targets for HINDUNILVR,Financial Express,https://finance.example.com/news/hindunilvr
2026-08-26,HINDUNILVR,HINDUNILVR announces strategic partnership to boost market share,Economic Times,https://finance.example.com/news/hindunilvr
2026-08-27,HINDUNILVR,HINDUNILVR downgraded by major brokerage following weak guidance,Financial Express,https://finance.example.com/news/hindunilvr
2026-08-27,HINDUNILVR,Executive leadership changes announced at HINDUNILVR,Economic Times,https://finance.example.com/news/hindunilvr
2026-08-27,HINDUNILVR,Board of directors at HINDUNILVR considers new dividend payout plan,Livemint,https://finance.example.com/news/hindunilvr
2026-08-28,HINDUNILVR,Executive leadership changes announced at HINDUNILVR,Business Standard,https://finance.example.com/news/hindunilvr
2026-08-28,HINDUNILVR,Executive leadership changes announced at HINDUNILVR,Business Standard,https://finance.example.com/news/hindunilvr
2026-08-31,HINDUNILVR,HINDUNILVR launches innovative AI-driven service line in India,Livemint,https://finance.example.com/news/hindunilvr
2026-09-01,HINDUNILVR,HINDUNILVR launches innovative AI-driven service line in India,Livemint,https://finance.example.com/news/hindunilvr
2026-09-01,HINDUNILVR,HINDUNILVR downgraded by major brokerage following weak guidance,Livemint,https://finance.example.com/news/hindunilvr
2026-09-02,HINDUNILVR,Supply chain disruptions impact production targets for HINDUNILVR,Livemint,https://finance.example.com/news/hindunilvr
2026-09-02,HINDUNILVR,HINDUNILVR announces strategic partnership to boost market share,Financial Express,https://finance.example.com/news/hindunilvr
2026-09-03,HINDUNILVR,"HINDUNILVR reports record quarterly profit, exceeding analyst estimates",Economic Times,https://finance.example.com/news/hindunilvr
2026-09-03,HINDUNILVR,HINDUNILVR files quarterly compliance report with NSE,Business Standard,https://finance.example.com/news/hindunilvr
2026-09-03,HINDUNILVR,HINDUNILVR announces strategic partnership to boost market share,Livemint,https://finance.example.com/news/hindunilvr
2026-09-04,HINDUNILVR,HINDUNILVR downgraded by major brokerage following weak guidance,Livemint,https://finance.example.com/news/hindunilvr
2026-09-04,HINDUNILVR,Analysts upgrade HINDUNILVR target price following robust revenue growth,Livemint,https://finance.example.com/news/hindunilvr
2026-09-04,HINDUNILVR,HINDUNILVR announces strategic partnership to boost market share,Livemint,https://finance.example.com/news/hindunilvr
2026-09-07,HINDUNILVR,Board of directors at HINDUNILVR considers new dividend payout plan,Financial Express,https://finance.example.com/news/hindunilvr
2026-09-08,HINDUNILVR,"HINDUNILVR reports record quarterly profit, exceeding analyst estimates",Economic Times,https://finance.example.com/news/hindunilvr
2026-09-08,HINDUNILVR,HINDUNILVR downgraded by major brokerage following weak guidance,Business Standard,https://finance.example.com/news/hindunilvr
2026-09-08,HINDUNILVR,HINDUNILVR faces margin pressure amid rising operational expenses,Financial Express,https://finance.example.com/news/hindunilvr
2026-09-08,HINDUNILVR,Market highlights: HINDUNILVR trades rangebound in quiet session,Financial Express,https://finance.example.com/news/hindunilvr
2026-09-09,HINDUNILVR,Market highlights: HINDUNILVR trades rangebound in quiet session,Livemint,https://finance.example.com/news/hindunilvr
2026-09-09,HINDUNILVR,"HINDUNILVR reports record quarterly profit, exceeding analyst estimates",Financial Express,https://finance.example.com/news/hindunilvr
2026-09-09,HINDUNILVR,Regulatory scrutiny increases for HINDUNILVR over compliance issue,Business Standard,https://finance.example.com/news/hindunilvr
2026-09-10,HINDUNILVR,"HINDUNILVR reports record quarterly profit, exceeding analyst estimates",Livemint,https://finance.example.com/news/hindunilvr
2026-09-11,HINDUNILVR,HINDUNILVR announces strategic partnership to boost market share,Livemint,https://finance.example.com/news/hindunilvr
2026-09-11,HINDUNILVR,Board of directors at HINDUNILVR considers new dividend payout plan,Economic Times,https://finance.example.com/news/hindunilvr
2026-09-11,HINDUNILVR,HINDUNILVR files quarterly compliance report with NSE,Financial Express,https://finance.example.com/news/hindunilvr
2026-09-14,HINDUNILVR,Supply chain disruptions impact production targets for HINDUNILVR,Economic Times,https://finance.example.com/news/hindunilvr
2026-09-14,HINDUNILVR,HINDUNILVR launches innovative AI-driven service line in India,Financial Express,https://finance.example.com/news/hindunilvr
2026-09-14,HINDUNILVR,Executive leadership changes announced at HINDUNILVR,Business Standard,https://finance.example.com/news/hindunilvr
2026-09-15,HINDUNILVR,Supply chain disruptions impact production targets for HINDUNILVR,Economic Times,https://finance.example.com/news/hindunilvr
2026-09-15,HINDUNILVR,HINDUNILVR secures $500M international contract expansion,Financial Express,https://finance.example.com/news/hindunilvr
2026-09-16,HINDUNILVR,HINDUNILVR announces strategic partnership to boost market share,Economic Times,https://finance.example.com/news/hindunilvr
2026-09-16,HINDUNILVR,HINDUNILVR files quarterly compliance report with NSE,Economic Times,https://finance.example.com/news/hindunilvr
2026-09-17,HINDUNILVR,Executive leadership changes announced at HINDUNILVR,Livemint,https://finance.example.com/news/hindunilvr
2026-09-18,HINDUNILVR,HINDUNILVR launches innovative AI-driven service line in India,Financial Express,https://finance.example.com/news/hindunilvr
2026-09-18,HINDUNILVR,HINDUNILVR files quarterly compliance report with NSE,Business Standard,https://finance.example.com/news/hindunilvr
2026-09-18,HINDUNILVR,Market highlights: HINDUNILVR trades rangebound in quiet session,Livemint,https://finance.example.com/news/hindunilvr
2026-09-18,HINDUNILVR,HINDUNILVR announces strategic partnership to boost market share,Business Standard,https://finance.example.com/news/hindunilvr
2026-09-21,HINDUNILVR,"HINDUNILVR reports record quarterly profit, exceeding analyst estimates",Economic Times,https://finance.example.com/news/hindunilvr
2026-09-21,HINDUNILVR,HINDUNILVR launches innovative AI-driven service line in India,Business Standard,https://finance.example.com/news/hindunilvr
2026-09-21,HINDUNILVR,HINDUNILVR launches innovative AI-driven service line in India,Economic Times,https://finance.example.com/news/hindunilvr
2026-09-21,HINDUNILVR,HINDUNILVR announces strategic partnership to boost market share,Financial Express,https://finance.example.com/news/hindunilvr
2026-09-22,HINDUNILVR,Market highlights: HINDUNILVR trades rangebound in quiet session,Financial Express,https://finance.example.com/news/hindunilvr
2026-09-22,HINDUNILVR,Board of directors at HINDUNILVR considers new dividend payout plan,Economic Times,https://finance.example.com/news/hindunilvr
2026-09-23,HINDUNILVR,"HINDUNILVR reports record quarterly profit, exceeding analyst estimates",Financial Express,https://finance.example.com/news/hindunilvr
2026-09-23,HINDUNILVR,HINDUNILVR faces margin pressure amid rising operational expenses,Livemint,https://finance.example.com/news/hindunilvr
2026-09-23,HINDUNILVR,Board of directors at HINDUNILVR considers new dividend payout plan,Financial Express,https://finance.example.com/news/hindunilvr
2026-09-24,HINDUNILVR,Analysts upgrade HINDUNILVR target price following robust revenue growth,Financial Express,https://finance.example.com/news/hindunilvr
2026-09-24,HINDUNILVR,Executive leadership changes announced at HINDUNILVR,Economic Times,https://finance.example.com/news/hindunilvr
2026-09-24,HINDUNILVR,Executive leadership changes announced at HINDUNILVR,Business Standard,https://finance.example.com/news/hindunilvr
2026-09-24,HINDUNILVR,Market highlights: HINDUNILVR trades rangebound in quiet session,Financial Express,https://finance.example.com/news/hindunilvr
2026-09-25,HINDUNILVR,HINDUNILVR schedules annual general meeting for upcoming month,Business Standard,https://finance.example.com/news/hindunilvr
2026-09-28,HINDUNILVR,HINDUNILVR schedules annual general meeting for upcoming month,Economic Times,https://finance.example.com/news/hindunilvr
2026-09-28,HINDUNILVR,HINDUNILVR launches innovative AI-driven service line in India,Financial Express,https://finance.example.com/news/hindunilvr
2026-09-28,HINDUNILVR,HINDUNILVR launches innovative AI-driven service line in India,Financial Express,https://finance.example.com/news/hindunilvr
2026-09-29,HINDUNILVR,Supply chain disruptions impact production targets for HINDUNILVR,Financial Express,https://finance.example.com/news/hindunilvr
2026-09-30,HINDUNILVR,Market highlights: HINDUNILVR trades rangebound in quiet session,Financial Express,https://finance.example.com/news/hindunilvr
2026-09-30,HINDUNILVR,HINDUNILVR downgraded by major brokerage following weak guidance,Economic Times,https://finance.example.com/news/hindunilvr
2026-09-30,HINDUNILVR,Executive leadership changes announced at HINDUNILVR,Financial Express,https://finance.example.com/news/hindunilvr
2026-10-01,HINDUNILVR,HINDUNILVR launches innovative AI-driven service line in India,Financial Express,https://finance.example.com/news/hindunilvr
2026-10-01,HINDUNILVR,"HINDUNILVR reports record quarterly profit, exceeding analyst estimates",Business Standard,https://finance.example.com/news/hindunilvr
2026-10-01,HINDUNILVR,Supply chain disruptions impact production targets for HINDUNILVR,Economic Times,https://finance.example.com/news/hindunilvr
2026-10-01,HINDUNILVR,"HINDUNILVR reports record quarterly profit, exceeding analyst estimates",Financial Express,https://finance.example.com/news/hindunilvr
2026-10-02,HINDUNILVR,Board of directors at HINDUNILVR considers new dividend payout plan,Livemint,https://finance.example.com/news/hindunilvr
2026-10-02,HINDUNILVR,HINDUNILVR launches innovative AI-driven service line in India,Business Standard,https://finance.example.com/news/hindunilvr
2026-04-07,SBIN,"SBIN reports record quarterly profit, exceeding analyst estimates",Financial Express,https://finance.example.com/news/sbin
2026-04-07,SBIN,SBIN announces strategic partnership to boost market share,Business Standard,https://finance.example.com/news/sbin
2026-04-08,SBIN,SBIN announces strategic partnership to boost market share,Economic Times,https://finance.example.com/news/sbin
2026-04-08,SBIN,Analysts upgrade SBIN target price following robust revenue growth,Livemint,https://finance.example.com/news/sbin
2026-04-08,SBIN,"SBIN reports record quarterly profit, exceeding analyst estimates",Economic Times,https://finance.example.com/news/sbin
2026-04-09,SBIN,SBIN announces strategic partnership to boost market share,Financial Express,https://finance.example.com/news/sbin
2026-04-10,SBIN,SBIN secures $500M international contract expansion,Economic Times,https://finance.example.com/news/sbin
2026-04-10,SBIN,SBIN files quarterly compliance report with NSE,Economic Times,https://finance.example.com/news/sbin
2026-04-10,SBIN,SBIN downgraded by major brokerage following weak guidance,Livemint,https://finance.example.com/news/sbin
2026-04-10,SBIN,Executive leadership changes announced at SBIN,Livemint,https://finance.example.com/news/sbin
2026-04-13,SBIN,Regulatory scrutiny increases for SBIN over compliance issue,Financial Express,https://finance.example.com/news/sbin
2026-04-13,SBIN,SBIN faces margin pressure amid rising operational expenses,Business Standard,https://finance.example.com/news/sbin
2026-04-13,SBIN,"SBIN reports record quarterly profit, exceeding analyst estimates",Economic Times,https://finance.example.com/news/sbin
2026-04-14,SBIN,Regulatory scrutiny increases for SBIN over compliance issue,Economic Times,https://finance.example.com/news/sbin
2026-04-14,SBIN,Quarterly revenue drops for SBIN as demand slows down,Business Standard,https://finance.example.com/news/sbin
2026-04-15,SBIN,SBIN faces margin pressure amid rising operational expenses,Livemint,https://finance.example.com/news/sbin
2026-04-15,SBIN,Analysts upgrade SBIN target price following robust revenue growth,Financial Express,https://finance.example.com/news/sbin
2026-04-16,SBIN,SBIN launches innovative AI-driven service line in India,Economic Times,https://finance.example.com/news/sbin
2026-04-17,SBIN,"SBIN reports record quarterly profit, exceeding analyst estimates",Economic Times,https://finance.example.com/news/sbin
2026-04-17,SBIN,SBIN secures $500M international contract expansion,Economic Times,https://finance.example.com/news/sbin
2026-04-17,SBIN,Board of directors at SBIN considers new dividend payout plan,Livemint,https://finance.example.com/news/sbin
2026-04-20,SBIN,"SBIN reports record quarterly profit, exceeding analyst estimates",Economic Times,https://finance.example.com/news/sbin
2026-04-20,SBIN,SBIN schedules annual general meeting for upcoming month,Financial Express,https://finance.example.com/news/sbin
2026-04-21,SBIN,"SBIN reports record quarterly profit, exceeding analyst estimates",Livemint,https://finance.example.com/news/sbin
2026-04-21,SBIN,SBIN files quarterly compliance report with NSE,Business Standard,https://finance.example.com/news/sbin
2026-04-22,SBIN,Analysts upgrade SBIN target price following robust revenue growth,Economic Times,https://finance.example.com/news/sbin
2026-04-22,SBIN,Executive leadership changes announced at SBIN,Business Standard,https://finance.example.com/news/sbin
2026-04-23,SBIN,SBIN secures $500M international contract expansion,Economic Times,https://finance.example.com/news/sbin
2026-04-24,SBIN,Quarterly revenue drops for SBIN as demand slows down,Livemint,https://finance.example.com/news/sbin
2026-04-24,SBIN,Regulatory scrutiny increases for SBIN over compliance issue,Financial Express,https://finance.example.com/news/sbin
2026-04-27,SBIN,SBIN files quarterly compliance report with NSE,Economic Times,https://finance.example.com/news/sbin
2026-04-27,SBIN,"SBIN reports record quarterly profit, exceeding analyst estimates",Livemint,https://finance.example.com/news/sbin
2026-04-28,SBIN,Executive leadership changes announced at SBIN,Business Standard,https://finance.example.com/news/sbin
2026-04-28,SBIN,"SBIN reports record quarterly profit, exceeding analyst estimates",Business Standard,https://finance.example.com/news/sbin
2026-04-29,SBIN,SBIN launches innovative AI-driven service line in India,Livemint,https://finance.example.com/news/sbin
2026-04-30,SBIN,Regulatory scrutiny increases for SBIN over compliance issue,Livemint,https://finance.example.com/news/sbin
2026-04-30,SBIN,Executive leadership changes announced at SBIN,Business Standard,https://finance.example.com/news/sbin
2026-04-30,SBIN,Market highlights: SBIN trades rangebound in quiet session,Business Standard,https://finance.example.com/news/sbin
2026-04-30,SBIN,SBIN launches innovative AI-driven service line in India,Financial Express,https://finance.example.com/news/sbin
2026-05-01,SBIN,SBIN secures $500M international contract expansion,Business Standard,https://finance.example.com/news/sbin
2026-05-01,SBIN,Market highlights: SBIN trades rangebound in quiet session,Economic Times,https://finance.example.com/news/sbin
2026-05-04,SBIN,SBIN downgraded by major brokerage following weak guidance,Economic Times,https://finance.example.com/news/sbin
2026-05-04,SBIN,SBIN files quarterly compliance report with NSE,Livemint,https://finance.example.com/news/sbin
2026-05-04,SBIN,Regulatory scrutiny increases for SBIN over compliance issue,Financial Express,https://finance.example.com/news/sbin
2026-05-05,SBIN,Quarterly revenue drops for SBIN as demand slows down,Economic Times,https://finance.example.com/news/sbin
2026-05-05,SBIN,SBIN downgraded by major brokerage following weak guidance,Livemint,https://finance.example.com/news/sbin
2026-05-05,SBIN,SBIN downgraded by major brokerage following weak guidance,Business Standard,https://finance.example.com/news/sbin
2026-05-06,SBIN,SBIN launches innovative AI-driven service line in India,Livemint,https://finance.example.com/news/sbin
2026-05-06,SBIN,"SBIN reports record quarterly profit, exceeding analyst estimates",Economic Times,https://finance.example.com/news/sbin
2026-05-06,SBIN,Quarterly revenue drops for SBIN as demand slows down,Financial Express,https://finance.example.com/news/sbin
2026-05-06,SBIN,"SBIN reports record quarterly profit, exceeding analyst estimates",Livemint,https://finance.example.com/news/sbin
2026-05-07,SBIN,Board of directors at SBIN considers new dividend payout plan,Financial Express,https://finance.example.com/news/sbin
2026-05-08,SBIN,"SBIN reports record quarterly profit, exceeding analyst estimates",Economic Times,https://finance.example.com/news/sbin
2026-05-11,SBIN,Analysts upgrade SBIN target price following robust revenue growth,Livemint,https://finance.example.com/news/sbin
2026-05-11,SBIN,Analysts upgrade SBIN target price following robust revenue growth,Economic Times,https://finance.example.com/news/sbin
2026-05-11,SBIN,Board of directors at SBIN considers new dividend payout plan,Livemint,https://finance.example.com/news/sbin
2026-05-12,SBIN,SBIN files quarterly compliance report with NSE,Livemint,https://finance.example.com/news/sbin
2026-05-13,SBIN,Executive leadership changes announced at SBIN,Financial Express,https://finance.example.com/news/sbin
2026-05-13,SBIN,Supply chain disruptions impact production targets for SBIN,Economic Times,https://finance.example.com/news/sbin
2026-05-13,SBIN,Board of directors at SBIN considers new dividend payout plan,Economic Times,https://finance.example.com/news/sbin
2026-05-13,SBIN,Board of directors at SBIN considers new dividend payout plan,Business Standard,https://finance.example.com/news/sbin
2026-05-14,SBIN,Supply chain disruptions impact production targets for SBIN,Business Standard,https://finance.example.com/news/sbin
2026-05-14,SBIN,Market highlights: SBIN trades rangebound in quiet session,Livemint,https://finance.example.com/news/sbin
2026-05-15,SBIN,SBIN secures $500M international contract expansion,Business Standard,https://finance.example.com/news/sbin
2026-05-18,SBIN,SBIN launches innovative AI-driven service line in India,Financial Express,https://finance.example.com/news/sbin
2026-05-18,SBIN,SBIN announces strategic partnership to boost market share,Economic Times,https://finance.example.com/news/sbin
2026-05-18,SBIN,"SBIN reports record quarterly profit, exceeding analyst estimates",Business Standard,https://finance.example.com/news/sbin
2026-05-18,SBIN,SBIN files quarterly compliance report with NSE,Livemint,https://finance.example.com/news/sbin
2026-05-19,SBIN,SBIN downgraded by major brokerage following weak guidance,Livemint,https://finance.example.com/news/sbin
2026-05-19,SBIN,"SBIN reports record quarterly profit, exceeding analyst estimates",Financial Express,https://finance.example.com/news/sbin
2026-05-20,SBIN,Analysts upgrade SBIN target price following robust revenue growth,Business Standard,https://finance.example.com/news/sbin
2026-05-20,SBIN,Board of directors at SBIN considers new dividend payout plan,Business Standard,https://finance.example.com/news/sbin
2026-05-21,SBIN,Regulatory scrutiny increases for SBIN over compliance issue,Business Standard,https://finance.example.com/news/sbin
2026-05-22,SBIN,SBIN launches innovative AI-driven service line in India,Livemint,https://finance.example.com/news/sbin
2026-05-25,SBIN,SBIN announces strategic partnership to boost market share,Economic Times,https://finance.example.com/news/sbin
2026-05-26,SBIN,Executive leadership changes announced at SBIN,Business Standard,https://finance.example.com/news/sbin
2026-05-27,SBIN,"SBIN reports record quarterly profit, exceeding analyst estimates",Business Standard,https://finance.example.com/news/sbin
2026-05-28,SBIN,Analysts upgrade SBIN target price following robust revenue growth,Financial Express,https://finance.example.com/news/sbin
2026-05-28,SBIN,Quarterly revenue drops for SBIN as demand slows down,Financial Express,https://finance.example.com/news/sbin
2026-05-28,SBIN,SBIN launches innovative AI-driven service line in India,Business Standard,https://finance.example.com/news/sbin
2026-05-29,SBIN,Board of directors at SBIN considers new dividend payout plan,Business Standard,https://finance.example.com/news/sbin
2026-05-29,SBIN,SBIN faces margin pressure amid rising operational expenses,Business Standard,https://finance.example.com/news/sbin
2026-06-01,SBIN,SBIN secures $500M international contract expansion,Livemint,https://finance.example.com/news/sbin
2026-06-01,SBIN,SBIN downgraded by major brokerage following weak guidance,Economic Times,https://finance.example.com/news/sbin
2026-06-02,SBIN,Supply chain disruptions impact production targets for SBIN,Business Standard,https://finance.example.com/news/sbin
2026-06-02,SBIN,"SBIN reports record quarterly profit, exceeding analyst estimates",Economic Times,https://finance.example.com/news/sbin
2026-06-02,SBIN,SBIN downgraded by major brokerage following weak guidance,Economic Times,https://finance.example.com/news/sbin
2026-06-03,SBIN,Market highlights: SBIN trades rangebound in quiet session,Business Standard,https://finance.example.com/news/sbin
2026-06-03,SBIN,SBIN faces margin pressure amid rising operational expenses,Financial Express,https://finance.example.com/news/sbin
2026-06-03,SBIN,SBIN launches innovative AI-driven service line in India,Livemint,https://finance.example.com/news/sbin
2026-06-04,SBIN,SBIN secures $500M international contract expansion,Business Standard,https://finance.example.com/news/sbin
2026-06-04,SBIN,SBIN announces strategic partnership to boost market share,Business Standard,https://finance.example.com/news/sbin
2026-06-04,SBIN,Regulatory scrutiny increases for SBIN over compliance issue,Financial Express,https://finance.example.com/news/sbin
2026-06-05,SBIN,SBIN faces margin pressure amid rising operational expenses,Economic Times,https://finance.example.com/news/sbin
2026-06-05,SBIN,Board of directors at SBIN considers new dividend payout plan,Livemint,https://finance.example.com/news/sbin
2026-06-05,SBIN,Executive leadership changes announced at SBIN,Livemint,https://finance.example.com/news/sbin
2026-06-05,SBIN,SBIN faces margin pressure amid rising operational expenses,Economic Times,https://finance.example.com/news/sbin
2026-06-08,SBIN,Supply chain disruptions impact production targets for SBIN,Financial Express,https://finance.example.com/news/sbin
2026-06-08,SBIN,SBIN schedules annual general meeting for upcoming month,Financial Express,https://finance.example.com/news/sbin
2026-06-08,SBIN,Quarterly revenue drops for SBIN as demand slows down,Business Standard,https://finance.example.com/news/sbin
2026-06-08,SBIN,Quarterly revenue drops for SBIN as demand slows down,Economic Times,https://finance.example.com/news/sbin
2026-06-09,SBIN,SBIN faces margin pressure amid rising operational expenses,Business Standard,https://finance.example.com/news/sbin
2026-06-10,SBIN,SBIN launches innovative AI-driven service line in India,Economic Times,https://finance.example.com/news/sbin
2026-06-10,SBIN,"SBIN reports record quarterly profit, exceeding analyst estimates",Livemint,https://finance.example.com/news/sbin
2026-06-10,SBIN,SBIN secures $500M international contract expansion,Livemint,https://finance.example.com/news/sbin
2026-06-10,SBIN,SBIN downgraded by major brokerage following weak guidance,Business Standard,https://finance.example.com/news/sbin
2026-06-11,SBIN,SBIN announces strategic partnership to boost market share,Economic Times,https://finance.example.com/news/sbin
2026-06-11,SBIN,Market highlights: SBIN trades rangebound in quiet session,Economic Times,https://finance.example.com/news/sbin
2026-06-11,SBIN,Quarterly revenue drops for SBIN as demand slows down,Economic Times,https://finance.example.com/news/sbin
2026-06-11,SBIN,"SBIN reports record quarterly profit, exceeding analyst estimates",Financial Express,https://finance.example.com/news/sbin
2026-06-12,SBIN,SBIN announces strategic partnership to boost market share,Business Standard,https://finance.example.com/news/sbin
2026-06-12,SBIN,"SBIN reports record quarterly profit, exceeding analyst estimates",Livemint,https://finance.example.com/news/sbin
2026-06-15,SBIN,Regulatory scrutiny increases for SBIN over compliance issue,Economic Times,https://finance.example.com/news/sbin
2026-06-15,SBIN,Executive leadership changes announced at SBIN,Economic Times,https://finance.example.com/news/sbin
2026-06-16,SBIN,Supply chain disruptions impact production targets for SBIN,Financial Express,https://finance.example.com/news/sbin
2026-06-16,SBIN,Analysts upgrade SBIN target price following robust revenue growth,Business Standard,https://finance.example.com/news/sbin
2026-06-16,SBIN,"SBIN reports record quarterly profit, exceeding analyst estimates",Financial Express,https://finance.example.com/news/sbin
2026-06-16,SBIN,Board of directors at SBIN considers new dividend payout plan,Economic Times,https://finance.example.com/news/sbin
2026-06-17,SBIN,Board of directors at SBIN considers new dividend payout plan,Financial Express,https://finance.example.com/news/sbin
2026-06-17,SBIN,"SBIN reports record quarterly profit, exceeding analyst estimates",Financial Express,https://finance.example.com/news/sbin
2026-06-17,SBIN,SBIN secures $500M international contract expansion,Financial Express,https://finance.example.com/news/sbin
2026-06-18,SBIN,SBIN schedules annual general meeting for upcoming month,Economic Times,https://finance.example.com/news/sbin
2026-06-18,SBIN,SBIN schedules annual general meeting for upcoming month,Business Standard,https://finance.example.com/news/sbin
2026-06-19,SBIN,SBIN files quarterly compliance report with NSE,Economic Times,https://finance.example.com/news/sbin
2026-06-22,SBIN,Market highlights: SBIN trades rangebound in quiet session,Business Standard,https://finance.example.com/news/sbin
2026-06-22,SBIN,SBIN secures $500M international contract expansion,Financial Express,https://finance.example.com/news/sbin
2026-06-23,SBIN,"SBIN reports record quarterly profit, exceeding analyst estimates",Business Standard,https://finance.example.com/news/sbin
2026-06-23,SBIN,SBIN faces margin pressure amid rising operational expenses,Business Standard,https://finance.example.com/news/sbin
2026-06-23,SBIN,SBIN secures $500M international contract expansion,Financial Express,https://finance.example.com/news/sbin
2026-06-24,SBIN,Quarterly revenue drops for SBIN as demand slows down,Financial Express,https://finance.example.com/news/sbin
2026-06-24,SBIN,SBIN secures $500M international contract expansion,Business Standard,https://finance.example.com/news/sbin
2026-06-24,SBIN,SBIN announces strategic partnership to boost market share,Business Standard,https://finance.example.com/news/sbin
2026-06-25,SBIN,Executive leadership changes announced at SBIN,Economic Times,https://finance.example.com/news/sbin
2026-06-26,SBIN,Executive leadership changes announced at SBIN,Livemint,https://finance.example.com/news/sbin
2026-06-26,SBIN,Market highlights: SBIN trades rangebound in quiet session,Economic Times,https://finance.example.com/news/sbin
2026-06-26,SBIN,Analysts upgrade SBIN target price following robust revenue growth,Business Standard,https://finance.example.com/news/sbin
2026-06-29,SBIN,SBIN announces strategic partnership to boost market share,Business Standard,https://finance.example.com/news/sbin
2026-06-30,SBIN,Regulatory scrutiny increases for SBIN over compliance issue,Financial Express,https://finance.example.com/news/sbin
2026-06-30,SBIN,SBIN announces strategic partnership to boost market share,Financial Express,https://finance.example.com/news/sbin
2026-06-30,SBIN,SBIN launches innovative AI-driven service line in India,Economic Times,https://finance.example.com/news/sbin
2026-06-30,SBIN,SBIN faces margin pressure amid rising operational expenses,Economic Times,https://finance.example.com/news/sbin
2026-07-01,SBIN,Regulatory scrutiny increases for SBIN over compliance issue,Economic Times,https://finance.example.com/news/sbin
2026-07-01,SBIN,"SBIN reports record quarterly profit, exceeding analyst estimates",Economic Times,https://finance.example.com/news/sbin
2026-07-01,SBIN,Executive leadership changes announced at SBIN,Business Standard,https://finance.example.com/news/sbin
2026-07-02,SBIN,Analysts upgrade SBIN target price following robust revenue growth,Financial Express,https://finance.example.com/news/sbin
2026-07-02,SBIN,SBIN downgraded by major brokerage following weak guidance,Livemint,https://finance.example.com/news/sbin
2026-07-02,SBIN,Board of directors at SBIN considers new dividend payout plan,Livemint,https://finance.example.com/news/sbin
2026-07-03,SBIN,SBIN announces strategic partnership to boost market share,Financial Express,https://finance.example.com/news/sbin
2026-07-03,SBIN,Board of directors at SBIN considers new dividend payout plan,Economic Times,https://finance.example.com/news/sbin
2026-07-03,SBIN,SBIN downgraded by major brokerage following weak guidance,Livemint,https://finance.example.com/news/sbin
2026-07-06,SBIN,SBIN faces margin pressure amid rising operational expenses,Financial Express,https://finance.example.com/news/sbin
2026-07-06,SBIN,SBIN schedules annual general meeting for upcoming month,Economic Times,https://finance.example.com/news/sbin
2026-07-07,SBIN,Regulatory scrutiny increases for SBIN over compliance issue,Economic Times,https://finance.example.com/news/sbin
2026-07-08,SBIN,SBIN announces strategic partnership to boost market share,Economic Times,https://finance.example.com/news/sbin
2026-07-08,SBIN,"SBIN reports record quarterly profit, exceeding analyst estimates",Business Standard,https://finance.example.com/news/sbin
2026-07-09,SBIN,SBIN secures $500M international contract expansion,Economic Times,https://finance.example.com/news/sbin
2026-07-09,SBIN,Supply chain disruptions impact production targets for SBIN,Economic Times,https://finance.example.com/news/sbin
2026-07-09,SBIN,SBIN announces strategic partnership to boost market share,Business Standard,https://finance.example.com/news/sbin
2026-07-09,SBIN,Board of directors at SBIN considers new dividend payout plan,Livemint,https://finance.example.com/news/sbin
2026-07-10,SBIN,Analysts upgrade SBIN target price following robust revenue growth,Business Standard,https://finance.example.com/news/sbin
2026-07-10,SBIN,SBIN launches innovative AI-driven service line in India,Business Standard,https://finance.example.com/news/sbin
2026-07-10,SBIN,Supply chain disruptions impact production targets for SBIN,Business Standard,https://finance.example.com/news/sbin
2026-07-10,SBIN,Market highlights: SBIN trades rangebound in quiet session,Financial Express,https://finance.example.com/news/sbin
2026-07-13,SBIN,SBIN faces margin pressure amid rising operational expenses,Livemint,https://finance.example.com/news/sbin
2026-07-13,SBIN,Regulatory scrutiny increases for SBIN over compliance issue,Economic Times,https://finance.example.com/news/sbin
2026-07-13,SBIN,SBIN launches innovative AI-driven service line in India,Livemint,https://finance.example.com/news/sbin
2026-07-13,SBIN,SBIN downgraded by major brokerage following weak guidance,Business Standard,https://finance.example.com/news/sbin
2026-07-14,SBIN,SBIN launches innovative AI-driven service line in India,Economic Times,https://finance.example.com/news/sbin
2026-07-15,SBIN,SBIN schedules annual general meeting for upcoming month,Financial Express,https://finance.example.com/news/sbin
2026-07-15,SBIN,SBIN files quarterly compliance report with NSE,Business Standard,https://finance.example.com/news/sbin
2026-07-16,SBIN,Market highlights: SBIN trades rangebound in quiet session,Livemint,https://finance.example.com/news/sbin
2026-07-16,SBIN,Analysts upgrade SBIN target price following robust revenue growth,Financial Express,https://finance.example.com/news/sbin
2026-07-16,SBIN,SBIN faces margin pressure amid rising operational expenses,Financial Express,https://finance.example.com/news/sbin
2026-07-16,SBIN,SBIN announces strategic partnership to boost market share,Economic Times,https://finance.example.com/news/sbin
2026-07-17,SBIN,SBIN files quarterly compliance report with NSE,Livemint,https://finance.example.com/news/sbin
2026-07-17,SBIN,SBIN downgraded by major brokerage following weak guidance,Livemint,https://finance.example.com/news/sbin
2026-07-20,SBIN,SBIN downgraded by major brokerage following weak guidance,Economic Times,https://finance.example.com/news/sbin
2026-07-21,SBIN,Quarterly revenue drops for SBIN as demand slows down,Financial Express,https://finance.example.com/news/sbin
2026-07-21,SBIN,Regulatory scrutiny increases for SBIN over compliance issue,Livemint,https://finance.example.com/news/sbin
2026-07-22,SBIN,Board of directors at SBIN considers new dividend payout plan,Livemint,https://finance.example.com/news/sbin
2026-07-22,SBIN,SBIN announces strategic partnership to boost market share,Economic Times,https://finance.example.com/news/sbin
2026-07-22,SBIN,"SBIN reports record quarterly profit, exceeding analyst estimates",Business Standard,https://finance.example.com/news/sbin
2026-07-22,SBIN,SBIN announces strategic partnership to boost market share,Financial Express,https://finance.example.com/news/sbin
2026-07-23,SBIN,Board of directors at SBIN considers new dividend payout plan,Business Standard,https://finance.example.com/news/sbin
2026-07-23,SBIN,Analysts upgrade SBIN target price following robust revenue growth,Business Standard,https://finance.example.com/news/sbin
2026-07-24,SBIN,SBIN schedules annual general meeting for upcoming month,Financial Express,https://finance.example.com/news/sbin
2026-07-24,SBIN,Quarterly revenue drops for SBIN as demand slows down,Economic Times,https://finance.example.com/news/sbin
2026-07-24,SBIN,SBIN secures $500M international contract expansion,Business Standard,https://finance.example.com/news/sbin
2026-07-27,SBIN,SBIN secures $500M international contract expansion,Business Standard,https://finance.example.com/news/sbin
2026-07-27,SBIN,"SBIN reports record quarterly profit, exceeding analyst estimates",Business Standard,https://finance.example.com/news/sbin
2026-07-27,SBIN,Quarterly revenue drops for SBIN as demand slows down,Business Standard,https://finance.example.com/news/sbin
2026-07-28,SBIN,SBIN secures $500M international contract expansion,Economic Times,https://finance.example.com/news/sbin
2026-07-28,SBIN,SBIN secures $500M international contract expansion,Financial Express,https://finance.example.com/news/sbin
2026-07-29,SBIN,Regulatory scrutiny increases for SBIN over compliance issue,Economic Times,https://finance.example.com/news/sbin
2026-07-29,SBIN,SBIN secures $500M international contract expansion,Economic Times,https://finance.example.com/news/sbin
2026-07-29,SBIN,SBIN launches innovative AI-driven service line in India,Business Standard,https://finance.example.com/news/sbin
2026-07-29,SBIN,Supply chain disruptions impact production targets for SBIN,Financial Express,https://finance.example.com/news/sbin
2026-07-30,SBIN,"SBIN reports record quarterly profit, exceeding analyst estimates",Business Standard,https://finance.example.com/news/sbin
2026-07-30,SBIN,"SBIN reports record quarterly profit, exceeding analyst estimates",Livemint,https://finance.example.com/news/sbin
2026-07-31,SBIN,SBIN downgraded by major brokerage following weak guidance,Business Standard,https://finance.example.com/news/sbin
2026-08-03,SBIN,Analysts upgrade SBIN target price following robust revenue growth,Financial Express,https://finance.example.com/news/sbin
2026-08-04,SBIN,SBIN announces strategic partnership to boost market share,Financial Express,https://finance.example.com/news/sbin
2026-08-05,SBIN,Quarterly revenue drops for SBIN as demand slows down,Business Standard,https://finance.example.com/news/sbin
2026-08-05,SBIN,Quarterly revenue drops for SBIN as demand slows down,Business Standard,https://finance.example.com/news/sbin
2026-08-05,SBIN,Analysts upgrade SBIN target price following robust revenue growth,Livemint,https://finance.example.com/news/sbin
2026-08-05,SBIN,SBIN files quarterly compliance report with NSE,Business Standard,https://finance.example.com/news/sbin
2026-08-06,SBIN,Quarterly revenue drops for SBIN as demand slows down,Livemint,https://finance.example.com/news/sbin
2026-08-06,SBIN,SBIN schedules annual general meeting for upcoming month,Business Standard,https://finance.example.com/news/sbin
2026-08-06,SBIN,Market highlights: SBIN trades rangebound in quiet session,Economic Times,https://finance.example.com/news/sbin
2026-08-06,SBIN,"SBIN reports record quarterly profit, exceeding analyst estimates",Livemint,https://finance.example.com/news/sbin
2026-08-07,SBIN,SBIN announces strategic partnership to boost market share,Business Standard,https://finance.example.com/news/sbin
2026-08-07,SBIN,Regulatory scrutiny increases for SBIN over compliance issue,Financial Express,https://finance.example.com/news/sbin
2026-08-10,SBIN,Analysts upgrade SBIN target price following robust revenue growth,Financial Express,https://finance.example.com/news/sbin
2026-08-10,SBIN,SBIN files quarterly compliance report with NSE,Business Standard,https://finance.example.com/news/sbin
2026-08-10,SBIN,SBIN launches innovative AI-driven service line in India,Business Standard,https://finance.example.com/news/sbin
2026-08-11,SBIN,SBIN launches innovative AI-driven service line in India,Financial Express,https://finance.example.com/news/sbin
2026-08-12,SBIN,SBIN secures $500M international contract expansion,Economic Times,https://finance.example.com/news/sbin
2026-08-12,SBIN,Executive leadership changes announced at SBIN,Financial Express,https://finance.example.com/news/sbin
2026-08-12,SBIN,"SBIN reports record quarterly profit, exceeding analyst estimates",Livemint,https://finance.example.com/news/sbin
2026-08-12,SBIN,Executive leadership changes announced at SBIN,Business Standard,https://finance.example.com/news/sbin
2026-08-13,SBIN,SBIN schedules annual general meeting for upcoming month,Business Standard,https://finance.example.com/news/sbin
2026-08-13,SBIN,Regulatory scrutiny increases for SBIN over compliance issue,Economic Times,https://finance.example.com/news/sbin
2026-08-14,SBIN,"SBIN reports record quarterly profit, exceeding analyst estimates",Financial Express,https://finance.example.com/news/sbin
2026-08-14,SBIN,SBIN faces margin pressure amid rising operational expenses,Economic Times,https://finance.example.com/news/sbin
2026-08-17,SBIN,SBIN files quarterly compliance report with NSE,Economic Times,https://finance.example.com/news/sbin
2026-08-17,SBIN,Market highlights: SBIN trades rangebound in quiet session,Financial Express,https://finance.example.com/news/sbin
2026-08-17,SBIN,Supply chain disruptions impact production targets for SBIN,Business Standard,https://finance.example.com/news/sbin
2026-08-18,SBIN,SBIN files quarterly compliance report with NSE,Economic Times,https://finance.example.com/news/sbin
2026-08-19,SBIN,SBIN downgraded by major brokerage following weak guidance,Business Standard,https://finance.example.com/news/sbin
2026-08-20,SBIN,Board of directors at SBIN considers new dividend payout plan,Livemint,https://finance.example.com/news/sbin
2026-08-20,SBIN,"SBIN reports record quarterly profit, exceeding analyst estimates",Financial Express,https://finance.example.com/news/sbin
2026-08-20,SBIN,SBIN announces strategic partnership to boost market share,Economic Times,https://finance.example.com/news/sbin
2026-08-20,SBIN,SBIN schedules annual general meeting for upcoming month,Livemint,https://finance.example.com/news/sbin
2026-08-21,SBIN,Market highlights: SBIN trades rangebound in quiet session,Financial Express,https://finance.example.com/news/sbin
2026-08-21,SBIN,SBIN announces strategic partnership to boost market share,Economic Times,https://finance.example.com/news/sbin
2026-08-24,SBIN,SBIN files quarterly compliance report with NSE,Livemint,https://finance.example.com/news/sbin
2026-08-24,SBIN,Board of directors at SBIN considers new dividend payout plan,Economic Times,https://finance.example.com/news/sbin
2026-08-24,SBIN,"SBIN reports record quarterly profit, exceeding analyst estimates",Business Standard,https://finance.example.com/news/sbin
2026-08-24,SBIN,Analysts upgrade SBIN target price following robust revenue growth,Economic Times,https://finance.example.com/news/sbin
2026-08-25,SBIN,Regulatory scrutiny increases for SBIN over compliance issue,Livemint,https://finance.example.com/news/sbin
2026-08-25,SBIN,"SBIN reports record quarterly profit, exceeding analyst estimates",Livemint,https://finance.example.com/news/sbin
2026-08-25,SBIN,"SBIN reports record quarterly profit, exceeding analyst estimates",Livemint,https://finance.example.com/news/sbin
2026-08-25,SBIN,Executive leadership changes announced at SBIN,Business Standard,https://finance.example.com/news/sbin
2026-08-26,SBIN,SBIN downgraded by major brokerage following weak guidance,Financial Express,https://finance.example.com/news/sbin
2026-08-26,SBIN,SBIN files quarterly compliance report with NSE,Economic Times,https://finance.example.com/news/sbin
2026-08-27,SBIN,Board of directors at SBIN considers new dividend payout plan,Financial Express,https://finance.example.com/news/sbin
2026-08-27,SBIN,Board of directors at SBIN considers new dividend payout plan,Business Standard,https://finance.example.com/news/sbin
2026-08-28,SBIN,SBIN secures $500M international contract expansion,Financial Express,https://finance.example.com/news/sbin
2026-08-28,SBIN,Quarterly revenue drops for SBIN as demand slows down,Business Standard,https://finance.example.com/news/sbin
2026-08-28,SBIN,Quarterly revenue drops for SBIN as demand slows down,Business Standard,https://finance.example.com/news/sbin
2026-08-28,SBIN,SBIN announces strategic partnership to boost market share,Livemint,https://finance.example.com/news/sbin
2026-08-31,SBIN,Regulatory scrutiny increases for SBIN over compliance issue,Business Standard,https://finance.example.com/news/sbin
2026-08-31,SBIN,Analysts upgrade SBIN target price following robust revenue growth,Financial Express,https://finance.example.com/news/sbin
2026-08-31,SBIN,SBIN files quarterly compliance report with NSE,Business Standard,https://finance.example.com/news/sbin
2026-09-01,SBIN,SBIN downgraded by major brokerage following weak guidance,Business Standard,https://finance.example.com/news/sbin
2026-09-01,SBIN,SBIN secures $500M international contract expansion,Economic Times,https://finance.example.com/news/sbin
2026-09-02,SBIN,Board of directors at SBIN considers new dividend payout plan,Financial Express,https://finance.example.com/news/sbin
2026-09-02,SBIN,SBIN announces strategic partnership to boost market share,Financial Express,https://finance.example.com/news/sbin
2026-09-03,SBIN,SBIN launches innovative AI-driven service line in India,Economic Times,https://finance.example.com/news/sbin
2026-09-03,SBIN,SBIN schedules annual general meeting for upcoming month,Livemint,https://finance.example.com/news/sbin
2026-09-04,SBIN,"SBIN reports record quarterly profit, exceeding analyst estimates",Financial Express,https://finance.example.com/news/sbin
2026-09-04,SBIN,SBIN files quarterly compliance report with NSE,Business Standard,https://finance.example.com/news/sbin
2026-09-04,SBIN,Market highlights: SBIN trades rangebound in quiet session,Economic Times,https://finance.example.com/news/sbin
2026-09-04,SBIN,SBIN secures $500M international contract expansion,Business Standard,https://finance.example.com/news/sbin
2026-09-07,SBIN,SBIN announces strategic partnership to boost market share,Economic Times,https://finance.example.com/news/sbin
2026-09-07,SBIN,SBIN downgraded by major brokerage following weak guidance,Financial Express,https://finance.example.com/news/sbin
2026-09-07,SBIN,Market highlights: SBIN trades rangebound in quiet session,Livemint,https://finance.example.com/news/sbin
2026-09-07,SBIN,SBIN downgraded by major brokerage following weak guidance,Livemint,https://finance.example.com/news/sbin
2026-09-08,SBIN,"SBIN reports record quarterly profit, exceeding analyst estimates",Financial Express,https://finance.example.com/news/sbin
2026-09-09,SBIN,Supply chain disruptions impact production targets for SBIN,Economic Times,https://finance.example.com/news/sbin
2026-09-09,SBIN,SBIN announces strategic partnership to boost market share,Business Standard,https://finance.example.com/news/sbin
2026-09-09,SBIN,"SBIN reports record quarterly profit, exceeding analyst estimates",Economic Times,https://finance.example.com/news/sbin
2026-09-09,SBIN,SBIN launches innovative AI-driven service line in India,Livemint,https://finance.example.com/news/sbin
2026-09-10,SBIN,"SBIN reports record quarterly profit, exceeding analyst estimates",Economic Times,https://finance.example.com/news/sbin
2026-09-10,SBIN,SBIN faces margin pressure amid rising operational expenses,Business Standard,https://finance.example.com/news/sbin
2026-09-11,SBIN,SBIN announces strategic partnership to boost market share,Financial Express,https://finance.example.com/news/sbin
2026-09-11,SBIN,Board of directors at SBIN considers new dividend payout plan,Financial Express,https://finance.example.com/news/sbin
2026-09-11,SBIN,SBIN announces strategic partnership to boost market share,Economic Times,https://finance.example.com/news/sbin
2026-09-11,SBIN,SBIN launches innovative AI-driven service line in India,Livemint,https://finance.example.com/news/sbin
2026-09-14,SBIN,SBIN announces strategic partnership to boost market share,Economic Times,https://finance.example.com/news/sbin
2026-09-15,SBIN,Analysts upgrade SBIN target price following robust revenue growth,Financial Express,https://finance.example.com/news/sbin
2026-09-15,SBIN,"SBIN reports record quarterly profit, exceeding analyst estimates",Livemint,https://finance.example.com/news/sbin
2026-09-16,SBIN,Board of directors at SBIN considers new dividend payout plan,Business Standard,https://finance.example.com/news/sbin
2026-09-16,SBIN,SBIN schedules annual general meeting for upcoming month,Economic Times,https://finance.example.com/news/sbin
2026-09-16,SBIN,SBIN announces strategic partnership to boost market share,Livemint,https://finance.example.com/news/sbin
2026-09-17,SBIN,SBIN launches innovative AI-driven service line in India,Livemint,https://finance.example.com/news/sbin
2026-09-17,SBIN,Quarterly revenue drops for SBIN as demand slows down,Economic Times,https://finance.example.com/news/sbin
2026-09-17,SBIN,SBIN faces margin pressure amid rising operational expenses,Economic Times,https://finance.example.com/news/sbin
2026-09-17,SBIN,SBIN secures $500M international contract expansion,Livemint,https://finance.example.com/news/sbin
2026-09-18,SBIN,Executive leadership changes announced at SBIN,Economic Times,https://finance.example.com/news/sbin
2026-09-18,SBIN,Quarterly revenue drops for SBIN as demand slows down,Economic Times,https://finance.example.com/news/sbin
2026-09-21,SBIN,Analysts upgrade SBIN target price following robust revenue growth,Livemint,https://finance.example.com/news/sbin
2026-09-21,SBIN,SBIN secures $500M international contract expansion,Business Standard,https://finance.example.com/news/sbin
2026-09-21,SBIN,Quarterly revenue drops for SBIN as demand slows down,Business Standard,https://finance.example.com/news/sbin
2026-09-21,SBIN,Board of directors at SBIN considers new dividend payout plan,Economic Times,https://finance.example.com/news/sbin
2026-09-22,SBIN,Quarterly revenue drops for SBIN as demand slows down,Economic Times,https://finance.example.com/news/sbin
2026-09-23,SBIN,Supply chain disruptions impact production targets for SBIN,Economic Times,https://finance.example.com/news/sbin
2026-09-23,SBIN,Regulatory scrutiny increases for SBIN over compliance issue,Livemint,https://finance.example.com/news/sbin
2026-09-23,SBIN,Market highlights: SBIN trades rangebound in quiet session,Business Standard,https://finance.example.com/news/sbin
2026-09-24,SBIN,Board of directors at SBIN considers new dividend payout plan,Financial Express,https://finance.example.com/news/sbin
2026-09-25,SBIN,"SBIN reports record quarterly profit, exceeding analyst estimates",Business Standard,https://finance.example.com/news/sbin
2026-09-25,SBIN,"SBIN reports record quarterly profit, exceeding analyst estimates",Livemint,https://finance.example.com/news/sbin
2026-09-25,SBIN,SBIN files quarterly compliance report with NSE,Economic Times,https://finance.example.com/news/sbin
2026-09-28,SBIN,"SBIN reports record quarterly profit, exceeding analyst estimates",Business Standard,https://finance.example.com/news/sbin
2026-09-28,SBIN,Board of directors at SBIN considers new dividend payout plan,Business Standard,https://finance.example.com/news/sbin
2026-09-29,SBIN,SBIN schedules annual general meeting for upcoming month,Economic Times,https://finance.example.com/news/sbin
2026-09-30,SBIN,SBIN downgraded by major brokerage following weak guidance,Financial Express,https://finance.example.com/news/sbin
2026-09-30,SBIN,Supply chain disruptions impact production targets for SBIN,Livemint,https://finance.example.com/news/sbin
2026-09-30,SBIN,Supply chain disruptions impact production targets for SBIN,Financial Express,https://finance.example.com/news/sbin
2026-10-01,SBIN,SBIN launches innovative AI-driven service line in India,Economic Times,https://finance.example.com/news/sbin
2026-10-02,SBIN,Executive leadership changes announced at SBIN,Business Standard,https://finance.example.com/news/sbin
2026-10-02,SBIN,Regulatory scrutiny increases for SBIN over compliance issue,Livemint,https://finance.example.com/news/sbin
2026-10-02,SBIN,SBIN announces strategic partnership to boost market share,Economic Times,https://finance.example.com/news/sbin
2026-04-07,BHARTIARTL,BHARTIARTL announces strategic partnership to boost market share,Livemint,https://finance.example.com/news/bhartiartl
2026-04-07,BHARTIARTL,Analysts upgrade BHARTIARTL target price following robust revenue growth,Economic Times,https://finance.example.com/news/bhartiartl
2026-04-08,BHARTIARTL,Board of directors at BHARTIARTL considers new dividend payout plan,Business Standard,https://finance.example.com/news/bhartiartl
2026-04-08,BHARTIARTL,Market highlights: BHARTIARTL trades rangebound in quiet session,Livemint,https://finance.example.com/news/bhartiartl
2026-04-08,BHARTIARTL,BHARTIARTL launches innovative AI-driven service line in India,Economic Times,https://finance.example.com/news/bhartiartl
2026-04-08,BHARTIARTL,"BHARTIARTL reports record quarterly profit, exceeding analyst estimates",Livemint,https://finance.example.com/news/bhartiartl
2026-04-09,BHARTIARTL,BHARTIARTL schedules annual general meeting for upcoming month,Financial Express,https://finance.example.com/news/bhartiartl
2026-04-09,BHARTIARTL,BHARTIARTL secures $500M international contract expansion,Financial Express,https://finance.example.com/news/bhartiartl
2026-04-09,BHARTIARTL,"BHARTIARTL reports record quarterly profit, exceeding analyst estimates",Financial Express,https://finance.example.com/news/bhartiartl
2026-04-09,BHARTIARTL,Executive leadership changes announced at BHARTIARTL,Business Standard,https://finance.example.com/news/bhartiartl
2026-04-10,BHARTIARTL,Market highlights: BHARTIARTL trades rangebound in quiet session,Economic Times,https://finance.example.com/news/bhartiartl
2026-04-13,BHARTIARTL,Supply chain disruptions impact production targets for BHARTIARTL,Financial Express,https://finance.example.com/news/bhartiartl
2026-04-13,BHARTIARTL,Supply chain disruptions impact production targets for BHARTIARTL,Economic Times,https://finance.example.com/news/bhartiartl
2026-04-13,BHARTIARTL,BHARTIARTL schedules annual general meeting for upcoming month,Business Standard,https://finance.example.com/news/bhartiartl
2026-04-13,BHARTIARTL,BHARTIARTL files quarterly compliance report with NSE,Economic Times,https://finance.example.com/news/bhartiartl
2026-04-14,BHARTIARTL,Regulatory scrutiny increases for BHARTIARTL over compliance issue,Economic Times,https://finance.example.com/news/bhartiartl
2026-04-15,BHARTIARTL,BHARTIARTL secures $500M international contract expansion,Livemint,https://finance.example.com/news/bhartiartl
2026-04-15,BHARTIARTL,Market highlights: BHARTIARTL trades rangebound in quiet session,Business Standard,https://finance.example.com/news/bhartiartl
2026-04-16,BHARTIARTL,"BHARTIARTL reports record quarterly profit, exceeding analyst estimates",Livemint,https://finance.example.com/news/bhartiartl
2026-04-16,BHARTIARTL,Board of directors at BHARTIARTL considers new dividend payout plan,Financial Express,https://finance.example.com/news/bhartiartl
2026-04-16,BHARTIARTL,BHARTIARTL launches innovative AI-driven service line in India,Livemint,https://finance.example.com/news/bhartiartl
2026-04-16,BHARTIARTL,"BHARTIARTL reports record quarterly profit, exceeding analyst estimates",Business Standard,https://finance.example.com/news/bhartiartl
2026-04-17,BHARTIARTL,Executive leadership changes announced at BHARTIARTL,Financial Express,https://finance.example.com/news/bhartiartl
2026-04-17,BHARTIARTL,Executive leadership changes announced at BHARTIARTL,Business Standard,https://finance.example.com/news/bhartiartl
2026-04-20,BHARTIARTL,BHARTIARTL announces strategic partnership to boost market share,Business Standard,https://finance.example.com/news/bhartiartl
2026-04-21,BHARTIARTL,"BHARTIARTL reports record quarterly profit, exceeding analyst estimates",Financial Express,https://finance.example.com/news/bhartiartl
2026-04-21,BHARTIARTL,BHARTIARTL secures $500M international contract expansion,Business Standard,https://finance.example.com/news/bhartiartl
2026-04-21,BHARTIARTL,"BHARTIARTL reports record quarterly profit, exceeding analyst estimates",Business Standard,https://finance.example.com/news/bhartiartl
2026-04-22,BHARTIARTL,BHARTIARTL announces strategic partnership to boost market share,Economic Times,https://finance.example.com/news/bhartiartl
2026-04-22,BHARTIARTL,BHARTIARTL downgraded by major brokerage following weak guidance,Financial Express,https://finance.example.com/news/bhartiartl
2026-04-22,BHARTIARTL,Analysts upgrade BHARTIARTL target price following robust revenue growth,Economic Times,https://finance.example.com/news/bhartiartl
2026-04-22,BHARTIARTL,Quarterly revenue drops for BHARTIARTL as demand slows down,Livemint,https://finance.example.com/news/bhartiartl
2026-04-23,BHARTIARTL,Regulatory scrutiny increases for BHARTIARTL over compliance issue,Livemint,https://finance.example.com/news/bhartiartl
2026-04-23,BHARTIARTL,BHARTIARTL launches innovative AI-driven service line in India,Business Standard,https://finance.example.com/news/bhartiartl
2026-04-23,BHARTIARTL,Analysts upgrade BHARTIARTL target price following robust revenue growth,Business Standard,https://finance.example.com/news/bhartiartl
2026-04-24,BHARTIARTL,BHARTIARTL secures $500M international contract expansion,Financial Express,https://finance.example.com/news/bhartiartl
2026-04-27,BHARTIARTL,BHARTIARTL secures $500M international contract expansion,Business Standard,https://finance.example.com/news/bhartiartl
2026-04-27,BHARTIARTL,Quarterly revenue drops for BHARTIARTL as demand slows down,Financial Express,https://finance.example.com/news/bhartiartl
2026-04-28,BHARTIARTL,BHARTIARTL downgraded by major brokerage following weak guidance,Livemint,https://finance.example.com/news/bhartiartl
2026-04-28,BHARTIARTL,BHARTIARTL launches innovative AI-driven service line in India,Business Standard,https://finance.example.com/news/bhartiartl
2026-04-29,BHARTIARTL,BHARTIARTL launches innovative AI-driven service line in India,Business Standard,https://finance.example.com/news/bhartiartl
2026-04-29,BHARTIARTL,"BHARTIARTL reports record quarterly profit, exceeding analyst estimates",Financial Express,https://finance.example.com/news/bhartiartl
2026-04-30,BHARTIARTL,BHARTIARTL announces strategic partnership to boost market share,Financial Express,https://finance.example.com/news/bhartiartl
2026-04-30,BHARTIARTL,Board of directors at BHARTIARTL considers new dividend payout plan,Financial Express,https://finance.example.com/news/bhartiartl
2026-05-01,BHARTIARTL,Supply chain disruptions impact production targets for BHARTIARTL,Financial Express,https://finance.example.com/news/bhartiartl
2026-05-01,BHARTIARTL,Quarterly revenue drops for BHARTIARTL as demand slows down,Livemint,https://finance.example.com/news/bhartiartl
2026-05-01,BHARTIARTL,BHARTIARTL downgraded by major brokerage following weak guidance,Economic Times,https://finance.example.com/news/bhartiartl
2026-05-04,BHARTIARTL,Board of directors at BHARTIARTL considers new dividend payout plan,Economic Times,https://finance.example.com/news/bhartiartl
2026-05-04,BHARTIARTL,"BHARTIARTL reports record quarterly profit, exceeding analyst estimates",Livemint,https://finance.example.com/news/bhartiartl
2026-05-05,BHARTIARTL,BHARTIARTL downgraded by major brokerage following weak guidance,Economic Times,https://finance.example.com/news/bhartiartl
2026-05-05,BHARTIARTL,BHARTIARTL faces margin pressure amid rising operational expenses,Economic Times,https://finance.example.com/news/bhartiartl
2026-05-06,BHARTIARTL,Executive leadership changes announced at BHARTIARTL,Economic Times,https://finance.example.com/news/bhartiartl
2026-05-06,BHARTIARTL,BHARTIARTL secures $500M international contract expansion,Business Standard,https://finance.example.com/news/bhartiartl
2026-05-07,BHARTIARTL,BHARTIARTL secures $500M international contract expansion,Economic Times,https://finance.example.com/news/bhartiartl
2026-05-08,BHARTIARTL,BHARTIARTL secures $500M international contract expansion,Financial Express,https://finance.example.com/news/bhartiartl
2026-05-08,BHARTIARTL,Market highlights: BHARTIARTL trades rangebound in quiet session,Business Standard,https://finance.example.com/news/bhartiartl
2026-05-08,BHARTIARTL,Regulatory scrutiny increases for BHARTIARTL over compliance issue,Economic Times,https://finance.example.com/news/bhartiartl
2026-05-08,BHARTIARTL,BHARTIARTL launches innovative AI-driven service line in India,Financial Express,https://finance.example.com/news/bhartiartl
2026-05-11,BHARTIARTL,Quarterly revenue drops for BHARTIARTL as demand slows down,Financial Express,https://finance.example.com/news/bhartiartl
2026-05-11,BHARTIARTL,Analysts upgrade BHARTIARTL target price following robust revenue growth,Livemint,https://finance.example.com/news/bhartiartl
2026-05-11,BHARTIARTL,Board of directors at BHARTIARTL considers new dividend payout plan,Livemint,https://finance.example.com/news/bhartiartl
2026-05-11,BHARTIARTL,Board of directors at BHARTIARTL considers new dividend payout plan,Financial Express,https://finance.example.com/news/bhartiartl
2026-05-12,BHARTIARTL,Analysts upgrade BHARTIARTL target price following robust revenue growth,Economic Times,https://finance.example.com/news/bhartiartl
2026-05-13,BHARTIARTL,Supply chain disruptions impact production targets for BHARTIARTL,Financial Express,https://finance.example.com/news/bhartiartl
2026-05-13,BHARTIARTL,Quarterly revenue drops for BHARTIARTL as demand slows down,Business Standard,https://finance.example.com/news/bhartiartl
2026-05-13,BHARTIARTL,Analysts upgrade BHARTIARTL target price following robust revenue growth,Financial Express,https://finance.example.com/news/bhartiartl
2026-05-14,BHARTIARTL,Supply chain disruptions impact production targets for BHARTIARTL,Economic Times,https://finance.example.com/news/bhartiartl
2026-05-15,BHARTIARTL,Analysts upgrade BHARTIARTL target price following robust revenue growth,Livemint,https://finance.example.com/news/bhartiartl
2026-05-15,BHARTIARTL,Analysts upgrade BHARTIARTL target price following robust revenue growth,Economic Times,https://finance.example.com/news/bhartiartl
2026-05-15,BHARTIARTL,BHARTIARTL faces margin pressure amid rising operational expenses,Financial Express,https://finance.example.com/news/bhartiartl
2026-05-18,BHARTIARTL,Supply chain disruptions impact production targets for BHARTIARTL,Financial Express,https://finance.example.com/news/bhartiartl
2026-05-18,BHARTIARTL,BHARTIARTL secures $500M international contract expansion,Economic Times,https://finance.example.com/news/bhartiartl
2026-05-19,BHARTIARTL,BHARTIARTL schedules annual general meeting for upcoming month,Livemint,https://finance.example.com/news/bhartiartl
2026-05-19,BHARTIARTL,BHARTIARTL launches innovative AI-driven service line in India,Economic Times,https://finance.example.com/news/bhartiartl
2026-05-19,BHARTIARTL,Regulatory scrutiny increases for BHARTIARTL over compliance issue,Financial Express,https://finance.example.com/news/bhartiartl
2026-05-19,BHARTIARTL,BHARTIARTL launches innovative AI-driven service line in India,Livemint,https://finance.example.com/news/bhartiartl
2026-05-20,BHARTIARTL,Market highlights: BHARTIARTL trades rangebound in quiet session,Financial Express,https://finance.example.com/news/bhartiartl
2026-05-20,BHARTIARTL,BHARTIARTL schedules annual general meeting for upcoming month,Business Standard,https://finance.example.com/news/bhartiartl
2026-05-20,BHARTIARTL,Supply chain disruptions impact production targets for BHARTIARTL,Financial Express,https://finance.example.com/news/bhartiartl
2026-05-21,BHARTIARTL,Regulatory scrutiny increases for BHARTIARTL over compliance issue,Livemint,https://finance.example.com/news/bhartiartl
2026-05-21,BHARTIARTL,BHARTIARTL announces strategic partnership to boost market share,Financial Express,https://finance.example.com/news/bhartiartl
2026-05-22,BHARTIARTL,Market highlights: BHARTIARTL trades rangebound in quiet session,Business Standard,https://finance.example.com/news/bhartiartl
2026-05-22,BHARTIARTL,Supply chain disruptions impact production targets for BHARTIARTL,Financial Express,https://finance.example.com/news/bhartiartl
2026-05-25,BHARTIARTL,Supply chain disruptions impact production targets for BHARTIARTL,Business Standard,https://finance.example.com/news/bhartiartl
2026-05-25,BHARTIARTL,BHARTIARTL downgraded by major brokerage following weak guidance,Business Standard,https://finance.example.com/news/bhartiartl
2026-05-26,BHARTIARTL,"BHARTIARTL reports record quarterly profit, exceeding analyst estimates",Economic Times,https://finance.example.com/news/bhartiartl
2026-05-26,BHARTIARTL,Supply chain disruptions impact production targets for BHARTIARTL,Financial Express,https://finance.example.com/news/bhartiartl
2026-05-26,BHARTIARTL,Executive leadership changes announced at BHARTIARTL,Business Standard,https://finance.example.com/news/bhartiartl
2026-05-27,BHARTIARTL,BHARTIARTL secures $500M international contract expansion,Livemint,https://finance.example.com/news/bhartiartl
2026-05-27,BHARTIARTL,Executive leadership changes announced at BHARTIARTL,Financial Express,https://finance.example.com/news/bhartiartl
2026-05-27,BHARTIARTL,"BHARTIARTL reports record quarterly profit, exceeding analyst estimates",Economic Times,https://finance.example.com/news/bhartiartl
2026-05-28,BHARTIARTL,BHARTIARTL secures $500M international contract expansion,Livemint,https://finance.example.com/news/bhartiartl
2026-05-28,BHARTIARTL,BHARTIARTL files quarterly compliance report with NSE,Financial Express,https://finance.example.com/news/bhartiartl
2026-05-28,BHARTIARTL,Regulatory scrutiny increases for BHARTIARTL over compliance issue,Economic Times,https://finance.example.com/news/bhartiartl
2026-05-29,BHARTIARTL,Analysts upgrade BHARTIARTL target price following robust revenue growth,Livemint,https://finance.example.com/news/bhartiartl
2026-06-01,BHARTIARTL,BHARTIARTL announces strategic partnership to boost market share,Livemint,https://finance.example.com/news/bhartiartl
2026-06-01,BHARTIARTL,Market highlights: BHARTIARTL trades rangebound in quiet session,Livemint,https://finance.example.com/news/bhartiartl
2026-06-01,BHARTIARTL,"BHARTIARTL reports record quarterly profit, exceeding analyst estimates",Financial Express,https://finance.example.com/news/bhartiartl
2026-06-02,BHARTIARTL,Analysts upgrade BHARTIARTL target price following robust revenue growth,Economic Times,https://finance.example.com/news/bhartiartl
2026-06-02,BHARTIARTL,"BHARTIARTL reports record quarterly profit, exceeding analyst estimates",Financial Express,https://finance.example.com/news/bhartiartl
2026-06-02,BHARTIARTL,Market highlights: BHARTIARTL trades rangebound in quiet session,Livemint,https://finance.example.com/news/bhartiartl
2026-06-03,BHARTIARTL,Board of directors at BHARTIARTL considers new dividend payout plan,Livemint,https://finance.example.com/news/bhartiartl
2026-06-03,BHARTIARTL,BHARTIARTL announces strategic partnership to boost market share,Business Standard,https://finance.example.com/news/bhartiartl
2026-06-04,BHARTIARTL,BHARTIARTL downgraded by major brokerage following weak guidance,Livemint,https://finance.example.com/news/bhartiartl
2026-06-04,BHARTIARTL,BHARTIARTL launches innovative AI-driven service line in India,Financial Express,https://finance.example.com/news/bhartiartl
2026-06-05,BHARTIARTL,BHARTIARTL secures $500M international contract expansion,Economic Times,https://finance.example.com/news/bhartiartl
2026-06-05,BHARTIARTL,BHARTIARTL launches innovative AI-driven service line in India,Economic Times,https://finance.example.com/news/bhartiartl
2026-06-05,BHARTIARTL,BHARTIARTL faces margin pressure amid rising operational expenses,Livemint,https://finance.example.com/news/bhartiartl
2026-06-05,BHARTIARTL,BHARTIARTL secures $500M international contract expansion,Business Standard,https://finance.example.com/news/bhartiartl
2026-06-08,BHARTIARTL,"BHARTIARTL reports record quarterly profit, exceeding analyst estimates",Business Standard,https://finance.example.com/news/bhartiartl
2026-06-08,BHARTIARTL,BHARTIARTL launches innovative AI-driven service line in India,Financial Express,https://finance.example.com/news/bhartiartl
2026-06-09,BHARTIARTL,BHARTIARTL schedules annual general meeting for upcoming month,Financial Express,https://finance.example.com/news/bhartiartl
2026-06-09,BHARTIARTL,"BHARTIARTL reports record quarterly profit, exceeding analyst estimates",Financial Express,https://finance.example.com/news/bhartiartl
2026-06-10,BHARTIARTL,BHARTIARTL schedules annual general meeting for upcoming month,Economic Times,https://finance.example.com/news/bhartiartl
2026-06-11,BHARTIARTL,BHARTIARTL files quarterly compliance report with NSE,Economic Times,https://finance.example.com/news/bhartiartl
2026-06-11,BHARTIARTL,Executive leadership changes announced at BHARTIARTL,Financial Express,https://finance.example.com/news/bhartiartl
2026-06-12,BHARTIARTL,BHARTIARTL schedules annual general meeting for upcoming month,Livemint,https://finance.example.com/news/bhartiartl
2026-06-15,BHARTIARTL,BHARTIARTL launches innovative AI-driven service line in India,Business Standard,https://finance.example.com/news/bhartiartl
2026-06-16,BHARTIARTL,BHARTIARTL launches innovative AI-driven service line in India,Economic Times,https://finance.example.com/news/bhartiartl
2026-06-16,BHARTIARTL,BHARTIARTL announces strategic partnership to boost market share,Livemint,https://finance.example.com/news/bhartiartl
2026-06-17,BHARTIARTL,"BHARTIARTL reports record quarterly profit, exceeding analyst estimates",Financial Express,https://finance.example.com/news/bhartiartl
2026-06-18,BHARTIARTL,BHARTIARTL launches innovative AI-driven service line in India,Economic Times,https://finance.example.com/news/bhartiartl
2026-06-18,BHARTIARTL,BHARTIARTL secures $500M international contract expansion,Financial Express,https://finance.example.com/news/bhartiartl
2026-06-18,BHARTIARTL,BHARTIARTL launches innovative AI-driven service line in India,Economic Times,https://finance.example.com/news/bhartiartl
2026-06-19,BHARTIARTL,Regulatory scrutiny increases for BHARTIARTL over compliance issue,Business Standard,https://finance.example.com/news/bhartiartl
2026-06-19,BHARTIARTL,BHARTIARTL faces margin pressure amid rising operational expenses,Business Standard,https://finance.example.com/news/bhartiartl
2026-06-19,BHARTIARTL,"BHARTIARTL reports record quarterly profit, exceeding analyst estimates",Economic Times,https://finance.example.com/news/bhartiartl
2026-06-22,BHARTIARTL,BHARTIARTL files quarterly compliance report with NSE,Livemint,https://finance.example.com/news/bhartiartl
2026-06-23,BHARTIARTL,BHARTIARTL faces margin pressure amid rising operational expenses,Livemint,https://finance.example.com/news/bhartiartl
2026-06-24,BHARTIARTL,Executive leadership changes announced at BHARTIARTL,Economic Times,https://finance.example.com/news/bhartiartl
2026-06-25,BHARTIARTL,Quarterly revenue drops for BHARTIARTL as demand slows down,Economic Times,https://finance.example.com/news/bhartiartl
2026-06-25,BHARTIARTL,Regulatory scrutiny increases for BHARTIARTL over compliance issue,Livemint,https://finance.example.com/news/bhartiartl
2026-06-26,BHARTIARTL,"BHARTIARTL reports record quarterly profit, exceeding analyst estimates",Livemint,https://finance.example.com/news/bhartiartl
2026-06-26,BHARTIARTL,BHARTIARTL files quarterly compliance report with NSE,Livemint,https://finance.example.com/news/bhartiartl
2026-06-26,BHARTIARTL,BHARTIARTL schedules annual general meeting for upcoming month,Financial Express,https://finance.example.com/news/bhartiartl
2026-06-29,BHARTIARTL,Board of directors at BHARTIARTL considers new dividend payout plan,Livemint,https://finance.example.com/news/bhartiartl
2026-06-29,BHARTIARTL,BHARTIARTL launches innovative AI-driven service line in India,Business Standard,https://finance.example.com/news/bhartiartl
2026-06-30,BHARTIARTL,BHARTIARTL launches innovative AI-driven service line in India,Livemint,https://finance.example.com/news/bhartiartl
2026-07-01,BHARTIARTL,BHARTIARTL secures $500M international contract expansion,Economic Times,https://finance.example.com/news/bhartiartl
2026-07-01,BHARTIARTL,BHARTIARTL files quarterly compliance report with NSE,Livemint,https://finance.example.com/news/bhartiartl
2026-07-02,BHARTIARTL,BHARTIARTL downgraded by major brokerage following weak guidance,Livemint,https://finance.example.com/news/bhartiartl
2026-07-02,BHARTIARTL,BHARTIARTL secures $500M international contract expansion,Business Standard,https://finance.example.com/news/bhartiartl
2026-07-02,BHARTIARTL,BHARTIARTL downgraded by major brokerage following weak guidance,Business Standard,https://finance.example.com/news/bhartiartl
2026-07-02,BHARTIARTL,Regulatory scrutiny increases for BHARTIARTL over compliance issue,Business Standard,https://finance.example.com/news/bhartiartl
2026-07-03,BHARTIARTL,BHARTIARTL downgraded by major brokerage following weak guidance,Economic Times,https://finance.example.com/news/bhartiartl
2026-07-06,BHARTIARTL,"BHARTIARTL reports record quarterly profit, exceeding analyst estimates",Economic Times,https://finance.example.com/news/bhartiartl
2026-07-07,BHARTIARTL,BHARTIARTL launches innovative AI-driven service line in India,Economic Times,https://finance.example.com/news/bhartiartl
2026-07-08,BHARTIARTL,Analysts upgrade BHARTIARTL target price following robust revenue growth,Livemint,https://finance.example.com/news/bhartiartl
2026-07-09,BHARTIARTL,BHARTIARTL secures $500M international contract expansion,Business Standard,https://finance.example.com/news/bhartiartl
2026-07-09,BHARTIARTL,BHARTIARTL secures $500M international contract expansion,Financial Express,https://finance.example.com/news/bhartiartl
2026-07-10,BHARTIARTL,BHARTIARTL secures $500M international contract expansion,Business Standard,https://finance.example.com/news/bhartiartl
2026-07-10,BHARTIARTL,Market highlights: BHARTIARTL trades rangebound in quiet session,Livemint,https://finance.example.com/news/bhartiartl
2026-07-13,BHARTIARTL,Executive leadership changes announced at BHARTIARTL,Financial Express,https://finance.example.com/news/bhartiartl
2026-07-14,BHARTIARTL,Board of directors at BHARTIARTL considers new dividend payout plan,Financial Express,https://finance.example.com/news/bhartiartl
2026-07-14,BHARTIARTL,BHARTIARTL secures $500M international contract expansion,Financial Express,https://finance.example.com/news/bhartiartl
2026-07-14,BHARTIARTL,"BHARTIARTL reports record quarterly profit, exceeding analyst estimates",Business Standard,https://finance.example.com/news/bhartiartl
2026-07-14,BHARTIARTL,BHARTIARTL secures $500M international contract expansion,Business Standard,https://finance.example.com/news/bhartiartl
2026-07-15,BHARTIARTL,BHARTIARTL files quarterly compliance report with NSE,Business Standard,https://finance.example.com/news/bhartiartl
2026-07-15,BHARTIARTL,Quarterly revenue drops for BHARTIARTL as demand slows down,Business Standard,https://finance.example.com/news/bhartiartl
2026-07-16,BHARTIARTL,BHARTIARTL secures $500M international contract expansion,Financial Express,https://finance.example.com/news/bhartiartl
2026-07-17,BHARTIARTL,Regulatory scrutiny increases for BHARTIARTL over compliance issue,Economic Times,https://finance.example.com/news/bhartiartl
2026-07-20,BHARTIARTL,BHARTIARTL launches innovative AI-driven service line in India,Business Standard,https://finance.example.com/news/bhartiartl
2026-07-21,BHARTIARTL,Executive leadership changes announced at BHARTIARTL,Livemint,https://finance.example.com/news/bhartiartl
2026-07-21,BHARTIARTL,Market highlights: BHARTIARTL trades rangebound in quiet session,Economic Times,https://finance.example.com/news/bhartiartl
2026-07-21,BHARTIARTL,"BHARTIARTL reports record quarterly profit, exceeding analyst estimates",Business Standard,https://finance.example.com/news/bhartiartl
2026-07-22,BHARTIARTL,Market highlights: BHARTIARTL trades rangebound in quiet session,Financial Express,https://finance.example.com/news/bhartiartl
2026-07-22,BHARTIARTL,BHARTIARTL secures $500M international contract expansion,Financial Express,https://finance.example.com/news/bhartiartl
2026-07-23,BHARTIARTL,BHARTIARTL downgraded by major brokerage following weak guidance,Business Standard,https://finance.example.com/news/bhartiartl
2026-07-23,BHARTIARTL,Analysts upgrade BHARTIARTL target price following robust revenue growth,Business Standard,https://finance.example.com/news/bhartiartl
2026-07-23,BHARTIARTL,"BHARTIARTL reports record quarterly profit, exceeding analyst estimates",Financial Express,https://finance.example.com/news/bhartiartl
2026-07-23,BHARTIARTL,BHARTIARTL announces strategic partnership to boost market share,Livemint,https://finance.example.com/news/bhartiartl
2026-07-24,BHARTIARTL,BHARTIARTL secures $500M international contract expansion,Financial Express,https://finance.example.com/news/bhartiartl
2026-07-27,BHARTIARTL,"BHARTIARTL reports record quarterly profit, exceeding analyst estimates",Livemint,https://finance.example.com/news/bhartiartl
2026-07-28,BHARTIARTL,BHARTIARTL faces margin pressure amid rising operational expenses,Economic Times,https://finance.example.com/news/bhartiartl
2026-07-28,BHARTIARTL,BHARTIARTL announces strategic partnership to boost market share,Financial Express,https://finance.example.com/news/bhartiartl
2026-07-29,BHARTIARTL,Analysts upgrade BHARTIARTL target price following robust revenue growth,Financial Express,https://finance.example.com/news/bhartiartl
2026-07-29,BHARTIARTL,BHARTIARTL schedules annual general meeting for upcoming month,Livemint,https://finance.example.com/news/bhartiartl
2026-07-29,BHARTIARTL,Market highlights: BHARTIARTL trades rangebound in quiet session,Economic Times,https://finance.example.com/news/bhartiartl
2026-07-29,BHARTIARTL,BHARTIARTL launches innovative AI-driven service line in India,Livemint,https://finance.example.com/news/bhartiartl
2026-07-30,BHARTIARTL,BHARTIARTL schedules annual general meeting for upcoming month,Livemint,https://finance.example.com/news/bhartiartl
2026-07-30,BHARTIARTL,Supply chain disruptions impact production targets for BHARTIARTL,Financial Express,https://finance.example.com/news/bhartiartl
2026-07-31,BHARTIARTL,BHARTIARTL launches innovative AI-driven service line in India,Business Standard,https://finance.example.com/news/bhartiartl
2026-07-31,BHARTIARTL,BHARTIARTL faces margin pressure amid rising operational expenses,Livemint,https://finance.example.com/news/bhartiartl
2026-08-03,BHARTIARTL,BHARTIARTL launches innovative AI-driven service line in India,Financial Express,https://finance.example.com/news/bhartiartl
2026-08-03,BHARTIARTL,BHARTIARTL schedules annual general meeting for upcoming month,Economic Times,https://finance.example.com/news/bhartiartl
2026-08-04,BHARTIARTL,Board of directors at BHARTIARTL considers new dividend payout plan,Economic Times,https://finance.example.com/news/bhartiartl
2026-08-04,BHARTIARTL,Executive leadership changes announced at BHARTIARTL,Livemint,https://finance.example.com/news/bhartiartl
2026-08-05,BHARTIARTL,BHARTIARTL files quarterly compliance report with NSE,Livemint,https://finance.example.com/news/bhartiartl
2026-08-05,BHARTIARTL,BHARTIARTL launches innovative AI-driven service line in India,Financial Express,https://finance.example.com/news/bhartiartl
2026-08-05,BHARTIARTL,Market highlights: BHARTIARTL trades rangebound in quiet session,Economic Times,https://finance.example.com/news/bhartiartl
2026-08-05,BHARTIARTL,BHARTIARTL announces strategic partnership to boost market share,Financial Express,https://finance.example.com/news/bhartiartl
2026-08-06,BHARTIARTL,BHARTIARTL downgraded by major brokerage following weak guidance,Financial Express,https://finance.example.com/news/bhartiartl
2026-08-06,BHARTIARTL,Board of directors at BHARTIARTL considers new dividend payout plan,Livemint,https://finance.example.com/news/bhartiartl
2026-08-07,BHARTIARTL,BHARTIARTL downgraded by major brokerage following weak guidance,Livemint,https://finance.example.com/news/bhartiartl
2026-08-10,BHARTIARTL,Board of directors at BHARTIARTL considers new dividend payout plan,Financial Express,https://finance.example.com/news/bhartiartl
2026-08-10,BHARTIARTL,Analysts upgrade BHARTIARTL target price following robust revenue growth,Livemint,https://finance.example.com/news/bhartiartl
2026-08-11,BHARTIARTL,BHARTIARTL launches innovative AI-driven service line in India,Livemint,https://finance.example.com/news/bhartiartl
2026-08-12,BHARTIARTL,Market highlights: BHARTIARTL trades rangebound in quiet session,Economic Times,https://finance.example.com/news/bhartiartl
2026-08-12,BHARTIARTL,Executive leadership changes announced at BHARTIARTL,Business Standard,https://finance.example.com/news/bhartiartl
2026-08-12,BHARTIARTL,Analysts upgrade BHARTIARTL target price following robust revenue growth,Business Standard,https://finance.example.com/news/bhartiartl
2026-08-12,BHARTIARTL,Supply chain disruptions impact production targets for BHARTIARTL,Economic Times,https://finance.example.com/news/bhartiartl
2026-08-13,BHARTIARTL,BHARTIARTL announces strategic partnership to boost market share,Livemint,https://finance.example.com/news/bhartiartl
2026-08-13,BHARTIARTL,BHARTIARTL launches innovative AI-driven service line in India,Business Standard,https://finance.example.com/news/bhartiartl
2026-08-13,BHARTIARTL,"BHARTIARTL reports record quarterly profit, exceeding analyst estimates",Financial Express,https://finance.example.com/news/bhartiartl
2026-08-13,BHARTIARTL,Board of directors at BHARTIARTL considers new dividend payout plan,Financial Express,https://finance.example.com/news/bhartiartl
2026-08-14,BHARTIARTL,BHARTIARTL files quarterly compliance report with NSE,Business Standard,https://finance.example.com/news/bhartiartl
2026-08-14,BHARTIARTL,BHARTIARTL launches innovative AI-driven service line in India,Financial Express,https://finance.example.com/news/bhartiartl
2026-08-17,BHARTIARTL,BHARTIARTL launches innovative AI-driven service line in India,Financial Express,https://finance.example.com/news/bhartiartl
2026-08-17,BHARTIARTL,BHARTIARTL launches innovative AI-driven service line in India,Business Standard,https://finance.example.com/news/bhartiartl
2026-08-18,BHARTIARTL,"BHARTIARTL reports record quarterly profit, exceeding analyst estimates",Business Standard,https://finance.example.com/news/bhartiartl
2026-08-19,BHARTIARTL,Analysts upgrade BHARTIARTL target price following robust revenue growth,Financial Express,https://finance.example.com/news/bhartiartl
2026-08-19,BHARTIARTL,BHARTIARTL announces strategic partnership to boost market share,Business Standard,https://finance.example.com/news/bhartiartl
2026-08-19,BHARTIARTL,BHARTIARTL launches innovative AI-driven service line in India,Financial Express,https://finance.example.com/news/bhartiartl
2026-08-19,BHARTIARTL,"BHARTIARTL reports record quarterly profit, exceeding analyst estimates",Economic Times,https://finance.example.com/news/bhartiartl
2026-08-20,BHARTIARTL,BHARTIARTL secures $500M international contract expansion,Livemint,https://finance.example.com/news/bhartiartl
2026-08-20,BHARTIARTL,Supply chain disruptions impact production targets for BHARTIARTL,Business Standard,https://finance.example.com/news/bhartiartl
2026-08-20,BHARTIARTL,Analysts upgrade BHARTIARTL target price following robust revenue growth,Business Standard,https://finance.example.com/news/bhartiartl
2026-08-20,BHARTIARTL,Board of directors at BHARTIARTL considers new dividend payout plan,Financial Express,https://finance.example.com/news/bhartiartl
2026-08-21,BHARTIARTL,Market highlights: BHARTIARTL trades rangebound in quiet session,Livemint,https://finance.example.com/news/bhartiartl
2026-08-21,BHARTIARTL,BHARTIARTL secures $500M international contract expansion,Financial Express,https://finance.example.com/news/bhartiartl
2026-08-24,BHARTIARTL,BHARTIARTL launches innovative AI-driven service line in India,Financial Express,https://finance.example.com/news/bhartiartl
2026-08-24,BHARTIARTL,BHARTIARTL launches innovative AI-driven service line in India,Business Standard,https://finance.example.com/news/bhartiartl
2026-08-25,BHARTIARTL,Quarterly revenue drops for BHARTIARTL as demand slows down,Economic Times,https://finance.example.com/news/bhartiartl
2026-08-25,BHARTIARTL,BHARTIARTL schedules annual general meeting for upcoming month,Business Standard,https://finance.example.com/news/bhartiartl
2026-08-26,BHARTIARTL,BHARTIARTL files quarterly compliance report with NSE,Economic Times,https://finance.example.com/news/bhartiartl
2026-08-26,BHARTIARTL,BHARTIARTL launches innovative AI-driven service line in India,Business Standard,https://finance.example.com/news/bhartiartl
2026-08-26,BHARTIARTL,Regulatory scrutiny increases for BHARTIARTL over compliance issue,Business Standard,https://finance.example.com/news/bhartiartl
2026-08-27,BHARTIARTL,Executive leadership changes announced at BHARTIARTL,Business Standard,https://finance.example.com/news/bhartiartl
2026-08-27,BHARTIARTL,Executive leadership changes announced at BHARTIARTL,Economic Times,https://finance.example.com/news/bhartiartl
2026-08-27,BHARTIARTL,BHARTIARTL announces strategic partnership to boost market share,Economic Times,https://finance.example.com/news/bhartiartl
2026-08-28,BHARTIARTL,Quarterly revenue drops for BHARTIARTL as demand slows down,Financial Express,https://finance.example.com/news/bhartiartl
2026-08-28,BHARTIARTL,BHARTIARTL launches innovative AI-driven service line in India,Economic Times,https://finance.example.com/news/bhartiartl
2026-08-28,BHARTIARTL,Quarterly revenue drops for BHARTIARTL as demand slows down,Financial Express,https://finance.example.com/news/bhartiartl
2026-08-31,BHARTIARTL,"BHARTIARTL reports record quarterly profit, exceeding analyst estimates",Business Standard,https://finance.example.com/news/bhartiartl
2026-08-31,BHARTIARTL,Board of directors at BHARTIARTL considers new dividend payout plan,Business Standard,https://finance.example.com/news/bhartiartl
2026-08-31,BHARTIARTL,Supply chain disruptions impact production targets for BHARTIARTL,Financial Express,https://finance.example.com/news/bhartiartl
2026-08-31,BHARTIARTL,BHARTIARTL secures $500M international contract expansion,Business Standard,https://finance.example.com/news/bhartiartl
2026-09-01,BHARTIARTL,Regulatory scrutiny increases for BHARTIARTL over compliance issue,Livemint,https://finance.example.com/news/bhartiartl
2026-09-01,BHARTIARTL,BHARTIARTL secures $500M international contract expansion,Financial Express,https://finance.example.com/news/bhartiartl
2026-09-02,BHARTIARTL,BHARTIARTL schedules annual general meeting for upcoming month,Livemint,https://finance.example.com/news/bhartiartl
2026-09-02,BHARTIARTL,Executive leadership changes announced at BHARTIARTL,Financial Express,https://finance.example.com/news/bhartiartl
2026-09-02,BHARTIARTL,BHARTIARTL downgraded by major brokerage following weak guidance,Business Standard,https://finance.example.com/news/bhartiartl
2026-09-03,BHARTIARTL,BHARTIARTL announces strategic partnership to boost market share,Business Standard,https://finance.example.com/news/bhartiartl
2026-09-03,BHARTIARTL,Quarterly revenue drops for BHARTIARTL as demand slows down,Financial Express,https://finance.example.com/news/bhartiartl
2026-09-03,BHARTIARTL,Market highlights: BHARTIARTL trades rangebound in quiet session,Business Standard,https://finance.example.com/news/bhartiartl
2026-09-03,BHARTIARTL,BHARTIARTL announces strategic partnership to boost market share,Economic Times,https://finance.example.com/news/bhartiartl
2026-09-04,BHARTIARTL,BHARTIARTL launches innovative AI-driven service line in India,Livemint,https://finance.example.com/news/bhartiartl
2026-09-04,BHARTIARTL,BHARTIARTL schedules annual general meeting for upcoming month,Financial Express,https://finance.example.com/news/bhartiartl
2026-09-04,BHARTIARTL,BHARTIARTL schedules annual general meeting for upcoming month,Financial Express,https://finance.example.com/news/bhartiartl
2026-09-04,BHARTIARTL,Supply chain disruptions impact production targets for BHARTIARTL,Business Standard,https://finance.example.com/news/bhartiartl
2026-09-07,BHARTIARTL,Supply chain disruptions impact production targets for BHARTIARTL,Financial Express,https://finance.example.com/news/bhartiartl
2026-09-08,BHARTIARTL,BHARTIARTL faces margin pressure amid rising operational expenses,Livemint,https://finance.example.com/news/bhartiartl
2026-09-08,BHARTIARTL,Board of directors at BHARTIARTL considers new dividend payout plan,Economic Times,https://finance.example.com/news/bhartiartl
2026-09-08,BHARTIARTL,Executive leadership changes announced at BHARTIARTL,Business Standard,https://finance.example.com/news/bhartiartl
2026-09-08,BHARTIARTL,BHARTIARTL launches innovative AI-driven service line in India,Financial Express,https://finance.example.com/news/bhartiartl
2026-09-09,BHARTIARTL,Market highlights: BHARTIARTL trades rangebound in quiet session,Business Standard,https://finance.example.com/news/bhartiartl
2026-09-09,BHARTIARTL,Market highlights: BHARTIARTL trades rangebound in quiet session,Financial Express,https://finance.example.com/news/bhartiartl
2026-09-09,BHARTIARTL,Board of directors at BHARTIARTL considers new dividend payout plan,Livemint,https://finance.example.com/news/bhartiartl
2026-09-10,BHARTIARTL,BHARTIARTL files quarterly compliance report with NSE,Livemint,https://finance.example.com/news/bhartiartl
2026-09-10,BHARTIARTL,Market highlights: BHARTIARTL trades rangebound in quiet session,Economic Times,https://finance.example.com/news/bhartiartl
2026-09-10,BHARTIARTL,BHARTIARTL launches innovative AI-driven service line in India,Financial Express,https://finance.example.com/news/bhartiartl
2026-09-11,BHARTIARTL,Analysts upgrade BHARTIARTL target price following robust revenue growth,Livemint,https://finance.example.com/news/bhartiartl
2026-09-14,BHARTIARTL,BHARTIARTL announces strategic partnership to boost market share,Business Standard,https://finance.example.com/news/bhartiartl
2026-09-14,BHARTIARTL,BHARTIARTL launches innovative AI-driven service line in India,Economic Times,https://finance.example.com/news/bhartiartl
2026-09-14,BHARTIARTL,BHARTIARTL downgraded by major brokerage following weak guidance,Financial Express,https://finance.example.com/news/bhartiartl
2026-09-15,BHARTIARTL,BHARTIARTL launches innovative AI-driven service line in India,Economic Times,https://finance.example.com/news/bhartiartl
2026-09-15,BHARTIARTL,Quarterly revenue drops for BHARTIARTL as demand slows down,Economic Times,https://finance.example.com/news/bhartiartl
2026-09-15,BHARTIARTL,BHARTIARTL faces margin pressure amid rising operational expenses,Economic Times,https://finance.example.com/news/bhartiartl
2026-09-15,BHARTIARTL,Supply chain disruptions impact production targets for BHARTIARTL,Business Standard,https://finance.example.com/news/bhartiartl
2026-09-16,BHARTIARTL,Board of directors at BHARTIARTL considers new dividend payout plan,Livemint,https://finance.example.com/news/bhartiartl
2026-09-16,BHARTIARTL,"BHARTIARTL reports record quarterly profit, exceeding analyst estimates",Financial Express,https://finance.example.com/news/bhartiartl
2026-09-16,BHARTIARTL,Supply chain disruptions impact production targets for BHARTIARTL,Economic Times,https://finance.example.com/news/bhartiartl
2026-09-17,BHARTIARTL,Supply chain disruptions impact production targets for BHARTIARTL,Financial Express,https://finance.example.com/news/bhartiartl
2026-09-18,BHARTIARTL,BHARTIARTL secures $500M international contract expansion,Business Standard,https://finance.example.com/news/bhartiartl
2026-09-18,BHARTIARTL,Quarterly revenue drops for BHARTIARTL as demand slows down,Economic Times,https://finance.example.com/news/bhartiartl
2026-09-18,BHARTIARTL,BHARTIARTL secures $500M international contract expansion,Livemint,https://finance.example.com/news/bhartiartl
2026-09-18,BHARTIARTL,BHARTIARTL secures $500M international contract expansion,Business Standard,https://finance.example.com/news/bhartiartl
2026-09-21,BHARTIARTL,Quarterly revenue drops for BHARTIARTL as demand slows down,Financial Express,https://finance.example.com/news/bhartiartl
2026-09-21,BHARTIARTL,BHARTIARTL schedules annual general meeting for upcoming month,Financial Express,https://finance.example.com/news/bhartiartl
2026-09-21,BHARTIARTL,BHARTIARTL announces strategic partnership to boost market share,Financial Express,https://finance.example.com/news/bhartiartl
2026-09-22,BHARTIARTL,Analysts upgrade BHARTIARTL target price following robust revenue growth,Economic Times,https://finance.example.com/news/bhartiartl
2026-09-23,BHARTIARTL,Analysts upgrade BHARTIARTL target price following robust revenue growth,Economic Times,https://finance.example.com/news/bhartiartl
2026-09-24,BHARTIARTL,"BHARTIARTL reports record quarterly profit, exceeding analyst estimates",Business Standard,https://finance.example.com/news/bhartiartl
2026-09-24,BHARTIARTL,"BHARTIARTL reports record quarterly profit, exceeding analyst estimates",Economic Times,https://finance.example.com/news/bhartiartl
2026-09-24,BHARTIARTL,BHARTIARTL downgraded by major brokerage following weak guidance,Livemint,https://finance.example.com/news/bhartiartl
2026-09-24,BHARTIARTL,BHARTIARTL downgraded by major brokerage following weak guidance,Economic Times,https://finance.example.com/news/bhartiartl
2026-09-25,BHARTIARTL,BHARTIARTL secures $500M international contract expansion,Financial Express,https://finance.example.com/news/bhartiartl
2026-09-25,BHARTIARTL,Analysts upgrade BHARTIARTL target price following robust revenue growth,Livemint,https://finance.example.com/news/bhartiartl
2026-09-28,BHARTIARTL,Executive leadership changes announced at BHARTIARTL,Financial Express,https://finance.example.com/news/bhartiartl
2026-09-28,BHARTIARTL,Analysts upgrade BHARTIARTL target price following robust revenue growth,Financial Express,https://finance.example.com/news/bhartiartl
2026-09-28,BHARTIARTL,"BHARTIARTL reports record quarterly profit, exceeding analyst estimates",Financial Express,https://finance.example.com/news/bhartiartl
2026-09-28,BHARTIARTL,Regulatory scrutiny increases for BHARTIARTL over compliance issue,Economic Times,https://finance.example.com/news/bhartiartl
2026-09-29,BHARTIARTL,BHARTIARTL secures $500M international contract expansion,Financial Express,https://finance.example.com/news/bhartiartl
2026-09-29,BHARTIARTL,BHARTIARTL secures $500M international contract expansion,Financial Express,https://finance.example.com/news/bhartiartl
2026-09-29,BHARTIARTL,Board of directors at BHARTIARTL considers new dividend payout plan,Livemint,https://finance.example.com/news/bhartiartl
2026-09-30,BHARTIARTL,BHARTIARTL faces margin pressure amid rising operational expenses,Livemint,https://finance.example.com/news/bhartiartl
2026-09-30,BHARTIARTL,BHARTIARTL files quarterly compliance report with NSE,Business Standard,https://finance.example.com/news/bhartiartl
2026-09-30,BHARTIARTL,Market highlights: BHARTIARTL trades rangebound in quiet session,Business Standard,https://finance.example.com/news/bhartiartl
2026-10-01,BHARTIARTL,BHARTIARTL files quarterly compliance report with NSE,Economic Times,https://finance.example.com/news/bhartiartl
2026-10-01,BHARTIARTL,Analysts upgrade BHARTIARTL target price following robust revenue growth,Business Standard,https://finance.example.com/news/bhartiartl
2026-10-01,BHARTIARTL,BHARTIARTL announces strategic partnership to boost market share,Livemint,https://finance.example.com/news/bhartiartl
2026-10-01,BHARTIARTL,BHARTIARTL secures $500M international contract expansion,Business Standard,https://finance.example.com/news/bhartiartl
2026-10-02,BHARTIARTL,Market highlights: BHARTIARTL trades rangebound in quiet session,Livemint,https://finance.example.com/news/bhartiartl
2026-10-02,BHARTIARTL,Executive leadership changes announced at BHARTIARTL,Financial Express,https://finance.example.com/news/bhartiartl
2026-10-02,BHARTIARTL,BHARTIARTL downgraded by major brokerage following weak guidance,Economic Times,https://finance.example.com/news/bhartiartl
2026-10-02,BHARTIARTL,Quarterly revenue drops for BHARTIARTL as demand slows down,Financial Express,https://finance.example.com/news/bhartiartl
2026-04-07,KOTAKBANK,"KOTAKBANK reports record quarterly profit, exceeding analyst estimates",Livemint,https://finance.example.com/news/kotakbank
2026-04-07,KOTAKBANK,Quarterly revenue drops for KOTAKBANK as demand slows down,Livemint,https://finance.example.com/news/kotakbank
2026-04-07,KOTAKBANK,"KOTAKBANK reports record quarterly profit, exceeding analyst estimates",Economic Times,https://finance.example.com/news/kotakbank
2026-04-07,KOTAKBANK,Market highlights: KOTAKBANK trades rangebound in quiet session,Economic Times,https://finance.example.com/news/kotakbank
2026-04-08,KOTAKBANK,KOTAKBANK secures $500M international contract expansion,Livemint,https://finance.example.com/news/kotakbank
2026-04-08,KOTAKBANK,Analysts upgrade KOTAKBANK target price following robust revenue growth,Financial Express,https://finance.example.com/news/kotakbank
2026-04-08,KOTAKBANK,"KOTAKBANK reports record quarterly profit, exceeding analyst estimates",Livemint,https://finance.example.com/news/kotakbank
2026-04-09,KOTAKBANK,Quarterly revenue drops for KOTAKBANK as demand slows down,Economic Times,https://finance.example.com/news/kotakbank
2026-04-09,KOTAKBANK,KOTAKBANK downgraded by major brokerage following weak guidance,Livemint,https://finance.example.com/news/kotakbank
2026-04-10,KOTAKBANK,KOTAKBANK faces margin pressure amid rising operational expenses,Livemint,https://finance.example.com/news/kotakbank
2026-04-10,KOTAKBANK,KOTAKBANK schedules annual general meeting for upcoming month,Business Standard,https://finance.example.com/news/kotakbank
2026-04-13,KOTAKBANK,Analysts upgrade KOTAKBANK target price following robust revenue growth,Economic Times,https://finance.example.com/news/kotakbank
2026-04-13,KOTAKBANK,KOTAKBANK launches innovative AI-driven service line in India,Business Standard,https://finance.example.com/news/kotakbank
2026-04-13,KOTAKBANK,Analysts upgrade KOTAKBANK target price following robust revenue growth,Business Standard,https://finance.example.com/news/kotakbank
2026-04-13,KOTAKBANK,KOTAKBANK launches innovative AI-driven service line in India,Economic Times,https://finance.example.com/news/kotakbank
2026-04-14,KOTAKBANK,Regulatory scrutiny increases for KOTAKBANK over compliance issue,Financial Express,https://finance.example.com/news/kotakbank
2026-04-14,KOTAKBANK,KOTAKBANK announces strategic partnership to boost market share,Financial Express,https://finance.example.com/news/kotakbank
2026-04-14,KOTAKBANK,KOTAKBANK files quarterly compliance report with NSE,Economic Times,https://finance.example.com/news/kotakbank
2026-04-15,KOTAKBANK,KOTAKBANK announces strategic partnership to boost market share,Financial Express,https://finance.example.com/news/kotakbank
2026-04-15,KOTAKBANK,"KOTAKBANK reports record quarterly profit, exceeding analyst estimates",Financial Express,https://finance.example.com/news/kotakbank
2026-04-15,KOTAKBANK,KOTAKBANK downgraded by major brokerage following weak guidance,Livemint,https://finance.example.com/news/kotakbank
2026-04-15,KOTAKBANK,Analysts upgrade KOTAKBANK target price following robust revenue growth,Business Standard,https://finance.example.com/news/kotakbank
2026-04-16,KOTAKBANK,Quarterly revenue drops for KOTAKBANK as demand slows down,Business Standard,https://finance.example.com/news/kotakbank
2026-04-17,KOTAKBANK,KOTAKBANK launches innovative AI-driven service line in India,Business Standard,https://finance.example.com/news/kotakbank
2026-04-20,KOTAKBANK,Executive leadership changes announced at KOTAKBANK,Financial Express,https://finance.example.com/news/kotakbank
2026-04-21,KOTAKBANK,"KOTAKBANK reports record quarterly profit, exceeding analyst estimates",Economic Times,https://finance.example.com/news/kotakbank
2026-04-22,KOTAKBANK,Market highlights: KOTAKBANK trades rangebound in quiet session,Economic Times,https://finance.example.com/news/kotakbank
2026-04-23,KOTAKBANK,Analysts upgrade KOTAKBANK target price following robust revenue growth,Financial Express,https://finance.example.com/news/kotakbank
2026-04-23,KOTAKBANK,KOTAKBANK schedules annual general meeting for upcoming month,Livemint,https://finance.example.com/news/kotakbank
2026-04-24,KOTAKBANK,Analysts upgrade KOTAKBANK target price following robust revenue growth,Financial Express,https://finance.example.com/news/kotakbank
2026-04-27,KOTAKBANK,KOTAKBANK announces strategic partnership to boost market share,Business Standard,https://finance.example.com/news/kotakbank
2026-04-27,KOTAKBANK,KOTAKBANK secures $500M international contract expansion,Economic Times,https://finance.example.com/news/kotakbank
2026-04-27,KOTAKBANK,KOTAKBANK faces margin pressure amid rising operational expenses,Economic Times,https://finance.example.com/news/kotakbank
2026-04-28,KOTAKBANK,Executive leadership changes announced at KOTAKBANK,Business Standard,https://finance.example.com/news/kotakbank
2026-04-28,KOTAKBANK,KOTAKBANK faces margin pressure amid rising operational expenses,Economic Times,https://finance.example.com/news/kotakbank
2026-04-28,KOTAKBANK,KOTAKBANK downgraded by major brokerage following weak guidance,Livemint,https://finance.example.com/news/kotakbank
2026-04-29,KOTAKBANK,Market highlights: KOTAKBANK trades rangebound in quiet session,Economic Times,https://finance.example.com/news/kotakbank
2026-04-29,KOTAKBANK,Analysts upgrade KOTAKBANK target price following robust revenue growth,Financial Express,https://finance.example.com/news/kotakbank
2026-04-29,KOTAKBANK,KOTAKBANK secures $500M international contract expansion,Economic Times,https://finance.example.com/news/kotakbank
2026-04-30,KOTAKBANK,KOTAKBANK launches innovative AI-driven service line in India,Financial Express,https://finance.example.com/news/kotakbank
2026-05-01,KOTAKBANK,KOTAKBANK secures $500M international contract expansion,Business Standard,https://finance.example.com/news/kotakbank
2026-05-01,KOTAKBANK,Board of directors at KOTAKBANK considers new dividend payout plan,Business Standard,https://finance.example.com/news/kotakbank
2026-05-04,KOTAKBANK,KOTAKBANK announces strategic partnership to boost market share,Livemint,https://finance.example.com/news/kotakbank
2026-05-05,KOTAKBANK,Board of directors at KOTAKBANK considers new dividend payout plan,Financial Express,https://finance.example.com/news/kotakbank
2026-05-05,KOTAKBANK,Board of directors at KOTAKBANK considers new dividend payout plan,Livemint,https://finance.example.com/news/kotakbank
2026-05-05,KOTAKBANK,KOTAKBANK launches innovative AI-driven service line in India,Economic Times,https://finance.example.com/news/kotakbank
2026-05-06,KOTAKBANK,Analysts upgrade KOTAKBANK target price following robust revenue growth,Business Standard,https://finance.example.com/news/kotakbank
2026-05-06,KOTAKBANK,Analysts upgrade KOTAKBANK target price following robust revenue growth,Financial Express,https://finance.example.com/news/kotakbank
2026-05-06,KOTAKBANK,"KOTAKBANK reports record quarterly profit, exceeding analyst estimates",Financial Express,https://finance.example.com/news/kotakbank
2026-05-06,KOTAKBANK,KOTAKBANK launches innovative AI-driven service line in India,Economic Times,https://finance.example.com/news/kotakbank
2026-05-07,KOTAKBANK,KOTAKBANK announces strategic partnership to boost market share,Business Standard,https://finance.example.com/news/kotakbank
2026-05-07,KOTAKBANK,"KOTAKBANK reports record quarterly profit, exceeding analyst estimates",Financial Express,https://finance.example.com/news/kotakbank
2026-05-07,KOTAKBANK,KOTAKBANK secures $500M international contract expansion,Economic Times,https://finance.example.com/news/kotakbank
2026-05-08,KOTAKBANK,Supply chain disruptions impact production targets for KOTAKBANK,Livemint,https://finance.example.com/news/kotakbank
2026-05-08,KOTAKBANK,Analysts upgrade KOTAKBANK target price following robust revenue growth,Livemint,https://finance.example.com/news/kotakbank
2026-05-08,KOTAKBANK,KOTAKBANK launches innovative AI-driven service line in India,Business Standard,https://finance.example.com/news/kotakbank
2026-05-08,KOTAKBANK,KOTAKBANK secures $500M international contract expansion,Business Standard,https://finance.example.com/news/kotakbank
2026-05-11,KOTAKBANK,Supply chain disruptions impact production targets for KOTAKBANK,Business Standard,https://finance.example.com/news/kotakbank
2026-05-11,KOTAKBANK,KOTAKBANK faces margin pressure amid rising operational expenses,Financial Express,https://finance.example.com/news/kotakbank
2026-05-12,KOTAKBANK,Board of directors at KOTAKBANK considers new dividend payout plan,Financial Express,https://finance.example.com/news/kotakbank
2026-05-12,KOTAKBANK,"KOTAKBANK reports record quarterly profit, exceeding analyst estimates",Livemint,https://finance.example.com/news/kotakbank
2026-05-13,KOTAKBANK,"KOTAKBANK reports record quarterly profit, exceeding analyst estimates",Livemint,https://finance.example.com/news/kotakbank
2026-05-13,KOTAKBANK,KOTAKBANK announces strategic partnership to boost market share,Business Standard,https://finance.example.com/news/kotakbank
2026-05-14,KOTAKBANK,KOTAKBANK secures $500M international contract expansion,Livemint,https://finance.example.com/news/kotakbank
2026-05-14,KOTAKBANK,Regulatory scrutiny increases for KOTAKBANK over compliance issue,Economic Times,https://finance.example.com/news/kotakbank
2026-05-14,KOTAKBANK,Analysts upgrade KOTAKBANK target price following robust revenue growth,Livemint,https://finance.example.com/news/kotakbank
2026-05-14,KOTAKBANK,KOTAKBANK schedules annual general meeting for upcoming month,Economic Times,https://finance.example.com/news/kotakbank
2026-05-15,KOTAKBANK,Board of directors at KOTAKBANK considers new dividend payout plan,Economic Times,https://finance.example.com/news/kotakbank
2026-05-15,KOTAKBANK,"KOTAKBANK reports record quarterly profit, exceeding analyst estimates",Economic Times,https://finance.example.com/news/kotakbank
2026-05-15,KOTAKBANK,KOTAKBANK launches innovative AI-driven service line in India,Economic Times,https://finance.example.com/news/kotakbank
2026-05-15,KOTAKBANK,Market highlights: KOTAKBANK trades rangebound in quiet session,Business Standard,https://finance.example.com/news/kotakbank
2026-05-18,KOTAKBANK,Analysts upgrade KOTAKBANK target price following robust revenue growth,Financial Express,https://finance.example.com/news/kotakbank
2026-05-18,KOTAKBANK,"KOTAKBANK reports record quarterly profit, exceeding analyst estimates",Livemint,https://finance.example.com/news/kotakbank
2026-05-18,KOTAKBANK,Executive leadership changes announced at KOTAKBANK,Financial Express,https://finance.example.com/news/kotakbank
2026-05-19,KOTAKBANK,Market highlights: KOTAKBANK trades rangebound in quiet session,Financial Express,https://finance.example.com/news/kotakbank
2026-05-19,KOTAKBANK,"KOTAKBANK reports record quarterly profit, exceeding analyst estimates",Livemint,https://finance.example.com/news/kotakbank
2026-05-19,KOTAKBANK,Executive leadership changes announced at KOTAKBANK,Economic Times,https://finance.example.com/news/kotakbank
2026-05-19,KOTAKBANK,KOTAKBANK schedules annual general meeting for upcoming month,Financial Express,https://finance.example.com/news/kotakbank
2026-05-20,KOTAKBANK,KOTAKBANK files quarterly compliance report with NSE,Business Standard,https://finance.example.com/news/kotakbank
2026-05-20,KOTAKBANK,Quarterly revenue drops for KOTAKBANK as demand slows down,Livemint,https://finance.example.com/news/kotakbank
2026-05-20,KOTAKBANK,Quarterly revenue drops for KOTAKBANK as demand slows down,Livemint,https://finance.example.com/news/kotakbank
2026-05-21,KOTAKBANK,Analysts upgrade KOTAKBANK target price following robust revenue growth,Livemint,https://finance.example.com/news/kotakbank
2026-05-21,KOTAKBANK,Executive leadership changes announced at KOTAKBANK,Business Standard,https://finance.example.com/news/kotakbank
2026-05-21,KOTAKBANK,KOTAKBANK announces strategic partnership to boost market share,Financial Express,https://finance.example.com/news/kotakbank
2026-05-21,KOTAKBANK,KOTAKBANK launches innovative AI-driven service line in India,Economic Times,https://finance.example.com/news/kotakbank
2026-05-22,KOTAKBANK,"KOTAKBANK reports record quarterly profit, exceeding analyst estimates",Economic Times,https://finance.example.com/news/kotakbank
2026-05-22,KOTAKBANK,KOTAKBANK downgraded by major brokerage following weak guidance,Livemint,https://finance.example.com/news/kotakbank
2026-05-25,KOTAKBANK,Board of directors at KOTAKBANK considers new dividend payout plan,Business Standard,https://finance.example.com/news/kotakbank
2026-05-25,KOTAKBANK,Quarterly revenue drops for KOTAKBANK as demand slows down,Business Standard,https://finance.example.com/news/kotakbank
2026-05-26,KOTAKBANK,Analysts upgrade KOTAKBANK target price following robust revenue growth,Livemint,https://finance.example.com/news/kotakbank
2026-05-26,KOTAKBANK,KOTAKBANK launches innovative AI-driven service line in India,Livemint,https://finance.example.com/news/kotakbank
2026-05-27,KOTAKBANK,KOTAKBANK announces strategic partnership to boost market share,Livemint,https://finance.example.com/news/kotakbank
2026-05-27,KOTAKBANK,KOTAKBANK schedules annual general meeting for upcoming month,Business Standard,https://finance.example.com/news/kotakbank
2026-05-27,KOTAKBANK,Executive leadership changes announced at KOTAKBANK,Livemint,https://finance.example.com/news/kotakbank
2026-05-28,KOTAKBANK,"KOTAKBANK reports record quarterly profit, exceeding analyst estimates",Business Standard,https://finance.example.com/news/kotakbank
2026-05-28,KOTAKBANK,Board of directors at KOTAKBANK considers new dividend payout plan,Business Standard,https://finance.example.com/news/kotakbank
2026-05-28,KOTAKBANK,Supply chain disruptions impact production targets for KOTAKBANK,Livemint,https://finance.example.com/news/kotakbank
2026-05-29,KOTAKBANK,Analysts upgrade KOTAKBANK target price following robust revenue growth,Financial Express,https://finance.example.com/news/kotakbank
2026-05-29,KOTAKBANK,KOTAKBANK schedules annual general meeting for upcoming month,Business Standard,https://finance.example.com/news/kotakbank
2026-06-01,KOTAKBANK,KOTAKBANK announces strategic partnership to boost market share,Financial Express,https://finance.example.com/news/kotakbank
2026-06-02,KOTAKBANK,KOTAKBANK faces margin pressure amid rising operational expenses,Business Standard,https://finance.example.com/news/kotakbank
2026-06-03,KOTAKBANK,KOTAKBANK faces margin pressure amid rising operational expenses,Financial Express,https://finance.example.com/news/kotakbank
2026-06-03,KOTAKBANK,Analysts upgrade KOTAKBANK target price following robust revenue growth,Livemint,https://finance.example.com/news/kotakbank
2026-06-03,KOTAKBANK,Executive leadership changes announced at KOTAKBANK,Economic Times,https://finance.example.com/news/kotakbank
2026-06-04,KOTAKBANK,Board of directors at KOTAKBANK considers new dividend payout plan,Economic Times,https://finance.example.com/news/kotakbank
2026-06-05,KOTAKBANK,KOTAKBANK faces margin pressure amid rising operational expenses,Livemint,https://finance.example.com/news/kotakbank
2026-06-05,KOTAKBANK,KOTAKBANK launches innovative AI-driven service line in India,Livemint,https://finance.example.com/news/kotakbank
2026-06-05,KOTAKBANK,KOTAKBANK launches innovative AI-driven service line in India,Business Standard,https://finance.example.com/news/kotakbank
2026-06-05,KOTAKBANK,"KOTAKBANK reports record quarterly profit, exceeding analyst estimates",Livemint,https://finance.example.com/news/kotakbank
2026-06-08,KOTAKBANK,Regulatory scrutiny increases for KOTAKBANK over compliance issue,Business Standard,https://finance.example.com/news/kotakbank
2026-06-08,KOTAKBANK,Quarterly revenue drops for KOTAKBANK as demand slows down,Economic Times,https://finance.example.com/news/kotakbank
2026-06-08,KOTAKBANK,Regulatory scrutiny increases for KOTAKBANK over compliance issue,Livemint,https://finance.example.com/news/kotakbank
2026-06-09,KOTAKBANK,Regulatory scrutiny increases for KOTAKBANK over compliance issue,Livemint,https://finance.example.com/news/kotakbank
2026-06-09,KOTAKBANK,Analysts upgrade KOTAKBANK target price following robust revenue growth,Business Standard,https://finance.example.com/news/kotakbank
2026-06-10,KOTAKBANK,KOTAKBANK launches innovative AI-driven service line in India,Financial Express,https://finance.example.com/news/kotakbank
2026-06-10,KOTAKBANK,KOTAKBANK launches innovative AI-driven service line in India,Livemint,https://finance.example.com/news/kotakbank
2026-06-11,KOTAKBANK,KOTAKBANK downgraded by major brokerage following weak guidance,Business Standard,https://finance.example.com/news/kotakbank
2026-06-11,KOTAKBANK,KOTAKBANK downgraded by major brokerage following weak guidance,Business Standard,https://finance.example.com/news/kotakbank
2026-06-11,KOTAKBANK,KOTAKBANK announces strategic partnership to boost market share,Financial Express,https://finance.example.com/news/kotakbank
2026-06-12,KOTAKBANK,KOTAKBANK secures $500M international contract expansion,Livemint,https://finance.example.com/news/kotakbank
2026-06-12,KOTAKBANK,Executive leadership changes announced at KOTAKBANK,Livemint,https://finance.example.com/news/kotakbank
2026-06-12,KOTAKBANK,KOTAKBANK announces strategic partnership to boost market share,Livemint,https://finance.example.com/news/kotakbank
2026-06-12,KOTAKBANK,KOTAKBANK launches innovative AI-driven service line in India,Economic Times,https://finance.example.com/news/kotakbank
2026-06-15,KOTAKBANK,KOTAKBANK downgraded by major brokerage following weak guidance,Business Standard,https://finance.example.com/news/kotakbank
2026-06-15,KOTAKBANK,KOTAKBANK schedules annual general meeting for upcoming month,Financial Express,https://finance.example.com/news/kotakbank
2026-06-15,KOTAKBANK,"KOTAKBANK reports record quarterly profit, exceeding analyst estimates",Livemint,https://finance.example.com/news/kotakbank
2026-06-15,KOTAKBANK,Quarterly revenue drops for KOTAKBANK as demand slows down,Business Standard,https://finance.example.com/news/kotakbank
2026-06-16,KOTAKBANK,KOTAKBANK schedules annual general meeting for upcoming month,Financial Express,https://finance.example.com/news/kotakbank
2026-06-16,KOTAKBANK,Executive leadership changes announced at KOTAKBANK,Economic Times,https://finance.example.com/news/kotakbank
2026-06-16,KOTAKBANK,KOTAKBANK downgraded by major brokerage following weak guidance,Economic Times,https://finance.example.com/news/kotakbank
2026-06-17,KOTAKBANK,Board of directors at KOTAKBANK considers new dividend payout plan,Livemint,https://finance.example.com/news/kotakbank
2026-06-17,KOTAKBANK,KOTAKBANK faces margin pressure amid rising operational expenses,Business Standard,https://finance.example.com/news/kotakbank
2026-06-18,KOTAKBANK,"KOTAKBANK reports record quarterly profit, exceeding analyst estimates",Economic Times,https://finance.example.com/news/kotakbank
2026-06-18,KOTAKBANK,KOTAKBANK faces margin pressure amid rising operational expenses,Financial Express,https://finance.example.com/news/kotakbank
2026-06-19,KOTAKBANK,KOTAKBANK launches innovative AI-driven service line in India,Financial Express,https://finance.example.com/news/kotakbank
2026-06-19,KOTAKBANK,Market highlights: KOTAKBANK trades rangebound in quiet session,Business Standard,https://finance.example.com/news/kotakbank
2026-06-22,KOTAKBANK,KOTAKBANK files quarterly compliance report with NSE,Business Standard,https://finance.example.com/news/kotakbank
2026-06-23,KOTAKBANK,Board of directors at KOTAKBANK considers new dividend payout plan,Livemint,https://finance.example.com/news/kotakbank
2026-06-23,KOTAKBANK,Market highlights: KOTAKBANK trades rangebound in quiet session,Financial Express,https://finance.example.com/news/kotakbank
2026-06-23,KOTAKBANK,KOTAKBANK faces margin pressure amid rising operational expenses,Economic Times,https://finance.example.com/news/kotakbank
2026-06-23,KOTAKBANK,KOTAKBANK secures $500M international contract expansion,Economic Times,https://finance.example.com/news/kotakbank
2026-06-24,KOTAKBANK,Quarterly revenue drops for KOTAKBANK as demand slows down,Livemint,https://finance.example.com/news/kotakbank
2026-06-24,KOTAKBANK,Supply chain disruptions impact production targets for KOTAKBANK,Business Standard,https://finance.example.com/news/kotakbank
2026-06-25,KOTAKBANK,KOTAKBANK downgraded by major brokerage following weak guidance,Business Standard,https://finance.example.com/news/kotakbank
2026-06-25,KOTAKBANK,KOTAKBANK faces margin pressure amid rising operational expenses,Business Standard,https://finance.example.com/news/kotakbank
2026-06-25,KOTAKBANK,KOTAKBANK downgraded by major brokerage following weak guidance,Economic Times,https://finance.example.com/news/kotakbank
2026-06-26,KOTAKBANK,"KOTAKBANK reports record quarterly profit, exceeding analyst estimates",Business Standard,https://finance.example.com/news/kotakbank
2026-06-29,KOTAKBANK,KOTAKBANK faces margin pressure amid rising operational expenses,Business Standard,https://finance.example.com/news/kotakbank
2026-06-30,KOTAKBANK,KOTAKBANK files quarterly compliance report with NSE,Economic Times,https://finance.example.com/news/kotakbank
2026-07-01,KOTAKBANK,Market highlights: KOTAKBANK trades rangebound in quiet session,Livemint,https://finance.example.com/news/kotakbank
2026-07-01,KOTAKBANK,KOTAKBANK secures $500M international contract expansion,Livemint,https://finance.example.com/news/kotakbank
2026-07-01,KOTAKBANK,Supply chain disruptions impact production targets for KOTAKBANK,Economic Times,https://finance.example.com/news/kotakbank
2026-07-01,KOTAKBANK,KOTAKBANK announces strategic partnership to boost market share,Business Standard,https://finance.example.com/news/kotakbank
2026-07-02,KOTAKBANK,KOTAKBANK secures $500M international contract expansion,Livemint,https://finance.example.com/news/kotakbank
2026-07-03,KOTAKBANK,Regulatory scrutiny increases for KOTAKBANK over compliance issue,Livemint,https://finance.example.com/news/kotakbank
2026-07-03,KOTAKBANK,KOTAKBANK files quarterly compliance report with NSE,Business Standard,https://finance.example.com/news/kotakbank
2026-07-03,KOTAKBANK,KOTAKBANK launches innovative AI-driven service line in India,Business Standard,https://finance.example.com/news/kotakbank
2026-07-06,KOTAKBANK,Regulatory scrutiny increases for KOTAKBANK over compliance issue,Livemint,https://finance.example.com/news/kotakbank
2026-07-06,KOTAKBANK,Analysts upgrade KOTAKBANK target price following robust revenue growth,Livemint,https://finance.example.com/news/kotakbank
2026-07-06,KOTAKBANK,KOTAKBANK downgraded by major brokerage following weak guidance,Financial Express,https://finance.example.com/news/kotakbank
2026-07-06,KOTAKBANK,KOTAKBANK secures $500M international contract expansion,Economic Times,https://finance.example.com/news/kotakbank
2026-07-07,KOTAKBANK,KOTAKBANK downgraded by major brokerage following weak guidance,Business Standard,https://finance.example.com/news/kotakbank
2026-07-08,KOTAKBANK,Board of directors at KOTAKBANK considers new dividend payout plan,Financial Express,https://finance.example.com/news/kotakbank
2026-07-08,KOTAKBANK,Board of directors at KOTAKBANK considers new dividend payout plan,Business Standard,https://finance.example.com/news/kotakbank
2026-07-08,KOTAKBANK,Market highlights: KOTAKBANK trades rangebound in quiet session,Financial Express,https://finance.example.com/news/kotakbank
2026-07-09,KOTAKBANK,KOTAKBANK faces margin pressure amid rising operational expenses,Financial Express,https://finance.example.com/news/kotakbank
2026-07-10,KOTAKBANK,Quarterly revenue drops for KOTAKBANK as demand slows down,Financial Express,https://finance.example.com/news/kotakbank
2026-07-13,KOTAKBANK,KOTAKBANK launches innovative AI-driven service line in India,Business Standard,https://finance.example.com/news/kotakbank
2026-07-13,KOTAKBANK,KOTAKBANK announces strategic partnership to boost market share,Economic Times,https://finance.example.com/news/kotakbank
2026-07-14,KOTAKBANK,KOTAKBANK launches innovative AI-driven service line in India,Livemint,https://finance.example.com/news/kotakbank
2026-07-14,KOTAKBANK,KOTAKBANK secures $500M international contract expansion,Business Standard,https://finance.example.com/news/kotakbank
2026-07-15,KOTAKBANK,"KOTAKBANK reports record quarterly profit, exceeding analyst estimates",Financial Express,https://finance.example.com/news/kotakbank
2026-07-15,KOTAKBANK,KOTAKBANK secures $500M international contract expansion,Financial Express,https://finance.example.com/news/kotakbank
2026-07-16,KOTAKBANK,Executive leadership changes announced at KOTAKBANK,Financial Express,https://finance.example.com/news/kotakbank
2026-07-16,KOTAKBANK,KOTAKBANK announces strategic partnership to boost market share,Business Standard,https://finance.example.com/news/kotakbank
2026-07-16,KOTAKBANK,KOTAKBANK secures $500M international contract expansion,Business Standard,https://finance.example.com/news/kotakbank
2026-07-17,KOTAKBANK,KOTAKBANK announces strategic partnership to boost market share,Economic Times,https://finance.example.com/news/kotakbank
2026-07-17,KOTAKBANK,Market highlights: KOTAKBANK trades rangebound in quiet session,Business Standard,https://finance.example.com/news/kotakbank
2026-07-17,KOTAKBANK,KOTAKBANK faces margin pressure amid rising operational expenses,Financial Express,https://finance.example.com/news/kotakbank
2026-07-20,KOTAKBANK,KOTAKBANK files quarterly compliance report with NSE,Financial Express,https://finance.example.com/news/kotakbank
2026-07-20,KOTAKBANK,KOTAKBANK secures $500M international contract expansion,Financial Express,https://finance.example.com/news/kotakbank
2026-07-21,KOTAKBANK,Analysts upgrade KOTAKBANK target price following robust revenue growth,Livemint,https://finance.example.com/news/kotakbank
2026-07-21,KOTAKBANK,Analysts upgrade KOTAKBANK target price following robust revenue growth,Financial Express,https://finance.example.com/news/kotakbank
2026-07-21,KOTAKBANK,Board of directors at KOTAKBANK considers new dividend payout plan,Livemint,https://finance.example.com/news/kotakbank
2026-07-22,KOTAKBANK,Regulatory scrutiny increases for KOTAKBANK over compliance issue,Livemint,https://finance.example.com/news/kotakbank
2026-07-23,KOTAKBANK,Supply chain disruptions impact production targets for KOTAKBANK,Financial Express,https://finance.example.com/news/kotakbank
2026-07-23,KOTAKBANK,Quarterly revenue drops for KOTAKBANK as demand slows down,Financial Express,https://finance.example.com/news/kotakbank
2026-07-23,KOTAKBANK,KOTAKBANK launches innovative AI-driven service line in India,Livemint,https://finance.example.com/news/kotakbank
2026-07-23,KOTAKBANK,"KOTAKBANK reports record quarterly profit, exceeding analyst estimates",Economic Times,https://finance.example.com/news/kotakbank
2026-07-24,KOTAKBANK,Quarterly revenue drops for KOTAKBANK as demand slows down,Financial Express,https://finance.example.com/news/kotakbank
2026-07-24,KOTAKBANK,"KOTAKBANK reports record quarterly profit, exceeding analyst estimates",Financial Express,https://finance.example.com/news/kotakbank
2026-07-27,KOTAKBANK,Market highlights: KOTAKBANK trades rangebound in quiet session,Financial Express,https://finance.example.com/news/kotakbank
2026-07-27,KOTAKBANK,Market highlights: KOTAKBANK trades rangebound in quiet session,Economic Times,https://finance.example.com/news/kotakbank
2026-07-27,KOTAKBANK,"KOTAKBANK reports record quarterly profit, exceeding analyst estimates",Financial Express,https://finance.example.com/news/kotakbank
2026-07-28,KOTAKBANK,Regulatory scrutiny increases for KOTAKBANK over compliance issue,Livemint,https://finance.example.com/news/kotakbank
2026-07-29,KOTAKBANK,Regulatory scrutiny increases for KOTAKBANK over compliance issue,Financial Express,https://finance.example.com/news/kotakbank
2026-07-29,KOTAKBANK,KOTAKBANK schedules annual general meeting for upcoming month,Economic Times,https://finance.example.com/news/kotakbank
2026-07-29,KOTAKBANK,KOTAKBANK downgraded by major brokerage following weak guidance,Financial Express,https://finance.example.com/news/kotakbank
2026-07-29,KOTAKBANK,KOTAKBANK faces margin pressure amid rising operational expenses,Business Standard,https://finance.example.com/news/kotakbank
2026-07-30,KOTAKBANK,KOTAKBANK downgraded by major brokerage following weak guidance,Business Standard,https://finance.example.com/news/kotakbank
2026-07-30,KOTAKBANK,KOTAKBANK faces margin pressure amid rising operational expenses,Business Standard,https://finance.example.com/news/kotakbank
2026-07-30,KOTAKBANK,KOTAKBANK announces strategic partnership to boost market share,Livemint,https://finance.example.com/news/kotakbank
2026-07-30,KOTAKBANK,Analysts upgrade KOTAKBANK target price following robust revenue growth,Business Standard,https://finance.example.com/news/kotakbank
2026-07-31,KOTAKBANK,"KOTAKBANK reports record quarterly profit, exceeding analyst estimates",Financial Express,https://finance.example.com/news/kotakbank
2026-08-03,KOTAKBANK,Supply chain disruptions impact production targets for KOTAKBANK,Financial Express,https://finance.example.com/news/kotakbank
2026-08-03,KOTAKBANK,KOTAKBANK schedules annual general meeting for upcoming month,Economic Times,https://finance.example.com/news/kotakbank
2026-08-04,KOTAKBANK,KOTAKBANK secures $500M international contract expansion,Business Standard,https://finance.example.com/news/kotakbank
2026-08-05,KOTAKBANK,Analysts upgrade KOTAKBANK target price following robust revenue growth,Livemint,https://finance.example.com/news/kotakbank
2026-08-05,KOTAKBANK,Regulatory scrutiny increases for KOTAKBANK over compliance issue,Livemint,https://finance.example.com/news/kotakbank
2026-08-06,KOTAKBANK,KOTAKBANK downgraded by major brokerage following weak guidance,Financial Express,https://finance.example.com/news/kotakbank
2026-08-06,KOTAKBANK,KOTAKBANK faces margin pressure amid rising operational expenses,Livemint,https://finance.example.com/news/kotakbank
2026-08-07,KOTAKBANK,Quarterly revenue drops for KOTAKBANK as demand slows down,Economic Times,https://finance.example.com/news/kotakbank
2026-08-07,KOTAKBANK,Quarterly revenue drops for KOTAKBANK as demand slows down,Livemint,https://finance.example.com/news/kotakbank
2026-08-10,KOTAKBANK,Board of directors at KOTAKBANK considers new dividend payout plan,Livemint,https://finance.example.com/news/kotakbank
2026-08-10,KOTAKBANK,KOTAKBANK announces strategic partnership to boost market share,Financial Express,https://finance.example.com/news/kotakbank
2026-08-10,KOTAKBANK,KOTAKBANK launches innovative AI-driven service line in India,Business Standard,https://finance.example.com/news/kotakbank
2026-08-11,KOTAKBANK,KOTAKBANK secures $500M international contract expansion,Economic Times,https://finance.example.com/news/kotakbank
2026-08-11,KOTAKBANK,KOTAKBANK announces strategic partnership to boost market share,Economic Times,https://finance.example.com/news/kotakbank
2026-08-11,KOTAKBANK,KOTAKBANK secures $500M international contract expansion,Financial Express,https://finance.example.com/news/kotakbank
2026-08-12,KOTAKBANK,KOTAKBANK downgraded by major brokerage following weak guidance,Financial Express,https://finance.example.com/news/kotakbank
2026-08-12,KOTAKBANK,"KOTAKBANK reports record quarterly profit, exceeding analyst estimates",Livemint,https://finance.example.com/news/kotakbank
2026-08-13,KOTAKBANK,Quarterly revenue drops for KOTAKBANK as demand slows down,Financial Express,https://finance.example.com/news/kotakbank
2026-08-13,KOTAKBANK,KOTAKBANK announces strategic partnership to boost market share,Business Standard,https://finance.example.com/news/kotakbank
2026-08-13,KOTAKBANK,KOTAKBANK downgraded by major brokerage following weak guidance,Business Standard,https://finance.example.com/news/kotakbank
2026-08-14,KOTAKBANK,KOTAKBANK secures $500M international contract expansion,Business Standard,https://finance.example.com/news/kotakbank
2026-08-14,KOTAKBANK,KOTAKBANK launches innovative AI-driven service line in India,Financial Express,https://finance.example.com/news/kotakbank
2026-08-14,KOTAKBANK,KOTAKBANK faces margin pressure amid rising operational expenses,Livemint,https://finance.example.com/news/kotakbank
2026-08-14,KOTAKBANK,Executive leadership changes announced at KOTAKBANK,Livemint,https://finance.example.com/news/kotakbank
2026-08-17,KOTAKBANK,Executive leadership changes announced at KOTAKBANK,Economic Times,https://finance.example.com/news/kotakbank
2026-08-17,KOTAKBANK,KOTAKBANK files quarterly compliance report with NSE,Business Standard,https://finance.example.com/news/kotakbank
2026-08-17,KOTAKBANK,KOTAKBANK schedules annual general meeting for upcoming month,Financial Express,https://finance.example.com/news/kotakbank
2026-08-18,KOTAKBANK,KOTAKBANK files quarterly compliance report with NSE,Business Standard,https://finance.example.com/news/kotakbank
2026-08-18,KOTAKBANK,Supply chain disruptions impact production targets for KOTAKBANK,Livemint,https://finance.example.com/news/kotakbank
2026-08-18,KOTAKBANK,KOTAKBANK launches innovative AI-driven service line in India,Business Standard,https://finance.example.com/news/kotakbank
2026-08-18,KOTAKBANK,Board of directors at KOTAKBANK considers new dividend payout plan,Economic Times,https://finance.example.com/news/kotakbank
2026-08-19,KOTAKBANK,Analysts upgrade KOTAKBANK target price following robust revenue growth,Financial Express,https://finance.example.com/news/kotakbank
2026-08-20,KOTAKBANK,KOTAKBANK files quarterly compliance report with NSE,Livemint,https://finance.example.com/news/kotakbank
2026-08-20,KOTAKBANK,KOTAKBANK faces margin pressure amid rising operational expenses,Livemint,https://finance.example.com/news/kotakbank
2026-08-21,KOTAKBANK,Analysts upgrade KOTAKBANK target price following robust revenue growth,Financial Express,https://finance.example.com/news/kotakbank
2026-08-21,KOTAKBANK,KOTAKBANK announces strategic partnership to boost market share,Livemint,https://finance.example.com/news/kotakbank
2026-08-21,KOTAKBANK,Board of directors at KOTAKBANK considers new dividend payout plan,Business Standard,https://finance.example.com/news/kotakbank
2026-08-24,KOTAKBANK,"KOTAKBANK reports record quarterly profit, exceeding analyst estimates",Business Standard,https://finance.example.com/news/kotakbank
2026-08-24,KOTAKBANK,Analysts upgrade KOTAKBANK target price following robust revenue growth,Business Standard,https://finance.example.com/news/kotakbank
2026-08-24,KOTAKBANK,Supply chain disruptions impact production targets for KOTAKBANK,Economic Times,https://finance.example.com/news/kotakbank
2026-08-24,KOTAKBANK,Supply chain disruptions impact production targets for KOTAKBANK,Financial Express,https://finance.example.com/news/kotakbank
2026-08-25,KOTAKBANK,Executive leadership changes announced at KOTAKBANK,Livemint,https://finance.example.com/news/kotakbank
2026-08-25,KOTAKBANK,Market highlights: KOTAKBANK trades rangebound in quiet session,Economic Times,https://finance.example.com/news/kotakbank
2026-08-25,KOTAKBANK,Analysts upgrade KOTAKBANK target price following robust revenue growth,Livemint,https://finance.example.com/news/kotakbank
2026-08-26,KOTAKBANK,KOTAKBANK secures $500M international contract expansion,Economic Times,https://finance.example.com/news/kotakbank
2026-08-26,KOTAKBANK,KOTAKBANK schedules annual general meeting for upcoming month,Economic Times,https://finance.example.com/news/kotakbank
2026-08-26,KOTAKBANK,"KOTAKBANK reports record quarterly profit, exceeding analyst estimates",Economic Times,https://finance.example.com/news/kotakbank
2026-08-26,KOTAKBANK,KOTAKBANK downgraded by major brokerage following weak guidance,Livemint,https://finance.example.com/news/kotakbank
2026-08-27,KOTAKBANK,Regulatory scrutiny increases for KOTAKBANK over compliance issue,Financial Express,https://finance.example.com/news/kotakbank
2026-08-28,KOTAKBANK,KOTAKBANK schedules annual general meeting for upcoming month,Livemint,https://finance.example.com/news/kotakbank
2026-08-28,KOTAKBANK,KOTAKBANK faces margin pressure amid rising operational expenses,Economic Times,https://finance.example.com/news/kotakbank
2026-08-28,KOTAKBANK,"KOTAKBANK reports record quarterly profit, exceeding analyst estimates",Business Standard,https://finance.example.com/news/kotakbank
2026-08-31,KOTAKBANK,Regulatory scrutiny increases for KOTAKBANK over compliance issue,Economic Times,https://finance.example.com/news/kotakbank
2026-09-01,KOTAKBANK,KOTAKBANK downgraded by major brokerage following weak guidance,Financial Express,https://finance.example.com/news/kotakbank
2026-09-01,KOTAKBANK,Quarterly revenue drops for KOTAKBANK as demand slows down,Economic Times,https://finance.example.com/news/kotakbank
2026-09-01,KOTAKBANK,KOTAKBANK announces strategic partnership to boost market share,Livemint,https://finance.example.com/news/kotakbank
2026-09-02,KOTAKBANK,KOTAKBANK files quarterly compliance report with NSE,Business Standard,https://finance.example.com/news/kotakbank
2026-09-02,KOTAKBANK,KOTAKBANK files quarterly compliance report with NSE,Financial Express,https://finance.example.com/news/kotakbank
2026-09-02,KOTAKBANK,"KOTAKBANK reports record quarterly profit, exceeding analyst estimates",Livemint,https://finance.example.com/news/kotakbank
2026-09-03,KOTAKBANK,KOTAKBANK schedules annual general meeting for upcoming month,Financial Express,https://finance.example.com/news/kotakbank
2026-09-03,KOTAKBANK,Quarterly revenue drops for KOTAKBANK as demand slows down,Livemint,https://finance.example.com/news/kotakbank
2026-09-04,KOTAKBANK,KOTAKBANK announces strategic partnership to boost market share,Financial Express,https://finance.example.com/news/kotakbank
2026-09-04,KOTAKBANK,Regulatory scrutiny increases for KOTAKBANK over compliance issue,Business Standard,https://finance.example.com/news/kotakbank
2026-09-07,KOTAKBANK,Board of directors at KOTAKBANK considers new dividend payout plan,Business Standard,https://finance.example.com/news/kotakbank
2026-09-08,KOTAKBANK,Executive leadership changes announced at KOTAKBANK,Financial Express,https://finance.example.com/news/kotakbank
2026-09-09,KOTAKBANK,Supply chain disruptions impact production targets for KOTAKBANK,Business Standard,https://finance.example.com/news/kotakbank
2026-09-09,KOTAKBANK,KOTAKBANK secures $500M international contract expansion,Livemint,https://finance.example.com/news/kotakbank
2026-09-09,KOTAKBANK,KOTAKBANK files quarterly compliance report with NSE,Economic Times,https://finance.example.com/news/kotakbank
2026-09-09,KOTAKBANK,KOTAKBANK files quarterly compliance report with NSE,Economic Times,https://finance.example.com/news/kotakbank
2026-09-10,KOTAKBANK,"KOTAKBANK reports record quarterly profit, exceeding analyst estimates",Economic Times,https://finance.example.com/news/kotakbank
2026-09-10,KOTAKBANK,KOTAKBANK downgraded by major brokerage following weak guidance,Livemint,https://finance.example.com/news/kotakbank
2026-09-10,KOTAKBANK,KOTAKBANK announces strategic partnership to boost market share,Financial Express,https://finance.example.com/news/kotakbank
2026-09-10,KOTAKBANK,Market highlights: KOTAKBANK trades rangebound in quiet session,Economic Times,https://finance.example.com/news/kotakbank
2026-09-11,KOTAKBANK,Board of directors at KOTAKBANK considers new dividend payout plan,Economic Times,https://finance.example.com/news/kotakbank
2026-09-11,KOTAKBANK,Board of directors at KOTAKBANK considers new dividend payout plan,Business Standard,https://finance.example.com/news/kotakbank
2026-09-11,KOTAKBANK,Regulatory scrutiny increases for KOTAKBANK over compliance issue,Livemint,https://finance.example.com/news/kotakbank
2026-09-11,KOTAKBANK,KOTAKBANK files quarterly compliance report with NSE,Livemint,https://finance.example.com/news/kotakbank
2026-09-14,KOTAKBANK,KOTAKBANK launches innovative AI-driven service line in India,Economic Times,https://finance.example.com/news/kotakbank
2026-09-15,KOTAKBANK,Regulatory scrutiny increases for KOTAKBANK over compliance issue,Economic Times,https://finance.example.com/news/kotakbank
2026-09-15,KOTAKBANK,KOTAKBANK schedules annual general meeting for upcoming month,Economic Times,https://finance.example.com/news/kotakbank
2026-09-15,KOTAKBANK,Analysts upgrade KOTAKBANK target price following robust revenue growth,Business Standard,https://finance.example.com/news/kotakbank
2026-09-15,KOTAKBANK,Board of directors at KOTAKBANK considers new dividend payout plan,Financial Express,https://finance.example.com/news/kotakbank
2026-09-16,KOTAKBANK,KOTAKBANK secures $500M international contract expansion,Financial Express,https://finance.example.com/news/kotakbank
2026-09-16,KOTAKBANK,KOTAKBANK announces strategic partnership to boost market share,Business Standard,https://finance.example.com/news/kotakbank
2026-09-16,KOTAKBANK,KOTAKBANK files quarterly compliance report with NSE,Economic Times,https://finance.example.com/news/kotakbank
2026-09-16,KOTAKBANK,Supply chain disruptions impact production targets for KOTAKBANK,Economic Times,https://finance.example.com/news/kotakbank
2026-09-17,KOTAKBANK,Analysts upgrade KOTAKBANK target price following robust revenue growth,Financial Express,https://finance.example.com/news/kotakbank
2026-09-17,KOTAKBANK,KOTAKBANK schedules annual general meeting for upcoming month,Financial Express,https://finance.example.com/news/kotakbank
2026-09-17,KOTAKBANK,KOTAKBANK files quarterly compliance report with NSE,Business Standard,https://finance.example.com/news/kotakbank
2026-09-18,KOTAKBANK,KOTAKBANK downgraded by major brokerage following weak guidance,Livemint,https://finance.example.com/news/kotakbank
2026-09-18,KOTAKBANK,Board of directors at KOTAKBANK considers new dividend payout plan,Economic Times,https://finance.example.com/news/kotakbank
2026-09-18,KOTAKBANK,Executive leadership changes announced at KOTAKBANK,Financial Express,https://finance.example.com/news/kotakbank
2026-09-18,KOTAKBANK,"KOTAKBANK reports record quarterly profit, exceeding analyst estimates",Livemint,https://finance.example.com/news/kotakbank
2026-09-21,KOTAKBANK,KOTAKBANK launches innovative AI-driven service line in India,Economic Times,https://finance.example.com/news/kotakbank
2026-09-21,KOTAKBANK,Supply chain disruptions impact production targets for KOTAKBANK,Livemint,https://finance.example.com/news/kotakbank
2026-09-21,KOTAKBANK,KOTAKBANK schedules annual general meeting for upcoming month,Economic Times,https://finance.example.com/news/kotakbank
2026-09-21,KOTAKBANK,Analysts upgrade KOTAKBANK target price following robust revenue growth,Financial Express,https://finance.example.com/news/kotakbank
2026-09-22,KOTAKBANK,KOTAKBANK launches innovative AI-driven service line in India,Livemint,https://finance.example.com/news/kotakbank
2026-09-22,KOTAKBANK,Board of directors at KOTAKBANK considers new dividend payout plan,Financial Express,https://finance.example.com/news/kotakbank
2026-09-22,KOTAKBANK,Board of directors at KOTAKBANK considers new dividend payout plan,Business Standard,https://finance.example.com/news/kotakbank
2026-09-22,KOTAKBANK,Supply chain disruptions impact production targets for KOTAKBANK,Livemint,https://finance.example.com/news/kotakbank
2026-09-23,KOTAKBANK,KOTAKBANK secures $500M international contract expansion,Financial Express,https://finance.example.com/news/kotakbank
2026-09-24,KOTAKBANK,KOTAKBANK launches innovative AI-driven service line in India,Economic Times,https://finance.example.com/news/kotakbank
2026-09-24,KOTAKBANK,KOTAKBANK files quarterly compliance report with NSE,Livemint,https://finance.example.com/news/kotakbank
2026-09-24,KOTAKBANK,KOTAKBANK schedules annual general meeting for upcoming month,Economic Times,https://finance.example.com/news/kotakbank
2026-09-25,KOTAKBANK,KOTAKBANK secures $500M international contract expansion,Economic Times,https://finance.example.com/news/kotakbank
2026-09-25,KOTAKBANK,"KOTAKBANK reports record quarterly profit, exceeding analyst estimates",Economic Times,https://finance.example.com/news/kotakbank
2026-09-25,KOTAKBANK,"KOTAKBANK reports record quarterly profit, exceeding analyst estimates",Livemint,https://finance.example.com/news/kotakbank
2026-09-28,KOTAKBANK,KOTAKBANK announces strategic partnership to boost market share,Business Standard,https://finance.example.com/news/kotakbank
2026-09-28,KOTAKBANK,Executive leadership changes announced at KOTAKBANK,Economic Times,https://finance.example.com/news/kotakbank
2026-09-29,KOTAKBANK,"KOTAKBANK reports record quarterly profit, exceeding analyst estimates",Financial Express,https://finance.example.com/news/kotakbank
2026-09-29,KOTAKBANK,KOTAKBANK downgraded by major brokerage following weak guidance,Business Standard,https://finance.example.com/news/kotakbank
2026-09-29,KOTAKBANK,KOTAKBANK secures $500M international contract expansion,Livemint,https://finance.example.com/news/kotakbank
2026-09-29,KOTAKBANK,KOTAKBANK schedules annual general meeting for upcoming month,Livemint,https://finance.example.com/news/kotakbank
2026-09-30,KOTAKBANK,Board of directors at KOTAKBANK considers new dividend payout plan,Financial Express,https://finance.example.com/news/kotakbank
2026-10-01,KOTAKBANK,Analysts upgrade KOTAKBANK target price following robust revenue growth,Livemint,https://finance.example.com/news/kotakbank
2026-10-01,KOTAKBANK,Supply chain disruptions impact production targets for KOTAKBANK,Financial Express,https://finance.example.com/news/kotakbank
2026-10-01,KOTAKBANK,KOTAKBANK files quarterly compliance report with NSE,Financial Express,https://finance.example.com/news/kotakbank
2026-10-02,KOTAKBANK,KOTAKBANK announces strategic partnership to boost market share,Livemint,https://finance.example.com/news/kotakbank
2026-10-02,KOTAKBANK,KOTAKBANK announces strategic partnership to boost market share,Financial Express,https://finance.example.com/news/kotakbank
2026-10-02,KOTAKBANK,KOTAKBANK schedules annual general meeting for upcoming month,Economic Times,https://finance.example.com/news/kotakbank
2026-10-02,KOTAKBANK,KOTAKBANK launches innovative AI-driven service line in India,Economic Times,https://finance.example.com/news/kotakbank
2026-04-07,BAJFINANCE,BAJFINANCE secures $500M international contract expansion,Business Standard,https://finance.example.com/news/bajfinance
2026-04-07,BAJFINANCE,Market highlights: BAJFINANCE trades rangebound in quiet session,Livemint,https://finance.example.com/news/bajfinance
2026-04-08,BAJFINANCE,"BAJFINANCE reports record quarterly profit, exceeding analyst estimates",Economic Times,https://finance.example.com/news/bajfinance
2026-04-08,BAJFINANCE,"BAJFINANCE reports record quarterly profit, exceeding analyst estimates",Business Standard,https://finance.example.com/news/bajfinance
2026-04-09,BAJFINANCE,BAJFINANCE schedules annual general meeting for upcoming month,Business Standard,https://finance.example.com/news/bajfinance
2026-04-09,BAJFINANCE,Supply chain disruptions impact production targets for BAJFINANCE,Business Standard,https://finance.example.com/news/bajfinance
2026-04-10,BAJFINANCE,BAJFINANCE downgraded by major brokerage following weak guidance,Economic Times,https://finance.example.com/news/bajfinance
2026-04-10,BAJFINANCE,Board of directors at BAJFINANCE considers new dividend payout plan,Livemint,https://finance.example.com/news/bajfinance
2026-04-13,BAJFINANCE,BAJFINANCE downgraded by major brokerage following weak guidance,Livemint,https://finance.example.com/news/bajfinance
2026-04-13,BAJFINANCE,Quarterly revenue drops for BAJFINANCE as demand slows down,Financial Express,https://finance.example.com/news/bajfinance
2026-04-13,BAJFINANCE,Analysts upgrade BAJFINANCE target price following robust revenue growth,Business Standard,https://finance.example.com/news/bajfinance
2026-04-13,BAJFINANCE,BAJFINANCE files quarterly compliance report with NSE,Economic Times,https://finance.example.com/news/bajfinance
2026-04-14,BAJFINANCE,BAJFINANCE launches innovative AI-driven service line in India,Livemint,https://finance.example.com/news/bajfinance
2026-04-14,BAJFINANCE,Quarterly revenue drops for BAJFINANCE as demand slows down,Business Standard,https://finance.example.com/news/bajfinance
2026-04-14,BAJFINANCE,Market highlights: BAJFINANCE trades rangebound in quiet session,Business Standard,https://finance.example.com/news/bajfinance
2026-04-14,BAJFINANCE,Regulatory scrutiny increases for BAJFINANCE over compliance issue,Financial Express,https://finance.example.com/news/bajfinance
2026-04-15,BAJFINANCE,BAJFINANCE secures $500M international contract expansion,Business Standard,https://finance.example.com/news/bajfinance
2026-04-15,BAJFINANCE,Analysts upgrade BAJFINANCE target price following robust revenue growth,Livemint,https://finance.example.com/news/bajfinance
2026-04-15,BAJFINANCE,BAJFINANCE downgraded by major brokerage following weak guidance,Business Standard,https://finance.example.com/news/bajfinance
2026-04-16,BAJFINANCE,Quarterly revenue drops for BAJFINANCE as demand slows down,Financial Express,https://finance.example.com/news/bajfinance
2026-04-16,BAJFINANCE,BAJFINANCE secures $500M international contract expansion,Livemint,https://finance.example.com/news/bajfinance
2026-04-16,BAJFINANCE,BAJFINANCE faces margin pressure amid rising operational expenses,Livemint,https://finance.example.com/news/bajfinance
2026-04-16,BAJFINANCE,Regulatory scrutiny increases for BAJFINANCE over compliance issue,Economic Times,https://finance.example.com/news/bajfinance
2026-04-17,BAJFINANCE,BAJFINANCE schedules annual general meeting for upcoming month,Livemint,https://finance.example.com/news/bajfinance
2026-04-17,BAJFINANCE,BAJFINANCE announces strategic partnership to boost market share,Financial Express,https://finance.example.com/news/bajfinance
2026-04-20,BAJFINANCE,BAJFINANCE schedules annual general meeting for upcoming month,Livemint,https://finance.example.com/news/bajfinance
2026-04-21,BAJFINANCE,Executive leadership changes announced at BAJFINANCE,Financial Express,https://finance.example.com/news/bajfinance
2026-04-21,BAJFINANCE,Supply chain disruptions impact production targets for BAJFINANCE,Economic Times,https://finance.example.com/news/bajfinance
2026-04-21,BAJFINANCE,BAJFINANCE secures $500M international contract expansion,Economic Times,https://finance.example.com/news/bajfinance
2026-04-22,BAJFINANCE,Board of directors at BAJFINANCE considers new dividend payout plan,Livemint,https://finance.example.com/news/bajfinance
2026-04-22,BAJFINANCE,BAJFINANCE files quarterly compliance report with NSE,Livemint,https://finance.example.com/news/bajfinance
2026-04-22,BAJFINANCE,Supply chain disruptions impact production targets for BAJFINANCE,Economic Times,https://finance.example.com/news/bajfinance
2026-04-22,BAJFINANCE,BAJFINANCE schedules annual general meeting for upcoming month,Financial Express,https://finance.example.com/news/bajfinance
2026-04-23,BAJFINANCE,BAJFINANCE downgraded by major brokerage following weak guidance,Financial Express,https://finance.example.com/news/bajfinance
2026-04-24,BAJFINANCE,"BAJFINANCE reports record quarterly profit, exceeding analyst estimates",Economic Times,https://finance.example.com/news/bajfinance
2026-04-24,BAJFINANCE,Regulatory scrutiny increases for BAJFINANCE over compliance issue,Financial Express,https://finance.example.com/news/bajfinance
2026-04-27,BAJFINANCE,Market highlights: BAJFINANCE trades rangebound in quiet session,Business Standard,https://finance.example.com/news/bajfinance
2026-04-27,BAJFINANCE,Analysts upgrade BAJFINANCE target price following robust revenue growth,Financial Express,https://finance.example.com/news/bajfinance
2026-04-27,BAJFINANCE,BAJFINANCE announces strategic partnership to boost market share,Business Standard,https://finance.example.com/news/bajfinance
2026-04-28,BAJFINANCE,BAJFINANCE announces strategic partnership to boost market share,Economic Times,https://finance.example.com/news/bajfinance
2026-04-29,BAJFINANCE,Market highlights: BAJFINANCE trades rangebound in quiet session,Economic Times,https://finance.example.com/news/bajfinance
2026-04-30,BAJFINANCE,Market highlights: BAJFINANCE trades rangebound in quiet session,Financial Express,https://finance.example.com/news/bajfinance
2026-04-30,BAJFINANCE,BAJFINANCE launches innovative AI-driven service line in India,Economic Times,https://finance.example.com/news/bajfinance
2026-04-30,BAJFINANCE,BAJFINANCE announces strategic partnership to boost market share,Business Standard,https://finance.example.com/news/bajfinance
2026-05-01,BAJFINANCE,"BAJFINANCE reports record quarterly profit, exceeding analyst estimates",Economic Times,https://finance.example.com/news/bajfinance
2026-05-01,BAJFINANCE,Executive leadership changes announced at BAJFINANCE,Livemint,https://finance.example.com/news/bajfinance
2026-05-01,BAJFINANCE,Supply chain disruptions impact production targets for BAJFINANCE,Economic Times,https://finance.example.com/news/bajfinance
2026-05-01,BAJFINANCE,BAJFINANCE launches innovative AI-driven service line in India,Business Standard,https://finance.example.com/news/bajfinance
2026-05-04,BAJFINANCE,BAJFINANCE schedules annual general meeting for upcoming month,Business Standard,https://finance.example.com/news/bajfinance
2026-05-04,BAJFINANCE,"BAJFINANCE reports record quarterly profit, exceeding analyst estimates",Business Standard,https://finance.example.com/news/bajfinance
2026-05-04,BAJFINANCE,Market highlights: BAJFINANCE trades rangebound in quiet session,Livemint,https://finance.example.com/news/bajfinance
2026-05-05,BAJFINANCE,Quarterly revenue drops for BAJFINANCE as demand slows down,Livemint,https://finance.example.com/news/bajfinance
2026-05-05,BAJFINANCE,"BAJFINANCE reports record quarterly profit, exceeding analyst estimates",Financial Express,https://finance.example.com/news/bajfinance
2026-05-05,BAJFINANCE,Regulatory scrutiny increases for BAJFINANCE over compliance issue,Business Standard,https://finance.example.com/news/bajfinance
2026-05-05,BAJFINANCE,BAJFINANCE faces margin pressure amid rising operational expenses,Economic Times,https://finance.example.com/news/bajfinance
2026-05-06,BAJFINANCE,BAJFINANCE downgraded by major brokerage following weak guidance,Economic Times,https://finance.example.com/news/bajfinance
2026-05-06,BAJFINANCE,BAJFINANCE launches innovative AI-driven service line in India,Livemint,https://finance.example.com/news/bajfinance
2026-05-06,BAJFINANCE,Quarterly revenue drops for BAJFINANCE as demand slows down,Economic Times,https://finance.example.com/news/bajfinance
2026-05-06,BAJFINANCE,BAJFINANCE announces strategic partnership to boost market share,Business Standard,https://finance.example.com/news/bajfinance
2026-05-07,BAJFINANCE,BAJFINANCE secures $500M international contract expansion,Business Standard,https://finance.example.com/news/bajfinance
2026-05-08,BAJFINANCE,BAJFINANCE secures $500M international contract expansion,Livemint,https://finance.example.com/news/bajfinance
2026-05-08,BAJFINANCE,BAJFINANCE downgraded by major brokerage following weak guidance,Financial Express,https://finance.example.com/news/bajfinance
2026-05-08,BAJFINANCE,Market highlights: BAJFINANCE trades rangebound in quiet session,Financial Express,https://finance.example.com/news/bajfinance
2026-05-08,BAJFINANCE,"BAJFINANCE reports record quarterly profit, exceeding analyst estimates",Economic Times,https://finance.example.com/news/bajfinance
2026-05-11,BAJFINANCE,BAJFINANCE launches innovative AI-driven service line in India,Financial Express,https://finance.example.com/news/bajfinance
2026-05-12,BAJFINANCE,Market highlights: BAJFINANCE trades rangebound in quiet session,Economic Times,https://finance.example.com/news/bajfinance
2026-05-13,BAJFINANCE,BAJFINANCE announces strategic partnership to boost market share,Business Standard,https://finance.example.com/news/bajfinance
2026-05-13,BAJFINANCE,Analysts upgrade BAJFINANCE target price following robust revenue growth,Financial Express,https://finance.example.com/news/bajfinance
2026-05-13,BAJFINANCE,Quarterly revenue drops for BAJFINANCE as demand slows down,Livemint,https://finance.example.com/news/bajfinance
2026-05-13,BAJFINANCE,Supply chain disruptions impact production targets for BAJFINANCE,Livemint,https://finance.example.com/news/bajfinance
2026-05-14,BAJFINANCE,BAJFINANCE announces strategic partnership to boost market share,Economic Times,https://finance.example.com/news/bajfinance
2026-05-14,BAJFINANCE,BAJFINANCE files quarterly compliance report with NSE,Livemint,https://finance.example.com/news/bajfinance
2026-05-15,BAJFINANCE,Quarterly revenue drops for BAJFINANCE as demand slows down,Economic Times,https://finance.example.com/news/bajfinance
2026-05-15,BAJFINANCE,BAJFINANCE launches innovative AI-driven service line in India,Financial Express,https://finance.example.com/news/bajfinance
2026-05-15,BAJFINANCE,BAJFINANCE secures $500M international contract expansion,Economic Times,https://finance.example.com/news/bajfinance
2026-05-15,BAJFINANCE,BAJFINANCE faces margin pressure amid rising operational expenses,Livemint,https://finance.example.com/news/bajfinance
2026-05-18,BAJFINANCE,"BAJFINANCE reports record quarterly profit, exceeding analyst estimates",Business Standard,https://finance.example.com/news/bajfinance
2026-05-18,BAJFINANCE,"BAJFINANCE reports record quarterly profit, exceeding analyst estimates",Business Standard,https://finance.example.com/news/bajfinance
2026-05-19,BAJFINANCE,BAJFINANCE announces strategic partnership to boost market share,Economic Times,https://finance.example.com/news/bajfinance
2026-05-19,BAJFINANCE,"BAJFINANCE reports record quarterly profit, exceeding analyst estimates",Economic Times,https://finance.example.com/news/bajfinance
2026-05-20,BAJFINANCE,BAJFINANCE launches innovative AI-driven service line in India,Livemint,https://finance.example.com/news/bajfinance
2026-05-20,BAJFINANCE,BAJFINANCE launches innovative AI-driven service line in India,Livemint,https://finance.example.com/news/bajfinance
2026-05-20,BAJFINANCE,Regulatory scrutiny increases for BAJFINANCE over compliance issue,Financial Express,https://finance.example.com/news/bajfinance
2026-05-21,BAJFINANCE,BAJFINANCE secures $500M international contract expansion,Livemint,https://finance.example.com/news/bajfinance
2026-05-21,BAJFINANCE,BAJFINANCE announces strategic partnership to boost market share,Financial Express,https://finance.example.com/news/bajfinance
2026-05-22,BAJFINANCE,Executive leadership changes announced at BAJFINANCE,Business Standard,https://finance.example.com/news/bajfinance
2026-05-22,BAJFINANCE,BAJFINANCE announces strategic partnership to boost market share,Livemint,https://finance.example.com/news/bajfinance
2026-05-25,BAJFINANCE,"BAJFINANCE reports record quarterly profit, exceeding analyst estimates",Economic Times,https://finance.example.com/news/bajfinance
2026-05-25,BAJFINANCE,BAJFINANCE schedules annual general meeting for upcoming month,Economic Times,https://finance.example.com/news/bajfinance
2026-05-25,BAJFINANCE,BAJFINANCE launches innovative AI-driven service line in India,Financial Express,https://finance.example.com/news/bajfinance
2026-05-25,BAJFINANCE,"BAJFINANCE reports record quarterly profit, exceeding analyst estimates",Economic Times,https://finance.example.com/news/bajfinance
2026-05-26,BAJFINANCE,BAJFINANCE downgraded by major brokerage following weak guidance,Livemint,https://finance.example.com/news/bajfinance
2026-05-26,BAJFINANCE,"BAJFINANCE reports record quarterly profit, exceeding analyst estimates",Economic Times,https://finance.example.com/news/bajfinance
2026-05-26,BAJFINANCE,BAJFINANCE downgraded by major brokerage following weak guidance,Business Standard,https://finance.example.com/news/bajfinance
2026-05-26,BAJFINANCE,BAJFINANCE files quarterly compliance report with NSE,Livemint,https://finance.example.com/news/bajfinance
2026-05-27,BAJFINANCE,Supply chain disruptions impact production targets for BAJFINANCE,Economic Times,https://finance.example.com/news/bajfinance
2026-05-27,BAJFINANCE,BAJFINANCE files quarterly compliance report with NSE,Economic Times,https://finance.example.com/news/bajfinance
2026-05-27,BAJFINANCE,Executive leadership changes announced at BAJFINANCE,Business Standard,https://finance.example.com/news/bajfinance
2026-05-28,BAJFINANCE,Quarterly revenue drops for BAJFINANCE as demand slows down,Financial Express,https://finance.example.com/news/bajfinance
2026-05-28,BAJFINANCE,BAJFINANCE downgraded by major brokerage following weak guidance,Livemint,https://finance.example.com/news/bajfinance
2026-05-28,BAJFINANCE,Analysts upgrade BAJFINANCE target price following robust revenue growth,Business Standard,https://finance.example.com/news/bajfinance
2026-05-28,BAJFINANCE,BAJFINANCE files quarterly compliance report with NSE,Business Standard,https://finance.example.com/news/bajfinance
2026-05-29,BAJFINANCE,Regulatory scrutiny increases for BAJFINANCE over compliance issue,Business Standard,https://finance.example.com/news/bajfinance
2026-05-29,BAJFINANCE,"BAJFINANCE reports record quarterly profit, exceeding analyst estimates",Economic Times,https://finance.example.com/news/bajfinance
2026-06-01,BAJFINANCE,BAJFINANCE secures $500M international contract expansion,Financial Express,https://finance.example.com/news/bajfinance
2026-06-01,BAJFINANCE,Quarterly revenue drops for BAJFINANCE as demand slows down,Financial Express,https://finance.example.com/news/bajfinance
2026-06-01,BAJFINANCE,BAJFINANCE files quarterly compliance report with NSE,Financial Express,https://finance.example.com/news/bajfinance
2026-06-01,BAJFINANCE,BAJFINANCE faces margin pressure amid rising operational expenses,Livemint,https://finance.example.com/news/bajfinance
2026-06-02,BAJFINANCE,Analysts upgrade BAJFINANCE target price following robust revenue growth,Livemint,https://finance.example.com/news/bajfinance
2026-06-02,BAJFINANCE,Supply chain disruptions impact production targets for BAJFINANCE,Financial Express,https://finance.example.com/news/bajfinance
2026-06-02,BAJFINANCE,Market highlights: BAJFINANCE trades rangebound in quiet session,Business Standard,https://finance.example.com/news/bajfinance
2026-06-02,BAJFINANCE,BAJFINANCE downgraded by major brokerage following weak guidance,Financial Express,https://finance.example.com/news/bajfinance
2026-06-03,BAJFINANCE,BAJFINANCE announces strategic partnership to boost market share,Economic Times,https://finance.example.com/news/bajfinance
2026-06-04,BAJFINANCE,Board of directors at BAJFINANCE considers new dividend payout plan,Financial Express,https://finance.example.com/news/bajfinance
2026-06-04,BAJFINANCE,BAJFINANCE faces margin pressure amid rising operational expenses,Financial Express,https://finance.example.com/news/bajfinance
2026-06-05,BAJFINANCE,BAJFINANCE faces margin pressure amid rising operational expenses,Livemint,https://finance.example.com/news/bajfinance
2026-06-05,BAJFINANCE,BAJFINANCE announces strategic partnership to boost market share,Livemint,https://finance.example.com/news/bajfinance
2026-06-05,BAJFINANCE,Board of directors at BAJFINANCE considers new dividend payout plan,Financial Express,https://finance.example.com/news/bajfinance
2026-06-05,BAJFINANCE,Analysts upgrade BAJFINANCE target price following robust revenue growth,Economic Times,https://finance.example.com/news/bajfinance
2026-06-08,BAJFINANCE,BAJFINANCE downgraded by major brokerage following weak guidance,Business Standard,https://finance.example.com/news/bajfinance
2026-06-08,BAJFINANCE,BAJFINANCE schedules annual general meeting for upcoming month,Financial Express,https://finance.example.com/news/bajfinance
2026-06-08,BAJFINANCE,BAJFINANCE announces strategic partnership to boost market share,Economic Times,https://finance.example.com/news/bajfinance
2026-06-09,BAJFINANCE,BAJFINANCE launches innovative AI-driven service line in India,Financial Express,https://finance.example.com/news/bajfinance
2026-06-09,BAJFINANCE,BAJFINANCE secures $500M international contract expansion,Business Standard,https://finance.example.com/news/bajfinance
2026-06-09,BAJFINANCE,"BAJFINANCE reports record quarterly profit, exceeding analyst estimates",Livemint,https://finance.example.com/news/bajfinance
2026-06-10,BAJFINANCE,BAJFINANCE faces margin pressure amid rising operational expenses,Livemint,https://finance.example.com/news/bajfinance
2026-06-10,BAJFINANCE,BAJFINANCE faces margin pressure amid rising operational expenses,Business Standard,https://finance.example.com/news/bajfinance
2026-06-10,BAJFINANCE,"BAJFINANCE reports record quarterly profit, exceeding analyst estimates",Economic Times,https://finance.example.com/news/bajfinance
2026-06-11,BAJFINANCE,BAJFINANCE announces strategic partnership to boost market share,Financial Express,https://finance.example.com/news/bajfinance
2026-06-12,BAJFINANCE,Board of directors at BAJFINANCE considers new dividend payout plan,Livemint,https://finance.example.com/news/bajfinance
2026-06-12,BAJFINANCE,Regulatory scrutiny increases for BAJFINANCE over compliance issue,Livemint,https://finance.example.com/news/bajfinance
2026-06-15,BAJFINANCE,Board of directors at BAJFINANCE considers new dividend payout plan,Livemint,https://finance.example.com/news/bajfinance
2026-06-15,BAJFINANCE,Analysts upgrade BAJFINANCE target price following robust revenue growth,Economic Times,https://finance.example.com/news/bajfinance
2026-06-16,BAJFINANCE,Analysts upgrade BAJFINANCE target price following robust revenue growth,Business Standard,https://finance.example.com/news/bajfinance
2026-06-16,BAJFINANCE,BAJFINANCE secures $500M international contract expansion,Livemint,https://finance.example.com/news/bajfinance
2026-06-16,BAJFINANCE,Board of directors at BAJFINANCE considers new dividend payout plan,Livemint,https://finance.example.com/news/bajfinance
2026-06-17,BAJFINANCE,Quarterly revenue drops for BAJFINANCE as demand slows down,Financial Express,https://finance.example.com/news/bajfinance
2026-06-17,BAJFINANCE,Supply chain disruptions impact production targets for BAJFINANCE,Livemint,https://finance.example.com/news/bajfinance
2026-06-17,BAJFINANCE,BAJFINANCE announces strategic partnership to boost market share,Business Standard,https://finance.example.com/news/bajfinance
2026-06-18,BAJFINANCE,BAJFINANCE announces strategic partnership to boost market share,Business Standard,https://finance.example.com/news/bajfinance
2026-06-18,BAJFINANCE,BAJFINANCE announces strategic partnership to boost market share,Economic Times,https://finance.example.com/news/bajfinance
2026-06-19,BAJFINANCE,Analysts upgrade BAJFINANCE target price following robust revenue growth,Economic Times,https://finance.example.com/news/bajfinance
2026-06-19,BAJFINANCE,BAJFINANCE announces strategic partnership to boost market share,Livemint,https://finance.example.com/news/bajfinance
2026-06-19,BAJFINANCE,BAJFINANCE secures $500M international contract expansion,Livemint,https://finance.example.com/news/bajfinance
2026-06-19,BAJFINANCE,Analysts upgrade BAJFINANCE target price following robust revenue growth,Financial Express,https://finance.example.com/news/bajfinance
2026-06-22,BAJFINANCE,Regulatory scrutiny increases for BAJFINANCE over compliance issue,Business Standard,https://finance.example.com/news/bajfinance
2026-06-23,BAJFINANCE,Quarterly revenue drops for BAJFINANCE as demand slows down,Livemint,https://finance.example.com/news/bajfinance
2026-06-23,BAJFINANCE,Supply chain disruptions impact production targets for BAJFINANCE,Financial Express,https://finance.example.com/news/bajfinance
2026-06-24,BAJFINANCE,BAJFINANCE files quarterly compliance report with NSE,Financial Express,https://finance.example.com/news/bajfinance
2026-06-24,BAJFINANCE,BAJFINANCE launches innovative AI-driven service line in India,Livemint,https://finance.example.com/news/bajfinance
2026-06-24,BAJFINANCE,"BAJFINANCE reports record quarterly profit, exceeding analyst estimates",Economic Times,https://finance.example.com/news/bajfinance
2026-06-25,BAJFINANCE,BAJFINANCE launches innovative AI-driven service line in India,Economic Times,https://finance.example.com/news/bajfinance
2026-06-25,BAJFINANCE,Market highlights: BAJFINANCE trades rangebound in quiet session,Business Standard,https://finance.example.com/news/bajfinance
2026-06-25,BAJFINANCE,BAJFINANCE downgraded by major brokerage following weak guidance,Business Standard,https://finance.example.com/news/bajfinance
2026-06-26,BAJFINANCE,BAJFINANCE files quarterly compliance report with NSE,Livemint,https://finance.example.com/news/bajfinance
2026-06-26,BAJFINANCE,BAJFINANCE downgraded by major brokerage following weak guidance,Business Standard,https://finance.example.com/news/bajfinance
2026-06-26,BAJFINANCE,BAJFINANCE secures $500M international contract expansion,Financial Express,https://finance.example.com/news/bajfinance
2026-06-26,BAJFINANCE,Quarterly revenue drops for BAJFINANCE as demand slows down,Business Standard,https://finance.example.com/news/bajfinance
2026-06-29,BAJFINANCE,BAJFINANCE secures $500M international contract expansion,Livemint,https://finance.example.com/news/bajfinance
2026-06-30,BAJFINANCE,Executive leadership changes announced at BAJFINANCE,Economic Times,https://finance.example.com/news/bajfinance
2026-06-30,BAJFINANCE,Analysts upgrade BAJFINANCE target price following robust revenue growth,Financial Express,https://finance.example.com/news/bajfinance
2026-07-01,BAJFINANCE,BAJFINANCE secures $500M international contract expansion,Livemint,https://finance.example.com/news/bajfinance
2026-07-02,BAJFINANCE,BAJFINANCE launches innovative AI-driven service line in India,Financial Express,https://finance.example.com/news/bajfinance
2026-07-02,BAJFINANCE,Regulatory scrutiny increases for BAJFINANCE over compliance issue,Economic Times,https://finance.example.com/news/bajfinance
2026-07-02,BAJFINANCE,"BAJFINANCE reports record quarterly profit, exceeding analyst estimates",Economic Times,https://finance.example.com/news/bajfinance
2026-07-02,BAJFINANCE,BAJFINANCE secures $500M international contract expansion,Business Standard,https://finance.example.com/news/bajfinance
2026-07-03,BAJFINANCE,Board of directors at BAJFINANCE considers new dividend payout plan,Livemint,https://finance.example.com/news/bajfinance
2026-07-06,BAJFINANCE,Quarterly revenue drops for BAJFINANCE as demand slows down,Financial Express,https://finance.example.com/news/bajfinance
2026-07-07,BAJFINANCE,BAJFINANCE downgraded by major brokerage following weak guidance,Economic Times,https://finance.example.com/news/bajfinance
2026-07-07,BAJFINANCE,Market highlights: BAJFINANCE trades rangebound in quiet session,Business Standard,https://finance.example.com/news/bajfinance
2026-07-07,BAJFINANCE,BAJFINANCE schedules annual general meeting for upcoming month,Business Standard,https://finance.example.com/news/bajfinance
2026-07-07,BAJFINANCE,BAJFINANCE secures $500M international contract expansion,Business Standard,https://finance.example.com/news/bajfinance
2026-07-08,BAJFINANCE,Market highlights: BAJFINANCE trades rangebound in quiet session,Business Standard,https://finance.example.com/news/bajfinance
2026-07-08,BAJFINANCE,Quarterly revenue drops for BAJFINANCE as demand slows down,Business Standard,https://finance.example.com/news/bajfinance
2026-07-08,BAJFINANCE,Supply chain disruptions impact production targets for BAJFINANCE,Financial Express,https://finance.example.com/news/bajfinance
2026-07-09,BAJFINANCE,Board of directors at BAJFINANCE considers new dividend payout plan,Economic Times,https://finance.example.com/news/bajfinance
2026-07-09,BAJFINANCE,Analysts upgrade BAJFINANCE target price following robust revenue growth,Financial Express,https://finance.example.com/news/bajfinance
2026-07-10,BAJFINANCE,Board of directors at BAJFINANCE considers new dividend payout plan,Economic Times,https://finance.example.com/news/bajfinance
2026-07-10,BAJFINANCE,BAJFINANCE faces margin pressure amid rising operational expenses,Economic Times,https://finance.example.com/news/bajfinance
2026-07-10,BAJFINANCE,"BAJFINANCE reports record quarterly profit, exceeding analyst estimates",Livemint,https://finance.example.com/news/bajfinance
2026-07-10,BAJFINANCE,BAJFINANCE secures $500M international contract expansion,Business Standard,https://finance.example.com/news/bajfinance
2026-07-13,BAJFINANCE,BAJFINANCE launches innovative AI-driven service line in India,Business Standard,https://finance.example.com/news/bajfinance
2026-07-13,BAJFINANCE,BAJFINANCE launches innovative AI-driven service line in India,Economic Times,https://finance.example.com/news/bajfinance
2026-07-14,BAJFINANCE,BAJFINANCE announces strategic partnership to boost market share,Financial Express,https://finance.example.com/news/bajfinance
2026-07-14,BAJFINANCE,BAJFINANCE faces margin pressure amid rising operational expenses,Livemint,https://finance.example.com/news/bajfinance
2026-07-15,BAJFINANCE,BAJFINANCE downgraded by major brokerage following weak guidance,Financial Express,https://finance.example.com/news/bajfinance
2026-07-16,BAJFINANCE,BAJFINANCE announces strategic partnership to boost market share,Business Standard,https://finance.example.com/news/bajfinance
2026-07-16,BAJFINANCE,BAJFINANCE faces margin pressure amid rising operational expenses,Business Standard,https://finance.example.com/news/bajfinance
2026-07-17,BAJFINANCE,BAJFINANCE faces margin pressure amid rising operational expenses,Livemint,https://finance.example.com/news/bajfinance
2026-07-17,BAJFINANCE,BAJFINANCE faces margin pressure amid rising operational expenses,Business Standard,https://finance.example.com/news/bajfinance
2026-07-17,BAJFINANCE,BAJFINANCE downgraded by major brokerage following weak guidance,Livemint,https://finance.example.com/news/bajfinance
2026-07-17,BAJFINANCE,BAJFINANCE files quarterly compliance report with NSE,Financial Express,https://finance.example.com/news/bajfinance
2026-07-20,BAJFINANCE,Executive leadership changes announced at BAJFINANCE,Business Standard,https://finance.example.com/news/bajfinance
2026-07-20,BAJFINANCE,BAJFINANCE schedules annual general meeting for upcoming month,Economic Times,https://finance.example.com/news/bajfinance
2026-07-21,BAJFINANCE,BAJFINANCE announces strategic partnership to boost market share,Livemint,https://finance.example.com/news/bajfinance
2026-07-22,BAJFINANCE,Supply chain disruptions impact production targets for BAJFINANCE,Business Standard,https://finance.example.com/news/bajfinance
2026-07-22,BAJFINANCE,BAJFINANCE downgraded by major brokerage following weak guidance,Livemint,https://finance.example.com/news/bajfinance
2026-07-23,BAJFINANCE,BAJFINANCE launches innovative AI-driven service line in India,Business Standard,https://finance.example.com/news/bajfinance
2026-07-24,BAJFINANCE,BAJFINANCE announces strategic partnership to boost market share,Livemint,https://finance.example.com/news/bajfinance
2026-07-24,BAJFINANCE,Analysts upgrade BAJFINANCE target price following robust revenue growth,Livemint,https://finance.example.com/news/bajfinance
2026-07-24,BAJFINANCE,BAJFINANCE schedules annual general meeting for upcoming month,Livemint,https://finance.example.com/news/bajfinance
2026-07-27,BAJFINANCE,BAJFINANCE launches innovative AI-driven service line in India,Financial Express,https://finance.example.com/news/bajfinance
2026-07-27,BAJFINANCE,Quarterly revenue drops for BAJFINANCE as demand slows down,Financial Express,https://finance.example.com/news/bajfinance
2026-07-28,BAJFINANCE,"BAJFINANCE reports record quarterly profit, exceeding analyst estimates",Business Standard,https://finance.example.com/news/bajfinance
2026-07-29,BAJFINANCE,BAJFINANCE announces strategic partnership to boost market share,Financial Express,https://finance.example.com/news/bajfinance
2026-07-29,BAJFINANCE,BAJFINANCE secures $500M international contract expansion,Business Standard,https://finance.example.com/news/bajfinance
2026-07-30,BAJFINANCE,BAJFINANCE files quarterly compliance report with NSE,Business Standard,https://finance.example.com/news/bajfinance
2026-07-30,BAJFINANCE,Regulatory scrutiny increases for BAJFINANCE over compliance issue,Business Standard,https://finance.example.com/news/bajfinance
2026-07-30,BAJFINANCE,Analysts upgrade BAJFINANCE target price following robust revenue growth,Livemint,https://finance.example.com/news/bajfinance
2026-07-30,BAJFINANCE,BAJFINANCE announces strategic partnership to boost market share,Financial Express,https://finance.example.com/news/bajfinance
2026-07-31,BAJFINANCE,BAJFINANCE faces margin pressure amid rising operational expenses,Livemint,https://finance.example.com/news/bajfinance
2026-07-31,BAJFINANCE,BAJFINANCE files quarterly compliance report with NSE,Business Standard,https://finance.example.com/news/bajfinance
2026-07-31,BAJFINANCE,Regulatory scrutiny increases for BAJFINANCE over compliance issue,Livemint,https://finance.example.com/news/bajfinance
2026-07-31,BAJFINANCE,BAJFINANCE schedules annual general meeting for upcoming month,Business Standard,https://finance.example.com/news/bajfinance
2026-08-03,BAJFINANCE,Executive leadership changes announced at BAJFINANCE,Livemint,https://finance.example.com/news/bajfinance
2026-08-04,BAJFINANCE,Supply chain disruptions impact production targets for BAJFINANCE,Economic Times,https://finance.example.com/news/bajfinance
2026-08-04,BAJFINANCE,BAJFINANCE faces margin pressure amid rising operational expenses,Livemint,https://finance.example.com/news/bajfinance
2026-08-04,BAJFINANCE,Regulatory scrutiny increases for BAJFINANCE over compliance issue,Business Standard,https://finance.example.com/news/bajfinance
2026-08-05,BAJFINANCE,Board of directors at BAJFINANCE considers new dividend payout plan,Livemint,https://finance.example.com/news/bajfinance
2026-08-05,BAJFINANCE,BAJFINANCE faces margin pressure amid rising operational expenses,Business Standard,https://finance.example.com/news/bajfinance
2026-08-05,BAJFINANCE,BAJFINANCE files quarterly compliance report with NSE,Livemint,https://finance.example.com/news/bajfinance
2026-08-06,BAJFINANCE,BAJFINANCE faces margin pressure amid rising operational expenses,Business Standard,https://finance.example.com/news/bajfinance
2026-08-07,BAJFINANCE,BAJFINANCE launches innovative AI-driven service line in India,Livemint,https://finance.example.com/news/bajfinance
2026-08-07,BAJFINANCE,BAJFINANCE secures $500M international contract expansion,Financial Express,https://finance.example.com/news/bajfinance
2026-08-10,BAJFINANCE,BAJFINANCE announces strategic partnership to boost market share,Livemint,https://finance.example.com/news/bajfinance
2026-08-10,BAJFINANCE,Executive leadership changes announced at BAJFINANCE,Business Standard,https://finance.example.com/news/bajfinance
2026-08-10,BAJFINANCE,Supply chain disruptions impact production targets for BAJFINANCE,Livemint,https://finance.example.com/news/bajfinance
2026-08-11,BAJFINANCE,Supply chain disruptions impact production targets for BAJFINANCE,Financial Express,https://finance.example.com/news/bajfinance
2026-08-11,BAJFINANCE,Analysts upgrade BAJFINANCE target price following robust revenue growth,Livemint,https://finance.example.com/news/bajfinance
2026-08-11,BAJFINANCE,Board of directors at BAJFINANCE considers new dividend payout plan,Business Standard,https://finance.example.com/news/bajfinance
2026-08-11,BAJFINANCE,Market highlights: BAJFINANCE trades rangebound in quiet session,Economic Times,https://finance.example.com/news/bajfinance
2026-08-12,BAJFINANCE,Quarterly revenue drops for BAJFINANCE as demand slows down,Business Standard,https://finance.example.com/news/bajfinance
2026-08-12,BAJFINANCE,BAJFINANCE announces strategic partnership to boost market share,Financial Express,https://finance.example.com/news/bajfinance
2026-08-13,BAJFINANCE,Quarterly revenue drops for BAJFINANCE as demand slows down,Financial Express,https://finance.example.com/news/bajfinance
2026-08-13,BAJFINANCE,BAJFINANCE announces strategic partnership to boost market share,Livemint,https://finance.example.com/news/bajfinance
2026-08-13,BAJFINANCE,Analysts upgrade BAJFINANCE target price following robust revenue growth,Business Standard,https://finance.example.com/news/bajfinance
2026-08-13,BAJFINANCE,BAJFINANCE faces margin pressure amid rising operational expenses,Economic Times,https://finance.example.com/news/bajfinance
2026-08-14,BAJFINANCE,Supply chain disruptions impact production targets for BAJFINANCE,Business Standard,https://finance.example.com/news/bajfinance
2026-08-14,BAJFINANCE,BAJFINANCE faces margin pressure amid rising operational expenses,Livemint,https://finance.example.com/news/bajfinance
2026-08-17,BAJFINANCE,Market highlights: BAJFINANCE trades rangebound in quiet session,Economic Times,https://finance.example.com/news/bajfinance
2026-08-17,BAJFINANCE,"BAJFINANCE reports record quarterly profit, exceeding analyst estimates",Financial Express,https://finance.example.com/news/bajfinance
2026-08-17,BAJFINANCE,BAJFINANCE secures $500M international contract expansion,Financial Express,https://finance.example.com/news/bajfinance
2026-08-17,BAJFINANCE,Regulatory scrutiny increases for BAJFINANCE over compliance issue,Economic Times,https://finance.example.com/news/bajfinance
2026-08-18,BAJFINANCE,Quarterly revenue drops for BAJFINANCE as demand slows down,Economic Times,https://finance.example.com/news/bajfinance
2026-08-18,BAJFINANCE,Supply chain disruptions impact production targets for BAJFINANCE,Livemint,https://finance.example.com/news/bajfinance
2026-08-18,BAJFINANCE,Analysts upgrade BAJFINANCE target price following robust revenue growth,Financial Express,https://finance.example.com/news/bajfinance
2026-08-18,BAJFINANCE,Quarterly revenue drops for BAJFINANCE as demand slows down,Business Standard,https://finance.example.com/news/bajfinance
2026-08-19,BAJFINANCE,Market highlights: BAJFINANCE trades rangebound in quiet session,Business Standard,https://finance.example.com/news/bajfinance
2026-08-19,BAJFINANCE,BAJFINANCE launches innovative AI-driven service line in India,Economic Times,https://finance.example.com/news/bajfinance
2026-08-20,BAJFINANCE,BAJFINANCE faces margin pressure amid rising operational expenses,Livemint,https://finance.example.com/news/bajfinance
2026-08-20,BAJFINANCE,Board of directors at BAJFINANCE considers new dividend payout plan,Financial Express,https://finance.example.com/news/bajfinance
2026-08-21,BAJFINANCE,BAJFINANCE downgraded by major brokerage following weak guidance,Business Standard,https://finance.example.com/news/bajfinance
2026-08-21,BAJFINANCE,BAJFINANCE faces margin pressure amid rising operational expenses,Economic Times,https://finance.example.com/news/bajfinance
2026-08-21,BAJFINANCE,BAJFINANCE announces strategic partnership to boost market share,Financial Express,https://finance.example.com/news/bajfinance
2026-08-21,BAJFINANCE,BAJFINANCE downgraded by major brokerage following weak guidance,Financial Express,https://finance.example.com/news/bajfinance
2026-08-24,BAJFINANCE,Regulatory scrutiny increases for BAJFINANCE over compliance issue,Business Standard,https://finance.example.com/news/bajfinance
2026-08-24,BAJFINANCE,Quarterly revenue drops for BAJFINANCE as demand slows down,Financial Express,https://finance.example.com/news/bajfinance
2026-08-24,BAJFINANCE,Market highlights: BAJFINANCE trades rangebound in quiet session,Economic Times,https://finance.example.com/news/bajfinance
2026-08-25,BAJFINANCE,Regulatory scrutiny increases for BAJFINANCE over compliance issue,Economic Times,https://finance.example.com/news/bajfinance
2026-08-25,BAJFINANCE,Regulatory scrutiny increases for BAJFINANCE over compliance issue,Livemint,https://finance.example.com/news/bajfinance
2026-08-26,BAJFINANCE,"BAJFINANCE reports record quarterly profit, exceeding analyst estimates",Economic Times,https://finance.example.com/news/bajfinance
2026-08-26,BAJFINANCE,BAJFINANCE downgraded by major brokerage following weak guidance,Economic Times,https://finance.example.com/news/bajfinance
2026-08-27,BAJFINANCE,Board of directors at BAJFINANCE considers new dividend payout plan,Business Standard,https://finance.example.com/news/bajfinance
2026-08-27,BAJFINANCE,BAJFINANCE faces margin pressure amid rising operational expenses,Livemint,https://finance.example.com/news/bajfinance
2026-08-27,BAJFINANCE,Board of directors at BAJFINANCE considers new dividend payout plan,Economic Times,https://finance.example.com/news/bajfinance
2026-08-27,BAJFINANCE,BAJFINANCE faces margin pressure amid rising operational expenses,Financial Express,https://finance.example.com/news/bajfinance
2026-08-28,BAJFINANCE,BAJFINANCE downgraded by major brokerage following weak guidance,Business Standard,https://finance.example.com/news/bajfinance
2026-08-31,BAJFINANCE,BAJFINANCE launches innovative AI-driven service line in India,Livemint,https://finance.example.com/news/bajfinance
2026-08-31,BAJFINANCE,Executive leadership changes announced at BAJFINANCE,Financial Express,https://finance.example.com/news/bajfinance
2026-08-31,BAJFINANCE,Executive leadership changes announced at BAJFINANCE,Financial Express,https://finance.example.com/news/bajfinance
2026-08-31,BAJFINANCE,BAJFINANCE faces margin pressure amid rising operational expenses,Livemint,https://finance.example.com/news/bajfinance
2026-09-01,BAJFINANCE,BAJFINANCE schedules annual general meeting for upcoming month,Livemint,https://finance.example.com/news/bajfinance
2026-09-01,BAJFINANCE,BAJFINANCE announces strategic partnership to boost market share,Business Standard,https://finance.example.com/news/bajfinance
2026-09-01,BAJFINANCE,BAJFINANCE faces margin pressure amid rising operational expenses,Financial Express,https://finance.example.com/news/bajfinance
2026-09-01,BAJFINANCE,Analysts upgrade BAJFINANCE target price following robust revenue growth,Financial Express,https://finance.example.com/news/bajfinance
2026-09-02,BAJFINANCE,Analysts upgrade BAJFINANCE target price following robust revenue growth,Economic Times,https://finance.example.com/news/bajfinance
2026-09-02,BAJFINANCE,Market highlights: BAJFINANCE trades rangebound in quiet session,Economic Times,https://finance.example.com/news/bajfinance
2026-09-03,BAJFINANCE,"BAJFINANCE reports record quarterly profit, exceeding analyst estimates",Business Standard,https://finance.example.com/news/bajfinance
2026-09-03,BAJFINANCE,Market highlights: BAJFINANCE trades rangebound in quiet session,Economic Times,https://finance.example.com/news/bajfinance
2026-09-03,BAJFINANCE,BAJFINANCE files quarterly compliance report with NSE,Livemint,https://finance.example.com/news/bajfinance
2026-09-04,BAJFINANCE,BAJFINANCE launches innovative AI-driven service line in India,Livemint,https://finance.example.com/news/bajfinance
2026-09-04,BAJFINANCE,Supply chain disruptions impact production targets for BAJFINANCE,Financial Express,https://finance.example.com/news/bajfinance
2026-09-04,BAJFINANCE,Board of directors at BAJFINANCE considers new dividend payout plan,Livemint,https://finance.example.com/news/bajfinance
2026-09-04,BAJFINANCE,Analysts upgrade BAJFINANCE target price following robust revenue growth,Livemint,https://finance.example.com/news/bajfinance
2026-09-07,BAJFINANCE,BAJFINANCE secures $500M international contract expansion,Livemint,https://finance.example.com/news/bajfinance
2026-09-07,BAJFINANCE,BAJFINANCE downgraded by major brokerage following weak guidance,Livemint,https://finance.example.com/news/bajfinance
2026-09-07,BAJFINANCE,BAJFINANCE secures $500M international contract expansion,Economic Times,https://finance.example.com/news/bajfinance
2026-09-08,BAJFINANCE,BAJFINANCE files quarterly compliance report with NSE,Economic Times,https://finance.example.com/news/bajfinance
2026-09-08,BAJFINANCE,BAJFINANCE secures $500M international contract expansion,Livemint,https://finance.example.com/news/bajfinance
2026-09-08,BAJFINANCE,"BAJFINANCE reports record quarterly profit, exceeding analyst estimates",Livemint,https://finance.example.com/news/bajfinance
2026-09-09,BAJFINANCE,Executive leadership changes announced at BAJFINANCE,Business Standard,https://finance.example.com/news/bajfinance
2026-09-09,BAJFINANCE,Regulatory scrutiny increases for BAJFINANCE over compliance issue,Livemint,https://finance.example.com/news/bajfinance
2026-09-09,BAJFINANCE,Supply chain disruptions impact production targets for BAJFINANCE,Livemint,https://finance.example.com/news/bajfinance
2026-09-10,BAJFINANCE,BAJFINANCE launches innovative AI-driven service line in India,Economic Times,https://finance.example.com/news/bajfinance
2026-09-10,BAJFINANCE,Market highlights: BAJFINANCE trades rangebound in quiet session,Economic Times,https://finance.example.com/news/bajfinance
2026-09-10,BAJFINANCE,BAJFINANCE downgraded by major brokerage following weak guidance,Financial Express,https://finance.example.com/news/bajfinance
2026-09-11,BAJFINANCE,Analysts upgrade BAJFINANCE target price following robust revenue growth,Economic Times,https://finance.example.com/news/bajfinance
2026-09-14,BAJFINANCE,BAJFINANCE announces strategic partnership to boost market share,Financial Express,https://finance.example.com/news/bajfinance
2026-09-14,BAJFINANCE,Quarterly revenue drops for BAJFINANCE as demand slows down,Business Standard,https://finance.example.com/news/bajfinance
2026-09-15,BAJFINANCE,BAJFINANCE faces margin pressure amid rising operational expenses,Economic Times,https://finance.example.com/news/bajfinance
2026-09-15,BAJFINANCE,BAJFINANCE files quarterly compliance report with NSE,Financial Express,https://finance.example.com/news/bajfinance
2026-09-15,BAJFINANCE,"BAJFINANCE reports record quarterly profit, exceeding analyst estimates",Livemint,https://finance.example.com/news/bajfinance
2026-09-15,BAJFINANCE,Quarterly revenue drops for BAJFINANCE as demand slows down,Financial Express,https://finance.example.com/news/bajfinance
2026-09-16,BAJFINANCE,Supply chain disruptions impact production targets for BAJFINANCE,Economic Times,https://finance.example.com/news/bajfinance
2026-09-17,BAJFINANCE,BAJFINANCE secures $500M international contract expansion,Economic Times,https://finance.example.com/news/bajfinance
2026-09-17,BAJFINANCE,BAJFINANCE launches innovative AI-driven service line in India,Economic Times,https://finance.example.com/news/bajfinance
2026-09-18,BAJFINANCE,BAJFINANCE files quarterly compliance report with NSE,Livemint,https://finance.example.com/news/bajfinance
2026-09-21,BAJFINANCE,BAJFINANCE schedules annual general meeting for upcoming month,Economic Times,https://finance.example.com/news/bajfinance
2026-09-22,BAJFINANCE,BAJFINANCE secures $500M international contract expansion,Economic Times,https://finance.example.com/news/bajfinance
2026-09-22,BAJFINANCE,Supply chain disruptions impact production targets for BAJFINANCE,Business Standard,https://finance.example.com/news/bajfinance
2026-09-22,BAJFINANCE,Supply chain disruptions impact production targets for BAJFINANCE,Financial Express,https://finance.example.com/news/bajfinance
2026-09-23,BAJFINANCE,BAJFINANCE schedules annual general meeting for upcoming month,Economic Times,https://finance.example.com/news/bajfinance
2026-09-23,BAJFINANCE,BAJFINANCE downgraded by major brokerage following weak guidance,Financial Express,https://finance.example.com/news/bajfinance
2026-09-23,BAJFINANCE,BAJFINANCE faces margin pressure amid rising operational expenses,Economic Times,https://finance.example.com/news/bajfinance
2026-09-24,BAJFINANCE,"BAJFINANCE reports record quarterly profit, exceeding analyst estimates",Business Standard,https://finance.example.com/news/bajfinance
2026-09-24,BAJFINANCE,BAJFINANCE schedules annual general meeting for upcoming month,Business Standard,https://finance.example.com/news/bajfinance
2026-09-24,BAJFINANCE,Board of directors at BAJFINANCE considers new dividend payout plan,Business Standard,https://finance.example.com/news/bajfinance
2026-09-24,BAJFINANCE,BAJFINANCE files quarterly compliance report with NSE,Business Standard,https://finance.example.com/news/bajfinance
2026-09-25,BAJFINANCE,Regulatory scrutiny increases for BAJFINANCE over compliance issue,Livemint,https://finance.example.com/news/bajfinance
2026-09-25,BAJFINANCE,Supply chain disruptions impact production targets for BAJFINANCE,Livemint,https://finance.example.com/news/bajfinance
2026-09-25,BAJFINANCE,BAJFINANCE files quarterly compliance report with NSE,Livemint,https://finance.example.com/news/bajfinance
2026-09-28,BAJFINANCE,BAJFINANCE announces strategic partnership to boost market share,Livemint,https://finance.example.com/news/bajfinance
2026-09-28,BAJFINANCE,BAJFINANCE faces margin pressure amid rising operational expenses,Economic Times,https://finance.example.com/news/bajfinance
2026-09-29,BAJFINANCE,BAJFINANCE announces strategic partnership to boost market share,Business Standard,https://finance.example.com/news/bajfinance
2026-09-29,BAJFINANCE,Regulatory scrutiny increases for BAJFINANCE over compliance issue,Financial Express,https://finance.example.com/news/bajfinance
2026-09-29,BAJFINANCE,BAJFINANCE files quarterly compliance report with NSE,Financial Express,https://finance.example.com/news/bajfinance
2026-09-29,BAJFINANCE,Market highlights: BAJFINANCE trades rangebound in quiet session,Livemint,https://finance.example.com/news/bajfinance
2026-09-30,BAJFINANCE,"BAJFINANCE reports record quarterly profit, exceeding analyst estimates",Economic Times,https://finance.example.com/news/bajfinance
2026-09-30,BAJFINANCE,BAJFINANCE announces strategic partnership to boost market share,Livemint,https://finance.example.com/news/bajfinance
2026-10-01,BAJFINANCE,Market highlights: BAJFINANCE trades rangebound in quiet session,Financial Express,https://finance.example.com/news/bajfinance
2026-10-01,BAJFINANCE,Supply chain disruptions impact production targets for BAJFINANCE,Economic Times,https://finance.example.com/news/bajfinance
2026-10-01,BAJFINANCE,Regulatory scrutiny increases for BAJFINANCE over compliance issue,Livemint,https://finance.example.com/news/bajfinance
2026-10-02,BAJFINANCE,BAJFINANCE launches innovative AI-driven service line in India,Economic Times,https://finance.example.com/news/bajfinance
2026-10-02,BAJFINANCE,Executive leadership changes announced at BAJFINANCE,Economic Times,https://finance.example.com/news/bajfinance
2026-04-07,AXISBANK,Market highlights: AXISBANK trades rangebound in quiet session,Business Standard,https://finance.example.com/news/axisbank
2026-04-07,AXISBANK,AXISBANK files quarterly compliance report with NSE,Economic Times,https://finance.example.com/news/axisbank
2026-04-07,AXISBANK,Market highlights: AXISBANK trades rangebound in quiet session,Livemint,https://finance.example.com/news/axisbank
2026-04-08,AXISBANK,Analysts upgrade AXISBANK target price following robust revenue growth,Livemint,https://finance.example.com/news/axisbank
2026-04-08,AXISBANK,AXISBANK files quarterly compliance report with NSE,Business Standard,https://finance.example.com/news/axisbank
2026-04-08,AXISBANK,AXISBANK announces strategic partnership to boost market share,Business Standard,https://finance.example.com/news/axisbank
2026-04-09,AXISBANK,AXISBANK launches innovative AI-driven service line in India,Financial Express,https://finance.example.com/news/axisbank
2026-04-09,AXISBANK,AXISBANK files quarterly compliance report with NSE,Economic Times,https://finance.example.com/news/axisbank
2026-04-09,AXISBANK,AXISBANK files quarterly compliance report with NSE,Financial Express,https://finance.example.com/news/axisbank
2026-04-09,AXISBANK,Board of directors at AXISBANK considers new dividend payout plan,Economic Times,https://finance.example.com/news/axisbank
2026-04-10,AXISBANK,Analysts upgrade AXISBANK target price following robust revenue growth,Financial Express,https://finance.example.com/news/axisbank
2026-04-10,AXISBANK,AXISBANK launches innovative AI-driven service line in India,Livemint,https://finance.example.com/news/axisbank
2026-04-10,AXISBANK,Regulatory scrutiny increases for AXISBANK over compliance issue,Economic Times,https://finance.example.com/news/axisbank
2026-04-13,AXISBANK,AXISBANK schedules annual general meeting for upcoming month,Financial Express,https://finance.example.com/news/axisbank
2026-04-13,AXISBANK,Analysts upgrade AXISBANK target price following robust revenue growth,Business Standard,https://finance.example.com/news/axisbank
2026-04-13,AXISBANK,Executive leadership changes announced at AXISBANK,Business Standard,https://finance.example.com/news/axisbank
2026-04-13,AXISBANK,AXISBANK schedules annual general meeting for upcoming month,Business Standard,https://finance.example.com/news/axisbank
2026-04-14,AXISBANK,AXISBANK announces strategic partnership to boost market share,Business Standard,https://finance.example.com/news/axisbank
2026-04-14,AXISBANK,"AXISBANK reports record quarterly profit, exceeding analyst estimates",Livemint,https://finance.example.com/news/axisbank
2026-04-14,AXISBANK,Analysts upgrade AXISBANK target price following robust revenue growth,Business Standard,https://finance.example.com/news/axisbank
2026-04-14,AXISBANK,AXISBANK schedules annual general meeting for upcoming month,Business Standard,https://finance.example.com/news/axisbank
2026-04-15,AXISBANK,AXISBANK schedules annual general meeting for upcoming month,Livemint,https://finance.example.com/news/axisbank
2026-04-15,AXISBANK,Market highlights: AXISBANK trades rangebound in quiet session,Economic Times,https://finance.example.com/news/axisbank
2026-04-16,AXISBANK,Supply chain disruptions impact production targets for AXISBANK,Economic Times,https://finance.example.com/news/axisbank
2026-04-16,AXISBANK,AXISBANK downgraded by major brokerage following weak guidance,Economic Times,https://finance.example.com/news/axisbank
2026-04-17,AXISBANK,Quarterly revenue drops for AXISBANK as demand slows down,Livemint,https://finance.example.com/news/axisbank
2026-04-17,AXISBANK,Regulatory scrutiny increases for AXISBANK over compliance issue,Financial Express,https://finance.example.com/news/axisbank
2026-04-17,AXISBANK,AXISBANK files quarterly compliance report with NSE,Livemint,https://finance.example.com/news/axisbank
2026-04-20,AXISBANK,Board of directors at AXISBANK considers new dividend payout plan,Economic Times,https://finance.example.com/news/axisbank
2026-04-20,AXISBANK,AXISBANK secures $500M international contract expansion,Business Standard,https://finance.example.com/news/axisbank
2026-04-20,AXISBANK,AXISBANK secures $500M international contract expansion,Livemint,https://finance.example.com/news/axisbank
2026-04-20,AXISBANK,"AXISBANK reports record quarterly profit, exceeding analyst estimates",Economic Times,https://finance.example.com/news/axisbank
2026-04-21,AXISBANK,AXISBANK downgraded by major brokerage following weak guidance,Business Standard,https://finance.example.com/news/axisbank
2026-04-22,AXISBANK,Executive leadership changes announced at AXISBANK,Financial Express,https://finance.example.com/news/axisbank
2026-04-22,AXISBANK,Executive leadership changes announced at AXISBANK,Livemint,https://finance.example.com/news/axisbank
2026-04-22,AXISBANK,AXISBANK launches innovative AI-driven service line in India,Financial Express,https://finance.example.com/news/axisbank
2026-04-22,AXISBANK,AXISBANK files quarterly compliance report with NSE,Business Standard,https://finance.example.com/news/axisbank
2026-04-23,AXISBANK,AXISBANK faces margin pressure amid rising operational expenses,Financial Express,https://finance.example.com/news/axisbank
2026-04-23,AXISBANK,Supply chain disruptions impact production targets for AXISBANK,Financial Express,https://finance.example.com/news/axisbank
2026-04-23,AXISBANK,Supply chain disruptions impact production targets for AXISBANK,Financial Express,https://finance.example.com/news/axisbank
2026-04-24,AXISBANK,Regulatory scrutiny increases for AXISBANK over compliance issue,Financial Express,https://finance.example.com/news/axisbank
2026-04-24,AXISBANK,Market highlights: AXISBANK trades rangebound in quiet session,Livemint,https://finance.example.com/news/axisbank
2026-04-24,AXISBANK,Regulatory scrutiny increases for AXISBANK over compliance issue,Livemint,https://finance.example.com/news/axisbank
2026-04-24,AXISBANK,AXISBANK announces strategic partnership to boost market share,Livemint,https://finance.example.com/news/axisbank
2026-04-27,AXISBANK,AXISBANK downgraded by major brokerage following weak guidance,Financial Express,https://finance.example.com/news/axisbank
2026-04-27,AXISBANK,Quarterly revenue drops for AXISBANK as demand slows down,Financial Express,https://finance.example.com/news/axisbank
2026-04-27,AXISBANK,AXISBANK downgraded by major brokerage following weak guidance,Financial Express,https://finance.example.com/news/axisbank
2026-04-27,AXISBANK,Analysts upgrade AXISBANK target price following robust revenue growth,Business Standard,https://finance.example.com/news/axisbank
2026-04-28,AXISBANK,AXISBANK secures $500M international contract expansion,Livemint,https://finance.example.com/news/axisbank
2026-04-28,AXISBANK,Regulatory scrutiny increases for AXISBANK over compliance issue,Livemint,https://finance.example.com/news/axisbank
2026-04-29,AXISBANK,AXISBANK secures $500M international contract expansion,Economic Times,https://finance.example.com/news/axisbank
2026-04-29,AXISBANK,"AXISBANK reports record quarterly profit, exceeding analyst estimates",Financial Express,https://finance.example.com/news/axisbank
2026-04-30,AXISBANK,Executive leadership changes announced at AXISBANK,Livemint,https://finance.example.com/news/axisbank
2026-05-01,AXISBANK,Analysts upgrade AXISBANK target price following robust revenue growth,Economic Times,https://finance.example.com/news/axisbank
2026-05-04,AXISBANK,AXISBANK secures $500M international contract expansion,Business Standard,https://finance.example.com/news/axisbank
2026-05-04,AXISBANK,Board of directors at AXISBANK considers new dividend payout plan,Economic Times,https://finance.example.com/news/axisbank
2026-05-05,AXISBANK,AXISBANK launches innovative AI-driven service line in India,Financial Express,https://finance.example.com/news/axisbank
2026-05-05,AXISBANK,Market highlights: AXISBANK trades rangebound in quiet session,Financial Express,https://finance.example.com/news/axisbank
2026-05-05,AXISBANK,Regulatory scrutiny increases for AXISBANK over compliance issue,Business Standard,https://finance.example.com/news/axisbank
2026-05-06,AXISBANK,AXISBANK downgraded by major brokerage following weak guidance,Economic Times,https://finance.example.com/news/axisbank
2026-05-07,AXISBANK,Executive leadership changes announced at AXISBANK,Financial Express,https://finance.example.com/news/axisbank
2026-05-07,AXISBANK,AXISBANK secures $500M international contract expansion,Financial Express,https://finance.example.com/news/axisbank
2026-05-08,AXISBANK,AXISBANK schedules annual general meeting for upcoming month,Business Standard,https://finance.example.com/news/axisbank
2026-05-08,AXISBANK,AXISBANK files quarterly compliance report with NSE,Livemint,https://finance.example.com/news/axisbank
2026-05-11,AXISBANK,"AXISBANK reports record quarterly profit, exceeding analyst estimates",Livemint,https://finance.example.com/news/axisbank
2026-05-11,AXISBANK,Supply chain disruptions impact production targets for AXISBANK,Financial Express,https://finance.example.com/news/axisbank
2026-05-11,AXISBANK,AXISBANK schedules annual general meeting for upcoming month,Financial Express,https://finance.example.com/news/axisbank
2026-05-11,AXISBANK,AXISBANK launches innovative AI-driven service line in India,Business Standard,https://finance.example.com/news/axisbank
2026-05-12,AXISBANK,Analysts upgrade AXISBANK target price following robust revenue growth,Financial Express,https://finance.example.com/news/axisbank
2026-05-13,AXISBANK,AXISBANK files quarterly compliance report with NSE,Economic Times,https://finance.example.com/news/axisbank
2026-05-13,AXISBANK,AXISBANK schedules annual general meeting for upcoming month,Business Standard,https://finance.example.com/news/axisbank
2026-05-13,AXISBANK,AXISBANK schedules annual general meeting for upcoming month,Livemint,https://finance.example.com/news/axisbank
2026-05-13,AXISBANK,AXISBANK files quarterly compliance report with NSE,Financial Express,https://finance.example.com/news/axisbank
2026-05-14,AXISBANK,Board of directors at AXISBANK considers new dividend payout plan,Financial Express,https://finance.example.com/news/axisbank
2026-05-14,AXISBANK,AXISBANK secures $500M international contract expansion,Economic Times,https://finance.example.com/news/axisbank
2026-05-15,AXISBANK,AXISBANK schedules annual general meeting for upcoming month,Economic Times,https://finance.example.com/news/axisbank
2026-05-15,AXISBANK,AXISBANK files quarterly compliance report with NSE,Livemint,https://finance.example.com/news/axisbank
2026-05-15,AXISBANK,Regulatory scrutiny increases for AXISBANK over compliance issue,Business Standard,https://finance.example.com/news/axisbank
2026-05-15,AXISBANK,AXISBANK announces strategic partnership to boost market share,Economic Times,https://finance.example.com/news/axisbank
2026-05-18,AXISBANK,"AXISBANK reports record quarterly profit, exceeding analyst estimates",Economic Times,https://finance.example.com/news/axisbank
2026-05-18,AXISBANK,AXISBANK secures $500M international contract expansion,Livemint,https://finance.example.com/news/axisbank
2026-05-19,AXISBANK,Quarterly revenue drops for AXISBANK as demand slows down,Livemint,https://finance.example.com/news/axisbank
2026-05-19,AXISBANK,"AXISBANK reports record quarterly profit, exceeding analyst estimates",Livemint,https://finance.example.com/news/axisbank
2026-05-19,AXISBANK,AXISBANK launches innovative AI-driven service line in India,Financial Express,https://finance.example.com/news/axisbank
2026-05-19,AXISBANK,Board of directors at AXISBANK considers new dividend payout plan,Business Standard,https://finance.example.com/news/axisbank
2026-05-20,AXISBANK,Supply chain disruptions impact production targets for AXISBANK,Economic Times,https://finance.example.com/news/axisbank
2026-05-21,AXISBANK,Analysts upgrade AXISBANK target price following robust revenue growth,Economic Times,https://finance.example.com/news/axisbank
2026-05-21,AXISBANK,"AXISBANK reports record quarterly profit, exceeding analyst estimates",Financial Express,https://finance.example.com/news/axisbank
2026-05-22,AXISBANK,AXISBANK downgraded by major brokerage following weak guidance,Business Standard,https://finance.example.com/news/axisbank
2026-05-22,AXISBANK,AXISBANK announces strategic partnership to boost market share,Financial Express,https://finance.example.com/news/axisbank
2026-05-22,AXISBANK,AXISBANK launches innovative AI-driven service line in India,Livemint,https://finance.example.com/news/axisbank
2026-05-22,AXISBANK,AXISBANK announces strategic partnership to boost market share,Livemint,https://finance.example.com/news/axisbank
2026-05-25,AXISBANK,Supply chain disruptions impact production targets for AXISBANK,Economic Times,https://finance.example.com/news/axisbank
2026-05-26,AXISBANK,AXISBANK secures $500M international contract expansion,Economic Times,https://finance.example.com/news/axisbank
2026-05-26,AXISBANK,"AXISBANK reports record quarterly profit, exceeding analyst estimates",Financial Express,https://finance.example.com/news/axisbank
2026-05-27,AXISBANK,AXISBANK announces strategic partnership to boost market share,Financial Express,https://finance.example.com/news/axisbank
2026-05-27,AXISBANK,Analysts upgrade AXISBANK target price following robust revenue growth,Economic Times,https://finance.example.com/news/axisbank
2026-05-27,AXISBANK,AXISBANK files quarterly compliance report with NSE,Livemint,https://finance.example.com/news/axisbank
2026-05-27,AXISBANK,Market highlights: AXISBANK trades rangebound in quiet session,Livemint,https://finance.example.com/news/axisbank
2026-05-28,AXISBANK,Analysts upgrade AXISBANK target price following robust revenue growth,Economic Times,https://finance.example.com/news/axisbank
2026-05-28,AXISBANK,AXISBANK faces margin pressure amid rising operational expenses,Business Standard,https://finance.example.com/news/axisbank
2026-05-29,AXISBANK,Board of directors at AXISBANK considers new dividend payout plan,Financial Express,https://finance.example.com/news/axisbank
2026-06-01,AXISBANK,Regulatory scrutiny increases for AXISBANK over compliance issue,Economic Times,https://finance.example.com/news/axisbank
2026-06-01,AXISBANK,"AXISBANK reports record quarterly profit, exceeding analyst estimates",Business Standard,https://finance.example.com/news/axisbank
2026-06-02,AXISBANK,Board of directors at AXISBANK considers new dividend payout plan,Business Standard,https://finance.example.com/news/axisbank
2026-06-02,AXISBANK,Regulatory scrutiny increases for AXISBANK over compliance issue,Business Standard,https://finance.example.com/news/axisbank
2026-06-02,AXISBANK,Supply chain disruptions impact production targets for AXISBANK,Business Standard,https://finance.example.com/news/axisbank
2026-06-02,AXISBANK,Analysts upgrade AXISBANK target price following robust revenue growth,Livemint,https://finance.example.com/news/axisbank
2026-06-03,AXISBANK,Board of directors at AXISBANK considers new dividend payout plan,Livemint,https://finance.example.com/news/axisbank
2026-06-03,AXISBANK,AXISBANK launches innovative AI-driven service line in India,Business Standard,https://finance.example.com/news/axisbank
2026-06-03,AXISBANK,Quarterly revenue drops for AXISBANK as demand slows down,Livemint,https://finance.example.com/news/axisbank
2026-06-04,AXISBANK,Market highlights: AXISBANK trades rangebound in quiet session,Financial Express,https://finance.example.com/news/axisbank
2026-06-05,AXISBANK,AXISBANK launches innovative AI-driven service line in India,Financial Express,https://finance.example.com/news/axisbank
2026-06-05,AXISBANK,Analysts upgrade AXISBANK target price following robust revenue growth,Economic Times,https://finance.example.com/news/axisbank
2026-06-08,AXISBANK,AXISBANK launches innovative AI-driven service line in India,Financial Express,https://finance.example.com/news/axisbank
2026-06-08,AXISBANK,Executive leadership changes announced at AXISBANK,Economic Times,https://finance.example.com/news/axisbank
2026-06-08,AXISBANK,AXISBANK announces strategic partnership to boost market share,Economic Times,https://finance.example.com/news/axisbank
2026-06-09,AXISBANK,Board of directors at AXISBANK considers new dividend payout plan,Financial Express,https://finance.example.com/news/axisbank
2026-06-09,AXISBANK,Analysts upgrade AXISBANK target price following robust revenue growth,Economic Times,https://finance.example.com/news/axisbank
2026-06-10,AXISBANK,AXISBANK files quarterly compliance report with NSE,Economic Times,https://finance.example.com/news/axisbank
2026-06-11,AXISBANK,"AXISBANK reports record quarterly profit, exceeding analyst estimates",Economic Times,https://finance.example.com/news/axisbank
2026-06-11,AXISBANK,Supply chain disruptions impact production targets for AXISBANK,Economic Times,https://finance.example.com/news/axisbank
2026-06-12,AXISBANK,Supply chain disruptions impact production targets for AXISBANK,Business Standard,https://finance.example.com/news/axisbank
2026-06-12,AXISBANK,AXISBANK files quarterly compliance report with NSE,Financial Express,https://finance.example.com/news/axisbank
2026-06-15,AXISBANK,AXISBANK announces strategic partnership to boost market share,Business Standard,https://finance.example.com/news/axisbank
2026-06-15,AXISBANK,Market highlights: AXISBANK trades rangebound in quiet session,Livemint,https://finance.example.com/news/axisbank
2026-06-15,AXISBANK,Analysts upgrade AXISBANK target price following robust revenue growth,Financial Express,https://finance.example.com/news/axisbank
2026-06-15,AXISBANK,AXISBANK announces strategic partnership to boost market share,Livemint,https://finance.example.com/news/axisbank
2026-06-16,AXISBANK,Executive leadership changes announced at AXISBANK,Financial Express,https://finance.example.com/news/axisbank
2026-06-16,AXISBANK,AXISBANK launches innovative AI-driven service line in India,Economic Times,https://finance.example.com/news/axisbank
2026-06-17,AXISBANK,Regulatory scrutiny increases for AXISBANK over compliance issue,Economic Times,https://finance.example.com/news/axisbank
2026-06-17,AXISBANK,AXISBANK secures $500M international contract expansion,Business Standard,https://finance.example.com/news/axisbank
2026-06-18,AXISBANK,Regulatory scrutiny increases for AXISBANK over compliance issue,Livemint,https://finance.example.com/news/axisbank
2026-06-18,AXISBANK,Analysts upgrade AXISBANK target price following robust revenue growth,Economic Times,https://finance.example.com/news/axisbank
2026-06-18,AXISBANK,AXISBANK schedules annual general meeting for upcoming month,Economic Times,https://finance.example.com/news/axisbank
2026-06-18,AXISBANK,AXISBANK secures $500M international contract expansion,Livemint,https://finance.example.com/news/axisbank
2026-06-19,AXISBANK,"AXISBANK reports record quarterly profit, exceeding analyst estimates",Livemint,https://finance.example.com/news/axisbank
2026-06-19,AXISBANK,Supply chain disruptions impact production targets for AXISBANK,Business Standard,https://finance.example.com/news/axisbank
2026-06-19,AXISBANK,AXISBANK launches innovative AI-driven service line in India,Livemint,https://finance.example.com/news/axisbank
2026-06-22,AXISBANK,Supply chain disruptions impact production targets for AXISBANK,Business Standard,https://finance.example.com/news/axisbank
2026-06-23,AXISBANK,Analysts upgrade AXISBANK target price following robust revenue growth,Livemint,https://finance.example.com/news/axisbank
2026-06-23,AXISBANK,AXISBANK schedules annual general meeting for upcoming month,Business Standard,https://finance.example.com/news/axisbank
2026-06-24,AXISBANK,AXISBANK launches innovative AI-driven service line in India,Business Standard,https://finance.example.com/news/axisbank
2026-06-24,AXISBANK,AXISBANK downgraded by major brokerage following weak guidance,Livemint,https://finance.example.com/news/axisbank
2026-06-24,AXISBANK,"AXISBANK reports record quarterly profit, exceeding analyst estimates",Financial Express,https://finance.example.com/news/axisbank
2026-06-25,AXISBANK,AXISBANK launches innovative AI-driven service line in India,Business Standard,https://finance.example.com/news/axisbank
2026-06-25,AXISBANK,AXISBANK faces margin pressure amid rising operational expenses,Livemint,https://finance.example.com/news/axisbank
2026-06-25,AXISBANK,AXISBANK files quarterly compliance report with NSE,Livemint,https://finance.example.com/news/axisbank
2026-06-26,AXISBANK,Quarterly revenue drops for AXISBANK as demand slows down,Livemint,https://finance.example.com/news/axisbank
2026-06-26,AXISBANK,"AXISBANK reports record quarterly profit, exceeding analyst estimates",Business Standard,https://finance.example.com/news/axisbank
2026-06-26,AXISBANK,AXISBANK launches innovative AI-driven service line in India,Economic Times,https://finance.example.com/news/axisbank
2026-06-29,AXISBANK,AXISBANK faces margin pressure amid rising operational expenses,Business Standard,https://finance.example.com/news/axisbank
2026-06-29,AXISBANK,Supply chain disruptions impact production targets for AXISBANK,Business Standard,https://finance.example.com/news/axisbank
2026-06-29,AXISBANK,AXISBANK downgraded by major brokerage following weak guidance,Financial Express,https://finance.example.com/news/axisbank
2026-06-29,AXISBANK,Supply chain disruptions impact production targets for AXISBANK,Financial Express,https://finance.example.com/news/axisbank
2026-06-30,AXISBANK,AXISBANK secures $500M international contract expansion,Livemint,https://finance.example.com/news/axisbank
2026-07-01,AXISBANK,AXISBANK schedules annual general meeting for upcoming month,Livemint,https://finance.example.com/news/axisbank
2026-07-01,AXISBANK,AXISBANK downgraded by major brokerage following weak guidance,Business Standard,https://finance.example.com/news/axisbank
2026-07-01,AXISBANK,Supply chain disruptions impact production targets for AXISBANK,Financial Express,https://finance.example.com/news/axisbank
2026-07-01,AXISBANK,Market highlights: AXISBANK trades rangebound in quiet session,Financial Express,https://finance.example.com/news/axisbank
2026-07-02,AXISBANK,AXISBANK faces margin pressure amid rising operational expenses,Livemint,https://finance.example.com/news/axisbank
2026-07-02,AXISBANK,AXISBANK launches innovative AI-driven service line in India,Financial Express,https://finance.example.com/news/axisbank
2026-07-03,AXISBANK,AXISBANK files quarterly compliance report with NSE,Livemint,https://finance.example.com/news/axisbank
2026-07-03,AXISBANK,AXISBANK files quarterly compliance report with NSE,Livemint,https://finance.example.com/news/axisbank
2026-07-03,AXISBANK,Board of directors at AXISBANK considers new dividend payout plan,Livemint,https://finance.example.com/news/axisbank
2026-07-03,AXISBANK,AXISBANK faces margin pressure amid rising operational expenses,Livemint,https://finance.example.com/news/axisbank
2026-07-06,AXISBANK,Quarterly revenue drops for AXISBANK as demand slows down,Economic Times,https://finance.example.com/news/axisbank
2026-07-06,AXISBANK,AXISBANK announces strategic partnership to boost market share,Livemint,https://finance.example.com/news/axisbank
2026-07-06,AXISBANK,AXISBANK files quarterly compliance report with NSE,Economic Times,https://finance.example.com/news/axisbank
2026-07-06,AXISBANK,AXISBANK schedules annual general meeting for upcoming month,Livemint,https://finance.example.com/news/axisbank
2026-07-07,AXISBANK,Regulatory scrutiny increases for AXISBANK over compliance issue,Livemint,https://finance.example.com/news/axisbank
2026-07-07,AXISBANK,AXISBANK schedules annual general meeting for upcoming month,Financial Express,https://finance.example.com/news/axisbank
2026-07-07,AXISBANK,Quarterly revenue drops for AXISBANK as demand slows down,Business Standard,https://finance.example.com/news/axisbank
2026-07-08,AXISBANK,Board of directors at AXISBANK considers new dividend payout plan,Livemint,https://finance.example.com/news/axisbank
2026-07-08,AXISBANK,Market highlights: AXISBANK trades rangebound in quiet session,Livemint,https://finance.example.com/news/axisbank
2026-07-09,AXISBANK,AXISBANK files quarterly compliance report with NSE,Economic Times,https://finance.example.com/news/axisbank
2026-07-09,AXISBANK,AXISBANK files quarterly compliance report with NSE,Financial Express,https://finance.example.com/news/axisbank
2026-07-09,AXISBANK,AXISBANK announces strategic partnership to boost market share,Livemint,https://finance.example.com/news/axisbank
2026-07-10,AXISBANK,Executive leadership changes announced at AXISBANK,Economic Times,https://finance.example.com/news/axisbank
2026-07-10,AXISBANK,"AXISBANK reports record quarterly profit, exceeding analyst estimates",Economic Times,https://finance.example.com/news/axisbank
2026-07-10,AXISBANK,AXISBANK announces strategic partnership to boost market share,Business Standard,https://finance.example.com/news/axisbank
2026-07-13,AXISBANK,Analysts upgrade AXISBANK target price following robust revenue growth,Livemint,https://finance.example.com/news/axisbank
2026-07-13,AXISBANK,AXISBANK launches innovative AI-driven service line in India,Financial Express,https://finance.example.com/news/axisbank
2026-07-13,AXISBANK,AXISBANK files quarterly compliance report with NSE,Financial Express,https://finance.example.com/news/axisbank
2026-07-14,AXISBANK,Market highlights: AXISBANK trades rangebound in quiet session,Financial Express,https://finance.example.com/news/axisbank
2026-07-14,AXISBANK,AXISBANK secures $500M international contract expansion,Livemint,https://finance.example.com/news/axisbank
2026-07-14,AXISBANK,AXISBANK secures $500M international contract expansion,Economic Times,https://finance.example.com/news/axisbank
2026-07-15,AXISBANK,Market highlights: AXISBANK trades rangebound in quiet session,Economic Times,https://finance.example.com/news/axisbank
2026-07-15,AXISBANK,Analysts upgrade AXISBANK target price following robust revenue growth,Economic Times,https://finance.example.com/news/axisbank
2026-07-16,AXISBANK,Market highlights: AXISBANK trades rangebound in quiet session,Business Standard,https://finance.example.com/news/axisbank
2026-07-17,AXISBANK,Supply chain disruptions impact production targets for AXISBANK,Economic Times,https://finance.example.com/news/axisbank
2026-07-17,AXISBANK,Supply chain disruptions impact production targets for AXISBANK,Business Standard,https://finance.example.com/news/axisbank
2026-07-17,AXISBANK,AXISBANK downgraded by major brokerage following weak guidance,Livemint,https://finance.example.com/news/axisbank
2026-07-17,AXISBANK,AXISBANK files quarterly compliance report with NSE,Livemint,https://finance.example.com/news/axisbank
2026-07-20,AXISBANK,AXISBANK secures $500M international contract expansion,Livemint,https://finance.example.com/news/axisbank
2026-07-20,AXISBANK,AXISBANK faces margin pressure amid rising operational expenses,Economic Times,https://finance.example.com/news/axisbank
2026-07-20,AXISBANK,AXISBANK secures $500M international contract expansion,Economic Times,https://finance.example.com/news/axisbank
2026-07-20,AXISBANK,AXISBANK announces strategic partnership to boost market share,Business Standard,https://finance.example.com/news/axisbank
2026-07-21,AXISBANK,AXISBANK announces strategic partnership to boost market share,Economic Times,https://finance.example.com/news/axisbank
2026-07-21,AXISBANK,Executive leadership changes announced at AXISBANK,Economic Times,https://finance.example.com/news/axisbank
2026-07-21,AXISBANK,Supply chain disruptions impact production targets for AXISBANK,Financial Express,https://finance.example.com/news/axisbank
2026-07-22,AXISBANK,AXISBANK downgraded by major brokerage following weak guidance,Business Standard,https://finance.example.com/news/axisbank
2026-07-22,AXISBANK,AXISBANK secures $500M international contract expansion,Financial Express,https://finance.example.com/news/axisbank
2026-07-22,AXISBANK,Supply chain disruptions impact production targets for AXISBANK,Financial Express,https://finance.example.com/news/axisbank
2026-07-22,AXISBANK,Market highlights: AXISBANK trades rangebound in quiet session,Economic Times,https://finance.example.com/news/axisbank
2026-07-23,AXISBANK,AXISBANK faces margin pressure amid rising operational expenses,Livemint,https://finance.example.com/news/axisbank
2026-07-24,AXISBANK,AXISBANK schedules annual general meeting for upcoming month,Business Standard,https://finance.example.com/news/axisbank
2026-07-24,AXISBANK,Regulatory scrutiny increases for AXISBANK over compliance issue,Business Standard,https://finance.example.com/news/axisbank
2026-07-24,AXISBANK,AXISBANK launches innovative AI-driven service line in India,Livemint,https://finance.example.com/news/axisbank
2026-07-27,AXISBANK,AXISBANK announces strategic partnership to boost market share,Business Standard,https://finance.example.com/news/axisbank
2026-07-27,AXISBANK,AXISBANK announces strategic partnership to boost market share,Livemint,https://finance.example.com/news/axisbank
2026-07-27,AXISBANK,Executive leadership changes announced at AXISBANK,Financial Express,https://finance.example.com/news/axisbank
2026-07-28,AXISBANK,AXISBANK faces margin pressure amid rising operational expenses,Financial Express,https://finance.example.com/news/axisbank
2026-07-28,AXISBANK,Regulatory scrutiny increases for AXISBANK over compliance issue,Economic Times,https://finance.example.com/news/axisbank
2026-07-28,AXISBANK,AXISBANK announces strategic partnership to boost market share,Economic Times,https://finance.example.com/news/axisbank
2026-07-29,AXISBANK,AXISBANK launches innovative AI-driven service line in India,Financial Express,https://finance.example.com/news/axisbank
2026-07-29,AXISBANK,"AXISBANK reports record quarterly profit, exceeding analyst estimates",Business Standard,https://finance.example.com/news/axisbank
2026-07-30,AXISBANK,Market highlights: AXISBANK trades rangebound in quiet session,Business Standard,https://finance.example.com/news/axisbank
2026-07-30,AXISBANK,Analysts upgrade AXISBANK target price following robust revenue growth,Economic Times,https://finance.example.com/news/axisbank
2026-07-30,AXISBANK,Analysts upgrade AXISBANK target price following robust revenue growth,Economic Times,https://finance.example.com/news/axisbank
2026-07-30,AXISBANK,AXISBANK files quarterly compliance report with NSE,Business Standard,https://finance.example.com/news/axisbank
2026-07-31,AXISBANK,AXISBANK launches innovative AI-driven service line in India,Economic Times,https://finance.example.com/news/axisbank
2026-08-03,AXISBANK,"AXISBANK reports record quarterly profit, exceeding analyst estimates",Livemint,https://finance.example.com/news/axisbank
2026-08-03,AXISBANK,AXISBANK faces margin pressure amid rising operational expenses,Livemint,https://finance.example.com/news/axisbank
2026-08-04,AXISBANK,AXISBANK schedules annual general meeting for upcoming month,Financial Express,https://finance.example.com/news/axisbank
2026-08-05,AXISBANK,"AXISBANK reports record quarterly profit, exceeding analyst estimates",Financial Express,https://finance.example.com/news/axisbank
2026-08-05,AXISBANK,AXISBANK launches innovative AI-driven service line in India,Livemint,https://finance.example.com/news/axisbank
2026-08-05,AXISBANK,AXISBANK announces strategic partnership to boost market share,Livemint,https://finance.example.com/news/axisbank
2026-08-06,AXISBANK,Board of directors at AXISBANK considers new dividend payout plan,Business Standard,https://finance.example.com/news/axisbank
2026-08-07,AXISBANK,Quarterly revenue drops for AXISBANK as demand slows down,Financial Express,https://finance.example.com/news/axisbank
2026-08-07,AXISBANK,Board of directors at AXISBANK considers new dividend payout plan,Livemint,https://finance.example.com/news/axisbank
2026-08-10,AXISBANK,Board of directors at AXISBANK considers new dividend payout plan,Economic Times,https://finance.example.com/news/axisbank
2026-08-10,AXISBANK,Market highlights: AXISBANK trades rangebound in quiet session,Financial Express,https://finance.example.com/news/axisbank
2026-08-11,AXISBANK,AXISBANK schedules annual general meeting for upcoming month,Livemint,https://finance.example.com/news/axisbank
2026-08-12,AXISBANK,AXISBANK secures $500M international contract expansion,Economic Times,https://finance.example.com/news/axisbank
2026-08-12,AXISBANK,Market highlights: AXISBANK trades rangebound in quiet session,Economic Times,https://finance.example.com/news/axisbank
2026-08-12,AXISBANK,Supply chain disruptions impact production targets for AXISBANK,Livemint,https://finance.example.com/news/axisbank
2026-08-13,AXISBANK,Executive leadership changes announced at AXISBANK,Business Standard,https://finance.example.com/news/axisbank
2026-08-13,AXISBANK,AXISBANK schedules annual general meeting for upcoming month,Financial Express,https://finance.example.com/news/axisbank
2026-08-13,AXISBANK,Analysts upgrade AXISBANK target price following robust revenue growth,Economic Times,https://finance.example.com/news/axisbank
2026-08-13,AXISBANK,AXISBANK launches innovative AI-driven service line in India,Economic Times,https://finance.example.com/news/axisbank
2026-08-14,AXISBANK,"AXISBANK reports record quarterly profit, exceeding analyst estimates",Business Standard,https://finance.example.com/news/axisbank
2026-08-14,AXISBANK,Executive leadership changes announced at AXISBANK,Financial Express,https://finance.example.com/news/axisbank
2026-08-14,AXISBANK,AXISBANK schedules annual general meeting for upcoming month,Livemint,https://finance.example.com/news/axisbank
2026-08-14,AXISBANK,Executive leadership changes announced at AXISBANK,Business Standard,https://finance.example.com/news/axisbank
2026-08-17,AXISBANK,AXISBANK secures $500M international contract expansion,Business Standard,https://finance.example.com/news/axisbank
2026-08-17,AXISBANK,AXISBANK files quarterly compliance report with NSE,Business Standard,https://finance.example.com/news/axisbank
2026-08-18,AXISBANK,AXISBANK faces margin pressure amid rising operational expenses,Business Standard,https://finance.example.com/news/axisbank
2026-08-18,AXISBANK,"AXISBANK reports record quarterly profit, exceeding analyst estimates",Livemint,https://finance.example.com/news/axisbank
2026-08-18,AXISBANK,Supply chain disruptions impact production targets for AXISBANK,Business Standard,https://finance.example.com/news/axisbank
2026-08-18,AXISBANK,Analysts upgrade AXISBANK target price following robust revenue growth,Financial Express,https://finance.example.com/news/axisbank
2026-08-19,AXISBANK,"AXISBANK reports record quarterly profit, exceeding analyst estimates",Livemint,https://finance.example.com/news/axisbank
2026-08-20,AXISBANK,AXISBANK faces margin pressure amid rising operational expenses,Financial Express,https://finance.example.com/news/axisbank
2026-08-20,AXISBANK,Analysts upgrade AXISBANK target price following robust revenue growth,Business Standard,https://finance.example.com/news/axisbank
2026-08-21,AXISBANK,AXISBANK announces strategic partnership to boost market share,Financial Express,https://finance.example.com/news/axisbank
2026-08-21,AXISBANK,Market highlights: AXISBANK trades rangebound in quiet session,Economic Times,https://finance.example.com/news/axisbank
2026-08-24,AXISBANK,AXISBANK faces margin pressure amid rising operational expenses,Economic Times,https://finance.example.com/news/axisbank
2026-08-24,AXISBANK,AXISBANK secures $500M international contract expansion,Economic Times,https://finance.example.com/news/axisbank
2026-08-24,AXISBANK,AXISBANK schedules annual general meeting for upcoming month,Economic Times,https://finance.example.com/news/axisbank
2026-08-25,AXISBANK,AXISBANK announces strategic partnership to boost market share,Financial Express,https://finance.example.com/news/axisbank
2026-08-25,AXISBANK,AXISBANK launches innovative AI-driven service line in India,Economic Times,https://finance.example.com/news/axisbank
2026-08-25,AXISBANK,AXISBANK schedules annual general meeting for upcoming month,Livemint,https://finance.example.com/news/axisbank
2026-08-25,AXISBANK,AXISBANK secures $500M international contract expansion,Livemint,https://finance.example.com/news/axisbank
2026-08-26,AXISBANK,Board of directors at AXISBANK considers new dividend payout plan,Livemint,https://finance.example.com/news/axisbank
2026-08-26,AXISBANK,Market highlights: AXISBANK trades rangebound in quiet session,Financial Express,https://finance.example.com/news/axisbank
2026-08-27,AXISBANK,AXISBANK secures $500M international contract expansion,Livemint,https://finance.example.com/news/axisbank
2026-08-27,AXISBANK,Market highlights: AXISBANK trades rangebound in quiet session,Livemint,https://finance.example.com/news/axisbank
2026-08-28,AXISBANK,AXISBANK files quarterly compliance report with NSE,Business Standard,https://finance.example.com/news/axisbank
2026-08-28,AXISBANK,AXISBANK downgraded by major brokerage following weak guidance,Business Standard,https://finance.example.com/news/axisbank
2026-08-31,AXISBANK,AXISBANK secures $500M international contract expansion,Business Standard,https://finance.example.com/news/axisbank
2026-08-31,AXISBANK,"AXISBANK reports record quarterly profit, exceeding analyst estimates",Business Standard,https://finance.example.com/news/axisbank
2026-08-31,AXISBANK,AXISBANK launches innovative AI-driven service line in India,Economic Times,https://finance.example.com/news/axisbank
2026-08-31,AXISBANK,Regulatory scrutiny increases for AXISBANK over compliance issue,Financial Express,https://finance.example.com/news/axisbank
2026-09-01,AXISBANK,AXISBANK launches innovative AI-driven service line in India,Financial Express,https://finance.example.com/news/axisbank
2026-09-02,AXISBANK,Regulatory scrutiny increases for AXISBANK over compliance issue,Livemint,https://finance.example.com/news/axisbank
2026-09-02,AXISBANK,Market highlights: AXISBANK trades rangebound in quiet session,Livemint,https://finance.example.com/news/axisbank
2026-09-03,AXISBANK,AXISBANK announces strategic partnership to boost market share,Livemint,https://finance.example.com/news/axisbank
2026-09-03,AXISBANK,"AXISBANK reports record quarterly profit, exceeding analyst estimates",Business Standard,https://finance.example.com/news/axisbank
2026-09-03,AXISBANK,Board of directors at AXISBANK considers new dividend payout plan,Financial Express,https://finance.example.com/news/axisbank
2026-09-04,AXISBANK,AXISBANK announces strategic partnership to boost market share,Financial Express,https://finance.example.com/news/axisbank
2026-09-04,AXISBANK,AXISBANK faces margin pressure amid rising operational expenses,Financial Express,https://finance.example.com/news/axisbank
2026-09-04,AXISBANK,AXISBANK launches innovative AI-driven service line in India,Economic Times,https://finance.example.com/news/axisbank
2026-09-04,AXISBANK,"AXISBANK reports record quarterly profit, exceeding analyst estimates",Economic Times,https://finance.example.com/news/axisbank
2026-09-07,AXISBANK,AXISBANK downgraded by major brokerage following weak guidance,Economic Times,https://finance.example.com/news/axisbank
2026-09-07,AXISBANK,AXISBANK faces margin pressure amid rising operational expenses,Economic Times,https://finance.example.com/news/axisbank
2026-09-07,AXISBANK,AXISBANK files quarterly compliance report with NSE,Financial Express,https://finance.example.com/news/axisbank
2026-09-07,AXISBANK,Regulatory scrutiny increases for AXISBANK over compliance issue,Livemint,https://finance.example.com/news/axisbank
2026-09-08,AXISBANK,AXISBANK files quarterly compliance report with NSE,Business Standard,https://finance.example.com/news/axisbank
2026-09-08,AXISBANK,"AXISBANK reports record quarterly profit, exceeding analyst estimates",Business Standard,https://finance.example.com/news/axisbank
2026-09-08,AXISBANK,Analysts upgrade AXISBANK target price following robust revenue growth,Financial Express,https://finance.example.com/news/axisbank
2026-09-09,AXISBANK,AXISBANK secures $500M international contract expansion,Livemint,https://finance.example.com/news/axisbank
2026-09-09,AXISBANK,AXISBANK downgraded by major brokerage following weak guidance,Financial Express,https://finance.example.com/news/axisbank
2026-09-10,AXISBANK,AXISBANK secures $500M international contract expansion,Livemint,https://finance.example.com/news/axisbank
2026-09-10,AXISBANK,Regulatory scrutiny increases for AXISBANK over compliance issue,Livemint,https://finance.example.com/news/axisbank
2026-09-10,AXISBANK,"AXISBANK reports record quarterly profit, exceeding analyst estimates",Business Standard,https://finance.example.com/news/axisbank
2026-09-10,AXISBANK,AXISBANK faces margin pressure amid rising operational expenses,Economic Times,https://finance.example.com/news/axisbank
2026-09-11,AXISBANK,AXISBANK secures $500M international contract expansion,Financial Express,https://finance.example.com/news/axisbank
2026-09-11,AXISBANK,AXISBANK faces margin pressure amid rising operational expenses,Business Standard,https://finance.example.com/news/axisbank
2026-09-11,AXISBANK,"AXISBANK reports record quarterly profit, exceeding analyst estimates",Business Standard,https://finance.example.com/news/axisbank
2026-09-14,AXISBANK,AXISBANK schedules annual general meeting for upcoming month,Financial Express,https://finance.example.com/news/axisbank
2026-09-15,AXISBANK,AXISBANK downgraded by major brokerage following weak guidance,Business Standard,https://finance.example.com/news/axisbank
2026-09-16,AXISBANK,AXISBANK downgraded by major brokerage following weak guidance,Business Standard,https://finance.example.com/news/axisbank
2026-09-16,AXISBANK,Board of directors at AXISBANK considers new dividend payout plan,Business Standard,https://finance.example.com/news/axisbank
2026-09-16,AXISBANK,Quarterly revenue drops for AXISBANK as demand slows down,Business Standard,https://finance.example.com/news/axisbank
2026-09-17,AXISBANK,Board of directors at AXISBANK considers new dividend payout plan,Business Standard,https://finance.example.com/news/axisbank
2026-09-17,AXISBANK,Quarterly revenue drops for AXISBANK as demand slows down,Economic Times,https://finance.example.com/news/axisbank
2026-09-17,AXISBANK,AXISBANK secures $500M international contract expansion,Business Standard,https://finance.example.com/news/axisbank
2026-09-17,AXISBANK,Board of directors at AXISBANK considers new dividend payout plan,Livemint,https://finance.example.com/news/axisbank
2026-09-18,AXISBANK,Quarterly revenue drops for AXISBANK as demand slows down,Economic Times,https://finance.example.com/news/axisbank
2026-09-21,AXISBANK,Supply chain disruptions impact production targets for AXISBANK,Economic Times,https://finance.example.com/news/axisbank
2026-09-22,AXISBANK,Analysts upgrade AXISBANK target price following robust revenue growth,Economic Times,https://finance.example.com/news/axisbank
2026-09-22,AXISBANK,Market highlights: AXISBANK trades rangebound in quiet session,Business Standard,https://finance.example.com/news/axisbank
2026-09-22,AXISBANK,AXISBANK downgraded by major brokerage following weak guidance,Business Standard,https://finance.example.com/news/axisbank
2026-09-22,AXISBANK,Market highlights: AXISBANK trades rangebound in quiet session,Livemint,https://finance.example.com/news/axisbank
2026-09-23,AXISBANK,AXISBANK launches innovative AI-driven service line in India,Economic Times,https://finance.example.com/news/axisbank
2026-09-23,AXISBANK,Board of directors at AXISBANK considers new dividend payout plan,Economic Times,https://finance.example.com/news/axisbank
2026-09-23,AXISBANK,AXISBANK secures $500M international contract expansion,Economic Times,https://finance.example.com/news/axisbank
2026-09-24,AXISBANK,Executive leadership changes announced at AXISBANK,Business Standard,https://finance.example.com/news/axisbank
2026-09-24,AXISBANK,Analysts upgrade AXISBANK target price following robust revenue growth,Economic Times,https://finance.example.com/news/axisbank
2026-09-24,AXISBANK,AXISBANK launches innovative AI-driven service line in India,Financial Express,https://finance.example.com/news/axisbank
2026-09-25,AXISBANK,AXISBANK announces strategic partnership to boost market share,Business Standard,https://finance.example.com/news/axisbank
2026-09-25,AXISBANK,AXISBANK secures $500M international contract expansion,Livemint,https://finance.example.com/news/axisbank
2026-09-25,AXISBANK,Regulatory scrutiny increases for AXISBANK over compliance issue,Business Standard,https://finance.example.com/news/axisbank
2026-09-25,AXISBANK,Market highlights: AXISBANK trades rangebound in quiet session,Economic Times,https://finance.example.com/news/axisbank
2026-09-28,AXISBANK,AXISBANK secures $500M international contract expansion,Business Standard,https://finance.example.com/news/axisbank
2026-09-28,AXISBANK,Regulatory scrutiny increases for AXISBANK over compliance issue,Livemint,https://finance.example.com/news/axisbank
2026-09-28,AXISBANK,Executive leadership changes announced at AXISBANK,Economic Times,https://finance.example.com/news/axisbank
2026-09-28,AXISBANK,Supply chain disruptions impact production targets for AXISBANK,Economic Times,https://finance.example.com/news/axisbank
2026-09-29,AXISBANK,AXISBANK downgraded by major brokerage following weak guidance,Economic Times,https://finance.example.com/news/axisbank
2026-09-29,AXISBANK,Board of directors at AXISBANK considers new dividend payout plan,Business Standard,https://finance.example.com/news/axisbank
2026-09-30,AXISBANK,Supply chain disruptions impact production targets for AXISBANK,Financial Express,https://finance.example.com/news/axisbank
2026-09-30,AXISBANK,AXISBANK faces margin pressure amid rising operational expenses,Financial Express,https://finance.example.com/news/axisbank
2026-09-30,AXISBANK,"AXISBANK reports record quarterly profit, exceeding analyst estimates",Livemint,https://finance.example.com/news/axisbank
2026-10-01,AXISBANK,Analysts upgrade AXISBANK target price following robust revenue growth,Economic Times,https://finance.example.com/news/axisbank
2026-10-02,AXISBANK,AXISBANK files quarterly compliance report with NSE,Financial Express,https://finance.example.com/news/axisbank
2026-10-02,AXISBANK,Analysts upgrade AXISBANK target price following robust revenue growth,Business Standard,https://finance.example.com/news/axisbank
2026-04-07,LT,LT secures $500M international contract expansion,Livemint,https://finance.example.com/news/lt
2026-04-07,LT,LT announces strategic partnership to boost market share,Economic Times,https://finance.example.com/news/lt
2026-04-07,LT,Board of directors at LT considers new dividend payout plan,Economic Times,https://finance.example.com/news/lt
2026-04-07,LT,Supply chain disruptions impact production targets for LT,Business Standard,https://finance.example.com/news/lt
2026-04-08,LT,LT downgraded by major brokerage following weak guidance,Livemint,https://finance.example.com/news/lt
2026-04-08,LT,Regulatory scrutiny increases for LT over compliance issue,Financial Express,https://finance.example.com/news/lt
2026-04-09,LT,LT schedules annual general meeting for upcoming month,Financial Express,https://finance.example.com/news/lt
2026-04-09,LT,LT launches innovative AI-driven service line in India,Business Standard,https://finance.example.com/news/lt
2026-04-10,LT,LT faces margin pressure amid rising operational expenses,Livemint,https://finance.example.com/news/lt
2026-04-10,LT,Executive leadership changes announced at LT,Economic Times,https://finance.example.com/news/lt
2026-04-10,LT,LT faces margin pressure amid rising operational expenses,Business Standard,https://finance.example.com/news/lt
2026-04-10,LT,Executive leadership changes announced at LT,Livemint,https://finance.example.com/news/lt
2026-04-13,LT,LT files quarterly compliance report with NSE,Financial Express,https://finance.example.com/news/lt
2026-04-13,LT,LT announces strategic partnership to boost market share,Livemint,https://finance.example.com/news/lt
2026-04-13,LT,Regulatory scrutiny increases for LT over compliance issue,Financial Express,https://finance.example.com/news/lt
2026-04-14,LT,LT files quarterly compliance report with NSE,Livemint,https://finance.example.com/news/lt
2026-04-14,LT,LT schedules annual general meeting for upcoming month,Livemint,https://finance.example.com/news/lt
2026-04-15,LT,LT announces strategic partnership to boost market share,Business Standard,https://finance.example.com/news/lt
2026-04-15,LT,LT files quarterly compliance report with NSE,Livemint,https://finance.example.com/news/lt
2026-04-15,LT,Analysts upgrade LT target price following robust revenue growth,Financial Express,https://finance.example.com/news/lt
2026-04-15,LT,Regulatory scrutiny increases for LT over compliance issue,Financial Express,https://finance.example.com/news/lt
2026-04-16,LT,LT files quarterly compliance report with NSE,Business Standard,https://finance.example.com/news/lt
2026-04-16,LT,LT files quarterly compliance report with NSE,Financial Express,https://finance.example.com/news/lt
2026-04-17,LT,Market highlights: LT trades rangebound in quiet session,Financial Express,https://finance.example.com/news/lt
2026-04-17,LT,"LT reports record quarterly profit, exceeding analyst estimates",Economic Times,https://finance.example.com/news/lt
2026-04-17,LT,Executive leadership changes announced at LT,Financial Express,https://finance.example.com/news/lt
2026-04-20,LT,LT secures $500M international contract expansion,Business Standard,https://finance.example.com/news/lt
2026-04-21,LT,Analysts upgrade LT target price following robust revenue growth,Business Standard,https://finance.example.com/news/lt
2026-04-21,LT,LT announces strategic partnership to boost market share,Business Standard,https://finance.example.com/news/lt
2026-04-21,LT,Quarterly revenue drops for LT as demand slows down,Economic Times,https://finance.example.com/news/lt
2026-04-21,LT,LT files quarterly compliance report with NSE,Economic Times,https://finance.example.com/news/lt
2026-04-22,LT,"LT reports record quarterly profit, exceeding analyst estimates",Business Standard,https://finance.example.com/news/lt
2026-04-22,LT,LT schedules annual general meeting for upcoming month,Livemint,https://finance.example.com/news/lt
2026-04-22,LT,LT schedules annual general meeting for upcoming month,Financial Express,https://finance.example.com/news/lt
2026-04-22,LT,LT schedules annual general meeting for upcoming month,Economic Times,https://finance.example.com/news/lt
2026-04-23,LT,"LT reports record quarterly profit, exceeding analyst estimates",Economic Times,https://finance.example.com/news/lt
2026-04-24,LT,LT schedules annual general meeting for upcoming month,Financial Express,https://finance.example.com/news/lt
2026-04-24,LT,LT files quarterly compliance report with NSE,Financial Express,https://finance.example.com/news/lt
2026-04-27,LT,LT downgraded by major brokerage following weak guidance,Livemint,https://finance.example.com/news/lt
2026-04-27,LT,LT schedules annual general meeting for upcoming month,Financial Express,https://finance.example.com/news/lt
2026-04-28,LT,Board of directors at LT considers new dividend payout plan,Financial Express,https://finance.example.com/news/lt
2026-04-29,LT,"LT reports record quarterly profit, exceeding analyst estimates",Financial Express,https://finance.example.com/news/lt
2026-04-29,LT,Regulatory scrutiny increases for LT over compliance issue,Economic Times,https://finance.example.com/news/lt
2026-04-30,LT,Market highlights: LT trades rangebound in quiet session,Livemint,https://finance.example.com/news/lt
2026-05-01,LT,Regulatory scrutiny increases for LT over compliance issue,Business Standard,https://finance.example.com/news/lt
2026-05-01,LT,Regulatory scrutiny increases for LT over compliance issue,Business Standard,https://finance.example.com/news/lt
2026-05-04,LT,Executive leadership changes announced at LT,Financial Express,https://finance.example.com/news/lt
2026-05-04,LT,Supply chain disruptions impact production targets for LT,Financial Express,https://finance.example.com/news/lt
2026-05-04,LT,LT secures $500M international contract expansion,Livemint,https://finance.example.com/news/lt
2026-05-05,LT,Executive leadership changes announced at LT,Economic Times,https://finance.example.com/news/lt
2026-05-05,LT,LT faces margin pressure amid rising operational expenses,Economic Times,https://finance.example.com/news/lt
2026-05-06,LT,Board of directors at LT considers new dividend payout plan,Economic Times,https://finance.example.com/news/lt
2026-05-06,LT,LT announces strategic partnership to boost market share,Livemint,https://finance.example.com/news/lt
2026-05-07,LT,Quarterly revenue drops for LT as demand slows down,Economic Times,https://finance.example.com/news/lt
2026-05-07,LT,Quarterly revenue drops for LT as demand slows down,Economic Times,https://finance.example.com/news/lt
2026-05-07,LT,Quarterly revenue drops for LT as demand slows down,Livemint,https://finance.example.com/news/lt
2026-05-07,LT,LT schedules annual general meeting for upcoming month,Financial Express,https://finance.example.com/news/lt
2026-05-08,LT,LT faces margin pressure amid rising operational expenses,Business Standard,https://finance.example.com/news/lt
2026-05-11,LT,LT downgraded by major brokerage following weak guidance,Financial Express,https://finance.example.com/news/lt
2026-05-12,LT,Analysts upgrade LT target price following robust revenue growth,Financial Express,https://finance.example.com/news/lt
2026-05-13,LT,LT files quarterly compliance report with NSE,Business Standard,https://finance.example.com/news/lt
2026-05-13,LT,LT launches innovative AI-driven service line in India,Livemint,https://finance.example.com/news/lt
2026-05-13,LT,LT downgraded by major brokerage following weak guidance,Livemint,https://finance.example.com/news/lt
2026-05-14,LT,LT secures $500M international contract expansion,Financial Express,https://finance.example.com/news/lt
2026-05-14,LT,LT downgraded by major brokerage following weak guidance,Business Standard,https://finance.example.com/news/lt
2026-05-15,LT,LT launches innovative AI-driven service line in India,Business Standard,https://finance.example.com/news/lt
2026-05-15,LT,Market highlights: LT trades rangebound in quiet session,Business Standard,https://finance.example.com/news/lt
2026-05-15,LT,LT launches innovative AI-driven service line in India,Business Standard,https://finance.example.com/news/lt
2026-05-15,LT,Board of directors at LT considers new dividend payout plan,Livemint,https://finance.example.com/news/lt
2026-05-18,LT,Board of directors at LT considers new dividend payout plan,Business Standard,https://finance.example.com/news/lt
2026-05-18,LT,LT launches innovative AI-driven service line in India,Economic Times,https://finance.example.com/news/lt
2026-05-18,LT,LT secures $500M international contract expansion,Economic Times,https://finance.example.com/news/lt
2026-05-18,LT,LT launches innovative AI-driven service line in India,Business Standard,https://finance.example.com/news/lt
2026-05-19,LT,LT secures $500M international contract expansion,Financial Express,https://finance.example.com/news/lt
2026-05-19,LT,Regulatory scrutiny increases for LT over compliance issue,Livemint,https://finance.example.com/news/lt
2026-05-20,LT,LT launches innovative AI-driven service line in India,Business Standard,https://finance.example.com/news/lt
2026-05-20,LT,Regulatory scrutiny increases for LT over compliance issue,Business Standard,https://finance.example.com/news/lt
2026-05-20,LT,LT schedules annual general meeting for upcoming month,Livemint,https://finance.example.com/news/lt
2026-05-21,LT,Analysts upgrade LT target price following robust revenue growth,Business Standard,https://finance.example.com/news/lt
2026-05-22,LT,LT announces strategic partnership to boost market share,Business Standard,https://finance.example.com/news/lt
2026-05-22,LT,Market highlights: LT trades rangebound in quiet session,Business Standard,https://finance.example.com/news/lt
2026-05-22,LT,Analysts upgrade LT target price following robust revenue growth,Economic Times,https://finance.example.com/news/lt
2026-05-25,LT,Supply chain disruptions impact production targets for LT,Business Standard,https://finance.example.com/news/lt
2026-05-25,LT,Supply chain disruptions impact production targets for LT,Economic Times,https://finance.example.com/news/lt
2026-05-25,LT,Quarterly revenue drops for LT as demand slows down,Livemint,https://finance.example.com/news/lt
2026-05-26,LT,LT launches innovative AI-driven service line in India,Financial Express,https://finance.example.com/news/lt
2026-05-26,LT,Analysts upgrade LT target price following robust revenue growth,Business Standard,https://finance.example.com/news/lt
2026-05-27,LT,Analysts upgrade LT target price following robust revenue growth,Economic Times,https://finance.example.com/news/lt
2026-05-27,LT,LT files quarterly compliance report with NSE,Business Standard,https://finance.example.com/news/lt
2026-05-28,LT,Supply chain disruptions impact production targets for LT,Livemint,https://finance.example.com/news/lt
2026-05-28,LT,Regulatory scrutiny increases for LT over compliance issue,Livemint,https://finance.example.com/news/lt
2026-05-28,LT,Executive leadership changes announced at LT,Economic Times,https://finance.example.com/news/lt
2026-05-29,LT,Board of directors at LT considers new dividend payout plan,Business Standard,https://finance.example.com/news/lt
2026-05-29,LT,LT faces margin pressure amid rising operational expenses,Livemint,https://finance.example.com/news/lt
2026-06-01,LT,LT secures $500M international contract expansion,Livemint,https://finance.example.com/news/lt
2026-06-02,LT,LT downgraded by major brokerage following weak guidance,Livemint,https://finance.example.com/news/lt
2026-06-03,LT,Regulatory scrutiny increases for LT over compliance issue,Livemint,https://finance.example.com/news/lt
2026-06-04,LT,"LT reports record quarterly profit, exceeding analyst estimates",Business Standard,https://finance.example.com/news/lt
2026-06-04,LT,"LT reports record quarterly profit, exceeding analyst estimates",Livemint,https://finance.example.com/news/lt
2026-06-05,LT,Market highlights: LT trades rangebound in quiet session,Economic Times,https://finance.example.com/news/lt
2026-06-05,LT,LT files quarterly compliance report with NSE,Business Standard,https://finance.example.com/news/lt
2026-06-05,LT,Executive leadership changes announced at LT,Economic Times,https://finance.example.com/news/lt
2026-06-08,LT,Executive leadership changes announced at LT,Financial Express,https://finance.example.com/news/lt
2026-06-08,LT,"LT reports record quarterly profit, exceeding analyst estimates",Economic Times,https://finance.example.com/news/lt
2026-06-09,LT,LT launches innovative AI-driven service line in India,Business Standard,https://finance.example.com/news/lt
2026-06-09,LT,LT schedules annual general meeting for upcoming month,Livemint,https://finance.example.com/news/lt
2026-06-09,LT,LT secures $500M international contract expansion,Livemint,https://finance.example.com/news/lt
2026-06-10,LT,LT launches innovative AI-driven service line in India,Financial Express,https://finance.example.com/news/lt
2026-06-11,LT,Regulatory scrutiny increases for LT over compliance issue,Business Standard,https://finance.example.com/news/lt
2026-06-11,LT,Supply chain disruptions impact production targets for LT,Economic Times,https://finance.example.com/news/lt
2026-06-11,LT,Quarterly revenue drops for LT as demand slows down,Financial Express,https://finance.example.com/news/lt
2026-06-12,LT,Regulatory scrutiny increases for LT over compliance issue,Business Standard,https://finance.example.com/news/lt
2026-06-12,LT,LT announces strategic partnership to boost market share,Economic Times,https://finance.example.com/news/lt
2026-06-12,LT,"LT reports record quarterly profit, exceeding analyst estimates",Financial Express,https://finance.example.com/news/lt
2026-06-15,LT,Executive leadership changes announced at LT,Business Standard,https://finance.example.com/news/lt
2026-06-16,LT,LT launches innovative AI-driven service line in India,Financial Express,https://finance.example.com/news/lt
2026-06-16,LT,Quarterly revenue drops for LT as demand slows down,Business Standard,https://finance.example.com/news/lt
2026-06-16,LT,LT announces strategic partnership to boost market share,Financial Express,https://finance.example.com/news/lt
2026-06-17,LT,LT announces strategic partnership to boost market share,Financial Express,https://finance.example.com/news/lt
2026-06-17,LT,LT schedules annual general meeting for upcoming month,Economic Times,https://finance.example.com/news/lt
2026-06-17,LT,LT faces margin pressure amid rising operational expenses,Economic Times,https://finance.example.com/news/lt
2026-06-18,LT,LT secures $500M international contract expansion,Economic Times,https://finance.example.com/news/lt
2026-06-18,LT,Analysts upgrade LT target price following robust revenue growth,Livemint,https://finance.example.com/news/lt
2026-06-19,LT,Analysts upgrade LT target price following robust revenue growth,Financial Express,https://finance.example.com/news/lt
2026-06-19,LT,Supply chain disruptions impact production targets for LT,Financial Express,https://finance.example.com/news/lt
2026-06-19,LT,LT downgraded by major brokerage following weak guidance,Economic Times,https://finance.example.com/news/lt
2026-06-22,LT,Market highlights: LT trades rangebound in quiet session,Economic Times,https://finance.example.com/news/lt
2026-06-23,LT,LT files quarterly compliance report with NSE,Economic Times,https://finance.example.com/news/lt
2026-06-24,LT,LT announces strategic partnership to boost market share,Financial Express,https://finance.example.com/news/lt
2026-06-24,LT,LT secures $500M international contract expansion,Business Standard,https://finance.example.com/news/lt
2026-06-25,LT,LT secures $500M international contract expansion,Economic Times,https://finance.example.com/news/lt
2026-06-26,LT,Quarterly revenue drops for LT as demand slows down,Business Standard,https://finance.example.com/news/lt
2026-06-26,LT,Market highlights: LT trades rangebound in quiet session,Financial Express,https://finance.example.com/news/lt
2026-06-29,LT,LT downgraded by major brokerage following weak guidance,Financial Express,https://finance.example.com/news/lt
2026-06-29,LT,LT announces strategic partnership to boost market share,Financial Express,https://finance.example.com/news/lt
2026-06-29,LT,LT announces strategic partnership to boost market share,Business Standard,https://finance.example.com/news/lt
2026-06-30,LT,"LT reports record quarterly profit, exceeding analyst estimates",Livemint,https://finance.example.com/news/lt
2026-07-01,LT,LT secures $500M international contract expansion,Financial Express,https://finance.example.com/news/lt
2026-07-01,LT,Executive leadership changes announced at LT,Livemint,https://finance.example.com/news/lt
2026-07-02,LT,Supply chain disruptions impact production targets for LT,Business Standard,https://finance.example.com/news/lt
2026-07-02,LT,LT secures $500M international contract expansion,Livemint,https://finance.example.com/news/lt
2026-07-02,LT,Analysts upgrade LT target price following robust revenue growth,Livemint,https://finance.example.com/news/lt
2026-07-03,LT,Analysts upgrade LT target price following robust revenue growth,Business Standard,https://finance.example.com/news/lt
2026-07-03,LT,LT announces strategic partnership to boost market share,Business Standard,https://finance.example.com/news/lt
2026-07-03,LT,"LT reports record quarterly profit, exceeding analyst estimates",Financial Express,https://finance.example.com/news/lt
2026-07-03,LT,"LT reports record quarterly profit, exceeding analyst estimates",Economic Times,https://finance.example.com/news/lt
2026-07-06,LT,LT files quarterly compliance report with NSE,Economic Times,https://finance.example.com/news/lt
2026-07-06,LT,LT files quarterly compliance report with NSE,Livemint,https://finance.example.com/news/lt
2026-07-07,LT,LT secures $500M international contract expansion,Livemint,https://finance.example.com/news/lt
2026-07-07,LT,"LT reports record quarterly profit, exceeding analyst estimates",Livemint,https://finance.example.com/news/lt
2026-07-07,LT,LT secures $500M international contract expansion,Livemint,https://finance.example.com/news/lt
2026-07-07,LT,LT launches innovative AI-driven service line in India,Livemint,https://finance.example.com/news/lt
2026-07-08,LT,Executive leadership changes announced at LT,Economic Times,https://finance.example.com/news/lt
2026-07-08,LT,Market highlights: LT trades rangebound in quiet session,Livemint,https://finance.example.com/news/lt
2026-07-08,LT,Board of directors at LT considers new dividend payout plan,Financial Express,https://finance.example.com/news/lt
2026-07-08,LT,LT faces margin pressure amid rising operational expenses,Financial Express,https://finance.example.com/news/lt
2026-07-09,LT,LT files quarterly compliance report with NSE,Financial Express,https://finance.example.com/news/lt
2026-07-10,LT,Supply chain disruptions impact production targets for LT,Economic Times,https://finance.example.com/news/lt
2026-07-10,LT,Analysts upgrade LT target price following robust revenue growth,Economic Times,https://finance.example.com/news/lt
2026-07-10,LT,LT downgraded by major brokerage following weak guidance,Livemint,https://finance.example.com/news/lt
2026-07-13,LT,"LT reports record quarterly profit, exceeding analyst estimates",Livemint,https://finance.example.com/news/lt
2026-07-14,LT,LT files quarterly compliance report with NSE,Economic Times,https://finance.example.com/news/lt
2026-07-15,LT,Regulatory scrutiny increases for LT over compliance issue,Financial Express,https://finance.example.com/news/lt
2026-07-15,LT,LT schedules annual general meeting for upcoming month,Business Standard,https://finance.example.com/news/lt
2026-07-15,LT,"LT reports record quarterly profit, exceeding analyst estimates",Financial Express,https://finance.example.com/news/lt
2026-07-16,LT,Supply chain disruptions impact production targets for LT,Livemint,https://finance.example.com/news/lt
2026-07-16,LT,LT announces strategic partnership to boost market share,Business Standard,https://finance.example.com/news/lt
2026-07-17,LT,Board of directors at LT considers new dividend payout plan,Economic Times,https://finance.example.com/news/lt
2026-07-20,LT,LT launches innovative AI-driven service line in India,Financial Express,https://finance.example.com/news/lt
2026-07-21,LT,LT downgraded by major brokerage following weak guidance,Business Standard,https://finance.example.com/news/lt
2026-07-22,LT,Executive leadership changes announced at LT,Financial Express,https://finance.example.com/news/lt
2026-07-22,LT,Quarterly revenue drops for LT as demand slows down,Livemint,https://finance.example.com/news/lt
2026-07-23,LT,Analysts upgrade LT target price following robust revenue growth,Financial Express,https://finance.example.com/news/lt
2026-07-23,LT,Regulatory scrutiny increases for LT over compliance issue,Economic Times,https://finance.example.com/news/lt
2026-07-23,LT,LT faces margin pressure amid rising operational expenses,Financial Express,https://finance.example.com/news/lt
2026-07-23,LT,Market highlights: LT trades rangebound in quiet session,Business Standard,https://finance.example.com/news/lt
2026-07-24,LT,LT schedules annual general meeting for upcoming month,Livemint,https://finance.example.com/news/lt
2026-07-24,LT,LT announces strategic partnership to boost market share,Livemint,https://finance.example.com/news/lt
2026-07-27,LT,Executive leadership changes announced at LT,Economic Times,https://finance.example.com/news/lt
2026-07-27,LT,Analysts upgrade LT target price following robust revenue growth,Economic Times,https://finance.example.com/news/lt
2026-07-27,LT,Analysts upgrade LT target price following robust revenue growth,Business Standard,https://finance.example.com/news/lt
2026-07-27,LT,LT launches innovative AI-driven service line in India,Livemint,https://finance.example.com/news/lt
2026-07-28,LT,LT files quarterly compliance report with NSE,Economic Times,https://finance.example.com/news/lt
2026-07-28,LT,Market highlights: LT trades rangebound in quiet session,Business Standard,https://finance.example.com/news/lt
2026-07-28,LT,LT launches innovative AI-driven service line in India,Financial Express,https://finance.example.com/news/lt
2026-07-28,LT,Regulatory scrutiny increases for LT over compliance issue,Livemint,https://finance.example.com/news/lt
2026-07-29,LT,LT downgraded by major brokerage following weak guidance,Economic Times,https://finance.example.com/news/lt
2026-07-29,LT,LT files quarterly compliance report with NSE,Economic Times,https://finance.example.com/news/lt
2026-07-29,LT,Supply chain disruptions impact production targets for LT,Economic Times,https://finance.example.com/news/lt
2026-07-30,LT,Board of directors at LT considers new dividend payout plan,Business Standard,https://finance.example.com/news/lt
2026-07-30,LT,LT launches innovative AI-driven service line in India,Financial Express,https://finance.example.com/news/lt
2026-07-31,LT,Supply chain disruptions impact production targets for LT,Financial Express,https://finance.example.com/news/lt
2026-08-03,LT,Board of directors at LT considers new dividend payout plan,Economic Times,https://finance.example.com/news/lt
2026-08-03,LT,Quarterly revenue drops for LT as demand slows down,Business Standard,https://finance.example.com/news/lt
2026-08-03,LT,Analysts upgrade LT target price following robust revenue growth,Business Standard,https://finance.example.com/news/lt
2026-08-04,LT,Analysts upgrade LT target price following robust revenue growth,Business Standard,https://finance.example.com/news/lt
2026-08-04,LT,LT faces margin pressure amid rising operational expenses,Economic Times,https://finance.example.com/news/lt
2026-08-04,LT,LT downgraded by major brokerage following weak guidance,Economic Times,https://finance.example.com/news/lt
2026-08-04,LT,Board of directors at LT considers new dividend payout plan,Financial Express,https://finance.example.com/news/lt
2026-08-05,LT,LT faces margin pressure amid rising operational expenses,Livemint,https://finance.example.com/news/lt
2026-08-06,LT,LT files quarterly compliance report with NSE,Economic Times,https://finance.example.com/news/lt
2026-08-06,LT,LT faces margin pressure amid rising operational expenses,Economic Times,https://finance.example.com/news/lt
2026-08-07,LT,Analysts upgrade LT target price following robust revenue growth,Financial Express,https://finance.example.com/news/lt
2026-08-10,LT,"LT reports record quarterly profit, exceeding analyst estimates",Financial Express,https://finance.example.com/news/lt
2026-08-10,LT,"LT reports record quarterly profit, exceeding analyst estimates",Business Standard,https://finance.example.com/news/lt
2026-08-11,LT,LT faces margin pressure amid rising operational expenses,Livemint,https://finance.example.com/news/lt
2026-08-11,LT,Analysts upgrade LT target price following robust revenue growth,Economic Times,https://finance.example.com/news/lt
2026-08-11,LT,LT announces strategic partnership to boost market share,Business Standard,https://finance.example.com/news/lt
2026-08-12,LT,LT faces margin pressure amid rising operational expenses,Business Standard,https://finance.example.com/news/lt
2026-08-13,LT,Analysts upgrade LT target price following robust revenue growth,Business Standard,https://finance.example.com/news/lt
2026-08-13,LT,Market highlights: LT trades rangebound in quiet session,Financial Express,https://finance.example.com/news/lt
2026-08-13,LT,Supply chain disruptions impact production targets for LT,Livemint,https://finance.example.com/news/lt
2026-08-14,LT,Market highlights: LT trades rangebound in quiet session,Financial Express,https://finance.example.com/news/lt
2026-08-14,LT,LT schedules annual general meeting for upcoming month,Business Standard,https://finance.example.com/news/lt
2026-08-14,LT,"LT reports record quarterly profit, exceeding analyst estimates",Financial Express,https://finance.example.com/news/lt
2026-08-14,LT,"LT reports record quarterly profit, exceeding analyst estimates",Business Standard,https://finance.example.com/news/lt
2026-08-17,LT,Board of directors at LT considers new dividend payout plan,Business Standard,https://finance.example.com/news/lt
2026-08-17,LT,Analysts upgrade LT target price following robust revenue growth,Business Standard,https://finance.example.com/news/lt
2026-08-17,LT,LT launches innovative AI-driven service line in India,Financial Express,https://finance.example.com/news/lt
2026-08-17,LT,LT secures $500M international contract expansion,Financial Express,https://finance.example.com/news/lt
2026-08-18,LT,LT secures $500M international contract expansion,Business Standard,https://finance.example.com/news/lt
2026-08-18,LT,LT announces strategic partnership to boost market share,Business Standard,https://finance.example.com/news/lt
2026-08-18,LT,Executive leadership changes announced at LT,Financial Express,https://finance.example.com/news/lt
2026-08-18,LT,"LT reports record quarterly profit, exceeding analyst estimates",Business Standard,https://finance.example.com/news/lt
2026-08-19,LT,LT files quarterly compliance report with NSE,Economic Times,https://finance.example.com/news/lt
2026-08-19,LT,LT announces strategic partnership to boost market share,Livemint,https://finance.example.com/news/lt
2026-08-20,LT,LT secures $500M international contract expansion,Financial Express,https://finance.example.com/news/lt
2026-08-20,LT,LT launches innovative AI-driven service line in India,Economic Times,https://finance.example.com/news/lt
2026-08-20,LT,LT secures $500M international contract expansion,Business Standard,https://finance.example.com/news/lt
2026-08-20,LT,LT secures $500M international contract expansion,Economic Times,https://finance.example.com/news/lt
2026-08-21,LT,Executive leadership changes announced at LT,Business Standard,https://finance.example.com/news/lt
2026-08-21,LT,LT launches innovative AI-driven service line in India,Financial Express,https://finance.example.com/news/lt
2026-08-21,LT,LT secures $500M international contract expansion,Economic Times,https://finance.example.com/news/lt
2026-08-24,LT,Quarterly revenue drops for LT as demand slows down,Business Standard,https://finance.example.com/news/lt
2026-08-25,LT,LT files quarterly compliance report with NSE,Financial Express,https://finance.example.com/news/lt
2026-08-26,LT,Quarterly revenue drops for LT as demand slows down,Business Standard,https://finance.example.com/news/lt
2026-08-26,LT,LT downgraded by major brokerage following weak guidance,Financial Express,https://finance.example.com/news/lt
2026-08-26,LT,Analysts upgrade LT target price following robust revenue growth,Livemint,https://finance.example.com/news/lt
2026-08-26,LT,Supply chain disruptions impact production targets for LT,Economic Times,https://finance.example.com/news/lt
2026-08-27,LT,LT secures $500M international contract expansion,Financial Express,https://finance.example.com/news/lt
2026-08-27,LT,Regulatory scrutiny increases for LT over compliance issue,Business Standard,https://finance.example.com/news/lt
2026-08-28,LT,LT downgraded by major brokerage following weak guidance,Financial Express,https://finance.example.com/news/lt
2026-08-28,LT,Board of directors at LT considers new dividend payout plan,Business Standard,https://finance.example.com/news/lt
2026-08-28,LT,"LT reports record quarterly profit, exceeding analyst estimates",Economic Times,https://finance.example.com/news/lt
2026-08-31,LT,LT secures $500M international contract expansion,Business Standard,https://finance.example.com/news/lt
2026-08-31,LT,"LT reports record quarterly profit, exceeding analyst estimates",Financial Express,https://finance.example.com/news/lt
2026-09-01,LT,Quarterly revenue drops for LT as demand slows down,Financial Express,https://finance.example.com/news/lt
2026-09-02,LT,Board of directors at LT considers new dividend payout plan,Livemint,https://finance.example.com/news/lt
2026-09-02,LT,Market highlights: LT trades rangebound in quiet session,Economic Times,https://finance.example.com/news/lt
2026-09-02,LT,LT launches innovative AI-driven service line in India,Business Standard,https://finance.example.com/news/lt
2026-09-03,LT,LT secures $500M international contract expansion,Business Standard,https://finance.example.com/news/lt
2026-09-03,LT,Supply chain disruptions impact production targets for LT,Financial Express,https://finance.example.com/news/lt
2026-09-03,LT,LT secures $500M international contract expansion,Economic Times,https://finance.example.com/news/lt
2026-09-03,LT,LT schedules annual general meeting for upcoming month,Business Standard,https://finance.example.com/news/lt
2026-09-04,LT,Regulatory scrutiny increases for LT over compliance issue,Business Standard,https://finance.example.com/news/lt
2026-09-07,LT,LT files quarterly compliance report with NSE,Business Standard,https://finance.example.com/news/lt
2026-09-07,LT,LT launches innovative AI-driven service line in India,Financial Express,https://finance.example.com/news/lt
2026-09-07,LT,Market highlights: LT trades rangebound in quiet session,Financial Express,https://finance.example.com/news/lt
2026-09-08,LT,Quarterly revenue drops for LT as demand slows down,Business Standard,https://finance.example.com/news/lt
2026-09-08,LT,Regulatory scrutiny increases for LT over compliance issue,Economic Times,https://finance.example.com/news/lt
2026-09-09,LT,Supply chain disruptions impact production targets for LT,Business Standard,https://finance.example.com/news/lt
2026-09-09,LT,Regulatory scrutiny increases for LT over compliance issue,Economic Times,https://finance.example.com/news/lt
2026-09-09,LT,Quarterly revenue drops for LT as demand slows down,Business Standard,https://finance.example.com/news/lt
2026-09-09,LT,Market highlights: LT trades rangebound in quiet session,Financial Express,https://finance.example.com/news/lt
2026-09-10,LT,"LT reports record quarterly profit, exceeding analyst estimates",Economic Times,https://finance.example.com/news/lt
2026-09-10,LT,LT schedules annual general meeting for upcoming month,Livemint,https://finance.example.com/news/lt
2026-09-10,LT,Analysts upgrade LT target price following robust revenue growth,Business Standard,https://finance.example.com/news/lt
2026-09-10,LT,Quarterly revenue drops for LT as demand slows down,Livemint,https://finance.example.com/news/lt
2026-09-11,LT,Market highlights: LT trades rangebound in quiet session,Business Standard,https://finance.example.com/news/lt
2026-09-11,LT,LT announces strategic partnership to boost market share,Economic Times,https://finance.example.com/news/lt
2026-09-11,LT,LT faces margin pressure amid rising operational expenses,Business Standard,https://finance.example.com/news/lt
2026-09-14,LT,Supply chain disruptions impact production targets for LT,Financial Express,https://finance.example.com/news/lt
2026-09-14,LT,Analysts upgrade LT target price following robust revenue growth,Livemint,https://finance.example.com/news/lt
2026-09-14,LT,Executive leadership changes announced at LT,Economic Times,https://finance.example.com/news/lt
2026-09-15,LT,LT files quarterly compliance report with NSE,Economic Times,https://finance.example.com/news/lt
2026-09-15,LT,Quarterly revenue drops for LT as demand slows down,Livemint,https://finance.example.com/news/lt
2026-09-15,LT,Analysts upgrade LT target price following robust revenue growth,Business Standard,https://finance.example.com/news/lt
2026-09-16,LT,LT launches innovative AI-driven service line in India,Economic Times,https://finance.example.com/news/lt
2026-09-16,LT,Board of directors at LT considers new dividend payout plan,Livemint,https://finance.example.com/news/lt
2026-09-16,LT,Analysts upgrade LT target price following robust revenue growth,Livemint,https://finance.example.com/news/lt
2026-09-17,LT,Executive leadership changes announced at LT,Economic Times,https://finance.example.com/news/lt
2026-09-17,LT,Analysts upgrade LT target price following robust revenue growth,Economic Times,https://finance.example.com/news/lt
2026-09-18,LT,Quarterly revenue drops for LT as demand slows down,Economic Times,https://finance.example.com/news/lt
2026-09-18,LT,Market highlights: LT trades rangebound in quiet session,Livemint,https://finance.example.com/news/lt
2026-09-21,LT,Analysts upgrade LT target price following robust revenue growth,Business Standard,https://finance.example.com/news/lt
2026-09-21,LT,Regulatory scrutiny increases for LT over compliance issue,Livemint,https://finance.example.com/news/lt
2026-09-22,LT,LT launches innovative AI-driven service line in India,Business Standard,https://finance.example.com/news/lt
2026-09-23,LT,Analysts upgrade LT target price following robust revenue growth,Business Standard,https://finance.example.com/news/lt
2026-09-24,LT,Executive leadership changes announced at LT,Livemint,https://finance.example.com/news/lt
2026-09-24,LT,LT downgraded by major brokerage following weak guidance,Economic Times,https://finance.example.com/news/lt
2026-09-24,LT,LT launches innovative AI-driven service line in India,Business Standard,https://finance.example.com/news/lt
2026-09-24,LT,LT downgraded by major brokerage following weak guidance,Business Standard,https://finance.example.com/news/lt
2026-09-25,LT,LT secures $500M international contract expansion,Economic Times,https://finance.example.com/news/lt
2026-09-25,LT,"LT reports record quarterly profit, exceeding analyst estimates",Financial Express,https://finance.example.com/news/lt
2026-09-25,LT,LT files quarterly compliance report with NSE,Financial Express,https://finance.example.com/news/lt
2026-09-25,LT,Quarterly revenue drops for LT as demand slows down,Economic Times,https://finance.example.com/news/lt
2026-09-28,LT,Market highlights: LT trades rangebound in quiet session,Economic Times,https://finance.example.com/news/lt
2026-09-29,LT,Executive leadership changes announced at LT,Financial Express,https://finance.example.com/news/lt
2026-09-30,LT,LT announces strategic partnership to boost market share,Livemint,https://finance.example.com/news/lt
2026-10-01,LT,Regulatory scrutiny increases for LT over compliance issue,Economic Times,https://finance.example.com/news/lt
2026-10-01,LT,Supply chain disruptions impact production targets for LT,Livemint,https://finance.example.com/news/lt
2026-10-01,LT,LT files quarterly compliance report with NSE,Economic Times,https://finance.example.com/news/lt
2026-10-02,LT,LT announces strategic partnership to boost market share,Livemint,https://finance.example.com/news/lt
2026-10-02,LT,Board of directors at LT considers new dividend payout plan,Business Standard,https://finance.example.com/news/lt
2026-04-07,WIPRO,WIPRO faces margin pressure amid rising operational expenses,Economic Times,https://finance.example.com/news/wipro
2026-04-07,WIPRO,WIPRO announces strategic partnership to boost market share,Livemint,https://finance.example.com/news/wipro
2026-04-08,WIPRO,WIPRO secures $500M international contract expansion,Business Standard,https://finance.example.com/news/wipro
2026-04-08,WIPRO,WIPRO launches innovative AI-driven service line in India,Economic Times,https://finance.example.com/news/wipro
2026-04-08,WIPRO,Board of directors at WIPRO considers new dividend payout plan,Livemint,https://finance.example.com/news/wipro
2026-04-08,WIPRO,WIPRO secures $500M international contract expansion,Livemint,https://finance.example.com/news/wipro
2026-04-09,WIPRO,Supply chain disruptions impact production targets for WIPRO,Business Standard,https://finance.example.com/news/wipro
2026-04-09,WIPRO,Regulatory scrutiny increases for WIPRO over compliance issue,Financial Express,https://finance.example.com/news/wipro
2026-04-09,WIPRO,Market highlights: WIPRO trades rangebound in quiet session,Business Standard,https://finance.example.com/news/wipro
2026-04-09,WIPRO,WIPRO downgraded by major brokerage following weak guidance,Business Standard,https://finance.example.com/news/wipro
2026-04-10,WIPRO,Quarterly revenue drops for WIPRO as demand slows down,Economic Times,https://finance.example.com/news/wipro
2026-04-13,WIPRO,Supply chain disruptions impact production targets for WIPRO,Livemint,https://finance.example.com/news/wipro
2026-04-13,WIPRO,WIPRO launches innovative AI-driven service line in India,Business Standard,https://finance.example.com/news/wipro
2026-04-13,WIPRO,Executive leadership changes announced at WIPRO,Economic Times,https://finance.example.com/news/wipro
2026-04-13,WIPRO,"WIPRO reports record quarterly profit, exceeding analyst estimates",Business Standard,https://finance.example.com/news/wipro
2026-04-14,WIPRO,Board of directors at WIPRO considers new dividend payout plan,Economic Times,https://finance.example.com/news/wipro
2026-04-14,WIPRO,WIPRO launches innovative AI-driven service line in India,Livemint,https://finance.example.com/news/wipro
2026-04-15,WIPRO,Board of directors at WIPRO considers new dividend payout plan,Business Standard,https://finance.example.com/news/wipro
2026-04-15,WIPRO,WIPRO downgraded by major brokerage following weak guidance,Financial Express,https://finance.example.com/news/wipro
2026-04-16,WIPRO,WIPRO faces margin pressure amid rising operational expenses,Business Standard,https://finance.example.com/news/wipro
2026-04-16,WIPRO,WIPRO schedules annual general meeting for upcoming month,Business Standard,https://finance.example.com/news/wipro
2026-04-17,WIPRO,"WIPRO reports record quarterly profit, exceeding analyst estimates",Business Standard,https://finance.example.com/news/wipro
2026-04-17,WIPRO,WIPRO downgraded by major brokerage following weak guidance,Business Standard,https://finance.example.com/news/wipro
2026-04-17,WIPRO,Analysts upgrade WIPRO target price following robust revenue growth,Livemint,https://finance.example.com/news/wipro
2026-04-20,WIPRO,Analysts upgrade WIPRO target price following robust revenue growth,Business Standard,https://finance.example.com/news/wipro
2026-04-20,WIPRO,WIPRO secures $500M international contract expansion,Economic Times,https://finance.example.com/news/wipro
2026-04-21,WIPRO,WIPRO files quarterly compliance report with NSE,Financial Express,https://finance.example.com/news/wipro
2026-04-22,WIPRO,WIPRO secures $500M international contract expansion,Financial Express,https://finance.example.com/news/wipro
2026-04-22,WIPRO,Supply chain disruptions impact production targets for WIPRO,Financial Express,https://finance.example.com/news/wipro
2026-04-23,WIPRO,Analysts upgrade WIPRO target price following robust revenue growth,Business Standard,https://finance.example.com/news/wipro
2026-04-23,WIPRO,WIPRO secures $500M international contract expansion,Business Standard,https://finance.example.com/news/wipro
2026-04-23,WIPRO,WIPRO secures $500M international contract expansion,Economic Times,https://finance.example.com/news/wipro
2026-04-24,WIPRO,WIPRO announces strategic partnership to boost market share,Financial Express,https://finance.example.com/news/wipro
2026-04-24,WIPRO,"WIPRO reports record quarterly profit, exceeding analyst estimates",Financial Express,https://finance.example.com/news/wipro
2026-04-24,WIPRO,Regulatory scrutiny increases for WIPRO over compliance issue,Livemint,https://finance.example.com/news/wipro
2026-04-24,WIPRO,WIPRO downgraded by major brokerage following weak guidance,Economic Times,https://finance.example.com/news/wipro
2026-04-27,WIPRO,WIPRO secures $500M international contract expansion,Financial Express,https://finance.example.com/news/wipro
2026-04-27,WIPRO,"WIPRO reports record quarterly profit, exceeding analyst estimates",Livemint,https://finance.example.com/news/wipro
2026-04-28,WIPRO,WIPRO downgraded by major brokerage following weak guidance,Livemint,https://finance.example.com/news/wipro
2026-04-28,WIPRO,Board of directors at WIPRO considers new dividend payout plan,Economic Times,https://finance.example.com/news/wipro
2026-04-29,WIPRO,WIPRO files quarterly compliance report with NSE,Economic Times,https://finance.example.com/news/wipro
2026-04-29,WIPRO,Executive leadership changes announced at WIPRO,Financial Express,https://finance.example.com/news/wipro
2026-04-30,WIPRO,WIPRO secures $500M international contract expansion,Financial Express,https://finance.example.com/news/wipro
2026-05-01,WIPRO,WIPRO secures $500M international contract expansion,Economic Times,https://finance.example.com/news/wipro
2026-05-01,WIPRO,WIPRO files quarterly compliance report with NSE,Livemint,https://finance.example.com/news/wipro
2026-05-01,WIPRO,WIPRO downgraded by major brokerage following weak guidance,Economic Times,https://finance.example.com/news/wipro
2026-05-01,WIPRO,Board of directors at WIPRO considers new dividend payout plan,Economic Times,https://finance.example.com/news/wipro
2026-05-04,WIPRO,WIPRO launches innovative AI-driven service line in India,Economic Times,https://finance.example.com/news/wipro
2026-05-05,WIPRO,WIPRO announces strategic partnership to boost market share,Business Standard,https://finance.example.com/news/wipro
2026-05-06,WIPRO,WIPRO downgraded by major brokerage following weak guidance,Business Standard,https://finance.example.com/news/wipro
2026-05-06,WIPRO,Executive leadership changes announced at WIPRO,Livemint,https://finance.example.com/news/wipro
2026-05-06,WIPRO,Executive leadership changes announced at WIPRO,Business Standard,https://finance.example.com/news/wipro
2026-05-06,WIPRO,Executive leadership changes announced at WIPRO,Business Standard,https://finance.example.com/news/wipro
2026-05-07,WIPRO,WIPRO downgraded by major brokerage following weak guidance,Economic Times,https://finance.example.com/news/wipro
2026-05-07,WIPRO,Board of directors at WIPRO considers new dividend payout plan,Financial Express,https://finance.example.com/news/wipro
2026-05-08,WIPRO,WIPRO schedules annual general meeting for upcoming month,Business Standard,https://finance.example.com/news/wipro
2026-05-08,WIPRO,Analysts upgrade WIPRO target price following robust revenue growth,Livemint,https://finance.example.com/news/wipro
2026-05-08,WIPRO,WIPRO launches innovative AI-driven service line in India,Economic Times,https://finance.example.com/news/wipro
2026-05-11,WIPRO,WIPRO secures $500M international contract expansion,Business Standard,https://finance.example.com/news/wipro
2026-05-12,WIPRO,Quarterly revenue drops for WIPRO as demand slows down,Business Standard,https://finance.example.com/news/wipro
2026-05-12,WIPRO,"WIPRO reports record quarterly profit, exceeding analyst estimates",Economic Times,https://finance.example.com/news/wipro
2026-05-13,WIPRO,WIPRO launches innovative AI-driven service line in India,Business Standard,https://finance.example.com/news/wipro
2026-05-13,WIPRO,WIPRO files quarterly compliance report with NSE,Economic Times,https://finance.example.com/news/wipro
2026-05-13,WIPRO,WIPRO downgraded by major brokerage following weak guidance,Financial Express,https://finance.example.com/news/wipro
2026-05-13,WIPRO,WIPRO secures $500M international contract expansion,Financial Express,https://finance.example.com/news/wipro
2026-05-14,WIPRO,Analysts upgrade WIPRO target price following robust revenue growth,Business Standard,https://finance.example.com/news/wipro
2026-05-14,WIPRO,Market highlights: WIPRO trades rangebound in quiet session,Financial Express,https://finance.example.com/news/wipro
2026-05-14,WIPRO,Quarterly revenue drops for WIPRO as demand slows down,Business Standard,https://finance.example.com/news/wipro
2026-05-15,WIPRO,Market highlights: WIPRO trades rangebound in quiet session,Financial Express,https://finance.example.com/news/wipro
2026-05-18,WIPRO,Analysts upgrade WIPRO target price following robust revenue growth,Economic Times,https://finance.example.com/news/wipro
2026-05-18,WIPRO,"WIPRO reports record quarterly profit, exceeding analyst estimates",Economic Times,https://finance.example.com/news/wipro
2026-05-18,WIPRO,Executive leadership changes announced at WIPRO,Livemint,https://finance.example.com/news/wipro
2026-05-19,WIPRO,WIPRO secures $500M international contract expansion,Livemint,https://finance.example.com/news/wipro
2026-05-20,WIPRO,Quarterly revenue drops for WIPRO as demand slows down,Business Standard,https://finance.example.com/news/wipro
2026-05-21,WIPRO,Quarterly revenue drops for WIPRO as demand slows down,Livemint,https://finance.example.com/news/wipro
2026-05-21,WIPRO,WIPRO announces strategic partnership to boost market share,Financial Express,https://finance.example.com/news/wipro
2026-05-21,WIPRO,Market highlights: WIPRO trades rangebound in quiet session,Business Standard,https://finance.example.com/news/wipro
2026-05-22,WIPRO,Supply chain disruptions impact production targets for WIPRO,Financial Express,https://finance.example.com/news/wipro
2026-05-25,WIPRO,Market highlights: WIPRO trades rangebound in quiet session,Livemint,https://finance.example.com/news/wipro
2026-05-25,WIPRO,WIPRO downgraded by major brokerage following weak guidance,Livemint,https://finance.example.com/news/wipro
2026-05-26,WIPRO,WIPRO secures $500M international contract expansion,Financial Express,https://finance.example.com/news/wipro
2026-05-26,WIPRO,Quarterly revenue drops for WIPRO as demand slows down,Business Standard,https://finance.example.com/news/wipro
2026-05-27,WIPRO,Analysts upgrade WIPRO target price following robust revenue growth,Financial Express,https://finance.example.com/news/wipro
2026-05-27,WIPRO,Board of directors at WIPRO considers new dividend payout plan,Business Standard,https://finance.example.com/news/wipro
2026-05-28,WIPRO,Regulatory scrutiny increases for WIPRO over compliance issue,Business Standard,https://finance.example.com/news/wipro
2026-05-28,WIPRO,Quarterly revenue drops for WIPRO as demand slows down,Economic Times,https://finance.example.com/news/wipro
2026-05-29,WIPRO,Board of directors at WIPRO considers new dividend payout plan,Financial Express,https://finance.example.com/news/wipro
2026-06-01,WIPRO,WIPRO schedules annual general meeting for upcoming month,Economic Times,https://finance.example.com/news/wipro
2026-06-01,WIPRO,Regulatory scrutiny increases for WIPRO over compliance issue,Business Standard,https://finance.example.com/news/wipro
2026-06-01,WIPRO,WIPRO launches innovative AI-driven service line in India,Livemint,https://finance.example.com/news/wipro
2026-06-02,WIPRO,WIPRO files quarterly compliance report with NSE,Livemint,https://finance.example.com/news/wipro
2026-06-02,WIPRO,Quarterly revenue drops for WIPRO as demand slows down,Economic Times,https://finance.example.com/news/wipro
2026-06-02,WIPRO,Supply chain disruptions impact production targets for WIPRO,Livemint,https://finance.example.com/news/wipro
2026-06-03,WIPRO,"WIPRO reports record quarterly profit, exceeding analyst estimates",Business Standard,https://finance.example.com/news/wipro
2026-06-03,WIPRO,Quarterly revenue drops for WIPRO as demand slows down,Livemint,https://finance.example.com/news/wipro
2026-06-04,WIPRO,Market highlights: WIPRO trades rangebound in quiet session,Financial Express,https://finance.example.com/news/wipro
2026-06-04,WIPRO,WIPRO files quarterly compliance report with NSE,Livemint,https://finance.example.com/news/wipro
2026-06-04,WIPRO,WIPRO secures $500M international contract expansion,Economic Times,https://finance.example.com/news/wipro
2026-06-04,WIPRO,Board of directors at WIPRO considers new dividend payout plan,Economic Times,https://finance.example.com/news/wipro
2026-06-05,WIPRO,WIPRO schedules annual general meeting for upcoming month,Livemint,https://finance.example.com/news/wipro
2026-06-05,WIPRO,WIPRO downgraded by major brokerage following weak guidance,Business Standard,https://finance.example.com/news/wipro
2026-06-05,WIPRO,Quarterly revenue drops for WIPRO as demand slows down,Financial Express,https://finance.example.com/news/wipro
2026-06-05,WIPRO,WIPRO announces strategic partnership to boost market share,Business Standard,https://finance.example.com/news/wipro
2026-06-08,WIPRO,WIPRO schedules annual general meeting for upcoming month,Business Standard,https://finance.example.com/news/wipro
2026-06-09,WIPRO,Board of directors at WIPRO considers new dividend payout plan,Business Standard,https://finance.example.com/news/wipro
2026-06-09,WIPRO,WIPRO faces margin pressure amid rising operational expenses,Livemint,https://finance.example.com/news/wipro
2026-06-09,WIPRO,WIPRO schedules annual general meeting for upcoming month,Livemint,https://finance.example.com/news/wipro
2026-06-09,WIPRO,WIPRO launches innovative AI-driven service line in India,Business Standard,https://finance.example.com/news/wipro
2026-06-10,WIPRO,Regulatory scrutiny increases for WIPRO over compliance issue,Livemint,https://finance.example.com/news/wipro
2026-06-10,WIPRO,WIPRO secures $500M international contract expansion,Livemint,https://finance.example.com/news/wipro
2026-06-11,WIPRO,Supply chain disruptions impact production targets for WIPRO,Business Standard,https://finance.example.com/news/wipro
2026-06-11,WIPRO,WIPRO schedules annual general meeting for upcoming month,Financial Express,https://finance.example.com/news/wipro
2026-06-12,WIPRO,WIPRO schedules annual general meeting for upcoming month,Economic Times,https://finance.example.com/news/wipro
2026-06-15,WIPRO,WIPRO faces margin pressure amid rising operational expenses,Economic Times,https://finance.example.com/news/wipro
2026-06-15,WIPRO,WIPRO schedules annual general meeting for upcoming month,Business Standard,https://finance.example.com/news/wipro
2026-06-15,WIPRO,WIPRO secures $500M international contract expansion,Livemint,https://finance.example.com/news/wipro
2026-06-15,WIPRO,WIPRO files quarterly compliance report with NSE,Livemint,https://finance.example.com/news/wipro
2026-06-16,WIPRO,Analysts upgrade WIPRO target price following robust revenue growth,Livemint,https://finance.example.com/news/wipro
2026-06-17,WIPRO,WIPRO announces strategic partnership to boost market share,Financial Express,https://finance.example.com/news/wipro
2026-06-18,WIPRO,Regulatory scrutiny increases for WIPRO over compliance issue,Economic Times,https://finance.example.com/news/wipro
2026-06-19,WIPRO,Market highlights: WIPRO trades rangebound in quiet session,Financial Express,https://finance.example.com/news/wipro
2026-06-19,WIPRO,Analysts upgrade WIPRO target price following robust revenue growth,Financial Express,https://finance.example.com/news/wipro
2026-06-19,WIPRO,WIPRO files quarterly compliance report with NSE,Economic Times,https://finance.example.com/news/wipro
2026-06-19,WIPRO,WIPRO announces strategic partnership to boost market share,Livemint,https://finance.example.com/news/wipro
2026-06-22,WIPRO,Supply chain disruptions impact production targets for WIPRO,Financial Express,https://finance.example.com/news/wipro
2026-06-22,WIPRO,Regulatory scrutiny increases for WIPRO over compliance issue,Livemint,https://finance.example.com/news/wipro
2026-06-23,WIPRO,Analysts upgrade WIPRO target price following robust revenue growth,Economic Times,https://finance.example.com/news/wipro
2026-06-24,WIPRO,WIPRO files quarterly compliance report with NSE,Livemint,https://finance.example.com/news/wipro
2026-06-24,WIPRO,WIPRO launches innovative AI-driven service line in India,Business Standard,https://finance.example.com/news/wipro
2026-06-24,WIPRO,Board of directors at WIPRO considers new dividend payout plan,Livemint,https://finance.example.com/news/wipro
2026-06-24,WIPRO,Regulatory scrutiny increases for WIPRO over compliance issue,Economic Times,https://finance.example.com/news/wipro
2026-06-25,WIPRO,WIPRO secures $500M international contract expansion,Financial Express,https://finance.example.com/news/wipro
2026-06-25,WIPRO,WIPRO announces strategic partnership to boost market share,Financial Express,https://finance.example.com/news/wipro
2026-06-25,WIPRO,WIPRO launches innovative AI-driven service line in India,Economic Times,https://finance.example.com/news/wipro
2026-06-25,WIPRO,"WIPRO reports record quarterly profit, exceeding analyst estimates",Livemint,https://finance.example.com/news/wipro
2026-06-26,WIPRO,Supply chain disruptions impact production targets for WIPRO,Economic Times,https://finance.example.com/news/wipro
2026-06-26,WIPRO,Market highlights: WIPRO trades rangebound in quiet session,Business Standard,https://finance.example.com/news/wipro
2026-06-26,WIPRO,WIPRO announces strategic partnership to boost market share,Livemint,https://finance.example.com/news/wipro
2026-06-29,WIPRO,WIPRO schedules annual general meeting for upcoming month,Livemint,https://finance.example.com/news/wipro
2026-06-29,WIPRO,WIPRO secures $500M international contract expansion,Livemint,https://finance.example.com/news/wipro
2026-06-30,WIPRO,Analysts upgrade WIPRO target price following robust revenue growth,Business Standard,https://finance.example.com/news/wipro
2026-07-01,WIPRO,Market highlights: WIPRO trades rangebound in quiet session,Business Standard,https://finance.example.com/news/wipro
2026-07-01,WIPRO,WIPRO files quarterly compliance report with NSE,Business Standard,https://finance.example.com/news/wipro
2026-07-02,WIPRO,Market highlights: WIPRO trades rangebound in quiet session,Livemint,https://finance.example.com/news/wipro
2026-07-02,WIPRO,Executive leadership changes announced at WIPRO,Economic Times,https://finance.example.com/news/wipro
2026-07-03,WIPRO,Board of directors at WIPRO considers new dividend payout plan,Livemint,https://finance.example.com/news/wipro
2026-07-06,WIPRO,Analysts upgrade WIPRO target price following robust revenue growth,Economic Times,https://finance.example.com/news/wipro
2026-07-06,WIPRO,WIPRO secures $500M international contract expansion,Economic Times,https://finance.example.com/news/wipro
2026-07-06,WIPRO,WIPRO downgraded by major brokerage following weak guidance,Livemint,https://finance.example.com/news/wipro
2026-07-06,WIPRO,Board of directors at WIPRO considers new dividend payout plan,Business Standard,https://finance.example.com/news/wipro
2026-07-07,WIPRO,WIPRO files quarterly compliance report with NSE,Livemint,https://finance.example.com/news/wipro
2026-07-08,WIPRO,"WIPRO reports record quarterly profit, exceeding analyst estimates",Business Standard,https://finance.example.com/news/wipro
2026-07-08,WIPRO,Executive leadership changes announced at WIPRO,Economic Times,https://finance.example.com/news/wipro
2026-07-08,WIPRO,Analysts upgrade WIPRO target price following robust revenue growth,Livemint,https://finance.example.com/news/wipro
2026-07-09,WIPRO,Executive leadership changes announced at WIPRO,Economic Times,https://finance.example.com/news/wipro
2026-07-09,WIPRO,WIPRO faces margin pressure amid rising operational expenses,Business Standard,https://finance.example.com/news/wipro
2026-07-09,WIPRO,Executive leadership changes announced at WIPRO,Livemint,https://finance.example.com/news/wipro
2026-07-09,WIPRO,WIPRO downgraded by major brokerage following weak guidance,Financial Express,https://finance.example.com/news/wipro
2026-07-10,WIPRO,WIPRO launches innovative AI-driven service line in India,Financial Express,https://finance.example.com/news/wipro
2026-07-10,WIPRO,WIPRO downgraded by major brokerage following weak guidance,Business Standard,https://finance.example.com/news/wipro
2026-07-10,WIPRO,Executive leadership changes announced at WIPRO,Economic Times,https://finance.example.com/news/wipro
2026-07-13,WIPRO,Board of directors at WIPRO considers new dividend payout plan,Business Standard,https://finance.example.com/news/wipro
2026-07-13,WIPRO,"WIPRO reports record quarterly profit, exceeding analyst estimates",Economic Times,https://finance.example.com/news/wipro
2026-07-13,WIPRO,Supply chain disruptions impact production targets for WIPRO,Livemint,https://finance.example.com/news/wipro
2026-07-14,WIPRO,WIPRO announces strategic partnership to boost market share,Economic Times,https://finance.example.com/news/wipro
2026-07-14,WIPRO,WIPRO launches innovative AI-driven service line in India,Economic Times,https://finance.example.com/news/wipro
2026-07-14,WIPRO,WIPRO launches innovative AI-driven service line in India,Financial Express,https://finance.example.com/news/wipro
2026-07-14,WIPRO,WIPRO files quarterly compliance report with NSE,Business Standard,https://finance.example.com/news/wipro
2026-07-15,WIPRO,Quarterly revenue drops for WIPRO as demand slows down,Financial Express,https://finance.example.com/news/wipro
2026-07-16,WIPRO,Board of directors at WIPRO considers new dividend payout plan,Livemint,https://finance.example.com/news/wipro
2026-07-16,WIPRO,Board of directors at WIPRO considers new dividend payout plan,Business Standard,https://finance.example.com/news/wipro
2026-07-16,WIPRO,Quarterly revenue drops for WIPRO as demand slows down,Economic Times,https://finance.example.com/news/wipro
2026-07-16,WIPRO,Regulatory scrutiny increases for WIPRO over compliance issue,Financial Express,https://finance.example.com/news/wipro
2026-07-17,WIPRO,WIPRO secures $500M international contract expansion,Business Standard,https://finance.example.com/news/wipro
2026-07-17,WIPRO,WIPRO secures $500M international contract expansion,Livemint,https://finance.example.com/news/wipro
2026-07-17,WIPRO,Analysts upgrade WIPRO target price following robust revenue growth,Livemint,https://finance.example.com/news/wipro
2026-07-17,WIPRO,WIPRO downgraded by major brokerage following weak guidance,Economic Times,https://finance.example.com/news/wipro
2026-07-20,WIPRO,Analysts upgrade WIPRO target price following robust revenue growth,Livemint,https://finance.example.com/news/wipro
2026-07-20,WIPRO,Executive leadership changes announced at WIPRO,Financial Express,https://finance.example.com/news/wipro
2026-07-21,WIPRO,WIPRO schedules annual general meeting for upcoming month,Financial Express,https://finance.example.com/news/wipro
2026-07-22,WIPRO,Analysts upgrade WIPRO target price following robust revenue growth,Economic Times,https://finance.example.com/news/wipro
2026-07-22,WIPRO,WIPRO launches innovative AI-driven service line in India,Livemint,https://finance.example.com/news/wipro
2026-07-23,WIPRO,Supply chain disruptions impact production targets for WIPRO,Business Standard,https://finance.example.com/news/wipro
2026-07-24,WIPRO,Supply chain disruptions impact production targets for WIPRO,Livemint,https://finance.example.com/news/wipro
2026-07-27,WIPRO,"WIPRO reports record quarterly profit, exceeding analyst estimates",Livemint,https://finance.example.com/news/wipro
2026-07-28,WIPRO,WIPRO secures $500M international contract expansion,Livemint,https://finance.example.com/news/wipro
2026-07-28,WIPRO,Executive leadership changes announced at WIPRO,Financial Express,https://finance.example.com/news/wipro
2026-07-29,WIPRO,Analysts upgrade WIPRO target price following robust revenue growth,Economic Times,https://finance.example.com/news/wipro
2026-07-30,WIPRO,Quarterly revenue drops for WIPRO as demand slows down,Financial Express,https://finance.example.com/news/wipro
2026-07-30,WIPRO,WIPRO launches innovative AI-driven service line in India,Business Standard,https://finance.example.com/news/wipro
2026-07-31,WIPRO,Market highlights: WIPRO trades rangebound in quiet session,Economic Times,https://finance.example.com/news/wipro
2026-08-03,WIPRO,WIPRO launches innovative AI-driven service line in India,Financial Express,https://finance.example.com/news/wipro
2026-08-03,WIPRO,Board of directors at WIPRO considers new dividend payout plan,Business Standard,https://finance.example.com/news/wipro
2026-08-04,WIPRO,Analysts upgrade WIPRO target price following robust revenue growth,Economic Times,https://finance.example.com/news/wipro
2026-08-04,WIPRO,WIPRO schedules annual general meeting for upcoming month,Business Standard,https://finance.example.com/news/wipro
2026-08-04,WIPRO,WIPRO announces strategic partnership to boost market share,Livemint,https://finance.example.com/news/wipro
2026-08-04,WIPRO,Analysts upgrade WIPRO target price following robust revenue growth,Livemint,https://finance.example.com/news/wipro
2026-08-05,WIPRO,WIPRO schedules annual general meeting for upcoming month,Livemint,https://finance.example.com/news/wipro
2026-08-05,WIPRO,WIPRO schedules annual general meeting for upcoming month,Economic Times,https://finance.example.com/news/wipro
2026-08-05,WIPRO,Executive leadership changes announced at WIPRO,Financial Express,https://finance.example.com/news/wipro
2026-08-05,WIPRO,WIPRO downgraded by major brokerage following weak guidance,Business Standard,https://finance.example.com/news/wipro
2026-08-06,WIPRO,"WIPRO reports record quarterly profit, exceeding analyst estimates",Livemint,https://finance.example.com/news/wipro
2026-08-06,WIPRO,WIPRO announces strategic partnership to boost market share,Business Standard,https://finance.example.com/news/wipro
2026-08-06,WIPRO,"WIPRO reports record quarterly profit, exceeding analyst estimates",Financial Express,https://finance.example.com/news/wipro
2026-08-07,WIPRO,Regulatory scrutiny increases for WIPRO over compliance issue,Livemint,https://finance.example.com/news/wipro
2026-08-07,WIPRO,Board of directors at WIPRO considers new dividend payout plan,Livemint,https://finance.example.com/news/wipro
2026-08-07,WIPRO,WIPRO launches innovative AI-driven service line in India,Financial Express,https://finance.example.com/news/wipro
2026-08-10,WIPRO,Analysts upgrade WIPRO target price following robust revenue growth,Livemint,https://finance.example.com/news/wipro
2026-08-10,WIPRO,WIPRO faces margin pressure amid rising operational expenses,Livemint,https://finance.example.com/news/wipro
2026-08-10,WIPRO,"WIPRO reports record quarterly profit, exceeding analyst estimates",Economic Times,https://finance.example.com/news/wipro
2026-08-11,WIPRO,"WIPRO reports record quarterly profit, exceeding analyst estimates",Livemint,https://finance.example.com/news/wipro
2026-08-12,WIPRO,"WIPRO reports record quarterly profit, exceeding analyst estimates",Economic Times,https://finance.example.com/news/wipro
2026-08-12,WIPRO,Supply chain disruptions impact production targets for WIPRO,Financial Express,https://finance.example.com/news/wipro
2026-08-12,WIPRO,Analysts upgrade WIPRO target price following robust revenue growth,Livemint,https://finance.example.com/news/wipro
2026-08-13,WIPRO,Executive leadership changes announced at WIPRO,Livemint,https://finance.example.com/news/wipro
2026-08-14,WIPRO,WIPRO launches innovative AI-driven service line in India,Financial Express,https://finance.example.com/news/wipro
2026-08-14,WIPRO,WIPRO launches innovative AI-driven service line in India,Financial Express,https://finance.example.com/news/wipro
2026-08-14,WIPRO,Quarterly revenue drops for WIPRO as demand slows down,Financial Express,https://finance.example.com/news/wipro
2026-08-17,WIPRO,WIPRO announces strategic partnership to boost market share,Financial Express,https://finance.example.com/news/wipro
2026-08-17,WIPRO,WIPRO launches innovative AI-driven service line in India,Financial Express,https://finance.example.com/news/wipro
2026-08-18,WIPRO,Market highlights: WIPRO trades rangebound in quiet session,Financial Express,https://finance.example.com/news/wipro
2026-08-18,WIPRO,WIPRO announces strategic partnership to boost market share,Economic Times,https://finance.example.com/news/wipro
2026-08-18,WIPRO,WIPRO secures $500M international contract expansion,Economic Times,https://finance.example.com/news/wipro
2026-08-18,WIPRO,Supply chain disruptions impact production targets for WIPRO,Financial Express,https://finance.example.com/news/wipro
2026-08-19,WIPRO,Regulatory scrutiny increases for WIPRO over compliance issue,Economic Times,https://finance.example.com/news/wipro
2026-08-20,WIPRO,WIPRO schedules annual general meeting for upcoming month,Livemint,https://finance.example.com/news/wipro
2026-08-20,WIPRO,Regulatory scrutiny increases for WIPRO over compliance issue,Business Standard,https://finance.example.com/news/wipro
2026-08-21,WIPRO,WIPRO secures $500M international contract expansion,Business Standard,https://finance.example.com/news/wipro
2026-08-21,WIPRO,WIPRO announces strategic partnership to boost market share,Livemint,https://finance.example.com/news/wipro
2026-08-24,WIPRO,WIPRO announces strategic partnership to boost market share,Business Standard,https://finance.example.com/news/wipro
2026-08-24,WIPRO,WIPRO files quarterly compliance report with NSE,Livemint,https://finance.example.com/news/wipro
2026-08-24,WIPRO,"WIPRO reports record quarterly profit, exceeding analyst estimates",Business Standard,https://finance.example.com/news/wipro
2026-08-25,WIPRO,WIPRO downgraded by major brokerage following weak guidance,Financial Express,https://finance.example.com/news/wipro
2026-08-25,WIPRO,Market highlights: WIPRO trades rangebound in quiet session,Economic Times,https://finance.example.com/news/wipro
2026-08-25,WIPRO,Board of directors at WIPRO considers new dividend payout plan,Economic Times,https://finance.example.com/news/wipro
2026-08-26,WIPRO,Board of directors at WIPRO considers new dividend payout plan,Economic Times,https://finance.example.com/news/wipro
2026-08-27,WIPRO,WIPRO secures $500M international contract expansion,Financial Express,https://finance.example.com/news/wipro
2026-08-28,WIPRO,Regulatory scrutiny increases for WIPRO over compliance issue,Economic Times,https://finance.example.com/news/wipro
2026-08-31,WIPRO,Executive leadership changes announced at WIPRO,Financial Express,https://finance.example.com/news/wipro
2026-08-31,WIPRO,WIPRO faces margin pressure amid rising operational expenses,Financial Express,https://finance.example.com/news/wipro
2026-08-31,WIPRO,Quarterly revenue drops for WIPRO as demand slows down,Economic Times,https://finance.example.com/news/wipro
2026-09-01,WIPRO,"WIPRO reports record quarterly profit, exceeding analyst estimates",Livemint,https://finance.example.com/news/wipro
2026-09-01,WIPRO,WIPRO launches innovative AI-driven service line in India,Business Standard,https://finance.example.com/news/wipro
2026-09-01,WIPRO,Quarterly revenue drops for WIPRO as demand slows down,Business Standard,https://finance.example.com/news/wipro
2026-09-01,WIPRO,Regulatory scrutiny increases for WIPRO over compliance issue,Economic Times,https://finance.example.com/news/wipro
2026-09-02,WIPRO,WIPRO secures $500M international contract expansion,Business Standard,https://finance.example.com/news/wipro
2026-09-02,WIPRO,Quarterly revenue drops for WIPRO as demand slows down,Business Standard,https://finance.example.com/news/wipro
2026-09-02,WIPRO,"WIPRO reports record quarterly profit, exceeding analyst estimates",Business Standard,https://finance.example.com/news/wipro
2026-09-02,WIPRO,WIPRO faces margin pressure amid rising operational expenses,Financial Express,https://finance.example.com/news/wipro
2026-09-03,WIPRO,Regulatory scrutiny increases for WIPRO over compliance issue,Business Standard,https://finance.example.com/news/wipro
2026-09-03,WIPRO,Analysts upgrade WIPRO target price following robust revenue growth,Economic Times,https://finance.example.com/news/wipro
2026-09-03,WIPRO,WIPRO secures $500M international contract expansion,Business Standard,https://finance.example.com/news/wipro
2026-09-03,WIPRO,Market highlights: WIPRO trades rangebound in quiet session,Financial Express,https://finance.example.com/news/wipro
2026-09-04,WIPRO,WIPRO secures $500M international contract expansion,Business Standard,https://finance.example.com/news/wipro
2026-09-04,WIPRO,Analysts upgrade WIPRO target price following robust revenue growth,Business Standard,https://finance.example.com/news/wipro
2026-09-04,WIPRO,WIPRO files quarterly compliance report with NSE,Economic Times,https://finance.example.com/news/wipro
2026-09-04,WIPRO,WIPRO downgraded by major brokerage following weak guidance,Economic Times,https://finance.example.com/news/wipro
2026-09-07,WIPRO,Market highlights: WIPRO trades rangebound in quiet session,Business Standard,https://finance.example.com/news/wipro
2026-09-08,WIPRO,Executive leadership changes announced at WIPRO,Economic Times,https://finance.example.com/news/wipro
2026-09-08,WIPRO,Analysts upgrade WIPRO target price following robust revenue growth,Livemint,https://finance.example.com/news/wipro
2026-09-09,WIPRO,WIPRO announces strategic partnership to boost market share,Livemint,https://finance.example.com/news/wipro
2026-09-10,WIPRO,WIPRO announces strategic partnership to boost market share,Financial Express,https://finance.example.com/news/wipro
2026-09-10,WIPRO,Analysts upgrade WIPRO target price following robust revenue growth,Livemint,https://finance.example.com/news/wipro
2026-09-10,WIPRO,Executive leadership changes announced at WIPRO,Economic Times,https://finance.example.com/news/wipro
2026-09-10,WIPRO,Supply chain disruptions impact production targets for WIPRO,Financial Express,https://finance.example.com/news/wipro
2026-09-11,WIPRO,WIPRO files quarterly compliance report with NSE,Business Standard,https://finance.example.com/news/wipro
2026-09-11,WIPRO,WIPRO faces margin pressure amid rising operational expenses,Business Standard,https://finance.example.com/news/wipro
2026-09-14,WIPRO,Analysts upgrade WIPRO target price following robust revenue growth,Business Standard,https://finance.example.com/news/wipro
2026-09-14,WIPRO,Analysts upgrade WIPRO target price following robust revenue growth,Economic Times,https://finance.example.com/news/wipro
2026-09-15,WIPRO,Supply chain disruptions impact production targets for WIPRO,Livemint,https://finance.example.com/news/wipro
2026-09-15,WIPRO,WIPRO launches innovative AI-driven service line in India,Economic Times,https://finance.example.com/news/wipro
2026-09-15,WIPRO,WIPRO files quarterly compliance report with NSE,Financial Express,https://finance.example.com/news/wipro
2026-09-15,WIPRO,WIPRO files quarterly compliance report with NSE,Business Standard,https://finance.example.com/news/wipro
2026-09-16,WIPRO,WIPRO downgraded by major brokerage following weak guidance,Economic Times,https://finance.example.com/news/wipro
2026-09-16,WIPRO,Supply chain disruptions impact production targets for WIPRO,Financial Express,https://finance.example.com/news/wipro
2026-09-17,WIPRO,WIPRO secures $500M international contract expansion,Economic Times,https://finance.example.com/news/wipro
2026-09-18,WIPRO,Board of directors at WIPRO considers new dividend payout plan,Business Standard,https://finance.example.com/news/wipro
2026-09-18,WIPRO,WIPRO faces margin pressure amid rising operational expenses,Financial Express,https://finance.example.com/news/wipro
2026-09-18,WIPRO,Supply chain disruptions impact production targets for WIPRO,Business Standard,https://finance.example.com/news/wipro
2026-09-18,WIPRO,Board of directors at WIPRO considers new dividend payout plan,Economic Times,https://finance.example.com/news/wipro
2026-09-21,WIPRO,"WIPRO reports record quarterly profit, exceeding analyst estimates",Livemint,https://finance.example.com/news/wipro
2026-09-21,WIPRO,WIPRO announces strategic partnership to boost market share,Business Standard,https://finance.example.com/news/wipro
2026-09-22,WIPRO,Executive leadership changes announced at WIPRO,Business Standard,https://finance.example.com/news/wipro
2026-09-23,WIPRO,WIPRO secures $500M international contract expansion,Financial Express,https://finance.example.com/news/wipro
2026-09-23,WIPRO,Analysts upgrade WIPRO target price following robust revenue growth,Economic Times,https://finance.example.com/news/wipro
2026-09-24,WIPRO,Quarterly revenue drops for WIPRO as demand slows down,Economic Times,https://finance.example.com/news/wipro
2026-09-25,WIPRO,Market highlights: WIPRO trades rangebound in quiet session,Economic Times,https://finance.example.com/news/wipro
2026-09-28,WIPRO,WIPRO schedules annual general meeting for upcoming month,Financial Express,https://finance.example.com/news/wipro
2026-09-28,WIPRO,Regulatory scrutiny increases for WIPRO over compliance issue,Livemint,https://finance.example.com/news/wipro
2026-09-28,WIPRO,Analysts upgrade WIPRO target price following robust revenue growth,Livemint,https://finance.example.com/news/wipro
2026-09-28,WIPRO,Executive leadership changes announced at WIPRO,Economic Times,https://finance.example.com/news/wipro
2026-09-29,WIPRO,Executive leadership changes announced at WIPRO,Financial Express,https://finance.example.com/news/wipro
2026-09-30,WIPRO,WIPRO secures $500M international contract expansion,Economic Times,https://finance.example.com/news/wipro
2026-09-30,WIPRO,Board of directors at WIPRO considers new dividend payout plan,Economic Times,https://finance.example.com/news/wipro
2026-09-30,WIPRO,Board of directors at WIPRO considers new dividend payout plan,Economic Times,https://finance.example.com/news/wipro
2026-10-01,WIPRO,WIPRO downgraded by major brokerage following weak guidance,Economic Times,https://finance.example.com/news/wipro
2026-10-01,WIPRO,WIPRO faces margin pressure amid rising operational expenses,Financial Express,https://finance.example.com/news/wipro
2026-10-01,WIPRO,Board of directors at WIPRO considers new dividend payout plan,Livemint,https://finance.example.com/news/wipro
2026-10-02,WIPRO,Market highlights: WIPRO trades rangebound in quiet session,Economic Times,https://finance.example.com/news/wipro
2026-10-02,WIPRO,Regulatory scrutiny increases for WIPRO over compliance issue,Business Standard,https://finance.example.com/news/wipro
2026-10-02,WIPRO,WIPRO secures $500M international contract expansion,Livemint,https://finance.example.com/news/wipro
2026-04-07,HCLTECH,HCLTECH downgraded by major brokerage following weak guidance,Financial Express,https://finance.example.com/news/hcltech
2026-04-08,HCLTECH,Board of directors at HCLTECH considers new dividend payout plan,Financial Express,https://finance.example.com/news/hcltech
2026-04-09,HCLTECH,HCLTECH downgraded by major brokerage following weak guidance,Economic Times,https://finance.example.com/news/hcltech
2026-04-09,HCLTECH,Regulatory scrutiny increases for HCLTECH over compliance issue,Livemint,https://finance.example.com/news/hcltech
2026-04-10,HCLTECH,Board of directors at HCLTECH considers new dividend payout plan,Economic Times,https://finance.example.com/news/hcltech
2026-04-10,HCLTECH,Market highlights: HCLTECH trades rangebound in quiet session,Economic Times,https://finance.example.com/news/hcltech
2026-04-10,HCLTECH,HCLTECH downgraded by major brokerage following weak guidance,Livemint,https://finance.example.com/news/hcltech
2026-04-13,HCLTECH,HCLTECH secures $500M international contract expansion,Financial Express,https://finance.example.com/news/hcltech
2026-04-13,HCLTECH,Analysts upgrade HCLTECH target price following robust revenue growth,Business Standard,https://finance.example.com/news/hcltech
2026-04-13,HCLTECH,Market highlights: HCLTECH trades rangebound in quiet session,Financial Express,https://finance.example.com/news/hcltech
2026-04-14,HCLTECH,Board of directors at HCLTECH considers new dividend payout plan,Financial Express,https://finance.example.com/news/hcltech
2026-04-15,HCLTECH,Executive leadership changes announced at HCLTECH,Financial Express,https://finance.example.com/news/hcltech
2026-04-15,HCLTECH,HCLTECH downgraded by major brokerage following weak guidance,Economic Times,https://finance.example.com/news/hcltech
2026-04-16,HCLTECH,Supply chain disruptions impact production targets for HCLTECH,Economic Times,https://finance.example.com/news/hcltech
2026-04-17,HCLTECH,"HCLTECH reports record quarterly profit, exceeding analyst estimates",Financial Express,https://finance.example.com/news/hcltech
2026-04-17,HCLTECH,HCLTECH announces strategic partnership to boost market share,Financial Express,https://finance.example.com/news/hcltech
2026-04-20,HCLTECH,HCLTECH faces margin pressure amid rising operational expenses,Livemint,https://finance.example.com/news/hcltech
2026-04-20,HCLTECH,HCLTECH announces strategic partnership to boost market share,Economic Times,https://finance.example.com/news/hcltech
2026-04-20,HCLTECH,HCLTECH schedules annual general meeting for upcoming month,Business Standard,https://finance.example.com/news/hcltech
2026-04-21,HCLTECH,Board of directors at HCLTECH considers new dividend payout plan,Economic Times,https://finance.example.com/news/hcltech
2026-04-21,HCLTECH,Board of directors at HCLTECH considers new dividend payout plan,Financial Express,https://finance.example.com/news/hcltech
2026-04-21,HCLTECH,Supply chain disruptions impact production targets for HCLTECH,Business Standard,https://finance.example.com/news/hcltech
2026-04-21,HCLTECH,HCLTECH announces strategic partnership to boost market share,Financial Express,https://finance.example.com/news/hcltech
2026-04-22,HCLTECH,Quarterly revenue drops for HCLTECH as demand slows down,Livemint,https://finance.example.com/news/hcltech
2026-04-22,HCLTECH,"HCLTECH reports record quarterly profit, exceeding analyst estimates",Financial Express,https://finance.example.com/news/hcltech
2026-04-22,HCLTECH,HCLTECH schedules annual general meeting for upcoming month,Financial Express,https://finance.example.com/news/hcltech
2026-04-23,HCLTECH,HCLTECH announces strategic partnership to boost market share,Financial Express,https://finance.example.com/news/hcltech
2026-04-24,HCLTECH,HCLTECH downgraded by major brokerage following weak guidance,Financial Express,https://finance.example.com/news/hcltech
2026-04-27,HCLTECH,Executive leadership changes announced at HCLTECH,Livemint,https://finance.example.com/news/hcltech
2026-04-27,HCLTECH,HCLTECH announces strategic partnership to boost market share,Financial Express,https://finance.example.com/news/hcltech
2026-04-27,HCLTECH,HCLTECH files quarterly compliance report with NSE,Livemint,https://finance.example.com/news/hcltech
2026-04-27,HCLTECH,"HCLTECH reports record quarterly profit, exceeding analyst estimates",Livemint,https://finance.example.com/news/hcltech
2026-04-28,HCLTECH,"HCLTECH reports record quarterly profit, exceeding analyst estimates",Economic Times,https://finance.example.com/news/hcltech
2026-04-28,HCLTECH,Supply chain disruptions impact production targets for HCLTECH,Business Standard,https://finance.example.com/news/hcltech
2026-04-28,HCLTECH,HCLTECH announces strategic partnership to boost market share,Financial Express,https://finance.example.com/news/hcltech
2026-04-29,HCLTECH,Analysts upgrade HCLTECH target price following robust revenue growth,Financial Express,https://finance.example.com/news/hcltech
2026-04-29,HCLTECH,HCLTECH launches innovative AI-driven service line in India,Financial Express,https://finance.example.com/news/hcltech
2026-04-30,HCLTECH,HCLTECH faces margin pressure amid rising operational expenses,Financial Express,https://finance.example.com/news/hcltech
2026-04-30,HCLTECH,Analysts upgrade HCLTECH target price following robust revenue growth,Economic Times,https://finance.example.com/news/hcltech
2026-04-30,HCLTECH,Analysts upgrade HCLTECH target price following robust revenue growth,Financial Express,https://finance.example.com/news/hcltech
2026-04-30,HCLTECH,HCLTECH announces strategic partnership to boost market share,Livemint,https://finance.example.com/news/hcltech
2026-05-01,HCLTECH,Supply chain disruptions impact production targets for HCLTECH,Financial Express,https://finance.example.com/news/hcltech
2026-05-01,HCLTECH,HCLTECH secures $500M international contract expansion,Livemint,https://finance.example.com/news/hcltech
2026-05-04,HCLTECH,HCLTECH files quarterly compliance report with NSE,Financial Express,https://finance.example.com/news/hcltech
2026-05-04,HCLTECH,HCLTECH secures $500M international contract expansion,Business Standard,https://finance.example.com/news/hcltech
2026-05-05,HCLTECH,HCLTECH faces margin pressure amid rising operational expenses,Business Standard,https://finance.example.com/news/hcltech
2026-05-06,HCLTECH,Regulatory scrutiny increases for HCLTECH over compliance issue,Business Standard,https://finance.example.com/news/hcltech
2026-05-07,HCLTECH,HCLTECH faces margin pressure amid rising operational expenses,Economic Times,https://finance.example.com/news/hcltech
2026-05-07,HCLTECH,"HCLTECH reports record quarterly profit, exceeding analyst estimates",Livemint,https://finance.example.com/news/hcltech
2026-05-07,HCLTECH,HCLTECH schedules annual general meeting for upcoming month,Business Standard,https://finance.example.com/news/hcltech
2026-05-07,HCLTECH,HCLTECH announces strategic partnership to boost market share,Financial Express,https://finance.example.com/news/hcltech
2026-05-08,HCLTECH,Analysts upgrade HCLTECH target price following robust revenue growth,Economic Times,https://finance.example.com/news/hcltech
2026-05-11,HCLTECH,Regulatory scrutiny increases for HCLTECH over compliance issue,Economic Times,https://finance.example.com/news/hcltech
2026-05-11,HCLTECH,HCLTECH secures $500M international contract expansion,Financial Express,https://finance.example.com/news/hcltech
2026-05-11,HCLTECH,HCLTECH secures $500M international contract expansion,Economic Times,https://finance.example.com/news/hcltech
2026-05-11,HCLTECH,Regulatory scrutiny increases for HCLTECH over compliance issue,Business Standard,https://finance.example.com/news/hcltech
2026-05-12,HCLTECH,Executive leadership changes announced at HCLTECH,Livemint,https://finance.example.com/news/hcltech
2026-05-12,HCLTECH,Regulatory scrutiny increases for HCLTECH over compliance issue,Financial Express,https://finance.example.com/news/hcltech
2026-05-12,HCLTECH,HCLTECH launches innovative AI-driven service line in India,Economic Times,https://finance.example.com/news/hcltech
2026-05-13,HCLTECH,Executive leadership changes announced at HCLTECH,Business Standard,https://finance.example.com/news/hcltech
2026-05-13,HCLTECH,Analysts upgrade HCLTECH target price following robust revenue growth,Livemint,https://finance.example.com/news/hcltech
2026-05-13,HCLTECH,"HCLTECH reports record quarterly profit, exceeding analyst estimates",Business Standard,https://finance.example.com/news/hcltech
2026-05-14,HCLTECH,Market highlights: HCLTECH trades rangebound in quiet session,Economic Times,https://finance.example.com/news/hcltech
2026-05-14,HCLTECH,Analysts upgrade HCLTECH target price following robust revenue growth,Livemint,https://finance.example.com/news/hcltech
2026-05-14,HCLTECH,HCLTECH schedules annual general meeting for upcoming month,Economic Times,https://finance.example.com/news/hcltech
2026-05-15,HCLTECH,HCLTECH files quarterly compliance report with NSE,Livemint,https://finance.example.com/news/hcltech
2026-05-15,HCLTECH,Regulatory scrutiny increases for HCLTECH over compliance issue,Livemint,https://finance.example.com/news/hcltech
2026-05-15,HCLTECH,"HCLTECH reports record quarterly profit, exceeding analyst estimates",Financial Express,https://finance.example.com/news/hcltech
2026-05-15,HCLTECH,Quarterly revenue drops for HCLTECH as demand slows down,Business Standard,https://finance.example.com/news/hcltech
2026-05-18,HCLTECH,Executive leadership changes announced at HCLTECH,Financial Express,https://finance.example.com/news/hcltech
2026-05-18,HCLTECH,HCLTECH schedules annual general meeting for upcoming month,Livemint,https://finance.example.com/news/hcltech
2026-05-18,HCLTECH,HCLTECH announces strategic partnership to boost market share,Economic Times,https://finance.example.com/news/hcltech
2026-05-19,HCLTECH,HCLTECH secures $500M international contract expansion,Business Standard,https://finance.example.com/news/hcltech
2026-05-19,HCLTECH,HCLTECH faces margin pressure amid rising operational expenses,Livemint,https://finance.example.com/news/hcltech
2026-05-19,HCLTECH,"HCLTECH reports record quarterly profit, exceeding analyst estimates",Livemint,https://finance.example.com/news/hcltech
2026-05-20,HCLTECH,HCLTECH secures $500M international contract expansion,Economic Times,https://finance.example.com/news/hcltech
2026-05-20,HCLTECH,HCLTECH files quarterly compliance report with NSE,Economic Times,https://finance.example.com/news/hcltech
2026-05-21,HCLTECH,HCLTECH faces margin pressure amid rising operational expenses,Business Standard,https://finance.example.com/news/hcltech
2026-05-21,HCLTECH,Board of directors at HCLTECH considers new dividend payout plan,Financial Express,https://finance.example.com/news/hcltech
2026-05-21,HCLTECH,HCLTECH announces strategic partnership to boost market share,Business Standard,https://finance.example.com/news/hcltech
2026-05-22,HCLTECH,HCLTECH schedules annual general meeting for upcoming month,Financial Express,https://finance.example.com/news/hcltech
2026-05-22,HCLTECH,Regulatory scrutiny increases for HCLTECH over compliance issue,Economic Times,https://finance.example.com/news/hcltech
2026-05-22,HCLTECH,Regulatory scrutiny increases for HCLTECH over compliance issue,Business Standard,https://finance.example.com/news/hcltech
2026-05-22,HCLTECH,HCLTECH launches innovative AI-driven service line in India,Livemint,https://finance.example.com/news/hcltech
2026-05-25,HCLTECH,HCLTECH launches innovative AI-driven service line in India,Financial Express,https://finance.example.com/news/hcltech
2026-05-25,HCLTECH,HCLTECH schedules annual general meeting for upcoming month,Business Standard,https://finance.example.com/news/hcltech
2026-05-26,HCLTECH,HCLTECH schedules annual general meeting for upcoming month,Business Standard,https://finance.example.com/news/hcltech
2026-05-26,HCLTECH,Market highlights: HCLTECH trades rangebound in quiet session,Financial Express,https://finance.example.com/news/hcltech
2026-05-26,HCLTECH,HCLTECH secures $500M international contract expansion,Economic Times,https://finance.example.com/news/hcltech
2026-05-27,HCLTECH,HCLTECH schedules annual general meeting for upcoming month,Financial Express,https://finance.example.com/news/hcltech
2026-05-28,HCLTECH,HCLTECH schedules annual general meeting for upcoming month,Economic Times,https://finance.example.com/news/hcltech
2026-05-28,HCLTECH,Executive leadership changes announced at HCLTECH,Financial Express,https://finance.example.com/news/hcltech
2026-05-28,HCLTECH,HCLTECH launches innovative AI-driven service line in India,Livemint,https://finance.example.com/news/hcltech
2026-05-29,HCLTECH,HCLTECH downgraded by major brokerage following weak guidance,Livemint,https://finance.example.com/news/hcltech
2026-05-29,HCLTECH,Executive leadership changes announced at HCLTECH,Financial Express,https://finance.example.com/news/hcltech
2026-05-29,HCLTECH,Market highlights: HCLTECH trades rangebound in quiet session,Financial Express,https://finance.example.com/news/hcltech
2026-05-29,HCLTECH,Board of directors at HCLTECH considers new dividend payout plan,Business Standard,https://finance.example.com/news/hcltech
2026-06-01,HCLTECH,Quarterly revenue drops for HCLTECH as demand slows down,Economic Times,https://finance.example.com/news/hcltech
2026-06-01,HCLTECH,HCLTECH schedules annual general meeting for upcoming month,Livemint,https://finance.example.com/news/hcltech
2026-06-01,HCLTECH,HCLTECH faces margin pressure amid rising operational expenses,Livemint,https://finance.example.com/news/hcltech
2026-06-02,HCLTECH,Regulatory scrutiny increases for HCLTECH over compliance issue,Economic Times,https://finance.example.com/news/hcltech
2026-06-03,HCLTECH,Quarterly revenue drops for HCLTECH as demand slows down,Financial Express,https://finance.example.com/news/hcltech
2026-06-03,HCLTECH,HCLTECH downgraded by major brokerage following weak guidance,Economic Times,https://finance.example.com/news/hcltech
2026-06-03,HCLTECH,HCLTECH secures $500M international contract expansion,Economic Times,https://finance.example.com/news/hcltech
2026-06-03,HCLTECH,Supply chain disruptions impact production targets for HCLTECH,Economic Times,https://finance.example.com/news/hcltech
2026-06-04,HCLTECH,Analysts upgrade HCLTECH target price following robust revenue growth,Livemint,https://finance.example.com/news/hcltech
2026-06-05,HCLTECH,HCLTECH faces margin pressure amid rising operational expenses,Livemint,https://finance.example.com/news/hcltech
2026-06-05,HCLTECH,HCLTECH files quarterly compliance report with NSE,Economic Times,https://finance.example.com/news/hcltech
2026-06-05,HCLTECH,HCLTECH downgraded by major brokerage following weak guidance,Financial Express,https://finance.example.com/news/hcltech
2026-06-08,HCLTECH,Quarterly revenue drops for HCLTECH as demand slows down,Economic Times,https://finance.example.com/news/hcltech
2026-06-08,HCLTECH,HCLTECH downgraded by major brokerage following weak guidance,Business Standard,https://finance.example.com/news/hcltech
2026-06-08,HCLTECH,HCLTECH faces margin pressure amid rising operational expenses,Financial Express,https://finance.example.com/news/hcltech
2026-06-09,HCLTECH,Market highlights: HCLTECH trades rangebound in quiet session,Financial Express,https://finance.example.com/news/hcltech
2026-06-10,HCLTECH,HCLTECH schedules annual general meeting for upcoming month,Economic Times,https://finance.example.com/news/hcltech
2026-06-11,HCLTECH,HCLTECH announces strategic partnership to boost market share,Financial Express,https://finance.example.com/news/hcltech
2026-06-11,HCLTECH,HCLTECH schedules annual general meeting for upcoming month,Business Standard,https://finance.example.com/news/hcltech
2026-06-11,HCLTECH,HCLTECH launches innovative AI-driven service line in India,Financial Express,https://finance.example.com/news/hcltech
2026-06-12,HCLTECH,Board of directors at HCLTECH considers new dividend payout plan,Financial Express,https://finance.example.com/news/hcltech
2026-06-12,HCLTECH,Board of directors at HCLTECH considers new dividend payout plan,Livemint,https://finance.example.com/news/hcltech
2026-06-12,HCLTECH,HCLTECH files quarterly compliance report with NSE,Financial Express,https://finance.example.com/news/hcltech
2026-06-15,HCLTECH,Regulatory scrutiny increases for HCLTECH over compliance issue,Business Standard,https://finance.example.com/news/hcltech
2026-06-15,HCLTECH,HCLTECH downgraded by major brokerage following weak guidance,Business Standard,https://finance.example.com/news/hcltech
2026-06-15,HCLTECH,Supply chain disruptions impact production targets for HCLTECH,Economic Times,https://finance.example.com/news/hcltech
2026-06-15,HCLTECH,Supply chain disruptions impact production targets for HCLTECH,Livemint,https://finance.example.com/news/hcltech
2026-06-16,HCLTECH,HCLTECH schedules annual general meeting for upcoming month,Financial Express,https://finance.example.com/news/hcltech
2026-06-16,HCLTECH,HCLTECH announces strategic partnership to boost market share,Financial Express,https://finance.example.com/news/hcltech
2026-06-16,HCLTECH,Market highlights: HCLTECH trades rangebound in quiet session,Economic Times,https://finance.example.com/news/hcltech
2026-06-17,HCLTECH,HCLTECH launches innovative AI-driven service line in India,Economic Times,https://finance.example.com/news/hcltech
2026-06-17,HCLTECH,Regulatory scrutiny increases for HCLTECH over compliance issue,Economic Times,https://finance.example.com/news/hcltech
2026-06-17,HCLTECH,Supply chain disruptions impact production targets for HCLTECH,Financial Express,https://finance.example.com/news/hcltech
2026-06-18,HCLTECH,Analysts upgrade HCLTECH target price following robust revenue growth,Business Standard,https://finance.example.com/news/hcltech
2026-06-19,HCLTECH,HCLTECH faces margin pressure amid rising operational expenses,Livemint,https://finance.example.com/news/hcltech
2026-06-22,HCLTECH,HCLTECH files quarterly compliance report with NSE,Economic Times,https://finance.example.com/news/hcltech
2026-06-23,HCLTECH,Market highlights: HCLTECH trades rangebound in quiet session,Livemint,https://finance.example.com/news/hcltech
2026-06-24,HCLTECH,Supply chain disruptions impact production targets for HCLTECH,Business Standard,https://finance.example.com/news/hcltech
2026-06-24,HCLTECH,Executive leadership changes announced at HCLTECH,Business Standard,https://finance.example.com/news/hcltech
2026-06-25,HCLTECH,Executive leadership changes announced at HCLTECH,Business Standard,https://finance.example.com/news/hcltech
2026-06-25,HCLTECH,HCLTECH announces strategic partnership to boost market share,Livemint,https://finance.example.com/news/hcltech
2026-06-25,HCLTECH,Analysts upgrade HCLTECH target price following robust revenue growth,Business Standard,https://finance.example.com/news/hcltech
2026-06-26,HCLTECH,HCLTECH announces strategic partnership to boost market share,Financial Express,https://finance.example.com/news/hcltech
2026-06-26,HCLTECH,HCLTECH announces strategic partnership to boost market share,Livemint,https://finance.example.com/news/hcltech
2026-06-29,HCLTECH,Board of directors at HCLTECH considers new dividend payout plan,Financial Express,https://finance.example.com/news/hcltech
2026-06-29,HCLTECH,HCLTECH secures $500M international contract expansion,Livemint,https://finance.example.com/news/hcltech
2026-06-30,HCLTECH,Market highlights: HCLTECH trades rangebound in quiet session,Business Standard,https://finance.example.com/news/hcltech
2026-06-30,HCLTECH,HCLTECH faces margin pressure amid rising operational expenses,Business Standard,https://finance.example.com/news/hcltech
2026-07-01,HCLTECH,Market highlights: HCLTECH trades rangebound in quiet session,Economic Times,https://finance.example.com/news/hcltech
2026-07-02,HCLTECH,HCLTECH downgraded by major brokerage following weak guidance,Business Standard,https://finance.example.com/news/hcltech
2026-07-02,HCLTECH,HCLTECH schedules annual general meeting for upcoming month,Business Standard,https://finance.example.com/news/hcltech
2026-07-02,HCLTECH,HCLTECH secures $500M international contract expansion,Livemint,https://finance.example.com/news/hcltech
2026-07-02,HCLTECH,Regulatory scrutiny increases for HCLTECH over compliance issue,Economic Times,https://finance.example.com/news/hcltech
2026-07-03,HCLTECH,Supply chain disruptions impact production targets for HCLTECH,Livemint,https://finance.example.com/news/hcltech
2026-07-03,HCLTECH,Supply chain disruptions impact production targets for HCLTECH,Economic Times,https://finance.example.com/news/hcltech
2026-07-03,HCLTECH,Supply chain disruptions impact production targets for HCLTECH,Financial Express,https://finance.example.com/news/hcltech
2026-07-06,HCLTECH,HCLTECH files quarterly compliance report with NSE,Business Standard,https://finance.example.com/news/hcltech
2026-07-06,HCLTECH,HCLTECH schedules annual general meeting for upcoming month,Economic Times,https://finance.example.com/news/hcltech
2026-07-06,HCLTECH,Executive leadership changes announced at HCLTECH,Business Standard,https://finance.example.com/news/hcltech
2026-07-07,HCLTECH,HCLTECH secures $500M international contract expansion,Business Standard,https://finance.example.com/news/hcltech
2026-07-07,HCLTECH,Quarterly revenue drops for HCLTECH as demand slows down,Economic Times,https://finance.example.com/news/hcltech
2026-07-07,HCLTECH,Quarterly revenue drops for HCLTECH as demand slows down,Financial Express,https://finance.example.com/news/hcltech
2026-07-08,HCLTECH,Quarterly revenue drops for HCLTECH as demand slows down,Business Standard,https://finance.example.com/news/hcltech
2026-07-08,HCLTECH,Regulatory scrutiny increases for HCLTECH over compliance issue,Financial Express,https://finance.example.com/news/hcltech
2026-07-08,HCLTECH,HCLTECH downgraded by major brokerage following weak guidance,Financial Express,https://finance.example.com/news/hcltech
2026-07-08,HCLTECH,Regulatory scrutiny increases for HCLTECH over compliance issue,Economic Times,https://finance.example.com/news/hcltech
2026-07-09,HCLTECH,HCLTECH faces margin pressure amid rising operational expenses,Livemint,https://finance.example.com/news/hcltech
2026-07-09,HCLTECH,HCLTECH files quarterly compliance report with NSE,Business Standard,https://finance.example.com/news/hcltech
2026-07-09,HCLTECH,Regulatory scrutiny increases for HCLTECH over compliance issue,Livemint,https://finance.example.com/news/hcltech
2026-07-10,HCLTECH,HCLTECH faces margin pressure amid rising operational expenses,Financial Express,https://finance.example.com/news/hcltech
2026-07-10,HCLTECH,Board of directors at HCLTECH considers new dividend payout plan,Business Standard,https://finance.example.com/news/hcltech
2026-07-10,HCLTECH,HCLTECH schedules annual general meeting for upcoming month,Financial Express,https://finance.example.com/news/hcltech
2026-07-13,HCLTECH,HCLTECH downgraded by major brokerage following weak guidance,Financial Express,https://finance.example.com/news/hcltech
2026-07-13,HCLTECH,HCLTECH schedules annual general meeting for upcoming month,Business Standard,https://finance.example.com/news/hcltech
2026-07-13,HCLTECH,HCLTECH faces margin pressure amid rising operational expenses,Financial Express,https://finance.example.com/news/hcltech
2026-07-13,HCLTECH,Supply chain disruptions impact production targets for HCLTECH,Livemint,https://finance.example.com/news/hcltech
2026-07-14,HCLTECH,"HCLTECH reports record quarterly profit, exceeding analyst estimates",Business Standard,https://finance.example.com/news/hcltech
2026-07-15,HCLTECH,Quarterly revenue drops for HCLTECH as demand slows down,Financial Express,https://finance.example.com/news/hcltech
2026-07-16,HCLTECH,HCLTECH faces margin pressure amid rising operational expenses,Livemint,https://finance.example.com/news/hcltech
2026-07-16,HCLTECH,HCLTECH launches innovative AI-driven service line in India,Economic Times,https://finance.example.com/news/hcltech
2026-07-16,HCLTECH,Executive leadership changes announced at HCLTECH,Economic Times,https://finance.example.com/news/hcltech
2026-07-17,HCLTECH,Regulatory scrutiny increases for HCLTECH over compliance issue,Financial Express,https://finance.example.com/news/hcltech
2026-07-17,HCLTECH,Board of directors at HCLTECH considers new dividend payout plan,Livemint,https://finance.example.com/news/hcltech
2026-07-17,HCLTECH,HCLTECH launches innovative AI-driven service line in India,Business Standard,https://finance.example.com/news/hcltech
2026-07-17,HCLTECH,Quarterly revenue drops for HCLTECH as demand slows down,Business Standard,https://finance.example.com/news/hcltech
2026-07-20,HCLTECH,HCLTECH launches innovative AI-driven service line in India,Economic Times,https://finance.example.com/news/hcltech
2026-07-20,HCLTECH,Market highlights: HCLTECH trades rangebound in quiet session,Economic Times,https://finance.example.com/news/hcltech
2026-07-21,HCLTECH,HCLTECH announces strategic partnership to boost market share,Financial Express,https://finance.example.com/news/hcltech
2026-07-21,HCLTECH,Market highlights: HCLTECH trades rangebound in quiet session,Business Standard,https://finance.example.com/news/hcltech
2026-07-22,HCLTECH,Board of directors at HCLTECH considers new dividend payout plan,Financial Express,https://finance.example.com/news/hcltech
2026-07-22,HCLTECH,HCLTECH files quarterly compliance report with NSE,Financial Express,https://finance.example.com/news/hcltech
2026-07-22,HCLTECH,HCLTECH announces strategic partnership to boost market share,Livemint,https://finance.example.com/news/hcltech
2026-07-22,HCLTECH,HCLTECH secures $500M international contract expansion,Economic Times,https://finance.example.com/news/hcltech
2026-07-23,HCLTECH,HCLTECH faces margin pressure amid rising operational expenses,Economic Times,https://finance.example.com/news/hcltech
2026-07-23,HCLTECH,HCLTECH files quarterly compliance report with NSE,Livemint,https://finance.example.com/news/hcltech
2026-07-24,HCLTECH,HCLTECH launches innovative AI-driven service line in India,Financial Express,https://finance.example.com/news/hcltech
2026-07-24,HCLTECH,HCLTECH faces margin pressure amid rising operational expenses,Business Standard,https://finance.example.com/news/hcltech
2026-07-27,HCLTECH,HCLTECH secures $500M international contract expansion,Financial Express,https://finance.example.com/news/hcltech
2026-07-28,HCLTECH,HCLTECH faces margin pressure amid rising operational expenses,Business Standard,https://finance.example.com/news/hcltech
2026-07-29,HCLTECH,HCLTECH launches innovative AI-driven service line in India,Economic Times,https://finance.example.com/news/hcltech
2026-07-30,HCLTECH,HCLTECH launches innovative AI-driven service line in India,Livemint,https://finance.example.com/news/hcltech
2026-07-30,HCLTECH,HCLTECH secures $500M international contract expansion,Economic Times,https://finance.example.com/news/hcltech
2026-07-30,HCLTECH,Supply chain disruptions impact production targets for HCLTECH,Livemint,https://finance.example.com/news/hcltech
2026-07-31,HCLTECH,"HCLTECH reports record quarterly profit, exceeding analyst estimates",Economic Times,https://finance.example.com/news/hcltech
2026-07-31,HCLTECH,HCLTECH files quarterly compliance report with NSE,Financial Express,https://finance.example.com/news/hcltech
2026-07-31,HCLTECH,HCLTECH launches innovative AI-driven service line in India,Livemint,https://finance.example.com/news/hcltech
2026-08-03,HCLTECH,HCLTECH schedules annual general meeting for upcoming month,Business Standard,https://finance.example.com/news/hcltech
2026-08-04,HCLTECH,"HCLTECH reports record quarterly profit, exceeding analyst estimates",Economic Times,https://finance.example.com/news/hcltech
2026-08-04,HCLTECH,Quarterly revenue drops for HCLTECH as demand slows down,Financial Express,https://finance.example.com/news/hcltech
2026-08-04,HCLTECH,HCLTECH announces strategic partnership to boost market share,Financial Express,https://finance.example.com/news/hcltech
2026-08-05,HCLTECH,Market highlights: HCLTECH trades rangebound in quiet session,Economic Times,https://finance.example.com/news/hcltech
2026-08-05,HCLTECH,HCLTECH schedules annual general meeting for upcoming month,Financial Express,https://finance.example.com/news/hcltech
2026-08-06,HCLTECH,HCLTECH downgraded by major brokerage following weak guidance,Economic Times,https://finance.example.com/news/hcltech
2026-08-06,HCLTECH,HCLTECH secures $500M international contract expansion,Livemint,https://finance.example.com/news/hcltech
2026-08-07,HCLTECH,HCLTECH announces strategic partnership to boost market share,Livemint,https://finance.example.com/news/hcltech
2026-08-07,HCLTECH,Market highlights: HCLTECH trades rangebound in quiet session,Business Standard,https://finance.example.com/news/hcltech
2026-08-07,HCLTECH,HCLTECH launches innovative AI-driven service line in India,Economic Times,https://finance.example.com/news/hcltech
2026-08-07,HCLTECH,Executive leadership changes announced at HCLTECH,Economic Times,https://finance.example.com/news/hcltech
2026-08-10,HCLTECH,Board of directors at HCLTECH considers new dividend payout plan,Livemint,https://finance.example.com/news/hcltech
2026-08-11,HCLTECH,HCLTECH secures $500M international contract expansion,Business Standard,https://finance.example.com/news/hcltech
2026-08-11,HCLTECH,HCLTECH schedules annual general meeting for upcoming month,Business Standard,https://finance.example.com/news/hcltech
2026-08-11,HCLTECH,Executive leadership changes announced at HCLTECH,Business Standard,https://finance.example.com/news/hcltech
2026-08-11,HCLTECH,HCLTECH faces margin pressure amid rising operational expenses,Business Standard,https://finance.example.com/news/hcltech
2026-08-12,HCLTECH,Market highlights: HCLTECH trades rangebound in quiet session,Business Standard,https://finance.example.com/news/hcltech
2026-08-12,HCLTECH,HCLTECH launches innovative AI-driven service line in India,Economic Times,https://finance.example.com/news/hcltech
2026-08-12,HCLTECH,HCLTECH schedules annual general meeting for upcoming month,Livemint,https://finance.example.com/news/hcltech
2026-08-12,HCLTECH,Market highlights: HCLTECH trades rangebound in quiet session,Economic Times,https://finance.example.com/news/hcltech
2026-08-13,HCLTECH,Regulatory scrutiny increases for HCLTECH over compliance issue,Economic Times,https://finance.example.com/news/hcltech
2026-08-14,HCLTECH,Quarterly revenue drops for HCLTECH as demand slows down,Economic Times,https://finance.example.com/news/hcltech
2026-08-14,HCLTECH,HCLTECH launches innovative AI-driven service line in India,Livemint,https://finance.example.com/news/hcltech
2026-08-17,HCLTECH,Executive leadership changes announced at HCLTECH,Business Standard,https://finance.example.com/news/hcltech
2026-08-18,HCLTECH,HCLTECH downgraded by major brokerage following weak guidance,Economic Times,https://finance.example.com/news/hcltech
2026-08-19,HCLTECH,Regulatory scrutiny increases for HCLTECH over compliance issue,Financial Express,https://finance.example.com/news/hcltech
2026-08-20,HCLTECH,HCLTECH launches innovative AI-driven service line in India,Business Standard,https://finance.example.com/news/hcltech
2026-08-20,HCLTECH,HCLTECH schedules annual general meeting for upcoming month,Livemint,https://finance.example.com/news/hcltech
2026-08-21,HCLTECH,Supply chain disruptions impact production targets for HCLTECH,Livemint,https://finance.example.com/news/hcltech
2026-08-21,HCLTECH,HCLTECH schedules annual general meeting for upcoming month,Economic Times,https://finance.example.com/news/hcltech
2026-08-24,HCLTECH,HCLTECH schedules annual general meeting for upcoming month,Livemint,https://finance.example.com/news/hcltech
2026-08-24,HCLTECH,Executive leadership changes announced at HCLTECH,Economic Times,https://finance.example.com/news/hcltech
2026-08-25,HCLTECH,Executive leadership changes announced at HCLTECH,Livemint,https://finance.example.com/news/hcltech
2026-08-25,HCLTECH,Quarterly revenue drops for HCLTECH as demand slows down,Economic Times,https://finance.example.com/news/hcltech
2026-08-25,HCLTECH,HCLTECH announces strategic partnership to boost market share,Livemint,https://finance.example.com/news/hcltech
2026-08-25,HCLTECH,Executive leadership changes announced at HCLTECH,Financial Express,https://finance.example.com/news/hcltech
2026-08-26,HCLTECH,HCLTECH launches innovative AI-driven service line in India,Business Standard,https://finance.example.com/news/hcltech
2026-08-27,HCLTECH,HCLTECH downgraded by major brokerage following weak guidance,Financial Express,https://finance.example.com/news/hcltech
2026-08-28,HCLTECH,Board of directors at HCLTECH considers new dividend payout plan,Business Standard,https://finance.example.com/news/hcltech
2026-08-28,HCLTECH,HCLTECH downgraded by major brokerage following weak guidance,Economic Times,https://finance.example.com/news/hcltech
2026-08-28,HCLTECH,Regulatory scrutiny increases for HCLTECH over compliance issue,Financial Express,https://finance.example.com/news/hcltech
2026-08-31,HCLTECH,"HCLTECH reports record quarterly profit, exceeding analyst estimates",Financial Express,https://finance.example.com/news/hcltech
2026-08-31,HCLTECH,Market highlights: HCLTECH trades rangebound in quiet session,Business Standard,https://finance.example.com/news/hcltech
2026-08-31,HCLTECH,HCLTECH downgraded by major brokerage following weak guidance,Business Standard,https://finance.example.com/news/hcltech
2026-08-31,HCLTECH,Supply chain disruptions impact production targets for HCLTECH,Business Standard,https://finance.example.com/news/hcltech
2026-09-01,HCLTECH,Board of directors at HCLTECH considers new dividend payout plan,Economic Times,https://finance.example.com/news/hcltech
2026-09-01,HCLTECH,HCLTECH announces strategic partnership to boost market share,Economic Times,https://finance.example.com/news/hcltech
2026-09-01,HCLTECH,HCLTECH faces margin pressure amid rising operational expenses,Livemint,https://finance.example.com/news/hcltech
2026-09-01,HCLTECH,HCLTECH faces margin pressure amid rising operational expenses,Business Standard,https://finance.example.com/news/hcltech
2026-09-02,HCLTECH,Regulatory scrutiny increases for HCLTECH over compliance issue,Livemint,https://finance.example.com/news/hcltech
2026-09-02,HCLTECH,Analysts upgrade HCLTECH target price following robust revenue growth,Financial Express,https://finance.example.com/news/hcltech
2026-09-03,HCLTECH,Market highlights: HCLTECH trades rangebound in quiet session,Business Standard,https://finance.example.com/news/hcltech
2026-09-03,HCLTECH,HCLTECH files quarterly compliance report with NSE,Business Standard,https://finance.example.com/news/hcltech
2026-09-03,HCLTECH,HCLTECH faces margin pressure amid rising operational expenses,Financial Express,https://finance.example.com/news/hcltech
2026-09-04,HCLTECH,HCLTECH announces strategic partnership to boost market share,Economic Times,https://finance.example.com/news/hcltech
2026-09-04,HCLTECH,HCLTECH files quarterly compliance report with NSE,Livemint,https://finance.example.com/news/hcltech
2026-09-07,HCLTECH,HCLTECH announces strategic partnership to boost market share,Business Standard,https://finance.example.com/news/hcltech
2026-09-07,HCLTECH,HCLTECH downgraded by major brokerage following weak guidance,Economic Times,https://finance.example.com/news/hcltech
2026-09-07,HCLTECH,HCLTECH announces strategic partnership to boost market share,Livemint,https://finance.example.com/news/hcltech
2026-09-08,HCLTECH,Regulatory scrutiny increases for HCLTECH over compliance issue,Livemint,https://finance.example.com/news/hcltech
2026-09-08,HCLTECH,Board of directors at HCLTECH considers new dividend payout plan,Economic Times,https://finance.example.com/news/hcltech
2026-09-09,HCLTECH,HCLTECH secures $500M international contract expansion,Livemint,https://finance.example.com/news/hcltech
2026-09-10,HCLTECH,Quarterly revenue drops for HCLTECH as demand slows down,Economic Times,https://finance.example.com/news/hcltech
2026-09-11,HCLTECH,Market highlights: HCLTECH trades rangebound in quiet session,Economic Times,https://finance.example.com/news/hcltech
2026-09-11,HCLTECH,HCLTECH files quarterly compliance report with NSE,Business Standard,https://finance.example.com/news/hcltech
2026-09-11,HCLTECH,HCLTECH announces strategic partnership to boost market share,Economic Times,https://finance.example.com/news/hcltech
2026-09-14,HCLTECH,Board of directors at HCLTECH considers new dividend payout plan,Economic Times,https://finance.example.com/news/hcltech
2026-09-14,HCLTECH,HCLTECH announces strategic partnership to boost market share,Livemint,https://finance.example.com/news/hcltech
2026-09-14,HCLTECH,HCLTECH announces strategic partnership to boost market share,Financial Express,https://finance.example.com/news/hcltech
2026-09-14,HCLTECH,HCLTECH downgraded by major brokerage following weak guidance,Livemint,https://finance.example.com/news/hcltech
2026-09-15,HCLTECH,HCLTECH launches innovative AI-driven service line in India,Livemint,https://finance.example.com/news/hcltech
2026-09-15,HCLTECH,Executive leadership changes announced at HCLTECH,Livemint,https://finance.example.com/news/hcltech
2026-09-15,HCLTECH,Analysts upgrade HCLTECH target price following robust revenue growth,Business Standard,https://finance.example.com/news/hcltech
2026-09-16,HCLTECH,Board of directors at HCLTECH considers new dividend payout plan,Financial Express,https://finance.example.com/news/hcltech
2026-09-16,HCLTECH,HCLTECH announces strategic partnership to boost market share,Financial Express,https://finance.example.com/news/hcltech
2026-09-16,HCLTECH,Executive leadership changes announced at HCLTECH,Financial Express,https://finance.example.com/news/hcltech
2026-09-17,HCLTECH,Executive leadership changes announced at HCLTECH,Business Standard,https://finance.example.com/news/hcltech
2026-09-18,HCLTECH,HCLTECH announces strategic partnership to boost market share,Livemint,https://finance.example.com/news/hcltech
2026-09-18,HCLTECH,Quarterly revenue drops for HCLTECH as demand slows down,Financial Express,https://finance.example.com/news/hcltech
2026-09-21,HCLTECH,Board of directors at HCLTECH considers new dividend payout plan,Business Standard,https://finance.example.com/news/hcltech
2026-09-22,HCLTECH,Analysts upgrade HCLTECH target price following robust revenue growth,Business Standard,https://finance.example.com/news/hcltech
2026-09-22,HCLTECH,Analysts upgrade HCLTECH target price following robust revenue growth,Economic Times,https://finance.example.com/news/hcltech
2026-09-22,HCLTECH,HCLTECH secures $500M international contract expansion,Livemint,https://finance.example.com/news/hcltech
2026-09-23,HCLTECH,Market highlights: HCLTECH trades rangebound in quiet session,Financial Express,https://finance.example.com/news/hcltech
2026-09-23,HCLTECH,HCLTECH launches innovative AI-driven service line in India,Business Standard,https://finance.example.com/news/hcltech
2026-09-24,HCLTECH,HCLTECH announces strategic partnership to boost market share,Livemint,https://finance.example.com/news/hcltech
2026-09-24,HCLTECH,Board of directors at HCLTECH considers new dividend payout plan,Financial Express,https://finance.example.com/news/hcltech
2026-09-24,HCLTECH,"HCLTECH reports record quarterly profit, exceeding analyst estimates",Financial Express,https://finance.example.com/news/hcltech
2026-09-25,HCLTECH,HCLTECH launches innovative AI-driven service line in India,Financial Express,https://finance.example.com/news/hcltech
2026-09-25,HCLTECH,Supply chain disruptions impact production targets for HCLTECH,Business Standard,https://finance.example.com/news/hcltech
2026-09-25,HCLTECH,Supply chain disruptions impact production targets for HCLTECH,Economic Times,https://finance.example.com/news/hcltech
2026-09-28,HCLTECH,Analysts upgrade HCLTECH target price following robust revenue growth,Economic Times,https://finance.example.com/news/hcltech
2026-09-28,HCLTECH,HCLTECH announces strategic partnership to boost market share,Livemint,https://finance.example.com/news/hcltech
2026-09-28,HCLTECH,Regulatory scrutiny increases for HCLTECH over compliance issue,Livemint,https://finance.example.com/news/hcltech
2026-09-28,HCLTECH,HCLTECH downgraded by major brokerage following weak guidance,Business Standard,https://finance.example.com/news/hcltech
2026-09-29,HCLTECH,Executive leadership changes announced at HCLTECH,Business Standard,https://finance.example.com/news/hcltech
2026-09-30,HCLTECH,Quarterly revenue drops for HCLTECH as demand slows down,Livemint,https://finance.example.com/news/hcltech
2026-09-30,HCLTECH,Board of directors at HCLTECH considers new dividend payout plan,Business Standard,https://finance.example.com/news/hcltech
2026-09-30,HCLTECH,Executive leadership changes announced at HCLTECH,Livemint,https://finance.example.com/news/hcltech
2026-09-30,HCLTECH,HCLTECH files quarterly compliance report with NSE,Livemint,https://finance.example.com/news/hcltech
2026-10-01,HCLTECH,HCLTECH files quarterly compliance report with NSE,Livemint,https://finance.example.com/news/hcltech
2026-10-01,HCLTECH,HCLTECH secures $500M international contract expansion,Livemint,https://finance.example.com/news/hcltech
2026-10-01,HCLTECH,HCLTECH schedules annual general meeting for upcoming month,Financial Express,https://finance.example.com/news/hcltech
2026-10-01,HCLTECH,Market highlights: HCLTECH trades rangebound in quiet session,Livemint,https://finance.example.com/news/hcltech
2026-10-02,HCLTECH,"HCLTECH reports record quarterly profit, exceeding analyst estimates",Financial Express,https://finance.example.com/news/hcltech
2026-04-07,ASIANPAINT,Analysts upgrade ASIANPAINT target price following robust revenue growth,Livemint,https://finance.example.com/news/asianpaint
2026-04-08,ASIANPAINT,Regulatory scrutiny increases for ASIANPAINT over compliance issue,Financial Express,https://finance.example.com/news/asianpaint
2026-04-08,ASIANPAINT,Board of directors at ASIANPAINT considers new dividend payout plan,Financial Express,https://finance.example.com/news/asianpaint
2026-04-09,ASIANPAINT,ASIANPAINT schedules annual general meeting for upcoming month,Economic Times,https://finance.example.com/news/asianpaint
2026-04-09,ASIANPAINT,Analysts upgrade ASIANPAINT target price following robust revenue growth,Business Standard,https://finance.example.com/news/asianpaint
2026-04-09,ASIANPAINT,ASIANPAINT secures $500M international contract expansion,Business Standard,https://finance.example.com/news/asianpaint
2026-04-10,ASIANPAINT,Quarterly revenue drops for ASIANPAINT as demand slows down,Livemint,https://finance.example.com/news/asianpaint
2026-04-10,ASIANPAINT,ASIANPAINT announces strategic partnership to boost market share,Business Standard,https://finance.example.com/news/asianpaint
2026-04-13,ASIANPAINT,ASIANPAINT downgraded by major brokerage following weak guidance,Economic Times,https://finance.example.com/news/asianpaint
2026-04-13,ASIANPAINT,Regulatory scrutiny increases for ASIANPAINT over compliance issue,Business Standard,https://finance.example.com/news/asianpaint
2026-04-13,ASIANPAINT,ASIANPAINT downgraded by major brokerage following weak guidance,Livemint,https://finance.example.com/news/asianpaint
2026-04-13,ASIANPAINT,Regulatory scrutiny increases for ASIANPAINT over compliance issue,Financial Express,https://finance.example.com/news/asianpaint
2026-04-14,ASIANPAINT,ASIANPAINT announces strategic partnership to boost market share,Economic Times,https://finance.example.com/news/asianpaint
2026-04-14,ASIANPAINT,ASIANPAINT files quarterly compliance report with NSE,Economic Times,https://finance.example.com/news/asianpaint
2026-04-15,ASIANPAINT,Regulatory scrutiny increases for ASIANPAINT over compliance issue,Financial Express,https://finance.example.com/news/asianpaint
2026-04-16,ASIANPAINT,"ASIANPAINT reports record quarterly profit, exceeding analyst estimates",Economic Times,https://finance.example.com/news/asianpaint
2026-04-16,ASIANPAINT,ASIANPAINT secures $500M international contract expansion,Financial Express,https://finance.example.com/news/asianpaint
2026-04-17,ASIANPAINT,ASIANPAINT faces margin pressure amid rising operational expenses,Business Standard,https://finance.example.com/news/asianpaint
2026-04-17,ASIANPAINT,ASIANPAINT schedules annual general meeting for upcoming month,Economic Times,https://finance.example.com/news/asianpaint
2026-04-17,ASIANPAINT,ASIANPAINT downgraded by major brokerage following weak guidance,Economic Times,https://finance.example.com/news/asianpaint
2026-04-20,ASIANPAINT,Market highlights: ASIANPAINT trades rangebound in quiet session,Livemint,https://finance.example.com/news/asianpaint
2026-04-20,ASIANPAINT,ASIANPAINT secures $500M international contract expansion,Business Standard,https://finance.example.com/news/asianpaint
2026-04-21,ASIANPAINT,ASIANPAINT faces margin pressure amid rising operational expenses,Business Standard,https://finance.example.com/news/asianpaint
2026-04-21,ASIANPAINT,ASIANPAINT secures $500M international contract expansion,Livemint,https://finance.example.com/news/asianpaint
2026-04-21,ASIANPAINT,Quarterly revenue drops for ASIANPAINT as demand slows down,Livemint,https://finance.example.com/news/asianpaint
2026-04-21,ASIANPAINT,ASIANPAINT files quarterly compliance report with NSE,Livemint,https://finance.example.com/news/asianpaint
2026-04-22,ASIANPAINT,ASIANPAINT secures $500M international contract expansion,Financial Express,https://finance.example.com/news/asianpaint
2026-04-22,ASIANPAINT,ASIANPAINT announces strategic partnership to boost market share,Financial Express,https://finance.example.com/news/asianpaint
2026-04-22,ASIANPAINT,ASIANPAINT downgraded by major brokerage following weak guidance,Business Standard,https://finance.example.com/news/asianpaint
2026-04-22,ASIANPAINT,Executive leadership changes announced at ASIANPAINT,Economic Times,https://finance.example.com/news/asianpaint
2026-04-23,ASIANPAINT,ASIANPAINT announces strategic partnership to boost market share,Economic Times,https://finance.example.com/news/asianpaint
2026-04-24,ASIANPAINT,Market highlights: ASIANPAINT trades rangebound in quiet session,Economic Times,https://finance.example.com/news/asianpaint
2026-04-24,ASIANPAINT,ASIANPAINT secures $500M international contract expansion,Economic Times,https://finance.example.com/news/asianpaint
2026-04-24,ASIANPAINT,Regulatory scrutiny increases for ASIANPAINT over compliance issue,Economic Times,https://finance.example.com/news/asianpaint
2026-04-24,ASIANPAINT,ASIANPAINT schedules annual general meeting for upcoming month,Livemint,https://finance.example.com/news/asianpaint
2026-04-27,ASIANPAINT,ASIANPAINT announces strategic partnership to boost market share,Economic Times,https://finance.example.com/news/asianpaint
2026-04-27,ASIANPAINT,Board of directors at ASIANPAINT considers new dividend payout plan,Financial Express,https://finance.example.com/news/asianpaint
2026-04-28,ASIANPAINT,Executive leadership changes announced at ASIANPAINT,Financial Express,https://finance.example.com/news/asianpaint
2026-04-28,ASIANPAINT,Regulatory scrutiny increases for ASIANPAINT over compliance issue,Economic Times,https://finance.example.com/news/asianpaint
2026-04-28,ASIANPAINT,ASIANPAINT secures $500M international contract expansion,Livemint,https://finance.example.com/news/asianpaint
2026-04-28,ASIANPAINT,Regulatory scrutiny increases for ASIANPAINT over compliance issue,Economic Times,https://finance.example.com/news/asianpaint
2026-04-29,ASIANPAINT,Quarterly revenue drops for ASIANPAINT as demand slows down,Livemint,https://finance.example.com/news/asianpaint
2026-04-29,ASIANPAINT,ASIANPAINT downgraded by major brokerage following weak guidance,Business Standard,https://finance.example.com/news/asianpaint
2026-04-29,ASIANPAINT,Market highlights: ASIANPAINT trades rangebound in quiet session,Economic Times,https://finance.example.com/news/asianpaint
2026-04-30,ASIANPAINT,ASIANPAINT files quarterly compliance report with NSE,Economic Times,https://finance.example.com/news/asianpaint
2026-04-30,ASIANPAINT,Executive leadership changes announced at ASIANPAINT,Livemint,https://finance.example.com/news/asianpaint
2026-05-01,ASIANPAINT,Executive leadership changes announced at ASIANPAINT,Business Standard,https://finance.example.com/news/asianpaint
2026-05-01,ASIANPAINT,ASIANPAINT faces margin pressure amid rising operational expenses,Economic Times,https://finance.example.com/news/asianpaint
2026-05-01,ASIANPAINT,Executive leadership changes announced at ASIANPAINT,Business Standard,https://finance.example.com/news/asianpaint
2026-05-04,ASIANPAINT,ASIANPAINT secures $500M international contract expansion,Business Standard,https://finance.example.com/news/asianpaint
2026-05-05,ASIANPAINT,Analysts upgrade ASIANPAINT target price following robust revenue growth,Economic Times,https://finance.example.com/news/asianpaint
2026-05-06,ASIANPAINT,Market highlights: ASIANPAINT trades rangebound in quiet session,Financial Express,https://finance.example.com/news/asianpaint
2026-05-06,ASIANPAINT,Analysts upgrade ASIANPAINT target price following robust revenue growth,Economic Times,https://finance.example.com/news/asianpaint
2026-05-06,ASIANPAINT,Supply chain disruptions impact production targets for ASIANPAINT,Economic Times,https://finance.example.com/news/asianpaint
2026-05-06,ASIANPAINT,"ASIANPAINT reports record quarterly profit, exceeding analyst estimates",Financial Express,https://finance.example.com/news/asianpaint
2026-05-07,ASIANPAINT,Market highlights: ASIANPAINT trades rangebound in quiet session,Financial Express,https://finance.example.com/news/asianpaint
2026-05-07,ASIANPAINT,Regulatory scrutiny increases for ASIANPAINT over compliance issue,Financial Express,https://finance.example.com/news/asianpaint
2026-05-08,ASIANPAINT,ASIANPAINT announces strategic partnership to boost market share,Business Standard,https://finance.example.com/news/asianpaint
2026-05-11,ASIANPAINT,Supply chain disruptions impact production targets for ASIANPAINT,Business Standard,https://finance.example.com/news/asianpaint
2026-05-11,ASIANPAINT,ASIANPAINT secures $500M international contract expansion,Livemint,https://finance.example.com/news/asianpaint
2026-05-11,ASIANPAINT,Quarterly revenue drops for ASIANPAINT as demand slows down,Economic Times,https://finance.example.com/news/asianpaint
2026-05-11,ASIANPAINT,ASIANPAINT announces strategic partnership to boost market share,Business Standard,https://finance.example.com/news/asianpaint
2026-05-12,ASIANPAINT,ASIANPAINT schedules annual general meeting for upcoming month,Economic Times,https://finance.example.com/news/asianpaint
2026-05-13,ASIANPAINT,Analysts upgrade ASIANPAINT target price following robust revenue growth,Economic Times,https://finance.example.com/news/asianpaint
2026-05-14,ASIANPAINT,Supply chain disruptions impact production targets for ASIANPAINT,Livemint,https://finance.example.com/news/asianpaint
2026-05-14,ASIANPAINT,"ASIANPAINT reports record quarterly profit, exceeding analyst estimates",Livemint,https://finance.example.com/news/asianpaint
2026-05-14,ASIANPAINT,Board of directors at ASIANPAINT considers new dividend payout plan,Economic Times,https://finance.example.com/news/asianpaint
2026-05-14,ASIANPAINT,Executive leadership changes announced at ASIANPAINT,Financial Express,https://finance.example.com/news/asianpaint
2026-05-15,ASIANPAINT,Executive leadership changes announced at ASIANPAINT,Economic Times,https://finance.example.com/news/asianpaint
2026-05-18,ASIANPAINT,ASIANPAINT faces margin pressure amid rising operational expenses,Livemint,https://finance.example.com/news/asianpaint
2026-05-18,ASIANPAINT,Analysts upgrade ASIANPAINT target price following robust revenue growth,Economic Times,https://finance.example.com/news/asianpaint
2026-05-18,ASIANPAINT,ASIANPAINT secures $500M international contract expansion,Financial Express,https://finance.example.com/news/asianpaint
2026-05-19,ASIANPAINT,ASIANPAINT schedules annual general meeting for upcoming month,Economic Times,https://finance.example.com/news/asianpaint
2026-05-19,ASIANPAINT,ASIANPAINT downgraded by major brokerage following weak guidance,Financial Express,https://finance.example.com/news/asianpaint
2026-05-19,ASIANPAINT,ASIANPAINT faces margin pressure amid rising operational expenses,Economic Times,https://finance.example.com/news/asianpaint
2026-05-19,ASIANPAINT,ASIANPAINT secures $500M international contract expansion,Economic Times,https://finance.example.com/news/asianpaint
2026-05-20,ASIANPAINT,"ASIANPAINT reports record quarterly profit, exceeding analyst estimates",Business Standard,https://finance.example.com/news/asianpaint
2026-05-21,ASIANPAINT,Regulatory scrutiny increases for ASIANPAINT over compliance issue,Financial Express,https://finance.example.com/news/asianpaint
2026-05-21,ASIANPAINT,"ASIANPAINT reports record quarterly profit, exceeding analyst estimates",Financial Express,https://finance.example.com/news/asianpaint
2026-05-21,ASIANPAINT,ASIANPAINT launches innovative AI-driven service line in India,Financial Express,https://finance.example.com/news/asianpaint
2026-05-21,ASIANPAINT,ASIANPAINT secures $500M international contract expansion,Financial Express,https://finance.example.com/news/asianpaint
2026-05-22,ASIANPAINT,ASIANPAINT faces margin pressure amid rising operational expenses,Business Standard,https://finance.example.com/news/asianpaint
2026-05-25,ASIANPAINT,Executive leadership changes announced at ASIANPAINT,Business Standard,https://finance.example.com/news/asianpaint
2026-05-25,ASIANPAINT,Board of directors at ASIANPAINT considers new dividend payout plan,Economic Times,https://finance.example.com/news/asianpaint
2026-05-26,ASIANPAINT,ASIANPAINT secures $500M international contract expansion,Business Standard,https://finance.example.com/news/asianpaint
2026-05-27,ASIANPAINT,ASIANPAINT announces strategic partnership to boost market share,Financial Express,https://finance.example.com/news/asianpaint
2026-05-27,ASIANPAINT,ASIANPAINT downgraded by major brokerage following weak guidance,Livemint,https://finance.example.com/news/asianpaint
2026-05-27,ASIANPAINT,ASIANPAINT schedules annual general meeting for upcoming month,Economic Times,https://finance.example.com/news/asianpaint
2026-05-27,ASIANPAINT,ASIANPAINT files quarterly compliance report with NSE,Economic Times,https://finance.example.com/news/asianpaint
2026-05-28,ASIANPAINT,"ASIANPAINT reports record quarterly profit, exceeding analyst estimates",Business Standard,https://finance.example.com/news/asianpaint
2026-05-29,ASIANPAINT,ASIANPAINT schedules annual general meeting for upcoming month,Livemint,https://finance.example.com/news/asianpaint
2026-05-29,ASIANPAINT,Board of directors at ASIANPAINT considers new dividend payout plan,Livemint,https://finance.example.com/news/asianpaint
2026-06-01,ASIANPAINT,ASIANPAINT announces strategic partnership to boost market share,Economic Times,https://finance.example.com/news/asianpaint
2026-06-01,ASIANPAINT,ASIANPAINT files quarterly compliance report with NSE,Livemint,https://finance.example.com/news/asianpaint
2026-06-01,ASIANPAINT,ASIANPAINT schedules annual general meeting for upcoming month,Financial Express,https://finance.example.com/news/asianpaint
2026-06-01,ASIANPAINT,Board of directors at ASIANPAINT considers new dividend payout plan,Livemint,https://finance.example.com/news/asianpaint
2026-06-02,ASIANPAINT,Executive leadership changes announced at ASIANPAINT,Business Standard,https://finance.example.com/news/asianpaint
2026-06-02,ASIANPAINT,ASIANPAINT schedules annual general meeting for upcoming month,Economic Times,https://finance.example.com/news/asianpaint
2026-06-03,ASIANPAINT,Analysts upgrade ASIANPAINT target price following robust revenue growth,Economic Times,https://finance.example.com/news/asianpaint
2026-06-03,ASIANPAINT,Quarterly revenue drops for ASIANPAINT as demand slows down,Livemint,https://finance.example.com/news/asianpaint
2026-06-03,ASIANPAINT,ASIANPAINT downgraded by major brokerage following weak guidance,Livemint,https://finance.example.com/news/asianpaint
2026-06-03,ASIANPAINT,Board of directors at ASIANPAINT considers new dividend payout plan,Economic Times,https://finance.example.com/news/asianpaint
2026-06-04,ASIANPAINT,"ASIANPAINT reports record quarterly profit, exceeding analyst estimates",Economic Times,https://finance.example.com/news/asianpaint
2026-06-05,ASIANPAINT,ASIANPAINT launches innovative AI-driven service line in India,Financial Express,https://finance.example.com/news/asianpaint
2026-06-08,ASIANPAINT,ASIANPAINT announces strategic partnership to boost market share,Economic Times,https://finance.example.com/news/asianpaint
2026-06-08,ASIANPAINT,Supply chain disruptions impact production targets for ASIANPAINT,Business Standard,https://finance.example.com/news/asianpaint
2026-06-08,ASIANPAINT,ASIANPAINT secures $500M international contract expansion,Financial Express,https://finance.example.com/news/asianpaint
2026-06-08,ASIANPAINT,ASIANPAINT faces margin pressure amid rising operational expenses,Business Standard,https://finance.example.com/news/asianpaint
2026-06-09,ASIANPAINT,ASIANPAINT schedules annual general meeting for upcoming month,Business Standard,https://finance.example.com/news/asianpaint
2026-06-09,ASIANPAINT,ASIANPAINT secures $500M international contract expansion,Livemint,https://finance.example.com/news/asianpaint
2026-06-09,ASIANPAINT,ASIANPAINT faces margin pressure amid rising operational expenses,Livemint,https://finance.example.com/news/asianpaint
2026-06-09,ASIANPAINT,ASIANPAINT secures $500M international contract expansion,Financial Express,https://finance.example.com/news/asianpaint
2026-06-10,ASIANPAINT,ASIANPAINT files quarterly compliance report with NSE,Financial Express,https://finance.example.com/news/asianpaint
2026-06-10,ASIANPAINT,"ASIANPAINT reports record quarterly profit, exceeding analyst estimates",Financial Express,https://finance.example.com/news/asianpaint
2026-06-11,ASIANPAINT,Market highlights: ASIANPAINT trades rangebound in quiet session,Business Standard,https://finance.example.com/news/asianpaint
2026-06-11,ASIANPAINT,ASIANPAINT downgraded by major brokerage following weak guidance,Livemint,https://finance.example.com/news/asianpaint
2026-06-11,ASIANPAINT,Quarterly revenue drops for ASIANPAINT as demand slows down,Financial Express,https://finance.example.com/news/asianpaint
2026-06-12,ASIANPAINT,Quarterly revenue drops for ASIANPAINT as demand slows down,Livemint,https://finance.example.com/news/asianpaint
2026-06-12,ASIANPAINT,ASIANPAINT secures $500M international contract expansion,Economic Times,https://finance.example.com/news/asianpaint
2026-06-12,ASIANPAINT,"ASIANPAINT reports record quarterly profit, exceeding analyst estimates",Economic Times,https://finance.example.com/news/asianpaint
2026-06-15,ASIANPAINT,ASIANPAINT faces margin pressure amid rising operational expenses,Financial Express,https://finance.example.com/news/asianpaint
2026-06-15,ASIANPAINT,"ASIANPAINT reports record quarterly profit, exceeding analyst estimates",Financial Express,https://finance.example.com/news/asianpaint
2026-06-15,ASIANPAINT,Executive leadership changes announced at ASIANPAINT,Financial Express,https://finance.example.com/news/asianpaint
2026-06-16,ASIANPAINT,ASIANPAINT launches innovative AI-driven service line in India,Economic Times,https://finance.example.com/news/asianpaint
2026-06-17,ASIANPAINT,Quarterly revenue drops for ASIANPAINT as demand slows down,Financial Express,https://finance.example.com/news/asianpaint
2026-06-18,ASIANPAINT,ASIANPAINT announces strategic partnership to boost market share,Financial Express,https://finance.example.com/news/asianpaint
2026-06-18,ASIANPAINT,Supply chain disruptions impact production targets for ASIANPAINT,Financial Express,https://finance.example.com/news/asianpaint
2026-06-18,ASIANPAINT,ASIANPAINT files quarterly compliance report with NSE,Business Standard,https://finance.example.com/news/asianpaint
2026-06-18,ASIANPAINT,ASIANPAINT announces strategic partnership to boost market share,Financial Express,https://finance.example.com/news/asianpaint
2026-06-19,ASIANPAINT,ASIANPAINT schedules annual general meeting for upcoming month,Business Standard,https://finance.example.com/news/asianpaint
2026-06-22,ASIANPAINT,"ASIANPAINT reports record quarterly profit, exceeding analyst estimates",Business Standard,https://finance.example.com/news/asianpaint
2026-06-23,ASIANPAINT,"ASIANPAINT reports record quarterly profit, exceeding analyst estimates",Business Standard,https://finance.example.com/news/asianpaint
2026-06-23,ASIANPAINT,ASIANPAINT files quarterly compliance report with NSE,Financial Express,https://finance.example.com/news/asianpaint
2026-06-23,ASIANPAINT,ASIANPAINT files quarterly compliance report with NSE,Livemint,https://finance.example.com/news/asianpaint
2026-06-23,ASIANPAINT,ASIANPAINT files quarterly compliance report with NSE,Business Standard,https://finance.example.com/news/asianpaint
2026-06-24,ASIANPAINT,ASIANPAINT launches innovative AI-driven service line in India,Economic Times,https://finance.example.com/news/asianpaint
2026-06-24,ASIANPAINT,ASIANPAINT secures $500M international contract expansion,Financial Express,https://finance.example.com/news/asianpaint
2026-06-24,ASIANPAINT,ASIANPAINT launches innovative AI-driven service line in India,Economic Times,https://finance.example.com/news/asianpaint
2026-06-25,ASIANPAINT,Supply chain disruptions impact production targets for ASIANPAINT,Livemint,https://finance.example.com/news/asianpaint
2026-06-25,ASIANPAINT,ASIANPAINT downgraded by major brokerage following weak guidance,Livemint,https://finance.example.com/news/asianpaint
2026-06-25,ASIANPAINT,Regulatory scrutiny increases for ASIANPAINT over compliance issue,Financial Express,https://finance.example.com/news/asianpaint
2026-06-26,ASIANPAINT,ASIANPAINT secures $500M international contract expansion,Business Standard,https://finance.example.com/news/asianpaint
2026-06-29,ASIANPAINT,Market highlights: ASIANPAINT trades rangebound in quiet session,Livemint,https://finance.example.com/news/asianpaint
2026-06-29,ASIANPAINT,Market highlights: ASIANPAINT trades rangebound in quiet session,Business Standard,https://finance.example.com/news/asianpaint
2026-06-30,ASIANPAINT,ASIANPAINT announces strategic partnership to boost market share,Financial Express,https://finance.example.com/news/asianpaint
2026-06-30,ASIANPAINT,Regulatory scrutiny increases for ASIANPAINT over compliance issue,Business Standard,https://finance.example.com/news/asianpaint
2026-07-01,ASIANPAINT,Analysts upgrade ASIANPAINT target price following robust revenue growth,Business Standard,https://finance.example.com/news/asianpaint
2026-07-02,ASIANPAINT,Quarterly revenue drops for ASIANPAINT as demand slows down,Livemint,https://finance.example.com/news/asianpaint
2026-07-02,ASIANPAINT,ASIANPAINT faces margin pressure amid rising operational expenses,Financial Express,https://finance.example.com/news/asianpaint
2026-07-02,ASIANPAINT,ASIANPAINT schedules annual general meeting for upcoming month,Business Standard,https://finance.example.com/news/asianpaint
2026-07-02,ASIANPAINT,ASIANPAINT downgraded by major brokerage following weak guidance,Financial Express,https://finance.example.com/news/asianpaint
2026-07-03,ASIANPAINT,Analysts upgrade ASIANPAINT target price following robust revenue growth,Economic Times,https://finance.example.com/news/asianpaint
2026-07-03,ASIANPAINT,Supply chain disruptions impact production targets for ASIANPAINT,Financial Express,https://finance.example.com/news/asianpaint
2026-07-03,ASIANPAINT,Executive leadership changes announced at ASIANPAINT,Livemint,https://finance.example.com/news/asianpaint
2026-07-06,ASIANPAINT,"ASIANPAINT reports record quarterly profit, exceeding analyst estimates",Livemint,https://finance.example.com/news/asianpaint
2026-07-07,ASIANPAINT,ASIANPAINT announces strategic partnership to boost market share,Financial Express,https://finance.example.com/news/asianpaint
2026-07-07,ASIANPAINT,ASIANPAINT files quarterly compliance report with NSE,Business Standard,https://finance.example.com/news/asianpaint
2026-07-08,ASIANPAINT,Executive leadership changes announced at ASIANPAINT,Business Standard,https://finance.example.com/news/asianpaint
2026-07-08,ASIANPAINT,ASIANPAINT faces margin pressure amid rising operational expenses,Economic Times,https://finance.example.com/news/asianpaint
2026-07-08,ASIANPAINT,ASIANPAINT downgraded by major brokerage following weak guidance,Financial Express,https://finance.example.com/news/asianpaint
2026-07-08,ASIANPAINT,Market highlights: ASIANPAINT trades rangebound in quiet session,Livemint,https://finance.example.com/news/asianpaint
2026-07-09,ASIANPAINT,ASIANPAINT downgraded by major brokerage following weak guidance,Financial Express,https://finance.example.com/news/asianpaint
2026-07-10,ASIANPAINT,Analysts upgrade ASIANPAINT target price following robust revenue growth,Financial Express,https://finance.example.com/news/asianpaint
2026-07-10,ASIANPAINT,Supply chain disruptions impact production targets for ASIANPAINT,Livemint,https://finance.example.com/news/asianpaint
2026-07-13,ASIANPAINT,ASIANPAINT secures $500M international contract expansion,Livemint,https://finance.example.com/news/asianpaint
2026-07-13,ASIANPAINT,Regulatory scrutiny increases for ASIANPAINT over compliance issue,Livemint,https://finance.example.com/news/asianpaint
2026-07-14,ASIANPAINT,Market highlights: ASIANPAINT trades rangebound in quiet session,Financial Express,https://finance.example.com/news/asianpaint
2026-07-15,ASIANPAINT,ASIANPAINT files quarterly compliance report with NSE,Economic Times,https://finance.example.com/news/asianpaint
2026-07-16,ASIANPAINT,Board of directors at ASIANPAINT considers new dividend payout plan,Financial Express,https://finance.example.com/news/asianpaint
2026-07-16,ASIANPAINT,"ASIANPAINT reports record quarterly profit, exceeding analyst estimates",Business Standard,https://finance.example.com/news/asianpaint
2026-07-16,ASIANPAINT,Executive leadership changes announced at ASIANPAINT,Economic Times,https://finance.example.com/news/asianpaint
2026-07-16,ASIANPAINT,ASIANPAINT launches innovative AI-driven service line in India,Financial Express,https://finance.example.com/news/asianpaint
2026-07-17,ASIANPAINT,ASIANPAINT faces margin pressure amid rising operational expenses,Livemint,https://finance.example.com/news/asianpaint
2026-07-17,ASIANPAINT,ASIANPAINT announces strategic partnership to boost market share,Financial Express,https://finance.example.com/news/asianpaint
2026-07-20,ASIANPAINT,ASIANPAINT announces strategic partnership to boost market share,Business Standard,https://finance.example.com/news/asianpaint
2026-07-20,ASIANPAINT,ASIANPAINT schedules annual general meeting for upcoming month,Financial Express,https://finance.example.com/news/asianpaint
2026-07-21,ASIANPAINT,Executive leadership changes announced at ASIANPAINT,Livemint,https://finance.example.com/news/asianpaint
2026-07-21,ASIANPAINT,Executive leadership changes announced at ASIANPAINT,Financial Express,https://finance.example.com/news/asianpaint
2026-07-21,ASIANPAINT,ASIANPAINT schedules annual general meeting for upcoming month,Business Standard,https://finance.example.com/news/asianpaint
2026-07-21,ASIANPAINT,ASIANPAINT files quarterly compliance report with NSE,Economic Times,https://finance.example.com/news/asianpaint
2026-07-22,ASIANPAINT,Market highlights: ASIANPAINT trades rangebound in quiet session,Livemint,https://finance.example.com/news/asianpaint
2026-07-22,ASIANPAINT,Regulatory scrutiny increases for ASIANPAINT over compliance issue,Business Standard,https://finance.example.com/news/asianpaint
2026-07-23,ASIANPAINT,ASIANPAINT faces margin pressure amid rising operational expenses,Economic Times,https://finance.example.com/news/asianpaint
2026-07-23,ASIANPAINT,"ASIANPAINT reports record quarterly profit, exceeding analyst estimates",Livemint,https://finance.example.com/news/asianpaint
2026-07-23,ASIANPAINT,ASIANPAINT downgraded by major brokerage following weak guidance,Business Standard,https://finance.example.com/news/asianpaint
2026-07-24,ASIANPAINT,ASIANPAINT faces margin pressure amid rising operational expenses,Economic Times,https://finance.example.com/news/asianpaint
2026-07-24,ASIANPAINT,Market highlights: ASIANPAINT trades rangebound in quiet session,Financial Express,https://finance.example.com/news/asianpaint
2026-07-24,ASIANPAINT,ASIANPAINT launches innovative AI-driven service line in India,Financial Express,https://finance.example.com/news/asianpaint
2026-07-27,ASIANPAINT,Executive leadership changes announced at ASIANPAINT,Business Standard,https://finance.example.com/news/asianpaint
2026-07-28,ASIANPAINT,Executive leadership changes announced at ASIANPAINT,Business Standard,https://finance.example.com/news/asianpaint
2026-07-28,ASIANPAINT,Supply chain disruptions impact production targets for ASIANPAINT,Economic Times,https://finance.example.com/news/asianpaint
2026-07-28,ASIANPAINT,ASIANPAINT downgraded by major brokerage following weak guidance,Business Standard,https://finance.example.com/news/asianpaint
2026-07-29,ASIANPAINT,ASIANPAINT announces strategic partnership to boost market share,Livemint,https://finance.example.com/news/asianpaint
2026-07-30,ASIANPAINT,ASIANPAINT files quarterly compliance report with NSE,Financial Express,https://finance.example.com/news/asianpaint
2026-07-30,ASIANPAINT,Market highlights: ASIANPAINT trades rangebound in quiet session,Financial Express,https://finance.example.com/news/asianpaint
2026-07-31,ASIANPAINT,ASIANPAINT downgraded by major brokerage following weak guidance,Economic Times,https://finance.example.com/news/asianpaint
2026-07-31,ASIANPAINT,Analysts upgrade ASIANPAINT target price following robust revenue growth,Economic Times,https://finance.example.com/news/asianpaint
2026-07-31,ASIANPAINT,ASIANPAINT launches innovative AI-driven service line in India,Livemint,https://finance.example.com/news/asianpaint
2026-08-03,ASIANPAINT,Market highlights: ASIANPAINT trades rangebound in quiet session,Business Standard,https://finance.example.com/news/asianpaint
2026-08-04,ASIANPAINT,"ASIANPAINT reports record quarterly profit, exceeding analyst estimates",Business Standard,https://finance.example.com/news/asianpaint
2026-08-04,ASIANPAINT,ASIANPAINT files quarterly compliance report with NSE,Business Standard,https://finance.example.com/news/asianpaint
2026-08-05,ASIANPAINT,Quarterly revenue drops for ASIANPAINT as demand slows down,Business Standard,https://finance.example.com/news/asianpaint
2026-08-05,ASIANPAINT,ASIANPAINT launches innovative AI-driven service line in India,Livemint,https://finance.example.com/news/asianpaint
2026-08-05,ASIANPAINT,ASIANPAINT launches innovative AI-driven service line in India,Financial Express,https://finance.example.com/news/asianpaint
2026-08-05,ASIANPAINT,Analysts upgrade ASIANPAINT target price following robust revenue growth,Financial Express,https://finance.example.com/news/asianpaint
2026-08-06,ASIANPAINT,Analysts upgrade ASIANPAINT target price following robust revenue growth,Economic Times,https://finance.example.com/news/asianpaint
2026-08-06,ASIANPAINT,Market highlights: ASIANPAINT trades rangebound in quiet session,Livemint,https://finance.example.com/news/asianpaint
2026-08-06,ASIANPAINT,Regulatory scrutiny increases for ASIANPAINT over compliance issue,Financial Express,https://finance.example.com/news/asianpaint
2026-08-06,ASIANPAINT,Supply chain disruptions impact production targets for ASIANPAINT,Economic Times,https://finance.example.com/news/asianpaint
2026-08-07,ASIANPAINT,Supply chain disruptions impact production targets for ASIANPAINT,Economic Times,https://finance.example.com/news/asianpaint
2026-08-07,ASIANPAINT,ASIANPAINT downgraded by major brokerage following weak guidance,Economic Times,https://finance.example.com/news/asianpaint
2026-08-07,ASIANPAINT,Market highlights: ASIANPAINT trades rangebound in quiet session,Business Standard,https://finance.example.com/news/asianpaint
2026-08-10,ASIANPAINT,Executive leadership changes announced at ASIANPAINT,Business Standard,https://finance.example.com/news/asianpaint
2026-08-10,ASIANPAINT,ASIANPAINT faces margin pressure amid rising operational expenses,Business Standard,https://finance.example.com/news/asianpaint
2026-08-11,ASIANPAINT,ASIANPAINT faces margin pressure amid rising operational expenses,Financial Express,https://finance.example.com/news/asianpaint
2026-08-12,ASIANPAINT,"ASIANPAINT reports record quarterly profit, exceeding analyst estimates",Economic Times,https://finance.example.com/news/asianpaint
2026-08-12,ASIANPAINT,ASIANPAINT announces strategic partnership to boost market share,Economic Times,https://finance.example.com/news/asianpaint
2026-08-12,ASIANPAINT,Board of directors at ASIANPAINT considers new dividend payout plan,Business Standard,https://finance.example.com/news/asianpaint
2026-08-13,ASIANPAINT,ASIANPAINT launches innovative AI-driven service line in India,Business Standard,https://finance.example.com/news/asianpaint
2026-08-14,ASIANPAINT,ASIANPAINT secures $500M international contract expansion,Financial Express,https://finance.example.com/news/asianpaint
2026-08-17,ASIANPAINT,ASIANPAINT announces strategic partnership to boost market share,Financial Express,https://finance.example.com/news/asianpaint
2026-08-17,ASIANPAINT,ASIANPAINT faces margin pressure amid rising operational expenses,Economic Times,https://finance.example.com/news/asianpaint
2026-08-17,ASIANPAINT,Analysts upgrade ASIANPAINT target price following robust revenue growth,Livemint,https://finance.example.com/news/asianpaint
2026-08-18,ASIANPAINT,"ASIANPAINT reports record quarterly profit, exceeding analyst estimates",Financial Express,https://finance.example.com/news/asianpaint
2026-08-18,ASIANPAINT,ASIANPAINT faces margin pressure amid rising operational expenses,Economic Times,https://finance.example.com/news/asianpaint
2026-08-18,ASIANPAINT,Quarterly revenue drops for ASIANPAINT as demand slows down,Financial Express,https://finance.example.com/news/asianpaint
2026-08-18,ASIANPAINT,Market highlights: ASIANPAINT trades rangebound in quiet session,Business Standard,https://finance.example.com/news/asianpaint
2026-08-19,ASIANPAINT,ASIANPAINT downgraded by major brokerage following weak guidance,Financial Express,https://finance.example.com/news/asianpaint
2026-08-20,ASIANPAINT,Executive leadership changes announced at ASIANPAINT,Financial Express,https://finance.example.com/news/asianpaint
2026-08-20,ASIANPAINT,ASIANPAINT faces margin pressure amid rising operational expenses,Business Standard,https://finance.example.com/news/asianpaint
2026-08-21,ASIANPAINT,Board of directors at ASIANPAINT considers new dividend payout plan,Financial Express,https://finance.example.com/news/asianpaint
2026-08-21,ASIANPAINT,ASIANPAINT launches innovative AI-driven service line in India,Livemint,https://finance.example.com/news/asianpaint
2026-08-21,ASIANPAINT,ASIANPAINT faces margin pressure amid rising operational expenses,Economic Times,https://finance.example.com/news/asianpaint
2026-08-21,ASIANPAINT,Executive leadership changes announced at ASIANPAINT,Economic Times,https://finance.example.com/news/asianpaint
2026-08-24,ASIANPAINT,Quarterly revenue drops for ASIANPAINT as demand slows down,Business Standard,https://finance.example.com/news/asianpaint
2026-08-24,ASIANPAINT,Supply chain disruptions impact production targets for ASIANPAINT,Economic Times,https://finance.example.com/news/asianpaint
2026-08-24,ASIANPAINT,Supply chain disruptions impact production targets for ASIANPAINT,Business Standard,https://finance.example.com/news/asianpaint
2026-08-24,ASIANPAINT,Supply chain disruptions impact production targets for ASIANPAINT,Business Standard,https://finance.example.com/news/asianpaint
2026-08-25,ASIANPAINT,Market highlights: ASIANPAINT trades rangebound in quiet session,Livemint,https://finance.example.com/news/asianpaint
2026-08-25,ASIANPAINT,ASIANPAINT faces margin pressure amid rising operational expenses,Livemint,https://finance.example.com/news/asianpaint
2026-08-25,ASIANPAINT,Analysts upgrade ASIANPAINT target price following robust revenue growth,Livemint,https://finance.example.com/news/asianpaint
2026-08-26,ASIANPAINT,ASIANPAINT announces strategic partnership to boost market share,Economic Times,https://finance.example.com/news/asianpaint
2026-08-27,ASIANPAINT,ASIANPAINT launches innovative AI-driven service line in India,Livemint,https://finance.example.com/news/asianpaint
2026-08-27,ASIANPAINT,ASIANPAINT launches innovative AI-driven service line in India,Financial Express,https://finance.example.com/news/asianpaint
2026-08-28,ASIANPAINT,ASIANPAINT launches innovative AI-driven service line in India,Financial Express,https://finance.example.com/news/asianpaint
2026-08-28,ASIANPAINT,ASIANPAINT faces margin pressure amid rising operational expenses,Economic Times,https://finance.example.com/news/asianpaint
2026-08-28,ASIANPAINT,Executive leadership changes announced at ASIANPAINT,Business Standard,https://finance.example.com/news/asianpaint
2026-08-31,ASIANPAINT,Regulatory scrutiny increases for ASIANPAINT over compliance issue,Business Standard,https://finance.example.com/news/asianpaint
2026-08-31,ASIANPAINT,Board of directors at ASIANPAINT considers new dividend payout plan,Financial Express,https://finance.example.com/news/asianpaint
2026-09-01,ASIANPAINT,ASIANPAINT announces strategic partnership to boost market share,Financial Express,https://finance.example.com/news/asianpaint
2026-09-01,ASIANPAINT,"ASIANPAINT reports record quarterly profit, exceeding analyst estimates",Financial Express,https://finance.example.com/news/asianpaint
2026-09-01,ASIANPAINT,ASIANPAINT announces strategic partnership to boost market share,Livemint,https://finance.example.com/news/asianpaint
2026-09-02,ASIANPAINT,ASIANPAINT announces strategic partnership to boost market share,Livemint,https://finance.example.com/news/asianpaint
2026-09-02,ASIANPAINT,Analysts upgrade ASIANPAINT target price following robust revenue growth,Business Standard,https://finance.example.com/news/asianpaint
2026-09-03,ASIANPAINT,Quarterly revenue drops for ASIANPAINT as demand slows down,Business Standard,https://finance.example.com/news/asianpaint
2026-09-03,ASIANPAINT,ASIANPAINT downgraded by major brokerage following weak guidance,Financial Express,https://finance.example.com/news/asianpaint
2026-09-03,ASIANPAINT,ASIANPAINT launches innovative AI-driven service line in India,Livemint,https://finance.example.com/news/asianpaint
2026-09-03,ASIANPAINT,Analysts upgrade ASIANPAINT target price following robust revenue growth,Livemint,https://finance.example.com/news/asianpaint
2026-09-04,ASIANPAINT,Market highlights: ASIANPAINT trades rangebound in quiet session,Business Standard,https://finance.example.com/news/asianpaint
2026-09-04,ASIANPAINT,"ASIANPAINT reports record quarterly profit, exceeding analyst estimates",Business Standard,https://finance.example.com/news/asianpaint
2026-09-04,ASIANPAINT,ASIANPAINT files quarterly compliance report with NSE,Livemint,https://finance.example.com/news/asianpaint
2026-09-04,ASIANPAINT,Board of directors at ASIANPAINT considers new dividend payout plan,Financial Express,https://finance.example.com/news/asianpaint
2026-09-07,ASIANPAINT,Analysts upgrade ASIANPAINT target price following robust revenue growth,Livemint,https://finance.example.com/news/asianpaint
2026-09-07,ASIANPAINT,Market highlights: ASIANPAINT trades rangebound in quiet session,Economic Times,https://finance.example.com/news/asianpaint
2026-09-07,ASIANPAINT,Board of directors at ASIANPAINT considers new dividend payout plan,Business Standard,https://finance.example.com/news/asianpaint
2026-09-07,ASIANPAINT,Analysts upgrade ASIANPAINT target price following robust revenue growth,Financial Express,https://finance.example.com/news/asianpaint
2026-09-08,ASIANPAINT,Analysts upgrade ASIANPAINT target price following robust revenue growth,Livemint,https://finance.example.com/news/asianpaint
2026-09-09,ASIANPAINT,ASIANPAINT schedules annual general meeting for upcoming month,Business Standard,https://finance.example.com/news/asianpaint
2026-09-09,ASIANPAINT,ASIANPAINT secures $500M international contract expansion,Financial Express,https://finance.example.com/news/asianpaint
2026-09-10,ASIANPAINT,ASIANPAINT secures $500M international contract expansion,Business Standard,https://finance.example.com/news/asianpaint
2026-09-10,ASIANPAINT,ASIANPAINT downgraded by major brokerage following weak guidance,Business Standard,https://finance.example.com/news/asianpaint
2026-09-11,ASIANPAINT,Quarterly revenue drops for ASIANPAINT as demand slows down,Financial Express,https://finance.example.com/news/asianpaint
2026-09-11,ASIANPAINT,"ASIANPAINT reports record quarterly profit, exceeding analyst estimates",Financial Express,https://finance.example.com/news/asianpaint
2026-09-11,ASIANPAINT,"ASIANPAINT reports record quarterly profit, exceeding analyst estimates",Financial Express,https://finance.example.com/news/asianpaint
2026-09-14,ASIANPAINT,Executive leadership changes announced at ASIANPAINT,Livemint,https://finance.example.com/news/asianpaint
2026-09-14,ASIANPAINT,Supply chain disruptions impact production targets for ASIANPAINT,Business Standard,https://finance.example.com/news/asianpaint
2026-09-14,ASIANPAINT,ASIANPAINT schedules annual general meeting for upcoming month,Financial Express,https://finance.example.com/news/asianpaint
2026-09-15,ASIANPAINT,Supply chain disruptions impact production targets for ASIANPAINT,Business Standard,https://finance.example.com/news/asianpaint
2026-09-16,ASIANPAINT,Executive leadership changes announced at ASIANPAINT,Economic Times,https://finance.example.com/news/asianpaint
2026-09-16,ASIANPAINT,"ASIANPAINT reports record quarterly profit, exceeding analyst estimates",Economic Times,https://finance.example.com/news/asianpaint
2026-09-16,ASIANPAINT,Quarterly revenue drops for ASIANPAINT as demand slows down,Business Standard,https://finance.example.com/news/asianpaint
2026-09-16,ASIANPAINT,ASIANPAINT schedules annual general meeting for upcoming month,Livemint,https://finance.example.com/news/asianpaint
2026-09-17,ASIANPAINT,ASIANPAINT launches innovative AI-driven service line in India,Livemint,https://finance.example.com/news/asianpaint
2026-09-17,ASIANPAINT,Market highlights: ASIANPAINT trades rangebound in quiet session,Financial Express,https://finance.example.com/news/asianpaint
2026-09-17,ASIANPAINT,"ASIANPAINT reports record quarterly profit, exceeding analyst estimates",Economic Times,https://finance.example.com/news/asianpaint
2026-09-17,ASIANPAINT,ASIANPAINT announces strategic partnership to boost market share,Livemint,https://finance.example.com/news/asianpaint
2026-09-18,ASIANPAINT,Market highlights: ASIANPAINT trades rangebound in quiet session,Livemint,https://finance.example.com/news/asianpaint
2026-09-18,ASIANPAINT,Analysts upgrade ASIANPAINT target price following robust revenue growth,Business Standard,https://finance.example.com/news/asianpaint
2026-09-21,ASIANPAINT,Quarterly revenue drops for ASIANPAINT as demand slows down,Economic Times,https://finance.example.com/news/asianpaint
2026-09-22,ASIANPAINT,Executive leadership changes announced at ASIANPAINT,Economic Times,https://finance.example.com/news/asianpaint
2026-09-22,ASIANPAINT,"ASIANPAINT reports record quarterly profit, exceeding analyst estimates",Economic Times,https://finance.example.com/news/asianpaint
2026-09-22,ASIANPAINT,Quarterly revenue drops for ASIANPAINT as demand slows down,Livemint,https://finance.example.com/news/asianpaint
2026-09-23,ASIANPAINT,ASIANPAINT launches innovative AI-driven service line in India,Livemint,https://finance.example.com/news/asianpaint
2026-09-23,ASIANPAINT,Analysts upgrade ASIANPAINT target price following robust revenue growth,Livemint,https://finance.example.com/news/asianpaint
2026-09-23,ASIANPAINT,Quarterly revenue drops for ASIANPAINT as demand slows down,Economic Times,https://finance.example.com/news/asianpaint
2026-09-24,ASIANPAINT,ASIANPAINT schedules annual general meeting for upcoming month,Financial Express,https://finance.example.com/news/asianpaint
2026-09-24,ASIANPAINT,ASIANPAINT secures $500M international contract expansion,Economic Times,https://finance.example.com/news/asianpaint
2026-09-25,ASIANPAINT,ASIANPAINT announces strategic partnership to boost market share,Business Standard,https://finance.example.com/news/asianpaint
2026-09-25,ASIANPAINT,Supply chain disruptions impact production targets for ASIANPAINT,Financial Express,https://finance.example.com/news/asianpaint
2026-09-25,ASIANPAINT,ASIANPAINT downgraded by major brokerage following weak guidance,Economic Times,https://finance.example.com/news/asianpaint
2026-09-25,ASIANPAINT,Analysts upgrade ASIANPAINT target price following robust revenue growth,Economic Times,https://finance.example.com/news/asianpaint
2026-09-28,ASIANPAINT,ASIANPAINT secures $500M international contract expansion,Business Standard,https://finance.example.com/news/asianpaint
2026-09-28,ASIANPAINT,ASIANPAINT faces margin pressure amid rising operational expenses,Business Standard,https://finance.example.com/news/asianpaint
2026-09-28,ASIANPAINT,"ASIANPAINT reports record quarterly profit, exceeding analyst estimates",Financial Express,https://finance.example.com/news/asianpaint
2026-09-28,ASIANPAINT,ASIANPAINT schedules annual general meeting for upcoming month,Business Standard,https://finance.example.com/news/asianpaint
2026-09-29,ASIANPAINT,ASIANPAINT files quarterly compliance report with NSE,Livemint,https://finance.example.com/news/asianpaint
2026-09-29,ASIANPAINT,Board of directors at ASIANPAINT considers new dividend payout plan,Financial Express,https://finance.example.com/news/asianpaint
2026-09-30,ASIANPAINT,Regulatory scrutiny increases for ASIANPAINT over compliance issue,Livemint,https://finance.example.com/news/asianpaint
2026-09-30,ASIANPAINT,Executive leadership changes announced at ASIANPAINT,Economic Times,https://finance.example.com/news/asianpaint
2026-09-30,ASIANPAINT,ASIANPAINT secures $500M international contract expansion,Livemint,https://finance.example.com/news/asianpaint
2026-09-30,ASIANPAINT,ASIANPAINT files quarterly compliance report with NSE,Financial Express,https://finance.example.com/news/asianpaint
2026-10-01,ASIANPAINT,ASIANPAINT schedules annual general meeting for upcoming month,Financial Express,https://finance.example.com/news/asianpaint
2026-10-02,ASIANPAINT,Supply chain disruptions impact production targets for ASIANPAINT,Livemint,https://finance.example.com/news/asianpaint
2026-10-02,ASIANPAINT,ASIANPAINT faces margin pressure amid rising operational expenses,Business Standard,https://finance.example.com/news/asianpaint
2026-10-02,ASIANPAINT,ASIANPAINT secures $500M international contract expansion,Livemint,https://finance.example.com/news/asianpaint
2026-10-02,ASIANPAINT,Analysts upgrade ASIANPAINT target price following robust revenue growth,Livemint,https://finance.example.com/news/asianpaint
2026-04-07,MARUTI,Supply chain disruptions impact production targets for MARUTI,Economic Times,https://finance.example.com/news/maruti
2026-04-07,MARUTI,MARUTI files quarterly compliance report with NSE,Financial Express,https://finance.example.com/news/maruti
2026-04-07,MARUTI,Supply chain disruptions impact production targets for MARUTI,Economic Times,https://finance.example.com/news/maruti
2026-04-08,MARUTI,Executive leadership changes announced at MARUTI,Financial Express,https://finance.example.com/news/maruti
2026-04-08,MARUTI,Analysts upgrade MARUTI target price following robust revenue growth,Economic Times,https://finance.example.com/news/maruti
2026-04-08,MARUTI,MARUTI faces margin pressure amid rising operational expenses,Economic Times,https://finance.example.com/news/maruti
2026-04-08,MARUTI,Supply chain disruptions impact production targets for MARUTI,Livemint,https://finance.example.com/news/maruti
2026-04-09,MARUTI,Executive leadership changes announced at MARUTI,Business Standard,https://finance.example.com/news/maruti
2026-04-09,MARUTI,Executive leadership changes announced at MARUTI,Economic Times,https://finance.example.com/news/maruti
2026-04-09,MARUTI,Executive leadership changes announced at MARUTI,Financial Express,https://finance.example.com/news/maruti
2026-04-09,MARUTI,Analysts upgrade MARUTI target price following robust revenue growth,Business Standard,https://finance.example.com/news/maruti
2026-04-10,MARUTI,MARUTI schedules annual general meeting for upcoming month,Livemint,https://finance.example.com/news/maruti
2026-04-10,MARUTI,Board of directors at MARUTI considers new dividend payout plan,Livemint,https://finance.example.com/news/maruti
2026-04-13,MARUTI,"MARUTI reports record quarterly profit, exceeding analyst estimates",Business Standard,https://finance.example.com/news/maruti
2026-04-13,MARUTI,Board of directors at MARUTI considers new dividend payout plan,Livemint,https://finance.example.com/news/maruti
2026-04-13,MARUTI,MARUTI secures $500M international contract expansion,Economic Times,https://finance.example.com/news/maruti
2026-04-13,MARUTI,Regulatory scrutiny increases for MARUTI over compliance issue,Economic Times,https://finance.example.com/news/maruti
2026-04-14,MARUTI,MARUTI faces margin pressure amid rising operational expenses,Economic Times,https://finance.example.com/news/maruti
2026-04-14,MARUTI,Executive leadership changes announced at MARUTI,Business Standard,https://finance.example.com/news/maruti
2026-04-15,MARUTI,MARUTI secures $500M international contract expansion,Economic Times,https://finance.example.com/news/maruti
2026-04-16,MARUTI,Supply chain disruptions impact production targets for MARUTI,Financial Express,https://finance.example.com/news/maruti
2026-04-16,MARUTI,Executive leadership changes announced at MARUTI,Economic Times,https://finance.example.com/news/maruti
2026-04-17,MARUTI,"MARUTI reports record quarterly profit, exceeding analyst estimates",Financial Express,https://finance.example.com/news/maruti
2026-04-17,MARUTI,MARUTI secures $500M international contract expansion,Economic Times,https://finance.example.com/news/maruti
2026-04-20,MARUTI,MARUTI announces strategic partnership to boost market share,Business Standard,https://finance.example.com/news/maruti
2026-04-21,MARUTI,MARUTI faces margin pressure amid rising operational expenses,Financial Express,https://finance.example.com/news/maruti
2026-04-21,MARUTI,Executive leadership changes announced at MARUTI,Business Standard,https://finance.example.com/news/maruti
2026-04-21,MARUTI,MARUTI schedules annual general meeting for upcoming month,Financial Express,https://finance.example.com/news/maruti
2026-04-21,MARUTI,Quarterly revenue drops for MARUTI as demand slows down,Economic Times,https://finance.example.com/news/maruti
2026-04-22,MARUTI,"MARUTI reports record quarterly profit, exceeding analyst estimates",Livemint,https://finance.example.com/news/maruti
2026-04-22,MARUTI,MARUTI secures $500M international contract expansion,Livemint,https://finance.example.com/news/maruti
2026-04-22,MARUTI,Board of directors at MARUTI considers new dividend payout plan,Financial Express,https://finance.example.com/news/maruti
2026-04-23,MARUTI,MARUTI files quarterly compliance report with NSE,Business Standard,https://finance.example.com/news/maruti
2026-04-24,MARUTI,Analysts upgrade MARUTI target price following robust revenue growth,Business Standard,https://finance.example.com/news/maruti
2026-04-24,MARUTI,Executive leadership changes announced at MARUTI,Livemint,https://finance.example.com/news/maruti
2026-04-27,MARUTI,MARUTI secures $500M international contract expansion,Financial Express,https://finance.example.com/news/maruti
2026-04-28,MARUTI,Market highlights: MARUTI trades rangebound in quiet session,Economic Times,https://finance.example.com/news/maruti
2026-04-28,MARUTI,Analysts upgrade MARUTI target price following robust revenue growth,Livemint,https://finance.example.com/news/maruti
2026-04-28,MARUTI,Executive leadership changes announced at MARUTI,Business Standard,https://finance.example.com/news/maruti
2026-04-28,MARUTI,MARUTI faces margin pressure amid rising operational expenses,Livemint,https://finance.example.com/news/maruti
2026-04-29,MARUTI,MARUTI schedules annual general meeting for upcoming month,Business Standard,https://finance.example.com/news/maruti
2026-04-30,MARUTI,Market highlights: MARUTI trades rangebound in quiet session,Business Standard,https://finance.example.com/news/maruti
2026-04-30,MARUTI,"MARUTI reports record quarterly profit, exceeding analyst estimates",Financial Express,https://finance.example.com/news/maruti
2026-04-30,MARUTI,Market highlights: MARUTI trades rangebound in quiet session,Livemint,https://finance.example.com/news/maruti
2026-04-30,MARUTI,"MARUTI reports record quarterly profit, exceeding analyst estimates",Financial Express,https://finance.example.com/news/maruti
2026-05-01,MARUTI,MARUTI schedules annual general meeting for upcoming month,Business Standard,https://finance.example.com/news/maruti
2026-05-01,MARUTI,MARUTI faces margin pressure amid rising operational expenses,Business Standard,https://finance.example.com/news/maruti
2026-05-04,MARUTI,Market highlights: MARUTI trades rangebound in quiet session,Financial Express,https://finance.example.com/news/maruti
2026-05-04,MARUTI,MARUTI faces margin pressure amid rising operational expenses,Livemint,https://finance.example.com/news/maruti
2026-05-04,MARUTI,Board of directors at MARUTI considers new dividend payout plan,Business Standard,https://finance.example.com/news/maruti
2026-05-05,MARUTI,Quarterly revenue drops for MARUTI as demand slows down,Economic Times,https://finance.example.com/news/maruti
2026-05-05,MARUTI,MARUTI announces strategic partnership to boost market share,Business Standard,https://finance.example.com/news/maruti
2026-05-05,MARUTI,MARUTI announces strategic partnership to boost market share,Business Standard,https://finance.example.com/news/maruti
2026-05-05,MARUTI,Executive leadership changes announced at MARUTI,Economic Times,https://finance.example.com/news/maruti
2026-05-06,MARUTI,Supply chain disruptions impact production targets for MARUTI,Financial Express,https://finance.example.com/news/maruti
2026-05-06,MARUTI,MARUTI downgraded by major brokerage following weak guidance,Financial Express,https://finance.example.com/news/maruti
2026-05-06,MARUTI,Analysts upgrade MARUTI target price following robust revenue growth,Business Standard,https://finance.example.com/news/maruti
2026-05-06,MARUTI,MARUTI launches innovative AI-driven service line in India,Financial Express,https://finance.example.com/news/maruti
2026-05-07,MARUTI,MARUTI schedules annual general meeting for upcoming month,Economic Times,https://finance.example.com/news/maruti
2026-05-07,MARUTI,"MARUTI reports record quarterly profit, exceeding analyst estimates",Economic Times,https://finance.example.com/news/maruti
2026-05-07,MARUTI,Quarterly revenue drops for MARUTI as demand slows down,Business Standard,https://finance.example.com/news/maruti
2026-05-07,MARUTI,Executive leadership changes announced at MARUTI,Economic Times,https://finance.example.com/news/maruti
2026-05-08,MARUTI,"MARUTI reports record quarterly profit, exceeding analyst estimates",Financial Express,https://finance.example.com/news/maruti
2026-05-08,MARUTI,Executive leadership changes announced at MARUTI,Livemint,https://finance.example.com/news/maruti
2026-05-08,MARUTI,MARUTI schedules annual general meeting for upcoming month,Business Standard,https://finance.example.com/news/maruti
2026-05-08,MARUTI,MARUTI announces strategic partnership to boost market share,Livemint,https://finance.example.com/news/maruti
2026-05-11,MARUTI,MARUTI downgraded by major brokerage following weak guidance,Livemint,https://finance.example.com/news/maruti
2026-05-12,MARUTI,Regulatory scrutiny increases for MARUTI over compliance issue,Business Standard,https://finance.example.com/news/maruti
2026-05-13,MARUTI,MARUTI secures $500M international contract expansion,Financial Express,https://finance.example.com/news/maruti
2026-05-13,MARUTI,MARUTI announces strategic partnership to boost market share,Economic Times,https://finance.example.com/news/maruti
2026-05-13,MARUTI,MARUTI announces strategic partnership to boost market share,Business Standard,https://finance.example.com/news/maruti
2026-05-14,MARUTI,Regulatory scrutiny increases for MARUTI over compliance issue,Economic Times,https://finance.example.com/news/maruti
2026-05-14,MARUTI,MARUTI launches innovative AI-driven service line in India,Livemint,https://finance.example.com/news/maruti
2026-05-15,MARUTI,Quarterly revenue drops for MARUTI as demand slows down,Livemint,https://finance.example.com/news/maruti
2026-05-18,MARUTI,MARUTI schedules annual general meeting for upcoming month,Livemint,https://finance.example.com/news/maruti
2026-05-18,MARUTI,Quarterly revenue drops for MARUTI as demand slows down,Business Standard,https://finance.example.com/news/maruti
2026-05-18,MARUTI,MARUTI schedules annual general meeting for upcoming month,Livemint,https://finance.example.com/news/maruti
2026-05-19,MARUTI,Board of directors at MARUTI considers new dividend payout plan,Financial Express,https://finance.example.com/news/maruti
2026-05-19,MARUTI,Board of directors at MARUTI considers new dividend payout plan,Economic Times,https://finance.example.com/news/maruti
2026-05-19,MARUTI,MARUTI files quarterly compliance report with NSE,Business Standard,https://finance.example.com/news/maruti
2026-05-19,MARUTI,Executive leadership changes announced at MARUTI,Financial Express,https://finance.example.com/news/maruti
2026-05-20,MARUTI,MARUTI launches innovative AI-driven service line in India,Economic Times,https://finance.example.com/news/maruti
2026-05-21,MARUTI,MARUTI faces margin pressure amid rising operational expenses,Business Standard,https://finance.example.com/news/maruti
2026-05-21,MARUTI,MARUTI secures $500M international contract expansion,Livemint,https://finance.example.com/news/maruti
2026-05-21,MARUTI,Market highlights: MARUTI trades rangebound in quiet session,Economic Times,https://finance.example.com/news/maruti
2026-05-22,MARUTI,Executive leadership changes announced at MARUTI,Livemint,https://finance.example.com/news/maruti
2026-05-22,MARUTI,MARUTI files quarterly compliance report with NSE,Financial Express,https://finance.example.com/news/maruti
2026-05-25,MARUTI,MARUTI announces strategic partnership to boost market share,Economic Times,https://finance.example.com/news/maruti
2026-05-26,MARUTI,MARUTI downgraded by major brokerage following weak guidance,Economic Times,https://finance.example.com/news/maruti
2026-05-26,MARUTI,MARUTI launches innovative AI-driven service line in India,Financial Express,https://finance.example.com/news/maruti
2026-05-27,MARUTI,Executive leadership changes announced at MARUTI,Livemint,https://finance.example.com/news/maruti
2026-05-27,MARUTI,"MARUTI reports record quarterly profit, exceeding analyst estimates",Financial Express,https://finance.example.com/news/maruti
2026-05-27,MARUTI,Executive leadership changes announced at MARUTI,Financial Express,https://finance.example.com/news/maruti
2026-05-27,MARUTI,MARUTI announces strategic partnership to boost market share,Livemint,https://finance.example.com/news/maruti
2026-05-28,MARUTI,MARUTI downgraded by major brokerage following weak guidance,Financial Express,https://finance.example.com/news/maruti
2026-05-29,MARUTI,MARUTI launches innovative AI-driven service line in India,Financial Express,https://finance.example.com/news/maruti
2026-06-01,MARUTI,Board of directors at MARUTI considers new dividend payout plan,Business Standard,https://finance.example.com/news/maruti
2026-06-02,MARUTI,Board of directors at MARUTI considers new dividend payout plan,Economic Times,https://finance.example.com/news/maruti
2026-06-03,MARUTI,"MARUTI reports record quarterly profit, exceeding analyst estimates",Business Standard,https://finance.example.com/news/maruti
2026-06-04,MARUTI,MARUTI faces margin pressure amid rising operational expenses,Business Standard,https://finance.example.com/news/maruti
2026-06-04,MARUTI,"MARUTI reports record quarterly profit, exceeding analyst estimates",Livemint,https://finance.example.com/news/maruti
2026-06-04,MARUTI,Quarterly revenue drops for MARUTI as demand slows down,Livemint,https://finance.example.com/news/maruti
2026-06-05,MARUTI,Board of directors at MARUTI considers new dividend payout plan,Business Standard,https://finance.example.com/news/maruti
2026-06-05,MARUTI,Supply chain disruptions impact production targets for MARUTI,Economic Times,https://finance.example.com/news/maruti
2026-06-08,MARUTI,MARUTI announces strategic partnership to boost market share,Livemint,https://finance.example.com/news/maruti
2026-06-08,MARUTI,MARUTI launches innovative AI-driven service line in India,Financial Express,https://finance.example.com/news/maruti
2026-06-08,MARUTI,MARUTI faces margin pressure amid rising operational expenses,Economic Times,https://finance.example.com/news/maruti
2026-06-08,MARUTI,Board of directors at MARUTI considers new dividend payout plan,Livemint,https://finance.example.com/news/maruti
2026-06-09,MARUTI,"MARUTI reports record quarterly profit, exceeding analyst estimates",Financial Express,https://finance.example.com/news/maruti
2026-06-10,MARUTI,MARUTI secures $500M international contract expansion,Livemint,https://finance.example.com/news/maruti
2026-06-10,MARUTI,Executive leadership changes announced at MARUTI,Business Standard,https://finance.example.com/news/maruti
2026-06-10,MARUTI,MARUTI secures $500M international contract expansion,Financial Express,https://finance.example.com/news/maruti
2026-06-11,MARUTI,Board of directors at MARUTI considers new dividend payout plan,Livemint,https://finance.example.com/news/maruti
2026-06-11,MARUTI,Supply chain disruptions impact production targets for MARUTI,Economic Times,https://finance.example.com/news/maruti
2026-06-11,MARUTI,MARUTI secures $500M international contract expansion,Business Standard,https://finance.example.com/news/maruti
2026-06-11,MARUTI,MARUTI downgraded by major brokerage following weak guidance,Livemint,https://finance.example.com/news/maruti
2026-06-12,MARUTI,MARUTI launches innovative AI-driven service line in India,Business Standard,https://finance.example.com/news/maruti
2026-06-12,MARUTI,MARUTI announces strategic partnership to boost market share,Economic Times,https://finance.example.com/news/maruti
2026-06-12,MARUTI,MARUTI files quarterly compliance report with NSE,Livemint,https://finance.example.com/news/maruti
2026-06-12,MARUTI,Executive leadership changes announced at MARUTI,Economic Times,https://finance.example.com/news/maruti
2026-06-15,MARUTI,MARUTI files quarterly compliance report with NSE,Economic Times,https://finance.example.com/news/maruti
2026-06-15,MARUTI,Analysts upgrade MARUTI target price following robust revenue growth,Business Standard,https://finance.example.com/news/maruti
2026-06-15,MARUTI,Executive leadership changes announced at MARUTI,Financial Express,https://finance.example.com/news/maruti
2026-06-16,MARUTI,MARUTI launches innovative AI-driven service line in India,Business Standard,https://finance.example.com/news/maruti
2026-06-16,MARUTI,MARUTI schedules annual general meeting for upcoming month,Business Standard,https://finance.example.com/news/maruti
2026-06-16,MARUTI,MARUTI announces strategic partnership to boost market share,Livemint,https://finance.example.com/news/maruti
2026-06-17,MARUTI,MARUTI launches innovative AI-driven service line in India,Economic Times,https://finance.example.com/news/maruti
2026-06-17,MARUTI,MARUTI secures $500M international contract expansion,Financial Express,https://finance.example.com/news/maruti
2026-06-17,MARUTI,Supply chain disruptions impact production targets for MARUTI,Livemint,https://finance.example.com/news/maruti
2026-06-18,MARUTI,MARUTI launches innovative AI-driven service line in India,Livemint,https://finance.example.com/news/maruti
2026-06-18,MARUTI,Executive leadership changes announced at MARUTI,Financial Express,https://finance.example.com/news/maruti
2026-06-18,MARUTI,MARUTI schedules annual general meeting for upcoming month,Financial Express,https://finance.example.com/news/maruti
2026-06-19,MARUTI,Supply chain disruptions impact production targets for MARUTI,Business Standard,https://finance.example.com/news/maruti
2026-06-22,MARUTI,MARUTI faces margin pressure amid rising operational expenses,Economic Times,https://finance.example.com/news/maruti
2026-06-23,MARUTI,Market highlights: MARUTI trades rangebound in quiet session,Business Standard,https://finance.example.com/news/maruti
2026-06-23,MARUTI,MARUTI secures $500M international contract expansion,Economic Times,https://finance.example.com/news/maruti
2026-06-23,MARUTI,MARUTI downgraded by major brokerage following weak guidance,Livemint,https://finance.example.com/news/maruti
2026-06-24,MARUTI,Analysts upgrade MARUTI target price following robust revenue growth,Financial Express,https://finance.example.com/news/maruti
2026-06-24,MARUTI,MARUTI faces margin pressure amid rising operational expenses,Financial Express,https://finance.example.com/news/maruti
2026-06-25,MARUTI,Analysts upgrade MARUTI target price following robust revenue growth,Livemint,https://finance.example.com/news/maruti
2026-06-25,MARUTI,MARUTI schedules annual general meeting for upcoming month,Financial Express,https://finance.example.com/news/maruti
2026-06-26,MARUTI,MARUTI schedules annual general meeting for upcoming month,Financial Express,https://finance.example.com/news/maruti
2026-06-26,MARUTI,Analysts upgrade MARUTI target price following robust revenue growth,Economic Times,https://finance.example.com/news/maruti
2026-06-29,MARUTI,MARUTI files quarterly compliance report with NSE,Livemint,https://finance.example.com/news/maruti
2026-06-29,MARUTI,Supply chain disruptions impact production targets for MARUTI,Livemint,https://finance.example.com/news/maruti
2026-06-30,MARUTI,MARUTI faces margin pressure amid rising operational expenses,Business Standard,https://finance.example.com/news/maruti
2026-07-01,MARUTI,Board of directors at MARUTI considers new dividend payout plan,Economic Times,https://finance.example.com/news/maruti
2026-07-02,MARUTI,MARUTI faces margin pressure amid rising operational expenses,Livemint,https://finance.example.com/news/maruti
2026-07-02,MARUTI,Executive leadership changes announced at MARUTI,Livemint,https://finance.example.com/news/maruti
2026-07-02,MARUTI,Regulatory scrutiny increases for MARUTI over compliance issue,Financial Express,https://finance.example.com/news/maruti
2026-07-02,MARUTI,MARUTI launches innovative AI-driven service line in India,Livemint,https://finance.example.com/news/maruti
2026-07-03,MARUTI,MARUTI schedules annual general meeting for upcoming month,Economic Times,https://finance.example.com/news/maruti
2026-07-03,MARUTI,Supply chain disruptions impact production targets for MARUTI,Financial Express,https://finance.example.com/news/maruti
2026-07-06,MARUTI,MARUTI secures $500M international contract expansion,Financial Express,https://finance.example.com/news/maruti
2026-07-07,MARUTI,Supply chain disruptions impact production targets for MARUTI,Livemint,https://finance.example.com/news/maruti
2026-07-07,MARUTI,MARUTI announces strategic partnership to boost market share,Livemint,https://finance.example.com/news/maruti
2026-07-08,MARUTI,MARUTI files quarterly compliance report with NSE,Economic Times,https://finance.example.com/news/maruti
2026-07-09,MARUTI,MARUTI secures $500M international contract expansion,Livemint,https://finance.example.com/news/maruti
2026-07-09,MARUTI,Quarterly revenue drops for MARUTI as demand slows down,Economic Times,https://finance.example.com/news/maruti
2026-07-09,MARUTI,MARUTI launches innovative AI-driven service line in India,Financial Express,https://finance.example.com/news/maruti
2026-07-10,MARUTI,MARUTI launches innovative AI-driven service line in India,Financial Express,https://finance.example.com/news/maruti
2026-07-13,MARUTI,MARUTI launches innovative AI-driven service line in India,Financial Express,https://finance.example.com/news/maruti
2026-07-14,MARUTI,MARUTI downgraded by major brokerage following weak guidance,Business Standard,https://finance.example.com/news/maruti
2026-07-15,MARUTI,MARUTI secures $500M international contract expansion,Business Standard,https://finance.example.com/news/maruti
2026-07-15,MARUTI,Regulatory scrutiny increases for MARUTI over compliance issue,Economic Times,https://finance.example.com/news/maruti
2026-07-15,MARUTI,Supply chain disruptions impact production targets for MARUTI,Livemint,https://finance.example.com/news/maruti
2026-07-16,MARUTI,Quarterly revenue drops for MARUTI as demand slows down,Economic Times,https://finance.example.com/news/maruti
2026-07-16,MARUTI,MARUTI launches innovative AI-driven service line in India,Business Standard,https://finance.example.com/news/maruti
2026-07-16,MARUTI,Regulatory scrutiny increases for MARUTI over compliance issue,Livemint,https://finance.example.com/news/maruti
2026-07-17,MARUTI,MARUTI secures $500M international contract expansion,Livemint,https://finance.example.com/news/maruti
2026-07-17,MARUTI,MARUTI schedules annual general meeting for upcoming month,Business Standard,https://finance.example.com/news/maruti
2026-07-17,MARUTI,MARUTI launches innovative AI-driven service line in India,Livemint,https://finance.example.com/news/maruti
2026-07-20,MARUTI,MARUTI launches innovative AI-driven service line in India,Economic Times,https://finance.example.com/news/maruti
2026-07-20,MARUTI,MARUTI launches innovative AI-driven service line in India,Livemint,https://finance.example.com/news/maruti
2026-07-20,MARUTI,"MARUTI reports record quarterly profit, exceeding analyst estimates",Economic Times,https://finance.example.com/news/maruti
2026-07-21,MARUTI,MARUTI secures $500M international contract expansion,Livemint,https://finance.example.com/news/maruti
2026-07-21,MARUTI,"MARUTI reports record quarterly profit, exceeding analyst estimates",Financial Express,https://finance.example.com/news/maruti
2026-07-22,MARUTI,MARUTI schedules annual general meeting for upcoming month,Financial Express,https://finance.example.com/news/maruti
2026-07-23,MARUTI,MARUTI schedules annual general meeting for upcoming month,Livemint,https://finance.example.com/news/maruti
2026-07-23,MARUTI,MARUTI announces strategic partnership to boost market share,Business Standard,https://finance.example.com/news/maruti
2026-07-23,MARUTI,Regulatory scrutiny increases for MARUTI over compliance issue,Financial Express,https://finance.example.com/news/maruti
2026-07-23,MARUTI,"MARUTI reports record quarterly profit, exceeding analyst estimates",Financial Express,https://finance.example.com/news/maruti
2026-07-24,MARUTI,MARUTI secures $500M international contract expansion,Economic Times,https://finance.example.com/news/maruti
2026-07-24,MARUTI,MARUTI faces margin pressure amid rising operational expenses,Livemint,https://finance.example.com/news/maruti
2026-07-24,MARUTI,MARUTI files quarterly compliance report with NSE,Business Standard,https://finance.example.com/news/maruti
2026-07-24,MARUTI,MARUTI announces strategic partnership to boost market share,Business Standard,https://finance.example.com/news/maruti
2026-07-27,MARUTI,Board of directors at MARUTI considers new dividend payout plan,Financial Express,https://finance.example.com/news/maruti
2026-07-27,MARUTI,MARUTI announces strategic partnership to boost market share,Business Standard,https://finance.example.com/news/maruti
2026-07-27,MARUTI,MARUTI launches innovative AI-driven service line in India,Financial Express,https://finance.example.com/news/maruti
2026-07-28,MARUTI,Board of directors at MARUTI considers new dividend payout plan,Business Standard,https://finance.example.com/news/maruti
2026-07-28,MARUTI,Regulatory scrutiny increases for MARUTI over compliance issue,Financial Express,https://finance.example.com/news/maruti
2026-07-29,MARUTI,Quarterly revenue drops for MARUTI as demand slows down,Economic Times,https://finance.example.com/news/maruti
2026-07-29,MARUTI,MARUTI launches innovative AI-driven service line in India,Business Standard,https://finance.example.com/news/maruti
2026-07-30,MARUTI,Regulatory scrutiny increases for MARUTI over compliance issue,Financial Express,https://finance.example.com/news/maruti
2026-07-31,MARUTI,Analysts upgrade MARUTI target price following robust revenue growth,Economic Times,https://finance.example.com/news/maruti
2026-07-31,MARUTI,MARUTI announces strategic partnership to boost market share,Financial Express,https://finance.example.com/news/maruti
2026-07-31,MARUTI,MARUTI launches innovative AI-driven service line in India,Economic Times,https://finance.example.com/news/maruti
2026-07-31,MARUTI,MARUTI announces strategic partnership to boost market share,Economic Times,https://finance.example.com/news/maruti
2026-08-03,MARUTI,MARUTI announces strategic partnership to boost market share,Financial Express,https://finance.example.com/news/maruti
2026-08-04,MARUTI,MARUTI files quarterly compliance report with NSE,Financial Express,https://finance.example.com/news/maruti
2026-08-04,MARUTI,MARUTI faces margin pressure amid rising operational expenses,Business Standard,https://finance.example.com/news/maruti
2026-08-04,MARUTI,Analysts upgrade MARUTI target price following robust revenue growth,Livemint,https://finance.example.com/news/maruti
2026-08-04,MARUTI,MARUTI faces margin pressure amid rising operational expenses,Livemint,https://finance.example.com/news/maruti
2026-08-05,MARUTI,MARUTI downgraded by major brokerage following weak guidance,Economic Times,https://finance.example.com/news/maruti
2026-08-05,MARUTI,MARUTI schedules annual general meeting for upcoming month,Business Standard,https://finance.example.com/news/maruti
2026-08-05,MARUTI,MARUTI faces margin pressure amid rising operational expenses,Financial Express,https://finance.example.com/news/maruti
2026-08-05,MARUTI,MARUTI files quarterly compliance report with NSE,Economic Times,https://finance.example.com/news/maruti
2026-08-06,MARUTI,Supply chain disruptions impact production targets for MARUTI,Economic Times,https://finance.example.com/news/maruti
2026-08-06,MARUTI,MARUTI launches innovative AI-driven service line in India,Economic Times,https://finance.example.com/news/maruti
2026-08-06,MARUTI,Supply chain disruptions impact production targets for MARUTI,Business Standard,https://finance.example.com/news/maruti
2026-08-06,MARUTI,Executive leadership changes announced at MARUTI,Livemint,https://finance.example.com/news/maruti
2026-08-07,MARUTI,MARUTI files quarterly compliance report with NSE,Financial Express,https://finance.example.com/news/maruti
2026-08-07,MARUTI,Supply chain disruptions impact production targets for MARUTI,Economic Times,https://finance.example.com/news/maruti
2026-08-07,MARUTI,MARUTI launches innovative AI-driven service line in India,Economic Times,https://finance.example.com/news/maruti
2026-08-10,MARUTI,MARUTI announces strategic partnership to boost market share,Economic Times,https://finance.example.com/news/maruti
2026-08-11,MARUTI,Regulatory scrutiny increases for MARUTI over compliance issue,Economic Times,https://finance.example.com/news/maruti
2026-08-11,MARUTI,Regulatory scrutiny increases for MARUTI over compliance issue,Financial Express,https://finance.example.com/news/maruti
2026-08-11,MARUTI,Analysts upgrade MARUTI target price following robust revenue growth,Livemint,https://finance.example.com/news/maruti
2026-08-12,MARUTI,Board of directors at MARUTI considers new dividend payout plan,Economic Times,https://finance.example.com/news/maruti
2026-08-12,MARUTI,Executive leadership changes announced at MARUTI,Financial Express,https://finance.example.com/news/maruti
2026-08-12,MARUTI,Analysts upgrade MARUTI target price following robust revenue growth,Economic Times,https://finance.example.com/news/maruti
2026-08-12,MARUTI,Board of directors at MARUTI considers new dividend payout plan,Financial Express,https://finance.example.com/news/maruti
2026-08-13,MARUTI,MARUTI secures $500M international contract expansion,Financial Express,https://finance.example.com/news/maruti
2026-08-13,MARUTI,MARUTI secures $500M international contract expansion,Economic Times,https://finance.example.com/news/maruti
2026-08-14,MARUTI,MARUTI launches innovative AI-driven service line in India,Business Standard,https://finance.example.com/news/maruti
2026-08-14,MARUTI,MARUTI secures $500M international contract expansion,Financial Express,https://finance.example.com/news/maruti
2026-08-17,MARUTI,MARUTI secures $500M international contract expansion,Financial Express,https://finance.example.com/news/maruti
2026-08-17,MARUTI,Board of directors at MARUTI considers new dividend payout plan,Financial Express,https://finance.example.com/news/maruti
2026-08-18,MARUTI,"MARUTI reports record quarterly profit, exceeding analyst estimates",Business Standard,https://finance.example.com/news/maruti
2026-08-18,MARUTI,MARUTI secures $500M international contract expansion,Financial Express,https://finance.example.com/news/maruti
2026-08-18,MARUTI,MARUTI faces margin pressure amid rising operational expenses,Livemint,https://finance.example.com/news/maruti
2026-08-18,MARUTI,Executive leadership changes announced at MARUTI,Economic Times,https://finance.example.com/news/maruti
2026-08-19,MARUTI,Quarterly revenue drops for MARUTI as demand slows down,Business Standard,https://finance.example.com/news/maruti
2026-08-19,MARUTI,MARUTI schedules annual general meeting for upcoming month,Economic Times,https://finance.example.com/news/maruti
2026-08-19,MARUTI,"MARUTI reports record quarterly profit, exceeding analyst estimates",Financial Express,https://finance.example.com/news/maruti
2026-08-19,MARUTI,Supply chain disruptions impact production targets for MARUTI,Financial Express,https://finance.example.com/news/maruti
2026-08-20,MARUTI,MARUTI faces margin pressure amid rising operational expenses,Business Standard,https://finance.example.com/news/maruti
2026-08-20,MARUTI,MARUTI announces strategic partnership to boost market share,Financial Express,https://finance.example.com/news/maruti
2026-08-20,MARUTI,Board of directors at MARUTI considers new dividend payout plan,Economic Times,https://finance.example.com/news/maruti
2026-08-20,MARUTI,"MARUTI reports record quarterly profit, exceeding analyst estimates",Livemint,https://finance.example.com/news/maruti
2026-08-21,MARUTI,Executive leadership changes announced at MARUTI,Livemint,https://finance.example.com/news/maruti
2026-08-21,MARUTI,MARUTI launches innovative AI-driven service line in India,Business Standard,https://finance.example.com/news/maruti
2026-08-24,MARUTI,"MARUTI reports record quarterly profit, exceeding analyst estimates",Economic Times,https://finance.example.com/news/maruti
2026-08-24,MARUTI,Market highlights: MARUTI trades rangebound in quiet session,Business Standard,https://finance.example.com/news/maruti
2026-08-25,MARUTI,Quarterly revenue drops for MARUTI as demand slows down,Business Standard,https://finance.example.com/news/maruti
2026-08-26,MARUTI,Market highlights: MARUTI trades rangebound in quiet session,Business Standard,https://finance.example.com/news/maruti
2026-08-26,MARUTI,MARUTI faces margin pressure amid rising operational expenses,Business Standard,https://finance.example.com/news/maruti
2026-08-26,MARUTI,MARUTI launches innovative AI-driven service line in India,Economic Times,https://finance.example.com/news/maruti
2026-08-27,MARUTI,MARUTI downgraded by major brokerage following weak guidance,Livemint,https://finance.example.com/news/maruti
2026-08-28,MARUTI,MARUTI announces strategic partnership to boost market share,Livemint,https://finance.example.com/news/maruti
2026-08-28,MARUTI,MARUTI files quarterly compliance report with NSE,Livemint,https://finance.example.com/news/maruti
2026-08-28,MARUTI,MARUTI downgraded by major brokerage following weak guidance,Business Standard,https://finance.example.com/news/maruti
2026-08-31,MARUTI,MARUTI files quarterly compliance report with NSE,Economic Times,https://finance.example.com/news/maruti
2026-08-31,MARUTI,Executive leadership changes announced at MARUTI,Business Standard,https://finance.example.com/news/maruti
2026-08-31,MARUTI,Analysts upgrade MARUTI target price following robust revenue growth,Business Standard,https://finance.example.com/news/maruti
2026-08-31,MARUTI,MARUTI secures $500M international contract expansion,Economic Times,https://finance.example.com/news/maruti
2026-09-01,MARUTI,MARUTI launches innovative AI-driven service line in India,Financial Express,https://finance.example.com/news/maruti
2026-09-01,MARUTI,MARUTI secures $500M international contract expansion,Livemint,https://finance.example.com/news/maruti
2026-09-02,MARUTI,Board of directors at MARUTI considers new dividend payout plan,Livemint,https://finance.example.com/news/maruti
2026-09-02,MARUTI,Executive leadership changes announced at MARUTI,Livemint,https://finance.example.com/news/maruti
2026-09-03,MARUTI,MARUTI faces margin pressure amid rising operational expenses,Financial Express,https://finance.example.com/news/maruti
2026-09-03,MARUTI,MARUTI downgraded by major brokerage following weak guidance,Financial Express,https://finance.example.com/news/maruti
2026-09-03,MARUTI,Market highlights: MARUTI trades rangebound in quiet session,Economic Times,https://finance.example.com/news/maruti
2026-09-04,MARUTI,MARUTI schedules annual general meeting for upcoming month,Business Standard,https://finance.example.com/news/maruti
2026-09-04,MARUTI,MARUTI secures $500M international contract expansion,Livemint,https://finance.example.com/news/maruti
2026-09-07,MARUTI,MARUTI files quarterly compliance report with NSE,Business Standard,https://finance.example.com/news/maruti
2026-09-07,MARUTI,Board of directors at MARUTI considers new dividend payout plan,Livemint,https://finance.example.com/news/maruti
2026-09-08,MARUTI,MARUTI secures $500M international contract expansion,Economic Times,https://finance.example.com/news/maruti
2026-09-09,MARUTI,MARUTI secures $500M international contract expansion,Financial Express,https://finance.example.com/news/maruti
2026-09-09,MARUTI,Board of directors at MARUTI considers new dividend payout plan,Financial Express,https://finance.example.com/news/maruti
2026-09-10,MARUTI,MARUTI files quarterly compliance report with NSE,Business Standard,https://finance.example.com/news/maruti
2026-09-11,MARUTI,Analysts upgrade MARUTI target price following robust revenue growth,Livemint,https://finance.example.com/news/maruti
2026-09-11,MARUTI,Market highlights: MARUTI trades rangebound in quiet session,Livemint,https://finance.example.com/news/maruti
2026-09-11,MARUTI,MARUTI downgraded by major brokerage following weak guidance,Business Standard,https://finance.example.com/news/maruti
2026-09-11,MARUTI,Quarterly revenue drops for MARUTI as demand slows down,Livemint,https://finance.example.com/news/maruti
2026-09-14,MARUTI,MARUTI secures $500M international contract expansion,Business Standard,https://finance.example.com/news/maruti
2026-09-14,MARUTI,MARUTI launches innovative AI-driven service line in India,Livemint,https://finance.example.com/news/maruti
2026-09-15,MARUTI,MARUTI announces strategic partnership to boost market share,Business Standard,https://finance.example.com/news/maruti
2026-09-15,MARUTI,MARUTI schedules annual general meeting for upcoming month,Business Standard,https://finance.example.com/news/maruti
2026-09-15,MARUTI,Analysts upgrade MARUTI target price following robust revenue growth,Economic Times,https://finance.example.com/news/maruti
2026-09-15,MARUTI,Analysts upgrade MARUTI target price following robust revenue growth,Livemint,https://finance.example.com/news/maruti
2026-09-16,MARUTI,"MARUTI reports record quarterly profit, exceeding analyst estimates",Livemint,https://finance.example.com/news/maruti
2026-09-16,MARUTI,Executive leadership changes announced at MARUTI,Livemint,https://finance.example.com/news/maruti
2026-09-16,MARUTI,Quarterly revenue drops for MARUTI as demand slows down,Economic Times,https://finance.example.com/news/maruti
2026-09-17,MARUTI,Quarterly revenue drops for MARUTI as demand slows down,Livemint,https://finance.example.com/news/maruti
2026-09-17,MARUTI,MARUTI downgraded by major brokerage following weak guidance,Livemint,https://finance.example.com/news/maruti
2026-09-17,MARUTI,Board of directors at MARUTI considers new dividend payout plan,Financial Express,https://finance.example.com/news/maruti
2026-09-17,MARUTI,Board of directors at MARUTI considers new dividend payout plan,Financial Express,https://finance.example.com/news/maruti
2026-09-18,MARUTI,MARUTI files quarterly compliance report with NSE,Economic Times,https://finance.example.com/news/maruti
2026-09-18,MARUTI,MARUTI announces strategic partnership to boost market share,Financial Express,https://finance.example.com/news/maruti
2026-09-18,MARUTI,MARUTI launches innovative AI-driven service line in India,Financial Express,https://finance.example.com/news/maruti
2026-09-18,MARUTI,MARUTI files quarterly compliance report with NSE,Financial Express,https://finance.example.com/news/maruti
2026-09-21,MARUTI,Supply chain disruptions impact production targets for MARUTI,Economic Times,https://finance.example.com/news/maruti
2026-09-21,MARUTI,MARUTI secures $500M international contract expansion,Business Standard,https://finance.example.com/news/maruti
2026-09-21,MARUTI,MARUTI files quarterly compliance report with NSE,Livemint,https://finance.example.com/news/maruti
2026-09-22,MARUTI,"MARUTI reports record quarterly profit, exceeding analyst estimates",Business Standard,https://finance.example.com/news/maruti
2026-09-22,MARUTI,Regulatory scrutiny increases for MARUTI over compliance issue,Business Standard,https://finance.example.com/news/maruti
2026-09-22,MARUTI,"MARUTI reports record quarterly profit, exceeding analyst estimates",Financial Express,https://finance.example.com/news/maruti
2026-09-23,MARUTI,Supply chain disruptions impact production targets for MARUTI,Livemint,https://finance.example.com/news/maruti
2026-09-24,MARUTI,"MARUTI reports record quarterly profit, exceeding analyst estimates",Financial Express,https://finance.example.com/news/maruti
2026-09-24,MARUTI,MARUTI announces strategic partnership to boost market share,Business Standard,https://finance.example.com/news/maruti
2026-09-25,MARUTI,Executive leadership changes announced at MARUTI,Livemint,https://finance.example.com/news/maruti
2026-09-28,MARUTI,Analysts upgrade MARUTI target price following robust revenue growth,Livemint,https://finance.example.com/news/maruti
2026-09-28,MARUTI,Board of directors at MARUTI considers new dividend payout plan,Business Standard,https://finance.example.com/news/maruti
2026-09-28,MARUTI,Executive leadership changes announced at MARUTI,Business Standard,https://finance.example.com/news/maruti
2026-09-29,MARUTI,MARUTI launches innovative AI-driven service line in India,Financial Express,https://finance.example.com/news/maruti
2026-09-29,MARUTI,MARUTI secures $500M international contract expansion,Economic Times,https://finance.example.com/news/maruti
2026-09-29,MARUTI,MARUTI schedules annual general meeting for upcoming month,Business Standard,https://finance.example.com/news/maruti
2026-09-30,MARUTI,Board of directors at MARUTI considers new dividend payout plan,Economic Times,https://finance.example.com/news/maruti
2026-09-30,MARUTI,Market highlights: MARUTI trades rangebound in quiet session,Business Standard,https://finance.example.com/news/maruti
2026-09-30,MARUTI,MARUTI launches innovative AI-driven service line in India,Business Standard,https://finance.example.com/news/maruti
2026-10-01,MARUTI,Regulatory scrutiny increases for MARUTI over compliance issue,Business Standard,https://finance.example.com/news/maruti
2026-10-01,MARUTI,Analysts upgrade MARUTI target price following robust revenue growth,Financial Express,https://finance.example.com/news/maruti
2026-10-01,MARUTI,MARUTI faces margin pressure amid rising operational expenses,Livemint,https://finance.example.com/news/maruti
2026-10-02,MARUTI,Executive leadership changes announced at MARUTI,Financial Express,https://finance.example.com/news/maruti
2026-10-02,MARUTI,Analysts upgrade MARUTI target price following robust revenue growth,Livemint,https://finance.example.com/news/maruti
2026-04-07,SUNPHARMA,SUNPHARMA secures $500M international contract expansion,Business Standard,https://finance.example.com/news/sunpharma
2026-04-08,SUNPHARMA,SUNPHARMA schedules annual general meeting for upcoming month,Livemint,https://finance.example.com/news/sunpharma
2026-04-08,SUNPHARMA,SUNPHARMA launches innovative AI-driven service line in India,Economic Times,https://finance.example.com/news/sunpharma
2026-04-09,SUNPHARMA,Supply chain disruptions impact production targets for SUNPHARMA,Livemint,https://finance.example.com/news/sunpharma
2026-04-10,SUNPHARMA,SUNPHARMA schedules annual general meeting for upcoming month,Economic Times,https://finance.example.com/news/sunpharma
2026-04-10,SUNPHARMA,Executive leadership changes announced at SUNPHARMA,Financial Express,https://finance.example.com/news/sunpharma
2026-04-13,SUNPHARMA,SUNPHARMA schedules annual general meeting for upcoming month,Economic Times,https://finance.example.com/news/sunpharma
2026-04-13,SUNPHARMA,SUNPHARMA launches innovative AI-driven service line in India,Livemint,https://finance.example.com/news/sunpharma
2026-04-13,SUNPHARMA,SUNPHARMA secures $500M international contract expansion,Business Standard,https://finance.example.com/news/sunpharma
2026-04-13,SUNPHARMA,"SUNPHARMA reports record quarterly profit, exceeding analyst estimates",Economic Times,https://finance.example.com/news/sunpharma
2026-04-14,SUNPHARMA,SUNPHARMA files quarterly compliance report with NSE,Economic Times,https://finance.example.com/news/sunpharma
2026-04-14,SUNPHARMA,Executive leadership changes announced at SUNPHARMA,Livemint,https://finance.example.com/news/sunpharma
2026-04-14,SUNPHARMA,Board of directors at SUNPHARMA considers new dividend payout plan,Economic Times,https://finance.example.com/news/sunpharma
2026-04-14,SUNPHARMA,SUNPHARMA secures $500M international contract expansion,Business Standard,https://finance.example.com/news/sunpharma
2026-04-15,SUNPHARMA,Regulatory scrutiny increases for SUNPHARMA over compliance issue,Economic Times,https://finance.example.com/news/sunpharma
2026-04-15,SUNPHARMA,Analysts upgrade SUNPHARMA target price following robust revenue growth,Business Standard,https://finance.example.com/news/sunpharma
2026-04-16,SUNPHARMA,Board of directors at SUNPHARMA considers new dividend payout plan,Economic Times,https://finance.example.com/news/sunpharma
2026-04-16,SUNPHARMA,SUNPHARMA launches innovative AI-driven service line in India,Financial Express,https://finance.example.com/news/sunpharma
2026-04-17,SUNPHARMA,Market highlights: SUNPHARMA trades rangebound in quiet session,Business Standard,https://finance.example.com/news/sunpharma
2026-04-17,SUNPHARMA,"SUNPHARMA reports record quarterly profit, exceeding analyst estimates",Business Standard,https://finance.example.com/news/sunpharma
2026-04-17,SUNPHARMA,SUNPHARMA secures $500M international contract expansion,Business Standard,https://finance.example.com/news/sunpharma
2026-04-20,SUNPHARMA,SUNPHARMA schedules annual general meeting for upcoming month,Economic Times,https://finance.example.com/news/sunpharma
2026-04-20,SUNPHARMA,Board of directors at SUNPHARMA considers new dividend payout plan,Business Standard,https://finance.example.com/news/sunpharma
2026-04-20,SUNPHARMA,"SUNPHARMA reports record quarterly profit, exceeding analyst estimates",Business Standard,https://finance.example.com/news/sunpharma
2026-04-20,SUNPHARMA,SUNPHARMA launches innovative AI-driven service line in India,Financial Express,https://finance.example.com/news/sunpharma
2026-04-21,SUNPHARMA,Supply chain disruptions impact production targets for SUNPHARMA,Economic Times,https://finance.example.com/news/sunpharma
2026-04-21,SUNPHARMA,Executive leadership changes announced at SUNPHARMA,Economic Times,https://finance.example.com/news/sunpharma
2026-04-21,SUNPHARMA,Market highlights: SUNPHARMA trades rangebound in quiet session,Business Standard,https://finance.example.com/news/sunpharma
2026-04-22,SUNPHARMA,Quarterly revenue drops for SUNPHARMA as demand slows down,Business Standard,https://finance.example.com/news/sunpharma
2026-04-22,SUNPHARMA,Quarterly revenue drops for SUNPHARMA as demand slows down,Business Standard,https://finance.example.com/news/sunpharma
2026-04-22,SUNPHARMA,Board of directors at SUNPHARMA considers new dividend payout plan,Economic Times,https://finance.example.com/news/sunpharma
2026-04-23,SUNPHARMA,Board of directors at SUNPHARMA considers new dividend payout plan,Economic Times,https://finance.example.com/news/sunpharma
2026-04-23,SUNPHARMA,SUNPHARMA secures $500M international contract expansion,Financial Express,https://finance.example.com/news/sunpharma
2026-04-24,SUNPHARMA,SUNPHARMA files quarterly compliance report with NSE,Livemint,https://finance.example.com/news/sunpharma
2026-04-27,SUNPHARMA,SUNPHARMA announces strategic partnership to boost market share,Economic Times,https://finance.example.com/news/sunpharma
2026-04-27,SUNPHARMA,Board of directors at SUNPHARMA considers new dividend payout plan,Economic Times,https://finance.example.com/news/sunpharma
2026-04-28,SUNPHARMA,SUNPHARMA downgraded by major brokerage following weak guidance,Economic Times,https://finance.example.com/news/sunpharma
2026-04-28,SUNPHARMA,Executive leadership changes announced at SUNPHARMA,Livemint,https://finance.example.com/news/sunpharma
2026-04-28,SUNPHARMA,"SUNPHARMA reports record quarterly profit, exceeding analyst estimates",Business Standard,https://finance.example.com/news/sunpharma
2026-04-29,SUNPHARMA,Market highlights: SUNPHARMA trades rangebound in quiet session,Economic Times,https://finance.example.com/news/sunpharma
2026-04-29,SUNPHARMA,"SUNPHARMA reports record quarterly profit, exceeding analyst estimates",Financial Express,https://finance.example.com/news/sunpharma
2026-04-30,SUNPHARMA,SUNPHARMA launches innovative AI-driven service line in India,Livemint,https://finance.example.com/news/sunpharma
2026-04-30,SUNPHARMA,SUNPHARMA secures $500M international contract expansion,Financial Express,https://finance.example.com/news/sunpharma
2026-04-30,SUNPHARMA,Quarterly revenue drops for SUNPHARMA as demand slows down,Economic Times,https://finance.example.com/news/sunpharma
2026-05-01,SUNPHARMA,Executive leadership changes announced at SUNPHARMA,Livemint,https://finance.example.com/news/sunpharma
2026-05-01,SUNPHARMA,"SUNPHARMA reports record quarterly profit, exceeding analyst estimates",Economic Times,https://finance.example.com/news/sunpharma
2026-05-01,SUNPHARMA,Board of directors at SUNPHARMA considers new dividend payout plan,Business Standard,https://finance.example.com/news/sunpharma
2026-05-04,SUNPHARMA,Quarterly revenue drops for SUNPHARMA as demand slows down,Business Standard,https://finance.example.com/news/sunpharma
2026-05-05,SUNPHARMA,SUNPHARMA downgraded by major brokerage following weak guidance,Livemint,https://finance.example.com/news/sunpharma
2026-05-05,SUNPHARMA,Analysts upgrade SUNPHARMA target price following robust revenue growth,Livemint,https://finance.example.com/news/sunpharma
2026-05-06,SUNPHARMA,Analysts upgrade SUNPHARMA target price following robust revenue growth,Livemint,https://finance.example.com/news/sunpharma
2026-05-06,SUNPHARMA,Regulatory scrutiny increases for SUNPHARMA over compliance issue,Financial Express,https://finance.example.com/news/sunpharma
2026-05-06,SUNPHARMA,SUNPHARMA launches innovative AI-driven service line in India,Livemint,https://finance.example.com/news/sunpharma
2026-05-06,SUNPHARMA,SUNPHARMA announces strategic partnership to boost market share,Livemint,https://finance.example.com/news/sunpharma
2026-05-07,SUNPHARMA,SUNPHARMA faces margin pressure amid rising operational expenses,Financial Express,https://finance.example.com/news/sunpharma
2026-05-07,SUNPHARMA,SUNPHARMA downgraded by major brokerage following weak guidance,Economic Times,https://finance.example.com/news/sunpharma
2026-05-07,SUNPHARMA,SUNPHARMA downgraded by major brokerage following weak guidance,Business Standard,https://finance.example.com/news/sunpharma
2026-05-08,SUNPHARMA,SUNPHARMA schedules annual general meeting for upcoming month,Business Standard,https://finance.example.com/news/sunpharma
2026-05-08,SUNPHARMA,Board of directors at SUNPHARMA considers new dividend payout plan,Financial Express,https://finance.example.com/news/sunpharma
2026-05-08,SUNPHARMA,SUNPHARMA launches innovative AI-driven service line in India,Economic Times,https://finance.example.com/news/sunpharma
2026-05-11,SUNPHARMA,SUNPHARMA launches innovative AI-driven service line in India,Financial Express,https://finance.example.com/news/sunpharma
2026-05-12,SUNPHARMA,SUNPHARMA schedules annual general meeting for upcoming month,Economic Times,https://finance.example.com/news/sunpharma
2026-05-12,SUNPHARMA,SUNPHARMA secures $500M international contract expansion,Economic Times,https://finance.example.com/news/sunpharma
2026-05-13,SUNPHARMA,Executive leadership changes announced at SUNPHARMA,Business Standard,https://finance.example.com/news/sunpharma
2026-05-13,SUNPHARMA,Supply chain disruptions impact production targets for SUNPHARMA,Business Standard,https://finance.example.com/news/sunpharma
2026-05-13,SUNPHARMA,Supply chain disruptions impact production targets for SUNPHARMA,Business Standard,https://finance.example.com/news/sunpharma
2026-05-13,SUNPHARMA,SUNPHARMA secures $500M international contract expansion,Business Standard,https://finance.example.com/news/sunpharma
2026-05-14,SUNPHARMA,Board of directors at SUNPHARMA considers new dividend payout plan,Financial Express,https://finance.example.com/news/sunpharma
2026-05-14,SUNPHARMA,Board of directors at SUNPHARMA considers new dividend payout plan,Economic Times,https://finance.example.com/news/sunpharma
2026-05-14,SUNPHARMA,SUNPHARMA downgraded by major brokerage following weak guidance,Financial Express,https://finance.example.com/news/sunpharma
2026-05-14,SUNPHARMA,Quarterly revenue drops for SUNPHARMA as demand slows down,Business Standard,https://finance.example.com/news/sunpharma
2026-05-15,SUNPHARMA,SUNPHARMA secures $500M international contract expansion,Livemint,https://finance.example.com/news/sunpharma
2026-05-15,SUNPHARMA,SUNPHARMA announces strategic partnership to boost market share,Financial Express,https://finance.example.com/news/sunpharma
2026-05-15,SUNPHARMA,SUNPHARMA downgraded by major brokerage following weak guidance,Livemint,https://finance.example.com/news/sunpharma
2026-05-15,SUNPHARMA,"SUNPHARMA reports record quarterly profit, exceeding analyst estimates",Livemint,https://finance.example.com/news/sunpharma
2026-05-18,SUNPHARMA,SUNPHARMA secures $500M international contract expansion,Financial Express,https://finance.example.com/news/sunpharma
2026-05-18,SUNPHARMA,SUNPHARMA announces strategic partnership to boost market share,Financial Express,https://finance.example.com/news/sunpharma
2026-05-19,SUNPHARMA,SUNPHARMA files quarterly compliance report with NSE,Business Standard,https://finance.example.com/news/sunpharma
2026-05-19,SUNPHARMA,SUNPHARMA files quarterly compliance report with NSE,Livemint,https://finance.example.com/news/sunpharma
2026-05-19,SUNPHARMA,SUNPHARMA downgraded by major brokerage following weak guidance,Livemint,https://finance.example.com/news/sunpharma
2026-05-20,SUNPHARMA,"SUNPHARMA reports record quarterly profit, exceeding analyst estimates",Financial Express,https://finance.example.com/news/sunpharma
2026-05-20,SUNPHARMA,SUNPHARMA announces strategic partnership to boost market share,Business Standard,https://finance.example.com/news/sunpharma
2026-05-20,SUNPHARMA,Analysts upgrade SUNPHARMA target price following robust revenue growth,Business Standard,https://finance.example.com/news/sunpharma
2026-05-20,SUNPHARMA,Quarterly revenue drops for SUNPHARMA as demand slows down,Business Standard,https://finance.example.com/news/sunpharma
2026-05-21,SUNPHARMA,SUNPHARMA schedules annual general meeting for upcoming month,Business Standard,https://finance.example.com/news/sunpharma
2026-05-21,SUNPHARMA,Market highlights: SUNPHARMA trades rangebound in quiet session,Livemint,https://finance.example.com/news/sunpharma
2026-05-21,SUNPHARMA,SUNPHARMA faces margin pressure amid rising operational expenses,Livemint,https://finance.example.com/news/sunpharma
2026-05-21,SUNPHARMA,SUNPHARMA schedules annual general meeting for upcoming month,Financial Express,https://finance.example.com/news/sunpharma
2026-05-22,SUNPHARMA,Analysts upgrade SUNPHARMA target price following robust revenue growth,Economic Times,https://finance.example.com/news/sunpharma
2026-05-22,SUNPHARMA,SUNPHARMA faces margin pressure amid rising operational expenses,Business Standard,https://finance.example.com/news/sunpharma
2026-05-22,SUNPHARMA,Executive leadership changes announced at SUNPHARMA,Business Standard,https://finance.example.com/news/sunpharma
2026-05-22,SUNPHARMA,SUNPHARMA downgraded by major brokerage following weak guidance,Business Standard,https://finance.example.com/news/sunpharma
2026-05-25,SUNPHARMA,SUNPHARMA announces strategic partnership to boost market share,Livemint,https://finance.example.com/news/sunpharma
2026-05-26,SUNPHARMA,SUNPHARMA downgraded by major brokerage following weak guidance,Economic Times,https://finance.example.com/news/sunpharma
2026-05-26,SUNPHARMA,"SUNPHARMA reports record quarterly profit, exceeding analyst estimates",Livemint,https://finance.example.com/news/sunpharma
2026-05-27,SUNPHARMA,Board of directors at SUNPHARMA considers new dividend payout plan,Livemint,https://finance.example.com/news/sunpharma
2026-05-27,SUNPHARMA,SUNPHARMA secures $500M international contract expansion,Economic Times,https://finance.example.com/news/sunpharma
2026-05-27,SUNPHARMA,Regulatory scrutiny increases for SUNPHARMA over compliance issue,Business Standard,https://finance.example.com/news/sunpharma
2026-05-27,SUNPHARMA,"SUNPHARMA reports record quarterly profit, exceeding analyst estimates",Livemint,https://finance.example.com/news/sunpharma
2026-05-28,SUNPHARMA,Executive leadership changes announced at SUNPHARMA,Livemint,https://finance.example.com/news/sunpharma
2026-05-28,SUNPHARMA,Quarterly revenue drops for SUNPHARMA as demand slows down,Livemint,https://finance.example.com/news/sunpharma
2026-05-28,SUNPHARMA,SUNPHARMA downgraded by major brokerage following weak guidance,Economic Times,https://finance.example.com/news/sunpharma
2026-05-29,SUNPHARMA,SUNPHARMA files quarterly compliance report with NSE,Livemint,https://finance.example.com/news/sunpharma
2026-05-29,SUNPHARMA,SUNPHARMA files quarterly compliance report with NSE,Livemint,https://finance.example.com/news/sunpharma
2026-05-29,SUNPHARMA,SUNPHARMA files quarterly compliance report with NSE,Financial Express,https://finance.example.com/news/sunpharma
2026-06-01,SUNPHARMA,Supply chain disruptions impact production targets for SUNPHARMA,Economic Times,https://finance.example.com/news/sunpharma
2026-06-01,SUNPHARMA,Board of directors at SUNPHARMA considers new dividend payout plan,Livemint,https://finance.example.com/news/sunpharma
2026-06-01,SUNPHARMA,SUNPHARMA launches innovative AI-driven service line in India,Livemint,https://finance.example.com/news/sunpharma
2026-06-01,SUNPHARMA,Analysts upgrade SUNPHARMA target price following robust revenue growth,Business Standard,https://finance.example.com/news/sunpharma
2026-06-02,SUNPHARMA,SUNPHARMA announces strategic partnership to boost market share,Economic Times,https://finance.example.com/news/sunpharma
2026-06-02,SUNPHARMA,"SUNPHARMA reports record quarterly profit, exceeding analyst estimates",Livemint,https://finance.example.com/news/sunpharma
2026-06-02,SUNPHARMA,Regulatory scrutiny increases for SUNPHARMA over compliance issue,Business Standard,https://finance.example.com/news/sunpharma
2026-06-03,SUNPHARMA,Executive leadership changes announced at SUNPHARMA,Livemint,https://finance.example.com/news/sunpharma
2026-06-03,SUNPHARMA,SUNPHARMA secures $500M international contract expansion,Financial Express,https://finance.example.com/news/sunpharma
2026-06-04,SUNPHARMA,Executive leadership changes announced at SUNPHARMA,Business Standard,https://finance.example.com/news/sunpharma
2026-06-05,SUNPHARMA,SUNPHARMA secures $500M international contract expansion,Financial Express,https://finance.example.com/news/sunpharma
2026-06-05,SUNPHARMA,SUNPHARMA schedules annual general meeting for upcoming month,Business Standard,https://finance.example.com/news/sunpharma
2026-06-08,SUNPHARMA,SUNPHARMA announces strategic partnership to boost market share,Livemint,https://finance.example.com/news/sunpharma
2026-06-08,SUNPHARMA,SUNPHARMA launches innovative AI-driven service line in India,Livemint,https://finance.example.com/news/sunpharma
2026-06-08,SUNPHARMA,SUNPHARMA announces strategic partnership to boost market share,Economic Times,https://finance.example.com/news/sunpharma
2026-06-09,SUNPHARMA,"SUNPHARMA reports record quarterly profit, exceeding analyst estimates",Financial Express,https://finance.example.com/news/sunpharma
2026-06-09,SUNPHARMA,SUNPHARMA announces strategic partnership to boost market share,Business Standard,https://finance.example.com/news/sunpharma
2026-06-10,SUNPHARMA,"SUNPHARMA reports record quarterly profit, exceeding analyst estimates",Economic Times,https://finance.example.com/news/sunpharma
2026-06-10,SUNPHARMA,Board of directors at SUNPHARMA considers new dividend payout plan,Financial Express,https://finance.example.com/news/sunpharma
2026-06-10,SUNPHARMA,Board of directors at SUNPHARMA considers new dividend payout plan,Livemint,https://finance.example.com/news/sunpharma
2026-06-11,SUNPHARMA,"SUNPHARMA reports record quarterly profit, exceeding analyst estimates",Economic Times,https://finance.example.com/news/sunpharma
2026-06-12,SUNPHARMA,SUNPHARMA launches innovative AI-driven service line in India,Livemint,https://finance.example.com/news/sunpharma
2026-06-12,SUNPHARMA,Supply chain disruptions impact production targets for SUNPHARMA,Business Standard,https://finance.example.com/news/sunpharma
2026-06-12,SUNPHARMA,SUNPHARMA announces strategic partnership to boost market share,Livemint,https://finance.example.com/news/sunpharma
2026-06-12,SUNPHARMA,SUNPHARMA downgraded by major brokerage following weak guidance,Financial Express,https://finance.example.com/news/sunpharma
2026-06-15,SUNPHARMA,SUNPHARMA schedules annual general meeting for upcoming month,Economic Times,https://finance.example.com/news/sunpharma
2026-06-15,SUNPHARMA,SUNPHARMA files quarterly compliance report with NSE,Livemint,https://finance.example.com/news/sunpharma
2026-06-15,SUNPHARMA,Regulatory scrutiny increases for SUNPHARMA over compliance issue,Livemint,https://finance.example.com/news/sunpharma
2026-06-15,SUNPHARMA,SUNPHARMA downgraded by major brokerage following weak guidance,Business Standard,https://finance.example.com/news/sunpharma
2026-06-16,SUNPHARMA,SUNPHARMA secures $500M international contract expansion,Livemint,https://finance.example.com/news/sunpharma
2026-06-16,SUNPHARMA,SUNPHARMA secures $500M international contract expansion,Livemint,https://finance.example.com/news/sunpharma
2026-06-17,SUNPHARMA,SUNPHARMA launches innovative AI-driven service line in India,Economic Times,https://finance.example.com/news/sunpharma
2026-06-17,SUNPHARMA,Board of directors at SUNPHARMA considers new dividend payout plan,Financial Express,https://finance.example.com/news/sunpharma
2026-06-18,SUNPHARMA,SUNPHARMA launches innovative AI-driven service line in India,Livemint,https://finance.example.com/news/sunpharma
2026-06-18,SUNPHARMA,SUNPHARMA launches innovative AI-driven service line in India,Economic Times,https://finance.example.com/news/sunpharma
2026-06-19,SUNPHARMA,SUNPHARMA secures $500M international contract expansion,Business Standard,https://finance.example.com/news/sunpharma
2026-06-22,SUNPHARMA,SUNPHARMA downgraded by major brokerage following weak guidance,Financial Express,https://finance.example.com/news/sunpharma
2026-06-22,SUNPHARMA,Analysts upgrade SUNPHARMA target price following robust revenue growth,Economic Times,https://finance.example.com/news/sunpharma
2026-06-22,SUNPHARMA,Quarterly revenue drops for SUNPHARMA as demand slows down,Business Standard,https://finance.example.com/news/sunpharma
2026-06-22,SUNPHARMA,SUNPHARMA schedules annual general meeting for upcoming month,Economic Times,https://finance.example.com/news/sunpharma
2026-06-23,SUNPHARMA,SUNPHARMA downgraded by major brokerage following weak guidance,Business Standard,https://finance.example.com/news/sunpharma
2026-06-24,SUNPHARMA,Analysts upgrade SUNPHARMA target price following robust revenue growth,Economic Times,https://finance.example.com/news/sunpharma
2026-06-24,SUNPHARMA,SUNPHARMA files quarterly compliance report with NSE,Economic Times,https://finance.example.com/news/sunpharma
2026-06-24,SUNPHARMA,SUNPHARMA schedules annual general meeting for upcoming month,Economic Times,https://finance.example.com/news/sunpharma
2026-06-25,SUNPHARMA,Quarterly revenue drops for SUNPHARMA as demand slows down,Financial Express,https://finance.example.com/news/sunpharma
2026-06-25,SUNPHARMA,SUNPHARMA announces strategic partnership to boost market share,Livemint,https://finance.example.com/news/sunpharma
2026-06-26,SUNPHARMA,SUNPHARMA secures $500M international contract expansion,Business Standard,https://finance.example.com/news/sunpharma
2026-06-26,SUNPHARMA,Board of directors at SUNPHARMA considers new dividend payout plan,Economic Times,https://finance.example.com/news/sunpharma
2026-06-26,SUNPHARMA,SUNPHARMA announces strategic partnership to boost market share,Economic Times,https://finance.example.com/news/sunpharma
2026-06-26,SUNPHARMA,Regulatory scrutiny increases for SUNPHARMA over compliance issue,Financial Express,https://finance.example.com/news/sunpharma
2026-06-29,SUNPHARMA,Analysts upgrade SUNPHARMA target price following robust revenue growth,Business Standard,https://finance.example.com/news/sunpharma
2026-06-29,SUNPHARMA,SUNPHARMA faces margin pressure amid rising operational expenses,Economic Times,https://finance.example.com/news/sunpharma
2026-06-30,SUNPHARMA,Board of directors at SUNPHARMA considers new dividend payout plan,Financial Express,https://finance.example.com/news/sunpharma
2026-06-30,SUNPHARMA,Analysts upgrade SUNPHARMA target price following robust revenue growth,Business Standard,https://finance.example.com/news/sunpharma
2026-07-01,SUNPHARMA,SUNPHARMA faces margin pressure amid rising operational expenses,Business Standard,https://finance.example.com/news/sunpharma
2026-07-01,SUNPHARMA,SUNPHARMA files quarterly compliance report with NSE,Financial Express,https://finance.example.com/news/sunpharma
2026-07-01,SUNPHARMA,SUNPHARMA downgraded by major brokerage following weak guidance,Economic Times,https://finance.example.com/news/sunpharma
2026-07-01,SUNPHARMA,Executive leadership changes announced at SUNPHARMA,Livemint,https://finance.example.com/news/sunpharma
2026-07-02,SUNPHARMA,"SUNPHARMA reports record quarterly profit, exceeding analyst estimates",Economic Times,https://finance.example.com/news/sunpharma
2026-07-02,SUNPHARMA,Analysts upgrade SUNPHARMA target price following robust revenue growth,Economic Times,https://finance.example.com/news/sunpharma
2026-07-02,SUNPHARMA,SUNPHARMA secures $500M international contract expansion,Economic Times,https://finance.example.com/news/sunpharma
2026-07-03,SUNPHARMA,Board of directors at SUNPHARMA considers new dividend payout plan,Economic Times,https://finance.example.com/news/sunpharma
2026-07-03,SUNPHARMA,Analysts upgrade SUNPHARMA target price following robust revenue growth,Economic Times,https://finance.example.com/news/sunpharma
2026-07-03,SUNPHARMA,SUNPHARMA announces strategic partnership to boost market share,Livemint,https://finance.example.com/news/sunpharma
2026-07-06,SUNPHARMA,SUNPHARMA announces strategic partnership to boost market share,Financial Express,https://finance.example.com/news/sunpharma
2026-07-06,SUNPHARMA,SUNPHARMA secures $500M international contract expansion,Economic Times,https://finance.example.com/news/sunpharma
2026-07-06,SUNPHARMA,Regulatory scrutiny increases for SUNPHARMA over compliance issue,Livemint,https://finance.example.com/news/sunpharma
2026-07-06,SUNPHARMA,Analysts upgrade SUNPHARMA target price following robust revenue growth,Financial Express,https://finance.example.com/news/sunpharma
2026-07-07,SUNPHARMA,Market highlights: SUNPHARMA trades rangebound in quiet session,Livemint,https://finance.example.com/news/sunpharma
2026-07-07,SUNPHARMA,Supply chain disruptions impact production targets for SUNPHARMA,Business Standard,https://finance.example.com/news/sunpharma
2026-07-07,SUNPHARMA,SUNPHARMA schedules annual general meeting for upcoming month,Business Standard,https://finance.example.com/news/sunpharma
2026-07-07,SUNPHARMA,SUNPHARMA downgraded by major brokerage following weak guidance,Livemint,https://finance.example.com/news/sunpharma
2026-07-08,SUNPHARMA,Supply chain disruptions impact production targets for SUNPHARMA,Economic Times,https://finance.example.com/news/sunpharma
2026-07-08,SUNPHARMA,SUNPHARMA schedules annual general meeting for upcoming month,Business Standard,https://finance.example.com/news/sunpharma
2026-07-08,SUNPHARMA,SUNPHARMA announces strategic partnership to boost market share,Economic Times,https://finance.example.com/news/sunpharma
2026-07-09,SUNPHARMA,SUNPHARMA launches innovative AI-driven service line in India,Economic Times,https://finance.example.com/news/sunpharma
2026-07-09,SUNPHARMA,"SUNPHARMA reports record quarterly profit, exceeding analyst estimates",Economic Times,https://finance.example.com/news/sunpharma
2026-07-09,SUNPHARMA,SUNPHARMA announces strategic partnership to boost market share,Financial Express,https://finance.example.com/news/sunpharma
2026-07-09,SUNPHARMA,Executive leadership changes announced at SUNPHARMA,Livemint,https://finance.example.com/news/sunpharma
2026-07-10,SUNPHARMA,SUNPHARMA announces strategic partnership to boost market share,Livemint,https://finance.example.com/news/sunpharma
2026-07-10,SUNPHARMA,Executive leadership changes announced at SUNPHARMA,Economic Times,https://finance.example.com/news/sunpharma
2026-07-10,SUNPHARMA,Market highlights: SUNPHARMA trades rangebound in quiet session,Economic Times,https://finance.example.com/news/sunpharma
2026-07-10,SUNPHARMA,SUNPHARMA downgraded by major brokerage following weak guidance,Financial Express,https://finance.example.com/news/sunpharma
2026-07-13,SUNPHARMA,"SUNPHARMA reports record quarterly profit, exceeding analyst estimates",Financial Express,https://finance.example.com/news/sunpharma
2026-07-13,SUNPHARMA,SUNPHARMA schedules annual general meeting for upcoming month,Business Standard,https://finance.example.com/news/sunpharma
2026-07-14,SUNPHARMA,Analysts upgrade SUNPHARMA target price following robust revenue growth,Business Standard,https://finance.example.com/news/sunpharma
2026-07-15,SUNPHARMA,SUNPHARMA faces margin pressure amid rising operational expenses,Business Standard,https://finance.example.com/news/sunpharma
2026-07-16,SUNPHARMA,Market highlights: SUNPHARMA trades rangebound in quiet session,Livemint,https://finance.example.com/news/sunpharma
2026-07-17,SUNPHARMA,Board of directors at SUNPHARMA considers new dividend payout plan,Economic Times,https://finance.example.com/news/sunpharma
2026-07-20,SUNPHARMA,SUNPHARMA announces strategic partnership to boost market share,Livemint,https://finance.example.com/news/sunpharma
2026-07-20,SUNPHARMA,Regulatory scrutiny increases for SUNPHARMA over compliance issue,Livemint,https://finance.example.com/news/sunpharma
2026-07-20,SUNPHARMA,SUNPHARMA schedules annual general meeting for upcoming month,Business Standard,https://finance.example.com/news/sunpharma
2026-07-21,SUNPHARMA,SUNPHARMA secures $500M international contract expansion,Business Standard,https://finance.example.com/news/sunpharma
2026-07-22,SUNPHARMA,Board of directors at SUNPHARMA considers new dividend payout plan,Economic Times,https://finance.example.com/news/sunpharma
2026-07-22,SUNPHARMA,Regulatory scrutiny increases for SUNPHARMA over compliance issue,Economic Times,https://finance.example.com/news/sunpharma
2026-07-22,SUNPHARMA,Analysts upgrade SUNPHARMA target price following robust revenue growth,Economic Times,https://finance.example.com/news/sunpharma
2026-07-22,SUNPHARMA,SUNPHARMA launches innovative AI-driven service line in India,Economic Times,https://finance.example.com/news/sunpharma
2026-07-23,SUNPHARMA,Quarterly revenue drops for SUNPHARMA as demand slows down,Business Standard,https://finance.example.com/news/sunpharma
2026-07-23,SUNPHARMA,Board of directors at SUNPHARMA considers new dividend payout plan,Economic Times,https://finance.example.com/news/sunpharma
2026-07-23,SUNPHARMA,SUNPHARMA schedules annual general meeting for upcoming month,Economic Times,https://finance.example.com/news/sunpharma
2026-07-23,SUNPHARMA,Analysts upgrade SUNPHARMA target price following robust revenue growth,Livemint,https://finance.example.com/news/sunpharma
2026-07-24,SUNPHARMA,SUNPHARMA faces margin pressure amid rising operational expenses,Livemint,https://finance.example.com/news/sunpharma
2026-07-24,SUNPHARMA,Supply chain disruptions impact production targets for SUNPHARMA,Business Standard,https://finance.example.com/news/sunpharma
2026-07-24,SUNPHARMA,Supply chain disruptions impact production targets for SUNPHARMA,Livemint,https://finance.example.com/news/sunpharma
2026-07-27,SUNPHARMA,"SUNPHARMA reports record quarterly profit, exceeding analyst estimates",Economic Times,https://finance.example.com/news/sunpharma
2026-07-28,SUNPHARMA,Executive leadership changes announced at SUNPHARMA,Business Standard,https://finance.example.com/news/sunpharma
2026-07-29,SUNPHARMA,Analysts upgrade SUNPHARMA target price following robust revenue growth,Economic Times,https://finance.example.com/news/sunpharma
2026-07-29,SUNPHARMA,Market highlights: SUNPHARMA trades rangebound in quiet session,Business Standard,https://finance.example.com/news/sunpharma
2026-07-29,SUNPHARMA,SUNPHARMA secures $500M international contract expansion,Business Standard,https://finance.example.com/news/sunpharma
2026-07-30,SUNPHARMA,Regulatory scrutiny increases for SUNPHARMA over compliance issue,Economic Times,https://finance.example.com/news/sunpharma
2026-07-30,SUNPHARMA,Executive leadership changes announced at SUNPHARMA,Livemint,https://finance.example.com/news/sunpharma
2026-07-30,SUNPHARMA,Quarterly revenue drops for SUNPHARMA as demand slows down,Economic Times,https://finance.example.com/news/sunpharma
2026-07-30,SUNPHARMA,SUNPHARMA downgraded by major brokerage following weak guidance,Business Standard,https://finance.example.com/news/sunpharma
2026-07-31,SUNPHARMA,Board of directors at SUNPHARMA considers new dividend payout plan,Livemint,https://finance.example.com/news/sunpharma
2026-07-31,SUNPHARMA,SUNPHARMA faces margin pressure amid rising operational expenses,Business Standard,https://finance.example.com/news/sunpharma
2026-07-31,SUNPHARMA,SUNPHARMA launches innovative AI-driven service line in India,Livemint,https://finance.example.com/news/sunpharma
2026-08-03,SUNPHARMA,SUNPHARMA announces strategic partnership to boost market share,Economic Times,https://finance.example.com/news/sunpharma
2026-08-04,SUNPHARMA,Supply chain disruptions impact production targets for SUNPHARMA,Economic Times,https://finance.example.com/news/sunpharma
2026-08-05,SUNPHARMA,SUNPHARMA faces margin pressure amid rising operational expenses,Financial Express,https://finance.example.com/news/sunpharma
2026-08-05,SUNPHARMA,SUNPHARMA launches innovative AI-driven service line in India,Economic Times,https://finance.example.com/news/sunpharma
2026-08-06,SUNPHARMA,Analysts upgrade SUNPHARMA target price following robust revenue growth,Livemint,https://finance.example.com/news/sunpharma
2026-08-07,SUNPHARMA,SUNPHARMA secures $500M international contract expansion,Business Standard,https://finance.example.com/news/sunpharma
2026-08-07,SUNPHARMA,Regulatory scrutiny increases for SUNPHARMA over compliance issue,Business Standard,https://finance.example.com/news/sunpharma
2026-08-07,SUNPHARMA,SUNPHARMA announces strategic partnership to boost market share,Livemint,https://finance.example.com/news/sunpharma
2026-08-07,SUNPHARMA,Regulatory scrutiny increases for SUNPHARMA over compliance issue,Financial Express,https://finance.example.com/news/sunpharma
2026-08-10,SUNPHARMA,Analysts upgrade SUNPHARMA target price following robust revenue growth,Livemint,https://finance.example.com/news/sunpharma
2026-08-10,SUNPHARMA,SUNPHARMA faces margin pressure amid rising operational expenses,Livemint,https://finance.example.com/news/sunpharma
2026-08-10,SUNPHARMA,SUNPHARMA secures $500M international contract expansion,Financial Express,https://finance.example.com/news/sunpharma
2026-08-10,SUNPHARMA,SUNPHARMA announces strategic partnership to boost market share,Financial Express,https://finance.example.com/news/sunpharma
2026-08-11,SUNPHARMA,SUNPHARMA announces strategic partnership to boost market share,Economic Times,https://finance.example.com/news/sunpharma
2026-08-12,SUNPHARMA,"SUNPHARMA reports record quarterly profit, exceeding analyst estimates",Economic Times,https://finance.example.com/news/sunpharma
2026-08-12,SUNPHARMA,SUNPHARMA schedules annual general meeting for upcoming month,Economic Times,https://finance.example.com/news/sunpharma
2026-08-13,SUNPHARMA,Analysts upgrade SUNPHARMA target price following robust revenue growth,Financial Express,https://finance.example.com/news/sunpharma
2026-08-14,SUNPHARMA,SUNPHARMA downgraded by major brokerage following weak guidance,Business Standard,https://finance.example.com/news/sunpharma
2026-08-14,SUNPHARMA,SUNPHARMA downgraded by major brokerage following weak guidance,Livemint,https://finance.example.com/news/sunpharma
2026-08-14,SUNPHARMA,SUNPHARMA schedules annual general meeting for upcoming month,Financial Express,https://finance.example.com/news/sunpharma
2026-08-17,SUNPHARMA,SUNPHARMA announces strategic partnership to boost market share,Financial Express,https://finance.example.com/news/sunpharma
2026-08-17,SUNPHARMA,Analysts upgrade SUNPHARMA target price following robust revenue growth,Economic Times,https://finance.example.com/news/sunpharma
2026-08-17,SUNPHARMA,SUNPHARMA schedules annual general meeting for upcoming month,Financial Express,https://finance.example.com/news/sunpharma
2026-08-18,SUNPHARMA,SUNPHARMA announces strategic partnership to boost market share,Business Standard,https://finance.example.com/news/sunpharma
2026-08-18,SUNPHARMA,Supply chain disruptions impact production targets for SUNPHARMA,Business Standard,https://finance.example.com/news/sunpharma
2026-08-18,SUNPHARMA,Analysts upgrade SUNPHARMA target price following robust revenue growth,Livemint,https://finance.example.com/news/sunpharma
2026-08-18,SUNPHARMA,Market highlights: SUNPHARMA trades rangebound in quiet session,Business Standard,https://finance.example.com/news/sunpharma
2026-08-19,SUNPHARMA,Market highlights: SUNPHARMA trades rangebound in quiet session,Livemint,https://finance.example.com/news/sunpharma
2026-08-19,SUNPHARMA,SUNPHARMA schedules annual general meeting for upcoming month,Business Standard,https://finance.example.com/news/sunpharma
2026-08-19,SUNPHARMA,Board of directors at SUNPHARMA considers new dividend payout plan,Livemint,https://finance.example.com/news/sunpharma
2026-08-20,SUNPHARMA,SUNPHARMA secures $500M international contract expansion,Business Standard,https://finance.example.com/news/sunpharma
2026-08-20,SUNPHARMA,Board of directors at SUNPHARMA considers new dividend payout plan,Financial Express,https://finance.example.com/news/sunpharma
2026-08-21,SUNPHARMA,Analysts upgrade SUNPHARMA target price following robust revenue growth,Financial Express,https://finance.example.com/news/sunpharma
2026-08-21,SUNPHARMA,SUNPHARMA secures $500M international contract expansion,Livemint,https://finance.example.com/news/sunpharma
2026-08-24,SUNPHARMA,SUNPHARMA schedules annual general meeting for upcoming month,Livemint,https://finance.example.com/news/sunpharma
2026-08-24,SUNPHARMA,Executive leadership changes announced at SUNPHARMA,Financial Express,https://finance.example.com/news/sunpharma
2026-08-25,SUNPHARMA,Supply chain disruptions impact production targets for SUNPHARMA,Business Standard,https://finance.example.com/news/sunpharma
2026-08-26,SUNPHARMA,Market highlights: SUNPHARMA trades rangebound in quiet session,Livemint,https://finance.example.com/news/sunpharma
2026-08-26,SUNPHARMA,Supply chain disruptions impact production targets for SUNPHARMA,Financial Express,https://finance.example.com/news/sunpharma
2026-08-27,SUNPHARMA,Regulatory scrutiny increases for SUNPHARMA over compliance issue,Financial Express,https://finance.example.com/news/sunpharma
2026-08-27,SUNPHARMA,SUNPHARMA schedules annual general meeting for upcoming month,Financial Express,https://finance.example.com/news/sunpharma
2026-08-28,SUNPHARMA,Market highlights: SUNPHARMA trades rangebound in quiet session,Business Standard,https://finance.example.com/news/sunpharma
2026-08-28,SUNPHARMA,SUNPHARMA secures $500M international contract expansion,Financial Express,https://finance.example.com/news/sunpharma
2026-08-31,SUNPHARMA,SUNPHARMA secures $500M international contract expansion,Economic Times,https://finance.example.com/news/sunpharma
2026-09-01,SUNPHARMA,SUNPHARMA launches innovative AI-driven service line in India,Economic Times,https://finance.example.com/news/sunpharma
2026-09-01,SUNPHARMA,SUNPHARMA schedules annual general meeting for upcoming month,Livemint,https://finance.example.com/news/sunpharma
2026-09-01,SUNPHARMA,Quarterly revenue drops for SUNPHARMA as demand slows down,Economic Times,https://finance.example.com/news/sunpharma
2026-09-02,SUNPHARMA,SUNPHARMA announces strategic partnership to boost market share,Economic Times,https://finance.example.com/news/sunpharma
2026-09-02,SUNPHARMA,SUNPHARMA faces margin pressure amid rising operational expenses,Livemint,https://finance.example.com/news/sunpharma
2026-09-02,SUNPHARMA,Regulatory scrutiny increases for SUNPHARMA over compliance issue,Business Standard,https://finance.example.com/news/sunpharma
2026-09-03,SUNPHARMA,Supply chain disruptions impact production targets for SUNPHARMA,Financial Express,https://finance.example.com/news/sunpharma
2026-09-03,SUNPHARMA,SUNPHARMA launches innovative AI-driven service line in India,Business Standard,https://finance.example.com/news/sunpharma
2026-09-04,SUNPHARMA,Market highlights: SUNPHARMA trades rangebound in quiet session,Economic Times,https://finance.example.com/news/sunpharma
2026-09-04,SUNPHARMA,Board of directors at SUNPHARMA considers new dividend payout plan,Economic Times,https://finance.example.com/news/sunpharma
2026-09-07,SUNPHARMA,Regulatory scrutiny increases for SUNPHARMA over compliance issue,Economic Times,https://finance.example.com/news/sunpharma
2026-09-07,SUNPHARMA,Market highlights: SUNPHARMA trades rangebound in quiet session,Financial Express,https://finance.example.com/news/sunpharma
2026-09-07,SUNPHARMA,SUNPHARMA faces margin pressure amid rising operational expenses,Business Standard,https://finance.example.com/news/sunpharma
2026-09-07,SUNPHARMA,SUNPHARMA launches innovative AI-driven service line in India,Financial Express,https://finance.example.com/news/sunpharma
2026-09-08,SUNPHARMA,Quarterly revenue drops for SUNPHARMA as demand slows down,Financial Express,https://finance.example.com/news/sunpharma
2026-09-08,SUNPHARMA,"SUNPHARMA reports record quarterly profit, exceeding analyst estimates",Economic Times,https://finance.example.com/news/sunpharma
2026-09-09,SUNPHARMA,Regulatory scrutiny increases for SUNPHARMA over compliance issue,Economic Times,https://finance.example.com/news/sunpharma
2026-09-09,SUNPHARMA,Executive leadership changes announced at SUNPHARMA,Economic Times,https://finance.example.com/news/sunpharma
2026-09-10,SUNPHARMA,Supply chain disruptions impact production targets for SUNPHARMA,Economic Times,https://finance.example.com/news/sunpharma
2026-09-11,SUNPHARMA,Market highlights: SUNPHARMA trades rangebound in quiet session,Financial Express,https://finance.example.com/news/sunpharma
2026-09-11,SUNPHARMA,Quarterly revenue drops for SUNPHARMA as demand slows down,Financial Express,https://finance.example.com/news/sunpharma
2026-09-11,SUNPHARMA,SUNPHARMA downgraded by major brokerage following weak guidance,Business Standard,https://finance.example.com/news/sunpharma
2026-09-14,SUNPHARMA,"SUNPHARMA reports record quarterly profit, exceeding analyst estimates",Business Standard,https://finance.example.com/news/sunpharma
2026-09-14,SUNPHARMA,SUNPHARMA files quarterly compliance report with NSE,Economic Times,https://finance.example.com/news/sunpharma
2026-09-14,SUNPHARMA,SUNPHARMA announces strategic partnership to boost market share,Financial Express,https://finance.example.com/news/sunpharma
2026-09-14,SUNPHARMA,SUNPHARMA files quarterly compliance report with NSE,Economic Times,https://finance.example.com/news/sunpharma
2026-09-15,SUNPHARMA,SUNPHARMA downgraded by major brokerage following weak guidance,Business Standard,https://finance.example.com/news/sunpharma
2026-09-16,SUNPHARMA,SUNPHARMA announces strategic partnership to boost market share,Financial Express,https://finance.example.com/news/sunpharma
2026-09-16,SUNPHARMA,SUNPHARMA announces strategic partnership to boost market share,Business Standard,https://finance.example.com/news/sunpharma
2026-09-16,SUNPHARMA,Supply chain disruptions impact production targets for SUNPHARMA,Economic Times,https://finance.example.com/news/sunpharma
2026-09-16,SUNPHARMA,Quarterly revenue drops for SUNPHARMA as demand slows down,Livemint,https://finance.example.com/news/sunpharma
2026-09-17,SUNPHARMA,"SUNPHARMA reports record quarterly profit, exceeding analyst estimates",Economic Times,https://finance.example.com/news/sunpharma
2026-09-17,SUNPHARMA,Market highlights: SUNPHARMA trades rangebound in quiet session,Livemint,https://finance.example.com/news/sunpharma
2026-09-17,SUNPHARMA,SUNPHARMA downgraded by major brokerage following weak guidance,Business Standard,https://finance.example.com/news/sunpharma
2026-09-17,SUNPHARMA,Executive leadership changes announced at SUNPHARMA,Livemint,https://finance.example.com/news/sunpharma
2026-09-18,SUNPHARMA,SUNPHARMA launches innovative AI-driven service line in India,Economic Times,https://finance.example.com/news/sunpharma
2026-09-21,SUNPHARMA,Supply chain disruptions impact production targets for SUNPHARMA,Economic Times,https://finance.example.com/news/sunpharma
2026-09-21,SUNPHARMA,SUNPHARMA secures $500M international contract expansion,Livemint,https://finance.example.com/news/sunpharma
2026-09-21,SUNPHARMA,SUNPHARMA faces margin pressure amid rising operational expenses,Business Standard,https://finance.example.com/news/sunpharma
2026-09-22,SUNPHARMA,Executive leadership changes announced at SUNPHARMA,Financial Express,https://finance.example.com/news/sunpharma
2026-09-22,SUNPHARMA,SUNPHARMA downgraded by major brokerage following weak guidance,Economic Times,https://finance.example.com/news/sunpharma
2026-09-22,SUNPHARMA,Market highlights: SUNPHARMA trades rangebound in quiet session,Business Standard,https://finance.example.com/news/sunpharma
2026-09-23,SUNPHARMA,SUNPHARMA launches innovative AI-driven service line in India,Business Standard,https://finance.example.com/news/sunpharma
2026-09-23,SUNPHARMA,Supply chain disruptions impact production targets for SUNPHARMA,Financial Express,https://finance.example.com/news/sunpharma
2026-09-23,SUNPHARMA,Supply chain disruptions impact production targets for SUNPHARMA,Business Standard,https://finance.example.com/news/sunpharma
2026-09-24,SUNPHARMA,SUNPHARMA downgraded by major brokerage following weak guidance,Livemint,https://finance.example.com/news/sunpharma
2026-09-24,SUNPHARMA,Supply chain disruptions impact production targets for SUNPHARMA,Livemint,https://finance.example.com/news/sunpharma
2026-09-24,SUNPHARMA,SUNPHARMA faces margin pressure amid rising operational expenses,Economic Times,https://finance.example.com/news/sunpharma
2026-09-25,SUNPHARMA,SUNPHARMA launches innovative AI-driven service line in India,Economic Times,https://finance.example.com/news/sunpharma
2026-09-25,SUNPHARMA,SUNPHARMA launches innovative AI-driven service line in India,Livemint,https://finance.example.com/news/sunpharma
2026-09-25,SUNPHARMA,SUNPHARMA announces strategic partnership to boost market share,Financial Express,https://finance.example.com/news/sunpharma
2026-09-28,SUNPHARMA,SUNPHARMA announces strategic partnership to boost market share,Financial Express,https://finance.example.com/news/sunpharma
2026-09-28,SUNPHARMA,Analysts upgrade SUNPHARMA target price following robust revenue growth,Financial Express,https://finance.example.com/news/sunpharma
2026-09-28,SUNPHARMA,Board of directors at SUNPHARMA considers new dividend payout plan,Business Standard,https://finance.example.com/news/sunpharma
2026-09-28,SUNPHARMA,SUNPHARMA files quarterly compliance report with NSE,Economic Times,https://finance.example.com/news/sunpharma
2026-09-29,SUNPHARMA,SUNPHARMA schedules annual general meeting for upcoming month,Economic Times,https://finance.example.com/news/sunpharma
2026-09-30,SUNPHARMA,SUNPHARMA launches innovative AI-driven service line in India,Financial Express,https://finance.example.com/news/sunpharma
2026-09-30,SUNPHARMA,Analysts upgrade SUNPHARMA target price following robust revenue growth,Financial Express,https://finance.example.com/news/sunpharma
2026-09-30,SUNPHARMA,SUNPHARMA announces strategic partnership to boost market share,Economic Times,https://finance.example.com/news/sunpharma
2026-09-30,SUNPHARMA,Analysts upgrade SUNPHARMA target price following robust revenue growth,Livemint,https://finance.example.com/news/sunpharma
2026-10-01,SUNPHARMA,SUNPHARMA schedules annual general meeting for upcoming month,Economic Times,https://finance.example.com/news/sunpharma
2026-10-02,SUNPHARMA,Analysts upgrade SUNPHARMA target price following robust revenue growth,Economic Times,https://finance.example.com/news/sunpharma
2026-04-07,TITAN,"TITAN reports record quarterly profit, exceeding analyst estimates",Livemint,https://finance.example.com/news/titan
2026-04-07,TITAN,Regulatory scrutiny increases for TITAN over compliance issue,Financial Express,https://finance.example.com/news/titan
2026-04-07,TITAN,TITAN launches innovative AI-driven service line in India,Livemint,https://finance.example.com/news/titan
2026-04-07,TITAN,TITAN schedules annual general meeting for upcoming month,Financial Express,https://finance.example.com/news/titan
2026-04-08,TITAN,Analysts upgrade TITAN target price following robust revenue growth,Business Standard,https://finance.example.com/news/titan
2026-04-08,TITAN,Market highlights: TITAN trades rangebound in quiet session,Financial Express,https://finance.example.com/news/titan
2026-04-09,TITAN,TITAN faces margin pressure amid rising operational expenses,Livemint,https://finance.example.com/news/titan
2026-04-09,TITAN,"TITAN reports record quarterly profit, exceeding analyst estimates",Livemint,https://finance.example.com/news/titan
2026-04-09,TITAN,Board of directors at TITAN considers new dividend payout plan,Business Standard,https://finance.example.com/news/titan
2026-04-10,TITAN,Supply chain disruptions impact production targets for TITAN,Financial Express,https://finance.example.com/news/titan
2026-04-10,TITAN,TITAN downgraded by major brokerage following weak guidance,Financial Express,https://finance.example.com/news/titan
2026-04-10,TITAN,Supply chain disruptions impact production targets for TITAN,Business Standard,https://finance.example.com/news/titan
2026-04-13,TITAN,TITAN faces margin pressure amid rising operational expenses,Financial Express,https://finance.example.com/news/titan
2026-04-13,TITAN,TITAN secures $500M international contract expansion,Business Standard,https://finance.example.com/news/titan
2026-04-14,TITAN,TITAN schedules annual general meeting for upcoming month,Financial Express,https://finance.example.com/news/titan
2026-04-14,TITAN,Analysts upgrade TITAN target price following robust revenue growth,Livemint,https://finance.example.com/news/titan
2026-04-14,TITAN,TITAN files quarterly compliance report with NSE,Economic Times,https://finance.example.com/news/titan
2026-04-15,TITAN,Analysts upgrade TITAN target price following robust revenue growth,Livemint,https://finance.example.com/news/titan
2026-04-16,TITAN,TITAN downgraded by major brokerage following weak guidance,Livemint,https://finance.example.com/news/titan
2026-04-16,TITAN,"TITAN reports record quarterly profit, exceeding analyst estimates",Business Standard,https://finance.example.com/news/titan
2026-04-16,TITAN,TITAN secures $500M international contract expansion,Financial Express,https://finance.example.com/news/titan
2026-04-16,TITAN,Analysts upgrade TITAN target price following robust revenue growth,Business Standard,https://finance.example.com/news/titan
2026-04-17,TITAN,TITAN launches innovative AI-driven service line in India,Economic Times,https://finance.example.com/news/titan
2026-04-17,TITAN,TITAN secures $500M international contract expansion,Financial Express,https://finance.example.com/news/titan
2026-04-17,TITAN,Quarterly revenue drops for TITAN as demand slows down,Economic Times,https://finance.example.com/news/titan
2026-04-17,TITAN,Analysts upgrade TITAN target price following robust revenue growth,Business Standard,https://finance.example.com/news/titan
2026-04-20,TITAN,Analysts upgrade TITAN target price following robust revenue growth,Business Standard,https://finance.example.com/news/titan
2026-04-21,TITAN,Analysts upgrade TITAN target price following robust revenue growth,Livemint,https://finance.example.com/news/titan
2026-04-21,TITAN,TITAN secures $500M international contract expansion,Business Standard,https://finance.example.com/news/titan
2026-04-21,TITAN,"TITAN reports record quarterly profit, exceeding analyst estimates",Economic Times,https://finance.example.com/news/titan
2026-04-21,TITAN,Quarterly revenue drops for TITAN as demand slows down,Financial Express,https://finance.example.com/news/titan
2026-04-22,TITAN,Board of directors at TITAN considers new dividend payout plan,Livemint,https://finance.example.com/news/titan
2026-04-22,TITAN,Analysts upgrade TITAN target price following robust revenue growth,Economic Times,https://finance.example.com/news/titan
2026-04-22,TITAN,TITAN announces strategic partnership to boost market share,Financial Express,https://finance.example.com/news/titan
2026-04-22,TITAN,TITAN secures $500M international contract expansion,Business Standard,https://finance.example.com/news/titan
2026-04-23,TITAN,TITAN faces margin pressure amid rising operational expenses,Financial Express,https://finance.example.com/news/titan
2026-04-23,TITAN,Market highlights: TITAN trades rangebound in quiet session,Economic Times,https://finance.example.com/news/titan
2026-04-24,TITAN,TITAN downgraded by major brokerage following weak guidance,Business Standard,https://finance.example.com/news/titan
2026-04-24,TITAN,Analysts upgrade TITAN target price following robust revenue growth,Economic Times,https://finance.example.com/news/titan
2026-04-27,TITAN,Quarterly revenue drops for TITAN as demand slows down,Livemint,https://finance.example.com/news/titan
2026-04-27,TITAN,TITAN announces strategic partnership to boost market share,Livemint,https://finance.example.com/news/titan
2026-04-27,TITAN,Analysts upgrade TITAN target price following robust revenue growth,Economic Times,https://finance.example.com/news/titan
2026-04-28,TITAN,"TITAN reports record quarterly profit, exceeding analyst estimates",Livemint,https://finance.example.com/news/titan
2026-04-28,TITAN,Supply chain disruptions impact production targets for TITAN,Financial Express,https://finance.example.com/news/titan
2026-04-28,TITAN,TITAN faces margin pressure amid rising operational expenses,Livemint,https://finance.example.com/news/titan
2026-04-29,TITAN,TITAN faces margin pressure amid rising operational expenses,Livemint,https://finance.example.com/news/titan
2026-04-30,TITAN,Quarterly revenue drops for TITAN as demand slows down,Business Standard,https://finance.example.com/news/titan
2026-04-30,TITAN,Quarterly revenue drops for TITAN as demand slows down,Business Standard,https://finance.example.com/news/titan
2026-04-30,TITAN,Analysts upgrade TITAN target price following robust revenue growth,Economic Times,https://finance.example.com/news/titan
2026-05-01,TITAN,TITAN files quarterly compliance report with NSE,Business Standard,https://finance.example.com/news/titan
2026-05-01,TITAN,TITAN files quarterly compliance report with NSE,Financial Express,https://finance.example.com/news/titan
2026-05-01,TITAN,Market highlights: TITAN trades rangebound in quiet session,Financial Express,https://finance.example.com/news/titan
2026-05-04,TITAN,Supply chain disruptions impact production targets for TITAN,Business Standard,https://finance.example.com/news/titan
2026-05-04,TITAN,Analysts upgrade TITAN target price following robust revenue growth,Economic Times,https://finance.example.com/news/titan
2026-05-04,TITAN,TITAN secures $500M international contract expansion,Business Standard,https://finance.example.com/news/titan
2026-05-05,TITAN,"TITAN reports record quarterly profit, exceeding analyst estimates",Economic Times,https://finance.example.com/news/titan
2026-05-06,TITAN,"TITAN reports record quarterly profit, exceeding analyst estimates",Economic Times,https://finance.example.com/news/titan
2026-05-06,TITAN,TITAN announces strategic partnership to boost market share,Economic Times,https://finance.example.com/news/titan
2026-05-06,TITAN,TITAN faces margin pressure amid rising operational expenses,Business Standard,https://finance.example.com/news/titan
2026-05-06,TITAN,Regulatory scrutiny increases for TITAN over compliance issue,Financial Express,https://finance.example.com/news/titan
2026-05-07,TITAN,Market highlights: TITAN trades rangebound in quiet session,Business Standard,https://finance.example.com/news/titan
2026-05-07,TITAN,Analysts upgrade TITAN target price following robust revenue growth,Business Standard,https://finance.example.com/news/titan
2026-05-07,TITAN,"TITAN reports record quarterly profit, exceeding analyst estimates",Livemint,https://finance.example.com/news/titan
2026-05-08,TITAN,Analysts upgrade TITAN target price following robust revenue growth,Business Standard,https://finance.example.com/news/titan
2026-05-08,TITAN,TITAN secures $500M international contract expansion,Livemint,https://finance.example.com/news/titan
2026-05-11,TITAN,Supply chain disruptions impact production targets for TITAN,Financial Express,https://finance.example.com/news/titan
2026-05-11,TITAN,TITAN announces strategic partnership to boost market share,Financial Express,https://finance.example.com/news/titan
2026-05-12,TITAN,TITAN downgraded by major brokerage following weak guidance,Economic Times,https://finance.example.com/news/titan
2026-05-12,TITAN,TITAN launches innovative AI-driven service line in India,Business Standard,https://finance.example.com/news/titan
2026-05-12,TITAN,TITAN launches innovative AI-driven service line in India,Business Standard,https://finance.example.com/news/titan
2026-05-13,TITAN,Executive leadership changes announced at TITAN,Business Standard,https://finance.example.com/news/titan
2026-05-13,TITAN,TITAN faces margin pressure amid rising operational expenses,Livemint,https://finance.example.com/news/titan
2026-05-13,TITAN,TITAN launches innovative AI-driven service line in India,Economic Times,https://finance.example.com/news/titan
2026-05-13,TITAN,Supply chain disruptions impact production targets for TITAN,Livemint,https://finance.example.com/news/titan
2026-05-14,TITAN,TITAN downgraded by major brokerage following weak guidance,Livemint,https://finance.example.com/news/titan
2026-05-14,TITAN,TITAN files quarterly compliance report with NSE,Financial Express,https://finance.example.com/news/titan
2026-05-14,TITAN,Supply chain disruptions impact production targets for TITAN,Financial Express,https://finance.example.com/news/titan
2026-05-14,TITAN,TITAN faces margin pressure amid rising operational expenses,Financial Express,https://finance.example.com/news/titan
2026-05-15,TITAN,Supply chain disruptions impact production targets for TITAN,Financial Express,https://finance.example.com/news/titan
2026-05-15,TITAN,Regulatory scrutiny increases for TITAN over compliance issue,Livemint,https://finance.example.com/news/titan
2026-05-15,TITAN,"TITAN reports record quarterly profit, exceeding analyst estimates",Business Standard,https://finance.example.com/news/titan
2026-05-18,TITAN,Board of directors at TITAN considers new dividend payout plan,Livemint,https://finance.example.com/news/titan
2026-05-18,TITAN,TITAN announces strategic partnership to boost market share,Livemint,https://finance.example.com/news/titan
2026-05-18,TITAN,Supply chain disruptions impact production targets for TITAN,Business Standard,https://finance.example.com/news/titan
2026-05-19,TITAN,Supply chain disruptions impact production targets for TITAN,Livemint,https://finance.example.com/news/titan
2026-05-19,TITAN,Market highlights: TITAN trades rangebound in quiet session,Livemint,https://finance.example.com/news/titan
2026-05-19,TITAN,Supply chain disruptions impact production targets for TITAN,Livemint,https://finance.example.com/news/titan
2026-05-20,TITAN,TITAN schedules annual general meeting for upcoming month,Financial Express,https://finance.example.com/news/titan
2026-05-20,TITAN,"TITAN reports record quarterly profit, exceeding analyst estimates",Business Standard,https://finance.example.com/news/titan
2026-05-21,TITAN,Executive leadership changes announced at TITAN,Financial Express,https://finance.example.com/news/titan
2026-05-21,TITAN,TITAN files quarterly compliance report with NSE,Economic Times,https://finance.example.com/news/titan
2026-05-21,TITAN,TITAN downgraded by major brokerage following weak guidance,Financial Express,https://finance.example.com/news/titan
2026-05-21,TITAN,Quarterly revenue drops for TITAN as demand slows down,Livemint,https://finance.example.com/news/titan
2026-05-22,TITAN,TITAN schedules annual general meeting for upcoming month,Livemint,https://finance.example.com/news/titan
2026-05-22,TITAN,Board of directors at TITAN considers new dividend payout plan,Business Standard,https://finance.example.com/news/titan
2026-05-22,TITAN,Regulatory scrutiny increases for TITAN over compliance issue,Business Standard,https://finance.example.com/news/titan
2026-05-25,TITAN,TITAN secures $500M international contract expansion,Financial Express,https://finance.example.com/news/titan
2026-05-26,TITAN,Quarterly revenue drops for TITAN as demand slows down,Business Standard,https://finance.example.com/news/titan
2026-05-26,TITAN,TITAN schedules annual general meeting for upcoming month,Financial Express,https://finance.example.com/news/titan
2026-05-27,TITAN,TITAN downgraded by major brokerage following weak guidance,Financial Express,https://finance.example.com/news/titan
2026-05-27,TITAN,Analysts upgrade TITAN target price following robust revenue growth,Financial Express,https://finance.example.com/news/titan
2026-05-28,TITAN,Executive leadership changes announced at TITAN,Economic Times,https://finance.example.com/news/titan
2026-05-29,TITAN,Supply chain disruptions impact production targets for TITAN,Financial Express,https://finance.example.com/news/titan
2026-06-01,TITAN,TITAN announces strategic partnership to boost market share,Business Standard,https://finance.example.com/news/titan
2026-06-01,TITAN,Executive leadership changes announced at TITAN,Economic Times,https://finance.example.com/news/titan
2026-06-01,TITAN,Analysts upgrade TITAN target price following robust revenue growth,Financial Express,https://finance.example.com/news/titan
2026-06-02,TITAN,Executive leadership changes announced at TITAN,Financial Express,https://finance.example.com/news/titan
2026-06-02,TITAN,Market highlights: TITAN trades rangebound in quiet session,Financial Express,https://finance.example.com/news/titan
2026-06-02,TITAN,TITAN files quarterly compliance report with NSE,Economic Times,https://finance.example.com/news/titan
2026-06-03,TITAN,TITAN faces margin pressure amid rising operational expenses,Financial Express,https://finance.example.com/news/titan
2026-06-03,TITAN,TITAN secures $500M international contract expansion,Financial Express,https://finance.example.com/news/titan
2026-06-04,TITAN,TITAN announces strategic partnership to boost market share,Economic Times,https://finance.example.com/news/titan
2026-06-05,TITAN,Analysts upgrade TITAN target price following robust revenue growth,Livemint,https://finance.example.com/news/titan
2026-06-05,TITAN,TITAN launches innovative AI-driven service line in India,Financial Express,https://finance.example.com/news/titan
2026-06-05,TITAN,Supply chain disruptions impact production targets for TITAN,Livemint,https://finance.example.com/news/titan
2026-06-05,TITAN,TITAN schedules annual general meeting for upcoming month,Financial Express,https://finance.example.com/news/titan
2026-06-08,TITAN,"TITAN reports record quarterly profit, exceeding analyst estimates",Economic Times,https://finance.example.com/news/titan
2026-06-09,TITAN,TITAN launches innovative AI-driven service line in India,Economic Times,https://finance.example.com/news/titan
2026-06-09,TITAN,Quarterly revenue drops for TITAN as demand slows down,Business Standard,https://finance.example.com/news/titan
2026-06-09,TITAN,TITAN launches innovative AI-driven service line in India,Economic Times,https://finance.example.com/news/titan
2026-06-10,TITAN,Analysts upgrade TITAN target price following robust revenue growth,Business Standard,https://finance.example.com/news/titan
2026-06-10,TITAN,Regulatory scrutiny increases for TITAN over compliance issue,Livemint,https://finance.example.com/news/titan
2026-06-10,TITAN,TITAN announces strategic partnership to boost market share,Financial Express,https://finance.example.com/news/titan
2026-06-10,TITAN,TITAN files quarterly compliance report with NSE,Livemint,https://finance.example.com/news/titan
2026-06-11,TITAN,Analysts upgrade TITAN target price following robust revenue growth,Business Standard,https://finance.example.com/news/titan
2026-06-11,TITAN,TITAN faces margin pressure amid rising operational expenses,Livemint,https://finance.example.com/news/titan
2026-06-11,TITAN,Market highlights: TITAN trades rangebound in quiet session,Economic Times,https://finance.example.com/news/titan
2026-06-11,TITAN,Supply chain disruptions impact production targets for TITAN,Economic Times,https://finance.example.com/news/titan
2026-06-12,TITAN,"TITAN reports record quarterly profit, exceeding analyst estimates",Financial Express,https://finance.example.com/news/titan
2026-06-12,TITAN,TITAN secures $500M international contract expansion,Business Standard,https://finance.example.com/news/titan
2026-06-12,TITAN,Executive leadership changes announced at TITAN,Financial Express,https://finance.example.com/news/titan
2026-06-15,TITAN,Board of directors at TITAN considers new dividend payout plan,Business Standard,https://finance.example.com/news/titan
2026-06-15,TITAN,TITAN downgraded by major brokerage following weak guidance,Financial Express,https://finance.example.com/news/titan
2026-06-16,TITAN,TITAN downgraded by major brokerage following weak guidance,Business Standard,https://finance.example.com/news/titan
2026-06-16,TITAN,Quarterly revenue drops for TITAN as demand slows down,Economic Times,https://finance.example.com/news/titan
2026-06-17,TITAN,"TITAN reports record quarterly profit, exceeding analyst estimates",Business Standard,https://finance.example.com/news/titan
2026-06-17,TITAN,TITAN files quarterly compliance report with NSE,Financial Express,https://finance.example.com/news/titan
2026-06-17,TITAN,Market highlights: TITAN trades rangebound in quiet session,Financial Express,https://finance.example.com/news/titan
2026-06-18,TITAN,Executive leadership changes announced at TITAN,Business Standard,https://finance.example.com/news/titan
2026-06-19,TITAN,Regulatory scrutiny increases for TITAN over compliance issue,Livemint,https://finance.example.com/news/titan
2026-06-19,TITAN,Quarterly revenue drops for TITAN as demand slows down,Business Standard,https://finance.example.com/news/titan
2026-06-19,TITAN,TITAN schedules annual general meeting for upcoming month,Livemint,https://finance.example.com/news/titan
2026-06-22,TITAN,TITAN announces strategic partnership to boost market share,Financial Express,https://finance.example.com/news/titan
2026-06-23,TITAN,Regulatory scrutiny increases for TITAN over compliance issue,Financial Express,https://finance.example.com/news/titan
2026-06-23,TITAN,TITAN launches innovative AI-driven service line in India,Business Standard,https://finance.example.com/news/titan
2026-06-24,TITAN,Supply chain disruptions impact production targets for TITAN,Financial Express,https://finance.example.com/news/titan
2026-06-24,TITAN,Analysts upgrade TITAN target price following robust revenue growth,Livemint,https://finance.example.com/news/titan
2026-06-25,TITAN,TITAN announces strategic partnership to boost market share,Economic Times,https://finance.example.com/news/titan
2026-06-25,TITAN,Regulatory scrutiny increases for TITAN over compliance issue,Financial Express,https://finance.example.com/news/titan
2026-06-25,TITAN,Supply chain disruptions impact production targets for TITAN,Financial Express,https://finance.example.com/news/titan
2026-06-25,TITAN,TITAN downgraded by major brokerage following weak guidance,Livemint,https://finance.example.com/news/titan
2026-06-26,TITAN,Regulatory scrutiny increases for TITAN over compliance issue,Livemint,https://finance.example.com/news/titan
2026-06-29,TITAN,TITAN files quarterly compliance report with NSE,Livemint,https://finance.example.com/news/titan
2026-06-29,TITAN,TITAN secures $500M international contract expansion,Livemint,https://finance.example.com/news/titan
2026-06-29,TITAN,TITAN downgraded by major brokerage following weak guidance,Economic Times,https://finance.example.com/news/titan
2026-06-29,TITAN,TITAN schedules annual general meeting for upcoming month,Business Standard,https://finance.example.com/news/titan
2026-06-30,TITAN,TITAN schedules annual general meeting for upcoming month,Business Standard,https://finance.example.com/news/titan
2026-06-30,TITAN,Executive leadership changes announced at TITAN,Financial Express,https://finance.example.com/news/titan
2026-06-30,TITAN,Market highlights: TITAN trades rangebound in quiet session,Livemint,https://finance.example.com/news/titan
2026-07-01,TITAN,TITAN secures $500M international contract expansion,Financial Express,https://finance.example.com/news/titan
2026-07-02,TITAN,TITAN launches innovative AI-driven service line in India,Business Standard,https://finance.example.com/news/titan
2026-07-02,TITAN,Quarterly revenue drops for TITAN as demand slows down,Economic Times,https://finance.example.com/news/titan
2026-07-02,TITAN,Board of directors at TITAN considers new dividend payout plan,Business Standard,https://finance.example.com/news/titan
2026-07-02,TITAN,TITAN launches innovative AI-driven service line in India,Business Standard,https://finance.example.com/news/titan
2026-07-03,TITAN,TITAN schedules annual general meeting for upcoming month,Economic Times,https://finance.example.com/news/titan
2026-07-06,TITAN,Supply chain disruptions impact production targets for TITAN,Financial Express,https://finance.example.com/news/titan
2026-07-07,TITAN,TITAN launches innovative AI-driven service line in India,Financial Express,https://finance.example.com/news/titan
2026-07-07,TITAN,TITAN secures $500M international contract expansion,Business Standard,https://finance.example.com/news/titan
2026-07-07,TITAN,Analysts upgrade TITAN target price following robust revenue growth,Economic Times,https://finance.example.com/news/titan
2026-07-08,TITAN,TITAN schedules annual general meeting for upcoming month,Economic Times,https://finance.example.com/news/titan
2026-07-09,TITAN,Executive leadership changes announced at TITAN,Financial Express,https://finance.example.com/news/titan
2026-07-09,TITAN,TITAN files quarterly compliance report with NSE,Business Standard,https://finance.example.com/news/titan
2026-07-10,TITAN,Analysts upgrade TITAN target price following robust revenue growth,Livemint,https://finance.example.com/news/titan
2026-07-10,TITAN,"TITAN reports record quarterly profit, exceeding analyst estimates",Business Standard,https://finance.example.com/news/titan
2026-07-10,TITAN,Quarterly revenue drops for TITAN as demand slows down,Financial Express,https://finance.example.com/news/titan
2026-07-10,TITAN,Regulatory scrutiny increases for TITAN over compliance issue,Livemint,https://finance.example.com/news/titan
2026-07-13,TITAN,Board of directors at TITAN considers new dividend payout plan,Financial Express,https://finance.example.com/news/titan
2026-07-13,TITAN,TITAN launches innovative AI-driven service line in India,Livemint,https://finance.example.com/news/titan
2026-07-13,TITAN,TITAN secures $500M international contract expansion,Economic Times,https://finance.example.com/news/titan
2026-07-14,TITAN,TITAN downgraded by major brokerage following weak guidance,Financial Express,https://finance.example.com/news/titan
2026-07-14,TITAN,Supply chain disruptions impact production targets for TITAN,Business Standard,https://finance.example.com/news/titan
2026-07-14,TITAN,TITAN launches innovative AI-driven service line in India,Livemint,https://finance.example.com/news/titan
2026-07-15,TITAN,TITAN secures $500M international contract expansion,Livemint,https://finance.example.com/news/titan
2026-07-15,TITAN,TITAN launches innovative AI-driven service line in India,Livemint,https://finance.example.com/news/titan
2026-07-15,TITAN,Board of directors at TITAN considers new dividend payout plan,Livemint,https://finance.example.com/news/titan
2026-07-15,TITAN,TITAN secures $500M international contract expansion,Economic Times,https://finance.example.com/news/titan
2026-07-16,TITAN,TITAN announces strategic partnership to boost market share,Financial Express,https://finance.example.com/news/titan
2026-07-16,TITAN,Analysts upgrade TITAN target price following robust revenue growth,Business Standard,https://finance.example.com/news/titan
2026-07-16,TITAN,TITAN faces margin pressure amid rising operational expenses,Business Standard,https://finance.example.com/news/titan
2026-07-16,TITAN,TITAN launches innovative AI-driven service line in India,Financial Express,https://finance.example.com/news/titan
2026-07-17,TITAN,TITAN downgraded by major brokerage following weak guidance,Economic Times,https://finance.example.com/news/titan
2026-07-17,TITAN,TITAN secures $500M international contract expansion,Financial Express,https://finance.example.com/news/titan
2026-07-20,TITAN,Regulatory scrutiny increases for TITAN over compliance issue,Business Standard,https://finance.example.com/news/titan
2026-07-21,TITAN,TITAN schedules annual general meeting for upcoming month,Livemint,https://finance.example.com/news/titan
2026-07-21,TITAN,TITAN announces strategic partnership to boost market share,Financial Express,https://finance.example.com/news/titan
2026-07-21,TITAN,TITAN launches innovative AI-driven service line in India,Business Standard,https://finance.example.com/news/titan
2026-07-21,TITAN,TITAN faces margin pressure amid rising operational expenses,Financial Express,https://finance.example.com/news/titan
2026-07-22,TITAN,Regulatory scrutiny increases for TITAN over compliance issue,Livemint,https://finance.example.com/news/titan
2026-07-23,TITAN,TITAN launches innovative AI-driven service line in India,Economic Times,https://finance.example.com/news/titan
2026-07-24,TITAN,"TITAN reports record quarterly profit, exceeding analyst estimates",Business Standard,https://finance.example.com/news/titan
2026-07-24,TITAN,"TITAN reports record quarterly profit, exceeding analyst estimates",Financial Express,https://finance.example.com/news/titan
2026-07-24,TITAN,TITAN launches innovative AI-driven service line in India,Financial Express,https://finance.example.com/news/titan
2026-07-24,TITAN,Market highlights: TITAN trades rangebound in quiet session,Financial Express,https://finance.example.com/news/titan
2026-07-27,TITAN,Regulatory scrutiny increases for TITAN over compliance issue,Financial Express,https://finance.example.com/news/titan
2026-07-27,TITAN,Analysts upgrade TITAN target price following robust revenue growth,Livemint,https://finance.example.com/news/titan
2026-07-27,TITAN,TITAN files quarterly compliance report with NSE,Business Standard,https://finance.example.com/news/titan
2026-07-27,TITAN,Market highlights: TITAN trades rangebound in quiet session,Financial Express,https://finance.example.com/news/titan
2026-07-28,TITAN,TITAN faces margin pressure amid rising operational expenses,Business Standard,https://finance.example.com/news/titan
2026-07-28,TITAN,Market highlights: TITAN trades rangebound in quiet session,Livemint,https://finance.example.com/news/titan
2026-07-29,TITAN,"TITAN reports record quarterly profit, exceeding analyst estimates",Economic Times,https://finance.example.com/news/titan
2026-07-29,TITAN,TITAN files quarterly compliance report with NSE,Livemint,https://finance.example.com/news/titan
2026-07-29,TITAN,Board of directors at TITAN considers new dividend payout plan,Economic Times,https://finance.example.com/news/titan
2026-07-30,TITAN,TITAN launches innovative AI-driven service line in India,Financial Express,https://finance.example.com/news/titan
2026-07-30,TITAN,TITAN secures $500M international contract expansion,Economic Times,https://finance.example.com/news/titan
2026-07-30,TITAN,TITAN files quarterly compliance report with NSE,Financial Express,https://finance.example.com/news/titan
2026-07-31,TITAN,TITAN schedules annual general meeting for upcoming month,Livemint,https://finance.example.com/news/titan
2026-07-31,TITAN,TITAN launches innovative AI-driven service line in India,Business Standard,https://finance.example.com/news/titan
2026-08-03,TITAN,"TITAN reports record quarterly profit, exceeding analyst estimates",Economic Times,https://finance.example.com/news/titan
2026-08-03,TITAN,TITAN downgraded by major brokerage following weak guidance,Livemint,https://finance.example.com/news/titan
2026-08-04,TITAN,TITAN secures $500M international contract expansion,Business Standard,https://finance.example.com/news/titan
2026-08-04,TITAN,TITAN downgraded by major brokerage following weak guidance,Livemint,https://finance.example.com/news/titan
2026-08-04,TITAN,TITAN schedules annual general meeting for upcoming month,Economic Times,https://finance.example.com/news/titan
2026-08-05,TITAN,TITAN files quarterly compliance report with NSE,Livemint,https://finance.example.com/news/titan
2026-08-05,TITAN,"TITAN reports record quarterly profit, exceeding analyst estimates",Economic Times,https://finance.example.com/news/titan
2026-08-05,TITAN,TITAN announces strategic partnership to boost market share,Financial Express,https://finance.example.com/news/titan
2026-08-06,TITAN,Executive leadership changes announced at TITAN,Financial Express,https://finance.example.com/news/titan
2026-08-06,TITAN,TITAN launches innovative AI-driven service line in India,Business Standard,https://finance.example.com/news/titan
2026-08-06,TITAN,TITAN files quarterly compliance report with NSE,Business Standard,https://finance.example.com/news/titan
2026-08-07,TITAN,TITAN downgraded by major brokerage following weak guidance,Business Standard,https://finance.example.com/news/titan
2026-08-07,TITAN,TITAN launches innovative AI-driven service line in India,Business Standard,https://finance.example.com/news/titan
2026-08-07,TITAN,TITAN schedules annual general meeting for upcoming month,Livemint,https://finance.example.com/news/titan
2026-08-10,TITAN,TITAN faces margin pressure amid rising operational expenses,Economic Times,https://finance.example.com/news/titan
2026-08-10,TITAN,Supply chain disruptions impact production targets for TITAN,Financial Express,https://finance.example.com/news/titan
2026-08-10,TITAN,TITAN schedules annual general meeting for upcoming month,Financial Express,https://finance.example.com/news/titan
2026-08-11,TITAN,TITAN announces strategic partnership to boost market share,Economic Times,https://finance.example.com/news/titan
2026-08-11,TITAN,Analysts upgrade TITAN target price following robust revenue growth,Financial Express,https://finance.example.com/news/titan
2026-08-11,TITAN,TITAN announces strategic partnership to boost market share,Economic Times,https://finance.example.com/news/titan
2026-08-11,TITAN,TITAN secures $500M international contract expansion,Economic Times,https://finance.example.com/news/titan
2026-08-12,TITAN,TITAN files quarterly compliance report with NSE,Livemint,https://finance.example.com/news/titan
2026-08-12,TITAN,Quarterly revenue drops for TITAN as demand slows down,Business Standard,https://finance.example.com/news/titan
2026-08-12,TITAN,TITAN schedules annual general meeting for upcoming month,Economic Times,https://finance.example.com/news/titan
2026-08-13,TITAN,TITAN announces strategic partnership to boost market share,Business Standard,https://finance.example.com/news/titan
2026-08-14,TITAN,TITAN secures $500M international contract expansion,Economic Times,https://finance.example.com/news/titan
2026-08-14,TITAN,TITAN schedules annual general meeting for upcoming month,Economic Times,https://finance.example.com/news/titan
2026-08-14,TITAN,TITAN secures $500M international contract expansion,Economic Times,https://finance.example.com/news/titan
2026-08-17,TITAN,Regulatory scrutiny increases for TITAN over compliance issue,Financial Express,https://finance.example.com/news/titan
2026-08-17,TITAN,Analysts upgrade TITAN target price following robust revenue growth,Financial Express,https://finance.example.com/news/titan
2026-08-17,TITAN,Board of directors at TITAN considers new dividend payout plan,Financial Express,https://finance.example.com/news/titan
2026-08-17,TITAN,"TITAN reports record quarterly profit, exceeding analyst estimates",Business Standard,https://finance.example.com/news/titan
2026-08-18,TITAN,Market highlights: TITAN trades rangebound in quiet session,Business Standard,https://finance.example.com/news/titan
2026-08-18,TITAN,"TITAN reports record quarterly profit, exceeding analyst estimates",Financial Express,https://finance.example.com/news/titan
2026-08-19,TITAN,Supply chain disruptions impact production targets for TITAN,Financial Express,https://finance.example.com/news/titan
2026-08-20,TITAN,TITAN launches innovative AI-driven service line in India,Financial Express,https://finance.example.com/news/titan
2026-08-21,TITAN,TITAN faces margin pressure amid rising operational expenses,Business Standard,https://finance.example.com/news/titan
2026-08-24,TITAN,Board of directors at TITAN considers new dividend payout plan,Business Standard,https://finance.example.com/news/titan
2026-08-24,TITAN,TITAN launches innovative AI-driven service line in India,Business Standard,https://finance.example.com/news/titan
2026-08-25,TITAN,TITAN announces strategic partnership to boost market share,Livemint,https://finance.example.com/news/titan
2026-08-26,TITAN,TITAN faces margin pressure amid rising operational expenses,Business Standard,https://finance.example.com/news/titan
2026-08-26,TITAN,Quarterly revenue drops for TITAN as demand slows down,Business Standard,https://finance.example.com/news/titan
2026-08-26,TITAN,"TITAN reports record quarterly profit, exceeding analyst estimates",Financial Express,https://finance.example.com/news/titan
2026-08-27,TITAN,Regulatory scrutiny increases for TITAN over compliance issue,Business Standard,https://finance.example.com/news/titan
2026-08-27,TITAN,"TITAN reports record quarterly profit, exceeding analyst estimates",Economic Times,https://finance.example.com/news/titan
2026-08-27,TITAN,TITAN schedules annual general meeting for upcoming month,Financial Express,https://finance.example.com/news/titan
2026-08-28,TITAN,TITAN announces strategic partnership to boost market share,Livemint,https://finance.example.com/news/titan
2026-08-31,TITAN,TITAN secures $500M international contract expansion,Livemint,https://finance.example.com/news/titan
2026-08-31,TITAN,"TITAN reports record quarterly profit, exceeding analyst estimates",Economic Times,https://finance.example.com/news/titan
2026-08-31,TITAN,TITAN faces margin pressure amid rising operational expenses,Financial Express,https://finance.example.com/news/titan
2026-09-01,TITAN,TITAN secures $500M international contract expansion,Livemint,https://finance.example.com/news/titan
2026-09-01,TITAN,TITAN faces margin pressure amid rising operational expenses,Business Standard,https://finance.example.com/news/titan
2026-09-01,TITAN,TITAN announces strategic partnership to boost market share,Livemint,https://finance.example.com/news/titan
2026-09-02,TITAN,Quarterly revenue drops for TITAN as demand slows down,Business Standard,https://finance.example.com/news/titan
2026-09-02,TITAN,Regulatory scrutiny increases for TITAN over compliance issue,Financial Express,https://finance.example.com/news/titan
2026-09-02,TITAN,TITAN announces strategic partnership to boost market share,Economic Times,https://finance.example.com/news/titan
2026-09-03,TITAN,TITAN schedules annual general meeting for upcoming month,Economic Times,https://finance.example.com/news/titan
2026-09-03,TITAN,Executive leadership changes announced at TITAN,Financial Express,https://finance.example.com/news/titan
2026-09-03,TITAN,Regulatory scrutiny increases for TITAN over compliance issue,Economic Times,https://finance.example.com/news/titan
2026-09-04,TITAN,Supply chain disruptions impact production targets for TITAN,Livemint,https://finance.example.com/news/titan
2026-09-04,TITAN,Board of directors at TITAN considers new dividend payout plan,Business Standard,https://finance.example.com/news/titan
2026-09-07,TITAN,Analysts upgrade TITAN target price following robust revenue growth,Financial Express,https://finance.example.com/news/titan
2026-09-07,TITAN,Quarterly revenue drops for TITAN as demand slows down,Economic Times,https://finance.example.com/news/titan
2026-09-08,TITAN,Analysts upgrade TITAN target price following robust revenue growth,Economic Times,https://finance.example.com/news/titan
2026-09-08,TITAN,Regulatory scrutiny increases for TITAN over compliance issue,Economic Times,https://finance.example.com/news/titan
2026-09-08,TITAN,TITAN launches innovative AI-driven service line in India,Financial Express,https://finance.example.com/news/titan
2026-09-08,TITAN,"TITAN reports record quarterly profit, exceeding analyst estimates",Economic Times,https://finance.example.com/news/titan
2026-09-09,TITAN,Executive leadership changes announced at TITAN,Economic Times,https://finance.example.com/news/titan
2026-09-10,TITAN,"TITAN reports record quarterly profit, exceeding analyst estimates",Business Standard,https://finance.example.com/news/titan
2026-09-10,TITAN,Board of directors at TITAN considers new dividend payout plan,Livemint,https://finance.example.com/news/titan
2026-09-10,TITAN,"TITAN reports record quarterly profit, exceeding analyst estimates",Livemint,https://finance.example.com/news/titan
2026-09-11,TITAN,"TITAN reports record quarterly profit, exceeding analyst estimates",Financial Express,https://finance.example.com/news/titan
2026-09-11,TITAN,Regulatory scrutiny increases for TITAN over compliance issue,Economic Times,https://finance.example.com/news/titan
2026-09-11,TITAN,TITAN launches innovative AI-driven service line in India,Business Standard,https://finance.example.com/news/titan
2026-09-11,TITAN,"TITAN reports record quarterly profit, exceeding analyst estimates",Economic Times,https://finance.example.com/news/titan
2026-09-14,TITAN,TITAN downgraded by major brokerage following weak guidance,Financial Express,https://finance.example.com/news/titan
2026-09-14,TITAN,TITAN secures $500M international contract expansion,Economic Times,https://finance.example.com/news/titan
2026-09-15,TITAN,TITAN downgraded by major brokerage following weak guidance,Financial Express,https://finance.example.com/news/titan
2026-09-15,TITAN,TITAN secures $500M international contract expansion,Financial Express,https://finance.example.com/news/titan
2026-09-16,TITAN,TITAN files quarterly compliance report with NSE,Financial Express,https://finance.example.com/news/titan
2026-09-16,TITAN,TITAN downgraded by major brokerage following weak guidance,Business Standard,https://finance.example.com/news/titan
2026-09-16,TITAN,Board of directors at TITAN considers new dividend payout plan,Livemint,https://finance.example.com/news/titan
2026-09-17,TITAN,"TITAN reports record quarterly profit, exceeding analyst estimates",Livemint,https://finance.example.com/news/titan
2026-09-17,TITAN,Regulatory scrutiny increases for TITAN over compliance issue,Business Standard,https://finance.example.com/news/titan
2026-09-17,TITAN,Regulatory scrutiny increases for TITAN over compliance issue,Livemint,https://finance.example.com/news/titan
2026-09-18,TITAN,TITAN schedules annual general meeting for upcoming month,Financial Express,https://finance.example.com/news/titan
2026-09-18,TITAN,Quarterly revenue drops for TITAN as demand slows down,Economic Times,https://finance.example.com/news/titan
2026-09-18,TITAN,TITAN launches innovative AI-driven service line in India,Economic Times,https://finance.example.com/news/titan
2026-09-18,TITAN,TITAN files quarterly compliance report with NSE,Business Standard,https://finance.example.com/news/titan
2026-09-21,TITAN,Analysts upgrade TITAN target price following robust revenue growth,Business Standard,https://finance.example.com/news/titan
2026-09-21,TITAN,TITAN launches innovative AI-driven service line in India,Economic Times,https://finance.example.com/news/titan
2026-09-22,TITAN,TITAN schedules annual general meeting for upcoming month,Economic Times,https://finance.example.com/news/titan
2026-09-22,TITAN,Board of directors at TITAN considers new dividend payout plan,Business Standard,https://finance.example.com/news/titan
2026-09-23,TITAN,Executive leadership changes announced at TITAN,Business Standard,https://finance.example.com/news/titan
2026-09-23,TITAN,Market highlights: TITAN trades rangebound in quiet session,Livemint,https://finance.example.com/news/titan
2026-09-23,TITAN,Market highlights: TITAN trades rangebound in quiet session,Economic Times,https://finance.example.com/news/titan
2026-09-23,TITAN,TITAN files quarterly compliance report with NSE,Financial Express,https://finance.example.com/news/titan
2026-09-24,TITAN,Market highlights: TITAN trades rangebound in quiet session,Business Standard,https://finance.example.com/news/titan
2026-09-24,TITAN,Quarterly revenue drops for TITAN as demand slows down,Livemint,https://finance.example.com/news/titan
2026-09-24,TITAN,TITAN faces margin pressure amid rising operational expenses,Economic Times,https://finance.example.com/news/titan
2026-09-24,TITAN,Regulatory scrutiny increases for TITAN over compliance issue,Livemint,https://finance.example.com/news/titan
2026-09-25,TITAN,"TITAN reports record quarterly profit, exceeding analyst estimates",Livemint,https://finance.example.com/news/titan
2026-09-28,TITAN,Board of directors at TITAN considers new dividend payout plan,Economic Times,https://finance.example.com/news/titan
2026-09-28,TITAN,Analysts upgrade TITAN target price following robust revenue growth,Economic Times,https://finance.example.com/news/titan
2026-09-28,TITAN,Analysts upgrade TITAN target price following robust revenue growth,Business Standard,https://finance.example.com/news/titan
2026-09-28,TITAN,Market highlights: TITAN trades rangebound in quiet session,Economic Times,https://finance.example.com/news/titan
2026-09-29,TITAN,Analysts upgrade TITAN target price following robust revenue growth,Business Standard,https://finance.example.com/news/titan
2026-09-30,TITAN,Quarterly revenue drops for TITAN as demand slows down,Economic Times,https://finance.example.com/news/titan
2026-09-30,TITAN,TITAN announces strategic partnership to boost market share,Economic Times,https://finance.example.com/news/titan
2026-09-30,TITAN,TITAN launches innovative AI-driven service line in India,Livemint,https://finance.example.com/news/titan
2026-10-01,TITAN,TITAN faces margin pressure amid rising operational expenses,Financial Express,https://finance.example.com/news/titan
2026-10-01,TITAN,TITAN announces strategic partnership to boost market share,Business Standard,https://finance.example.com/news/titan
2026-10-01,TITAN,Executive leadership changes announced at TITAN,Financial Express,https://finance.example.com/news/titan
2026-10-02,TITAN,TITAN faces margin pressure amid rising operational expenses,Business Standard,https://finance.example.com/news/titan
2026-10-02,TITAN,TITAN secures $500M international contract expansion,Livemint,https://finance.example.com/news/titan
2026-04-07,NTPC,Supply chain disruptions impact production targets for NTPC,Economic Times,https://finance.example.com/news/ntpc
2026-04-07,NTPC,Executive leadership changes announced at NTPC,Livemint,https://finance.example.com/news/ntpc
2026-04-07,NTPC,NTPC downgraded by major brokerage following weak guidance,Financial Express,https://finance.example.com/news/ntpc
2026-04-08,NTPC,NTPC faces margin pressure amid rising operational expenses,Livemint,https://finance.example.com/news/ntpc
2026-04-08,NTPC,NTPC schedules annual general meeting for upcoming month,Financial Express,https://finance.example.com/news/ntpc
2026-04-08,NTPC,NTPC secures $500M international contract expansion,Livemint,https://finance.example.com/news/ntpc
2026-04-08,NTPC,Analysts upgrade NTPC target price following robust revenue growth,Financial Express,https://finance.example.com/news/ntpc
2026-04-09,NTPC,"NTPC reports record quarterly profit, exceeding analyst estimates",Financial Express,https://finance.example.com/news/ntpc
2026-04-09,NTPC,NTPC schedules annual general meeting for upcoming month,Livemint,https://finance.example.com/news/ntpc
2026-04-10,NTPC,NTPC secures $500M international contract expansion,Business Standard,https://finance.example.com/news/ntpc
2026-04-10,NTPC,NTPC announces strategic partnership to boost market share,Business Standard,https://finance.example.com/news/ntpc
2026-04-10,NTPC,"NTPC reports record quarterly profit, exceeding analyst estimates",Economic Times,https://finance.example.com/news/ntpc
2026-04-10,NTPC,NTPC secures $500M international contract expansion,Financial Express,https://finance.example.com/news/ntpc
2026-04-13,NTPC,Supply chain disruptions impact production targets for NTPC,Financial Express,https://finance.example.com/news/ntpc
2026-04-13,NTPC,Analysts upgrade NTPC target price following robust revenue growth,Financial Express,https://finance.example.com/news/ntpc
2026-04-13,NTPC,Board of directors at NTPC considers new dividend payout plan,Livemint,https://finance.example.com/news/ntpc
2026-04-13,NTPC,Market highlights: NTPC trades rangebound in quiet session,Financial Express,https://finance.example.com/news/ntpc
2026-04-14,NTPC,NTPC launches innovative AI-driven service line in India,Financial Express,https://finance.example.com/news/ntpc
2026-04-14,NTPC,NTPC downgraded by major brokerage following weak guidance,Business Standard,https://finance.example.com/news/ntpc
2026-04-15,NTPC,NTPC schedules annual general meeting for upcoming month,Business Standard,https://finance.example.com/news/ntpc
2026-04-16,NTPC,NTPC files quarterly compliance report with NSE,Financial Express,https://finance.example.com/news/ntpc
2026-04-16,NTPC,NTPC files quarterly compliance report with NSE,Financial Express,https://finance.example.com/news/ntpc
2026-04-17,NTPC,Market highlights: NTPC trades rangebound in quiet session,Livemint,https://finance.example.com/news/ntpc
2026-04-17,NTPC,NTPC schedules annual general meeting for upcoming month,Financial Express,https://finance.example.com/news/ntpc
2026-04-17,NTPC,NTPC launches innovative AI-driven service line in India,Livemint,https://finance.example.com/news/ntpc
2026-04-20,NTPC,NTPC secures $500M international contract expansion,Financial Express,https://finance.example.com/news/ntpc
2026-04-20,NTPC,NTPC secures $500M international contract expansion,Business Standard,https://finance.example.com/news/ntpc
2026-04-21,NTPC,NTPC downgraded by major brokerage following weak guidance,Financial Express,https://finance.example.com/news/ntpc
2026-04-22,NTPC,NTPC downgraded by major brokerage following weak guidance,Financial Express,https://finance.example.com/news/ntpc
2026-04-22,NTPC,Supply chain disruptions impact production targets for NTPC,Financial Express,https://finance.example.com/news/ntpc
2026-04-23,NTPC,Board of directors at NTPC considers new dividend payout plan,Economic Times,https://finance.example.com/news/ntpc
2026-04-23,NTPC,Executive leadership changes announced at NTPC,Business Standard,https://finance.example.com/news/ntpc
2026-04-23,NTPC,NTPC launches innovative AI-driven service line in India,Financial Express,https://finance.example.com/news/ntpc
2026-04-23,NTPC,NTPC downgraded by major brokerage following weak guidance,Livemint,https://finance.example.com/news/ntpc
2026-04-24,NTPC,NTPC launches innovative AI-driven service line in India,Financial Express,https://finance.example.com/news/ntpc
2026-04-24,NTPC,NTPC schedules annual general meeting for upcoming month,Economic Times,https://finance.example.com/news/ntpc
2026-04-27,NTPC,Supply chain disruptions impact production targets for NTPC,Livemint,https://finance.example.com/news/ntpc
2026-04-27,NTPC,Market highlights: NTPC trades rangebound in quiet session,Financial Express,https://finance.example.com/news/ntpc
2026-04-27,NTPC,Analysts upgrade NTPC target price following robust revenue growth,Livemint,https://finance.example.com/news/ntpc
2026-04-28,NTPC,Board of directors at NTPC considers new dividend payout plan,Economic Times,https://finance.example.com/news/ntpc
2026-04-28,NTPC,Board of directors at NTPC considers new dividend payout plan,Economic Times,https://finance.example.com/news/ntpc
2026-04-29,NTPC,"NTPC reports record quarterly profit, exceeding analyst estimates",Business Standard,https://finance.example.com/news/ntpc
2026-04-30,NTPC,NTPC downgraded by major brokerage following weak guidance,Livemint,https://finance.example.com/news/ntpc
2026-04-30,NTPC,NTPC launches innovative AI-driven service line in India,Financial Express,https://finance.example.com/news/ntpc
2026-04-30,NTPC,NTPC launches innovative AI-driven service line in India,Livemint,https://finance.example.com/news/ntpc
2026-04-30,NTPC,NTPC announces strategic partnership to boost market share,Financial Express,https://finance.example.com/news/ntpc
2026-05-01,NTPC,Quarterly revenue drops for NTPC as demand slows down,Economic Times,https://finance.example.com/news/ntpc
2026-05-01,NTPC,"NTPC reports record quarterly profit, exceeding analyst estimates",Financial Express,https://finance.example.com/news/ntpc
2026-05-04,NTPC,Board of directors at NTPC considers new dividend payout plan,Business Standard,https://finance.example.com/news/ntpc
2026-05-04,NTPC,NTPC launches innovative AI-driven service line in India,Financial Express,https://finance.example.com/news/ntpc
2026-05-04,NTPC,Analysts upgrade NTPC target price following robust revenue growth,Financial Express,https://finance.example.com/news/ntpc
2026-05-04,NTPC,Executive leadership changes announced at NTPC,Livemint,https://finance.example.com/news/ntpc
2026-05-05,NTPC,NTPC secures $500M international contract expansion,Financial Express,https://finance.example.com/news/ntpc
2026-05-05,NTPC,Regulatory scrutiny increases for NTPC over compliance issue,Economic Times,https://finance.example.com/news/ntpc
2026-05-06,NTPC,Quarterly revenue drops for NTPC as demand slows down,Financial Express,https://finance.example.com/news/ntpc
2026-05-06,NTPC,"NTPC reports record quarterly profit, exceeding analyst estimates",Livemint,https://finance.example.com/news/ntpc
2026-05-06,NTPC,Market highlights: NTPC trades rangebound in quiet session,Financial Express,https://finance.example.com/news/ntpc
2026-05-07,NTPC,NTPC secures $500M international contract expansion,Financial Express,https://finance.example.com/news/ntpc
2026-05-08,NTPC,"NTPC reports record quarterly profit, exceeding analyst estimates",Business Standard,https://finance.example.com/news/ntpc
2026-05-08,NTPC,Quarterly revenue drops for NTPC as demand slows down,Business Standard,https://finance.example.com/news/ntpc
2026-05-11,NTPC,Regulatory scrutiny increases for NTPC over compliance issue,Economic Times,https://finance.example.com/news/ntpc
2026-05-11,NTPC,Supply chain disruptions impact production targets for NTPC,Livemint,https://finance.example.com/news/ntpc
2026-05-11,NTPC,NTPC announces strategic partnership to boost market share,Financial Express,https://finance.example.com/news/ntpc
2026-05-12,NTPC,"NTPC reports record quarterly profit, exceeding analyst estimates",Financial Express,https://finance.example.com/news/ntpc
2026-05-13,NTPC,Market highlights: NTPC trades rangebound in quiet session,Livemint,https://finance.example.com/news/ntpc
2026-05-13,NTPC,Board of directors at NTPC considers new dividend payout plan,Business Standard,https://finance.example.com/news/ntpc
2026-05-13,NTPC,Supply chain disruptions impact production targets for NTPC,Business Standard,https://finance.example.com/news/ntpc
2026-05-14,NTPC,NTPC secures $500M international contract expansion,Livemint,https://finance.example.com/news/ntpc
2026-05-15,NTPC,NTPC schedules annual general meeting for upcoming month,Economic Times,https://finance.example.com/news/ntpc
2026-05-15,NTPC,NTPC faces margin pressure amid rising operational expenses,Business Standard,https://finance.example.com/news/ntpc
2026-05-15,NTPC,NTPC files quarterly compliance report with NSE,Financial Express,https://finance.example.com/news/ntpc
2026-05-18,NTPC,Analysts upgrade NTPC target price following robust revenue growth,Business Standard,https://finance.example.com/news/ntpc
2026-05-18,NTPC,Quarterly revenue drops for NTPC as demand slows down,Livemint,https://finance.example.com/news/ntpc
2026-05-19,NTPC,"NTPC reports record quarterly profit, exceeding analyst estimates",Business Standard,https://finance.example.com/news/ntpc
2026-05-19,NTPC,NTPC launches innovative AI-driven service line in India,Financial Express,https://finance.example.com/news/ntpc
2026-05-19,NTPC,Analysts upgrade NTPC target price following robust revenue growth,Business Standard,https://finance.example.com/news/ntpc
2026-05-20,NTPC,Market highlights: NTPC trades rangebound in quiet session,Business Standard,https://finance.example.com/news/ntpc
2026-05-20,NTPC,NTPC faces margin pressure amid rising operational expenses,Livemint,https://finance.example.com/news/ntpc
2026-05-20,NTPC,"NTPC reports record quarterly profit, exceeding analyst estimates",Financial Express,https://finance.example.com/news/ntpc
2026-05-21,NTPC,NTPC announces strategic partnership to boost market share,Business Standard,https://finance.example.com/news/ntpc
2026-05-21,NTPC,NTPC launches innovative AI-driven service line in India,Livemint,https://finance.example.com/news/ntpc
2026-05-21,NTPC,Market highlights: NTPC trades rangebound in quiet session,Economic Times,https://finance.example.com/news/ntpc
2026-05-21,NTPC,NTPC faces margin pressure amid rising operational expenses,Economic Times,https://finance.example.com/news/ntpc
2026-05-22,NTPC,Quarterly revenue drops for NTPC as demand slows down,Economic Times,https://finance.example.com/news/ntpc
2026-05-25,NTPC,Market highlights: NTPC trades rangebound in quiet session,Livemint,https://finance.example.com/news/ntpc
2026-05-26,NTPC,Executive leadership changes announced at NTPC,Livemint,https://finance.example.com/news/ntpc
2026-05-27,NTPC,NTPC downgraded by major brokerage following weak guidance,Financial Express,https://finance.example.com/news/ntpc
2026-05-27,NTPC,NTPC secures $500M international contract expansion,Livemint,https://finance.example.com/news/ntpc
2026-05-27,NTPC,NTPC launches innovative AI-driven service line in India,Business Standard,https://finance.example.com/news/ntpc
2026-05-27,NTPC,Market highlights: NTPC trades rangebound in quiet session,Economic Times,https://finance.example.com/news/ntpc
2026-05-28,NTPC,Market highlights: NTPC trades rangebound in quiet session,Business Standard,https://finance.example.com/news/ntpc
2026-05-28,NTPC,Regulatory scrutiny increases for NTPC over compliance issue,Financial Express,https://finance.example.com/news/ntpc
2026-05-28,NTPC,NTPC downgraded by major brokerage following weak guidance,Economic Times,https://finance.example.com/news/ntpc
2026-05-29,NTPC,NTPC faces margin pressure amid rising operational expenses,Economic Times,https://finance.example.com/news/ntpc
2026-05-29,NTPC,Board of directors at NTPC considers new dividend payout plan,Business Standard,https://finance.example.com/news/ntpc
2026-06-01,NTPC,Regulatory scrutiny increases for NTPC over compliance issue,Livemint,https://finance.example.com/news/ntpc
2026-06-01,NTPC,Regulatory scrutiny increases for NTPC over compliance issue,Business Standard,https://finance.example.com/news/ntpc
2026-06-01,NTPC,Market highlights: NTPC trades rangebound in quiet session,Financial Express,https://finance.example.com/news/ntpc
2026-06-01,NTPC,NTPC faces margin pressure amid rising operational expenses,Livemint,https://finance.example.com/news/ntpc
2026-06-02,NTPC,Regulatory scrutiny increases for NTPC over compliance issue,Economic Times,https://finance.example.com/news/ntpc
2026-06-02,NTPC,Analysts upgrade NTPC target price following robust revenue growth,Livemint,https://finance.example.com/news/ntpc
2026-06-02,NTPC,NTPC files quarterly compliance report with NSE,Financial Express,https://finance.example.com/news/ntpc
2026-06-02,NTPC,"NTPC reports record quarterly profit, exceeding analyst estimates",Economic Times,https://finance.example.com/news/ntpc
2026-06-03,NTPC,NTPC launches innovative AI-driven service line in India,Financial Express,https://finance.example.com/news/ntpc
2026-06-03,NTPC,NTPC files quarterly compliance report with NSE,Business Standard,https://finance.example.com/news/ntpc
2026-06-03,NTPC,Quarterly revenue drops for NTPC as demand slows down,Financial Express,https://finance.example.com/news/ntpc
2026-06-03,NTPC,Analysts upgrade NTPC target price following robust revenue growth,Business Standard,https://finance.example.com/news/ntpc
2026-06-04,NTPC,NTPC launches innovative AI-driven service line in India,Business Standard,https://finance.example.com/news/ntpc
2026-06-04,NTPC,Quarterly revenue drops for NTPC as demand slows down,Livemint,https://finance.example.com/news/ntpc
2026-06-04,NTPC,NTPC launches innovative AI-driven service line in India,Financial Express,https://finance.example.com/news/ntpc
2026-06-04,NTPC,NTPC faces margin pressure amid rising operational expenses,Economic Times,https://finance.example.com/news/ntpc
2026-06-05,NTPC,NTPC secures $500M international contract expansion,Business Standard,https://finance.example.com/news/ntpc
2026-06-05,NTPC,NTPC launches innovative AI-driven service line in India,Economic Times,https://finance.example.com/news/ntpc
2026-06-05,NTPC,Regulatory scrutiny increases for NTPC over compliance issue,Economic Times,https://finance.example.com/news/ntpc
2026-06-08,NTPC,Board of directors at NTPC considers new dividend payout plan,Economic Times,https://finance.example.com/news/ntpc
2026-06-09,NTPC,"NTPC reports record quarterly profit, exceeding analyst estimates",Business Standard,https://finance.example.com/news/ntpc
2026-06-09,NTPC,Market highlights: NTPC trades rangebound in quiet session,Business Standard,https://finance.example.com/news/ntpc
2026-06-09,NTPC,NTPC downgraded by major brokerage following weak guidance,Financial Express,https://finance.example.com/news/ntpc
2026-06-09,NTPC,NTPC faces margin pressure amid rising operational expenses,Livemint,https://finance.example.com/news/ntpc
2026-06-10,NTPC,Supply chain disruptions impact production targets for NTPC,Livemint,https://finance.example.com/news/ntpc
2026-06-10,NTPC,Analysts upgrade NTPC target price following robust revenue growth,Business Standard,https://finance.example.com/news/ntpc
2026-06-11,NTPC,NTPC secures $500M international contract expansion,Financial Express,https://finance.example.com/news/ntpc
2026-06-11,NTPC,Executive leadership changes announced at NTPC,Financial Express,https://finance.example.com/news/ntpc
2026-06-12,NTPC,Regulatory scrutiny increases for NTPC over compliance issue,Economic Times,https://finance.example.com/news/ntpc
2026-06-12,NTPC,NTPC secures $500M international contract expansion,Business Standard,https://finance.example.com/news/ntpc
2026-06-15,NTPC,Analysts upgrade NTPC target price following robust revenue growth,Economic Times,https://finance.example.com/news/ntpc
2026-06-16,NTPC,"NTPC reports record quarterly profit, exceeding analyst estimates",Financial Express,https://finance.example.com/news/ntpc
2026-06-16,NTPC,NTPC faces margin pressure amid rising operational expenses,Financial Express,https://finance.example.com/news/ntpc
2026-06-16,NTPC,NTPC faces margin pressure amid rising operational expenses,Economic Times,https://finance.example.com/news/ntpc
2026-06-16,NTPC,NTPC schedules annual general meeting for upcoming month,Business Standard,https://finance.example.com/news/ntpc
2026-06-17,NTPC,NTPC faces margin pressure amid rising operational expenses,Livemint,https://finance.example.com/news/ntpc
2026-06-17,NTPC,NTPC faces margin pressure amid rising operational expenses,Livemint,https://finance.example.com/news/ntpc
2026-06-18,NTPC,NTPC launches innovative AI-driven service line in India,Business Standard,https://finance.example.com/news/ntpc
2026-06-18,NTPC,Analysts upgrade NTPC target price following robust revenue growth,Business Standard,https://finance.example.com/news/ntpc
2026-06-19,NTPC,Market highlights: NTPC trades rangebound in quiet session,Economic Times,https://finance.example.com/news/ntpc
2026-06-19,NTPC,NTPC downgraded by major brokerage following weak guidance,Business Standard,https://finance.example.com/news/ntpc
2026-06-22,NTPC,NTPC schedules annual general meeting for upcoming month,Economic Times,https://finance.example.com/news/ntpc
2026-06-22,NTPC,NTPC schedules annual general meeting for upcoming month,Business Standard,https://finance.example.com/news/ntpc
2026-06-23,NTPC,NTPC secures $500M international contract expansion,Livemint,https://finance.example.com/news/ntpc
2026-06-23,NTPC,Supply chain disruptions impact production targets for NTPC,Livemint,https://finance.example.com/news/ntpc
2026-06-23,NTPC,NTPC announces strategic partnership to boost market share,Economic Times,https://finance.example.com/news/ntpc
2026-06-24,NTPC,NTPC secures $500M international contract expansion,Business Standard,https://finance.example.com/news/ntpc
2026-06-24,NTPC,"NTPC reports record quarterly profit, exceeding analyst estimates",Economic Times,https://finance.example.com/news/ntpc
2026-06-25,NTPC,Board of directors at NTPC considers new dividend payout plan,Livemint,https://finance.example.com/news/ntpc
2026-06-26,NTPC,NTPC announces strategic partnership to boost market share,Business Standard,https://finance.example.com/news/ntpc
2026-06-29,NTPC,NTPC launches innovative AI-driven service line in India,Business Standard,https://finance.example.com/news/ntpc
2026-06-30,NTPC,Analysts upgrade NTPC target price following robust revenue growth,Economic Times,https://finance.example.com/news/ntpc
2026-06-30,NTPC,Regulatory scrutiny increases for NTPC over compliance issue,Livemint,https://finance.example.com/news/ntpc
2026-06-30,NTPC,NTPC secures $500M international contract expansion,Business Standard,https://finance.example.com/news/ntpc
2026-06-30,NTPC,NTPC announces strategic partnership to boost market share,Livemint,https://finance.example.com/news/ntpc
2026-07-01,NTPC,NTPC faces margin pressure amid rising operational expenses,Business Standard,https://finance.example.com/news/ntpc
2026-07-02,NTPC,Market highlights: NTPC trades rangebound in quiet session,Business Standard,https://finance.example.com/news/ntpc
2026-07-02,NTPC,Market highlights: NTPC trades rangebound in quiet session,Financial Express,https://finance.example.com/news/ntpc
2026-07-02,NTPC,NTPC announces strategic partnership to boost market share,Financial Express,https://finance.example.com/news/ntpc
2026-07-03,NTPC,Regulatory scrutiny increases for NTPC over compliance issue,Financial Express,https://finance.example.com/news/ntpc
2026-07-06,NTPC,"NTPC reports record quarterly profit, exceeding analyst estimates",Livemint,https://finance.example.com/news/ntpc
2026-07-06,NTPC,NTPC files quarterly compliance report with NSE,Economic Times,https://finance.example.com/news/ntpc
2026-07-07,NTPC,NTPC announces strategic partnership to boost market share,Financial Express,https://finance.example.com/news/ntpc
2026-07-08,NTPC,NTPC secures $500M international contract expansion,Livemint,https://finance.example.com/news/ntpc
2026-07-08,NTPC,Board of directors at NTPC considers new dividend payout plan,Economic Times,https://finance.example.com/news/ntpc
2026-07-09,NTPC,NTPC secures $500M international contract expansion,Economic Times,https://finance.example.com/news/ntpc
2026-07-09,NTPC,"NTPC reports record quarterly profit, exceeding analyst estimates",Economic Times,https://finance.example.com/news/ntpc
2026-07-10,NTPC,NTPC files quarterly compliance report with NSE,Livemint,https://finance.example.com/news/ntpc
2026-07-10,NTPC,NTPC schedules annual general meeting for upcoming month,Financial Express,https://finance.example.com/news/ntpc
2026-07-10,NTPC,Regulatory scrutiny increases for NTPC over compliance issue,Livemint,https://finance.example.com/news/ntpc
2026-07-13,NTPC,"NTPC reports record quarterly profit, exceeding analyst estimates",Economic Times,https://finance.example.com/news/ntpc
2026-07-13,NTPC,Executive leadership changes announced at NTPC,Livemint,https://finance.example.com/news/ntpc
2026-07-13,NTPC,Regulatory scrutiny increases for NTPC over compliance issue,Economic Times,https://finance.example.com/news/ntpc
2026-07-14,NTPC,NTPC secures $500M international contract expansion,Livemint,https://finance.example.com/news/ntpc
2026-07-14,NTPC,Market highlights: NTPC trades rangebound in quiet session,Economic Times,https://finance.example.com/news/ntpc
2026-07-15,NTPC,NTPC announces strategic partnership to boost market share,Financial Express,https://finance.example.com/news/ntpc
2026-07-15,NTPC,NTPC announces strategic partnership to boost market share,Economic Times,https://finance.example.com/news/ntpc
2026-07-15,NTPC,Analysts upgrade NTPC target price following robust revenue growth,Livemint,https://finance.example.com/news/ntpc
2026-07-15,NTPC,NTPC announces strategic partnership to boost market share,Financial Express,https://finance.example.com/news/ntpc
2026-07-16,NTPC,Executive leadership changes announced at NTPC,Business Standard,https://finance.example.com/news/ntpc
2026-07-16,NTPC,NTPC announces strategic partnership to boost market share,Economic Times,https://finance.example.com/news/ntpc
2026-07-16,NTPC,NTPC schedules annual general meeting for upcoming month,Economic Times,https://finance.example.com/news/ntpc
2026-07-16,NTPC,NTPC launches innovative AI-driven service line in India,Business Standard,https://finance.example.com/news/ntpc
2026-07-17,NTPC,NTPC launches innovative AI-driven service line in India,Livemint,https://finance.example.com/news/ntpc
2026-07-17,NTPC,Quarterly revenue drops for NTPC as demand slows down,Economic Times,https://finance.example.com/news/ntpc
2026-07-20,NTPC,Market highlights: NTPC trades rangebound in quiet session,Economic Times,https://finance.example.com/news/ntpc
2026-07-21,NTPC,Supply chain disruptions impact production targets for NTPC,Economic Times,https://finance.example.com/news/ntpc
2026-07-21,NTPC,NTPC files quarterly compliance report with NSE,Financial Express,https://finance.example.com/news/ntpc
2026-07-21,NTPC,Regulatory scrutiny increases for NTPC over compliance issue,Business Standard,https://finance.example.com/news/ntpc
2026-07-22,NTPC,NTPC secures $500M international contract expansion,Financial Express,https://finance.example.com/news/ntpc
2026-07-22,NTPC,Regulatory scrutiny increases for NTPC over compliance issue,Business Standard,https://finance.example.com/news/ntpc
2026-07-22,NTPC,NTPC launches innovative AI-driven service line in India,Livemint,https://finance.example.com/news/ntpc
2026-07-22,NTPC,Regulatory scrutiny increases for NTPC over compliance issue,Business Standard,https://finance.example.com/news/ntpc
2026-07-23,NTPC,NTPC secures $500M international contract expansion,Financial Express,https://finance.example.com/news/ntpc
2026-07-23,NTPC,Market highlights: NTPC trades rangebound in quiet session,Financial Express,https://finance.example.com/news/ntpc
2026-07-23,NTPC,Regulatory scrutiny increases for NTPC over compliance issue,Financial Express,https://finance.example.com/news/ntpc
2026-07-24,NTPC,Regulatory scrutiny increases for NTPC over compliance issue,Livemint,https://finance.example.com/news/ntpc
2026-07-27,NTPC,NTPC files quarterly compliance report with NSE,Financial Express,https://finance.example.com/news/ntpc
2026-07-27,NTPC,"NTPC reports record quarterly profit, exceeding analyst estimates",Financial Express,https://finance.example.com/news/ntpc
2026-07-27,NTPC,NTPC secures $500M international contract expansion,Livemint,https://finance.example.com/news/ntpc
2026-07-28,NTPC,"NTPC reports record quarterly profit, exceeding analyst estimates",Livemint,https://finance.example.com/news/ntpc
2026-07-28,NTPC,NTPC secures $500M international contract expansion,Financial Express,https://finance.example.com/news/ntpc
2026-07-28,NTPC,NTPC faces margin pressure amid rising operational expenses,Livemint,https://finance.example.com/news/ntpc
2026-07-29,NTPC,NTPC faces margin pressure amid rising operational expenses,Business Standard,https://finance.example.com/news/ntpc
2026-07-29,NTPC,Supply chain disruptions impact production targets for NTPC,Business Standard,https://finance.example.com/news/ntpc
2026-07-30,NTPC,NTPC announces strategic partnership to boost market share,Economic Times,https://finance.example.com/news/ntpc
2026-07-30,NTPC,Analysts upgrade NTPC target price following robust revenue growth,Economic Times,https://finance.example.com/news/ntpc
2026-07-31,NTPC,Executive leadership changes announced at NTPC,Economic Times,https://finance.example.com/news/ntpc
2026-07-31,NTPC,NTPC files quarterly compliance report with NSE,Livemint,https://finance.example.com/news/ntpc
2026-08-03,NTPC,NTPC faces margin pressure amid rising operational expenses,Livemint,https://finance.example.com/news/ntpc
2026-08-04,NTPC,NTPC downgraded by major brokerage following weak guidance,Business Standard,https://finance.example.com/news/ntpc
2026-08-04,NTPC,Supply chain disruptions impact production targets for NTPC,Economic Times,https://finance.example.com/news/ntpc
2026-08-04,NTPC,Board of directors at NTPC considers new dividend payout plan,Economic Times,https://finance.example.com/news/ntpc
2026-08-04,NTPC,Supply chain disruptions impact production targets for NTPC,Business Standard,https://finance.example.com/news/ntpc
2026-08-05,NTPC,NTPC announces strategic partnership to boost market share,Financial Express,https://finance.example.com/news/ntpc
2026-08-05,NTPC,NTPC launches innovative AI-driven service line in India,Livemint,https://finance.example.com/news/ntpc
2026-08-05,NTPC,NTPC files quarterly compliance report with NSE,Financial Express,https://finance.example.com/news/ntpc
2026-08-06,NTPC,Quarterly revenue drops for NTPC as demand slows down,Economic Times,https://finance.example.com/news/ntpc
2026-08-06,NTPC,Executive leadership changes announced at NTPC,Economic Times,https://finance.example.com/news/ntpc
2026-08-06,NTPC,NTPC files quarterly compliance report with NSE,Business Standard,https://finance.example.com/news/ntpc
2026-08-07,NTPC,NTPC secures $500M international contract expansion,Financial Express,https://finance.example.com/news/ntpc
2026-08-07,NTPC,NTPC files quarterly compliance report with NSE,Business Standard,https://finance.example.com/news/ntpc
2026-08-07,NTPC,Supply chain disruptions impact production targets for NTPC,Economic Times,https://finance.example.com/news/ntpc
2026-08-07,NTPC,NTPC secures $500M international contract expansion,Livemint,https://finance.example.com/news/ntpc
2026-08-10,NTPC,NTPC announces strategic partnership to boost market share,Business Standard,https://finance.example.com/news/ntpc
2026-08-10,NTPC,NTPC secures $500M international contract expansion,Economic Times,https://finance.example.com/news/ntpc
2026-08-10,NTPC,Analysts upgrade NTPC target price following robust revenue growth,Financial Express,https://finance.example.com/news/ntpc
2026-08-11,NTPC,Quarterly revenue drops for NTPC as demand slows down,Business Standard,https://finance.example.com/news/ntpc
2026-08-12,NTPC,NTPC files quarterly compliance report with NSE,Business Standard,https://finance.example.com/news/ntpc
2026-08-12,NTPC,NTPC launches innovative AI-driven service line in India,Economic Times,https://finance.example.com/news/ntpc
2026-08-13,NTPC,NTPC schedules annual general meeting for upcoming month,Financial Express,https://finance.example.com/news/ntpc
2026-08-13,NTPC,Board of directors at NTPC considers new dividend payout plan,Economic Times,https://finance.example.com/news/ntpc
2026-08-13,NTPC,Analysts upgrade NTPC target price following robust revenue growth,Financial Express,https://finance.example.com/news/ntpc
2026-08-14,NTPC,Regulatory scrutiny increases for NTPC over compliance issue,Financial Express,https://finance.example.com/news/ntpc
2026-08-14,NTPC,Executive leadership changes announced at NTPC,Business Standard,https://finance.example.com/news/ntpc
2026-08-14,NTPC,NTPC launches innovative AI-driven service line in India,Financial Express,https://finance.example.com/news/ntpc
2026-08-17,NTPC,NTPC faces margin pressure amid rising operational expenses,Livemint,https://finance.example.com/news/ntpc
2026-08-17,NTPC,NTPC files quarterly compliance report with NSE,Financial Express,https://finance.example.com/news/ntpc
2026-08-18,NTPC,Regulatory scrutiny increases for NTPC over compliance issue,Financial Express,https://finance.example.com/news/ntpc
2026-08-18,NTPC,Quarterly revenue drops for NTPC as demand slows down,Financial Express,https://finance.example.com/news/ntpc
2026-08-18,NTPC,NTPC secures $500M international contract expansion,Financial Express,https://finance.example.com/news/ntpc
2026-08-19,NTPC,NTPC schedules annual general meeting for upcoming month,Economic Times,https://finance.example.com/news/ntpc
2026-08-20,NTPC,NTPC secures $500M international contract expansion,Economic Times,https://finance.example.com/news/ntpc
2026-08-20,NTPC,Analysts upgrade NTPC target price following robust revenue growth,Business Standard,https://finance.example.com/news/ntpc
2026-08-21,NTPC,NTPC announces strategic partnership to boost market share,Economic Times,https://finance.example.com/news/ntpc
2026-08-24,NTPC,NTPC schedules annual general meeting for upcoming month,Business Standard,https://finance.example.com/news/ntpc
2026-08-24,NTPC,Executive leadership changes announced at NTPC,Economic Times,https://finance.example.com/news/ntpc
2026-08-24,NTPC,NTPC faces margin pressure amid rising operational expenses,Livemint,https://finance.example.com/news/ntpc
2026-08-24,NTPC,NTPC launches innovative AI-driven service line in India,Financial Express,https://finance.example.com/news/ntpc
2026-08-25,NTPC,NTPC schedules annual general meeting for upcoming month,Business Standard,https://finance.example.com/news/ntpc
2026-08-25,NTPC,Board of directors at NTPC considers new dividend payout plan,Business Standard,https://finance.example.com/news/ntpc
2026-08-25,NTPC,NTPC announces strategic partnership to boost market share,Livemint,https://finance.example.com/news/ntpc
2026-08-25,NTPC,NTPC announces strategic partnership to boost market share,Livemint,https://finance.example.com/news/ntpc
2026-08-26,NTPC,Regulatory scrutiny increases for NTPC over compliance issue,Livemint,https://finance.example.com/news/ntpc
2026-08-26,NTPC,NTPC downgraded by major brokerage following weak guidance,Business Standard,https://finance.example.com/news/ntpc
2026-08-27,NTPC,NTPC schedules annual general meeting for upcoming month,Economic Times,https://finance.example.com/news/ntpc
2026-08-27,NTPC,Board of directors at NTPC considers new dividend payout plan,Business Standard,https://finance.example.com/news/ntpc
2026-08-28,NTPC,NTPC announces strategic partnership to boost market share,Livemint,https://finance.example.com/news/ntpc
2026-08-31,NTPC,Market highlights: NTPC trades rangebound in quiet session,Livemint,https://finance.example.com/news/ntpc
2026-08-31,NTPC,NTPC secures $500M international contract expansion,Financial Express,https://finance.example.com/news/ntpc
2026-08-31,NTPC,Analysts upgrade NTPC target price following robust revenue growth,Livemint,https://finance.example.com/news/ntpc
2026-09-01,NTPC,Board of directors at NTPC considers new dividend payout plan,Business Standard,https://finance.example.com/news/ntpc
2026-09-02,NTPC,NTPC downgraded by major brokerage following weak guidance,Livemint,https://finance.example.com/news/ntpc
2026-09-02,NTPC,NTPC downgraded by major brokerage following weak guidance,Financial Express,https://finance.example.com/news/ntpc
2026-09-03,NTPC,Board of directors at NTPC considers new dividend payout plan,Livemint,https://finance.example.com/news/ntpc
2026-09-03,NTPC,Regulatory scrutiny increases for NTPC over compliance issue,Financial Express,https://finance.example.com/news/ntpc
2026-09-03,NTPC,Market highlights: NTPC trades rangebound in quiet session,Financial Express,https://finance.example.com/news/ntpc
2026-09-03,NTPC,Quarterly revenue drops for NTPC as demand slows down,Financial Express,https://finance.example.com/news/ntpc
2026-09-04,NTPC,"NTPC reports record quarterly profit, exceeding analyst estimates",Business Standard,https://finance.example.com/news/ntpc
2026-09-04,NTPC,Supply chain disruptions impact production targets for NTPC,Economic Times,https://finance.example.com/news/ntpc
2026-09-04,NTPC,NTPC secures $500M international contract expansion,Financial Express,https://finance.example.com/news/ntpc
2026-09-04,NTPC,NTPC files quarterly compliance report with NSE,Economic Times,https://finance.example.com/news/ntpc
2026-09-07,NTPC,Analysts upgrade NTPC target price following robust revenue growth,Financial Express,https://finance.example.com/news/ntpc
2026-09-07,NTPC,Board of directors at NTPC considers new dividend payout plan,Economic Times,https://finance.example.com/news/ntpc
2026-09-07,NTPC,NTPC launches innovative AI-driven service line in India,Livemint,https://finance.example.com/news/ntpc
2026-09-07,NTPC,Executive leadership changes announced at NTPC,Business Standard,https://finance.example.com/news/ntpc
2026-09-08,NTPC,NTPC faces margin pressure amid rising operational expenses,Economic Times,https://finance.example.com/news/ntpc
2026-09-08,NTPC,Analysts upgrade NTPC target price following robust revenue growth,Livemint,https://finance.example.com/news/ntpc
2026-09-08,NTPC,Market highlights: NTPC trades rangebound in quiet session,Economic Times,https://finance.example.com/news/ntpc
2026-09-09,NTPC,NTPC faces margin pressure amid rising operational expenses,Livemint,https://finance.example.com/news/ntpc
2026-09-09,NTPC,Regulatory scrutiny increases for NTPC over compliance issue,Economic Times,https://finance.example.com/news/ntpc
2026-09-09,NTPC,Quarterly revenue drops for NTPC as demand slows down,Financial Express,https://finance.example.com/news/ntpc
2026-09-09,NTPC,NTPC faces margin pressure amid rising operational expenses,Livemint,https://finance.example.com/news/ntpc
2026-09-10,NTPC,Quarterly revenue drops for NTPC as demand slows down,Livemint,https://finance.example.com/news/ntpc
2026-09-10,NTPC,Quarterly revenue drops for NTPC as demand slows down,Economic Times,https://finance.example.com/news/ntpc
2026-09-11,NTPC,Analysts upgrade NTPC target price following robust revenue growth,Economic Times,https://finance.example.com/news/ntpc
2026-09-14,NTPC,Executive leadership changes announced at NTPC,Financial Express,https://finance.example.com/news/ntpc
2026-09-14,NTPC,NTPC schedules annual general meeting for upcoming month,Economic Times,https://finance.example.com/news/ntpc
2026-09-14,NTPC,NTPC faces margin pressure amid rising operational expenses,Livemint,https://finance.example.com/news/ntpc
2026-09-15,NTPC,NTPC launches innovative AI-driven service line in India,Business Standard,https://finance.example.com/news/ntpc
2026-09-15,NTPC,NTPC files quarterly compliance report with NSE,Economic Times,https://finance.example.com/news/ntpc
2026-09-15,NTPC,Supply chain disruptions impact production targets for NTPC,Livemint,https://finance.example.com/news/ntpc
2026-09-15,NTPC,NTPC launches innovative AI-driven service line in India,Financial Express,https://finance.example.com/news/ntpc
2026-09-16,NTPC,NTPC schedules annual general meeting for upcoming month,Business Standard,https://finance.example.com/news/ntpc
2026-09-16,NTPC,NTPC files quarterly compliance report with NSE,Business Standard,https://finance.example.com/news/ntpc
2026-09-16,NTPC,NTPC launches innovative AI-driven service line in India,Business Standard,https://finance.example.com/news/ntpc
2026-09-16,NTPC,NTPC launches innovative AI-driven service line in India,Economic Times,https://finance.example.com/news/ntpc
2026-09-17,NTPC,NTPC faces margin pressure amid rising operational expenses,Livemint,https://finance.example.com/news/ntpc
2026-09-17,NTPC,NTPC faces margin pressure amid rising operational expenses,Livemint,https://finance.example.com/news/ntpc
2026-09-17,NTPC,Executive leadership changes announced at NTPC,Financial Express,https://finance.example.com/news/ntpc
2026-09-17,NTPC,Board of directors at NTPC considers new dividend payout plan,Business Standard,https://finance.example.com/news/ntpc
2026-09-18,NTPC,Board of directors at NTPC considers new dividend payout plan,Financial Express,https://finance.example.com/news/ntpc
2026-09-18,NTPC,NTPC announces strategic partnership to boost market share,Livemint,https://finance.example.com/news/ntpc
2026-09-18,NTPC,NTPC launches innovative AI-driven service line in India,Business Standard,https://finance.example.com/news/ntpc
2026-09-18,NTPC,NTPC secures $500M international contract expansion,Livemint,https://finance.example.com/news/ntpc
2026-09-21,NTPC,Market highlights: NTPC trades rangebound in quiet session,Financial Express,https://finance.example.com/news/ntpc
2026-09-21,NTPC,"NTPC reports record quarterly profit, exceeding analyst estimates",Economic Times,https://finance.example.com/news/ntpc
2026-09-21,NTPC,Market highlights: NTPC trades rangebound in quiet session,Livemint,https://finance.example.com/news/ntpc
2026-09-21,NTPC,Executive leadership changes announced at NTPC,Economic Times,https://finance.example.com/news/ntpc
2026-09-22,NTPC,NTPC launches innovative AI-driven service line in India,Business Standard,https://finance.example.com/news/ntpc
2026-09-22,NTPC,NTPC faces margin pressure amid rising operational expenses,Business Standard,https://finance.example.com/news/ntpc
2026-09-23,NTPC,NTPC schedules annual general meeting for upcoming month,Economic Times,https://finance.example.com/news/ntpc
2026-09-23,NTPC,NTPC secures $500M international contract expansion,Business Standard,https://finance.example.com/news/ntpc
2026-09-23,NTPC,NTPC downgraded by major brokerage following weak guidance,Livemint,https://finance.example.com/news/ntpc
2026-09-23,NTPC,Executive leadership changes announced at NTPC,Financial Express,https://finance.example.com/news/ntpc
2026-09-24,NTPC,Supply chain disruptions impact production targets for NTPC,Business Standard,https://finance.example.com/news/ntpc
2026-09-24,NTPC,NTPC announces strategic partnership to boost market share,Livemint,https://finance.example.com/news/ntpc
2026-09-24,NTPC,NTPC faces margin pressure amid rising operational expenses,Business Standard,https://finance.example.com/news/ntpc
2026-09-24,NTPC,Regulatory scrutiny increases for NTPC over compliance issue,Business Standard,https://finance.example.com/news/ntpc
2026-09-25,NTPC,NTPC secures $500M international contract expansion,Business Standard,https://finance.example.com/news/ntpc
2026-09-25,NTPC,NTPC schedules annual general meeting for upcoming month,Livemint,https://finance.example.com/news/ntpc
2026-09-28,NTPC,NTPC files quarterly compliance report with NSE,Economic Times,https://finance.example.com/news/ntpc
2026-09-28,NTPC,"NTPC reports record quarterly profit, exceeding analyst estimates",Business Standard,https://finance.example.com/news/ntpc
2026-09-28,NTPC,NTPC announces strategic partnership to boost market share,Business Standard,https://finance.example.com/news/ntpc
2026-09-29,NTPC,NTPC downgraded by major brokerage following weak guidance,Business Standard,https://finance.example.com/news/ntpc
2026-09-30,NTPC,Regulatory scrutiny increases for NTPC over compliance issue,Economic Times,https://finance.example.com/news/ntpc
2026-10-01,NTPC,Market highlights: NTPC trades rangebound in quiet session,Economic Times,https://finance.example.com/news/ntpc
2026-10-02,NTPC,Supply chain disruptions impact production targets for NTPC,Economic Times,https://finance.example.com/news/ntpc
2026-04-07,WAAREEENER,Supply chain disruptions impact production targets for WAAREEENER,Economic Times,https://finance.example.com/news/waareeener
2026-04-08,WAAREEENER,WAAREEENER secures $500M international contract expansion,Business Standard,https://finance.example.com/news/waareeener
2026-04-08,WAAREEENER,Board of directors at WAAREEENER considers new dividend payout plan,Economic Times,https://finance.example.com/news/waareeener
2026-04-08,WAAREEENER,WAAREEENER downgraded by major brokerage following weak guidance,Financial Express,https://finance.example.com/news/waareeener
2026-04-08,WAAREEENER,Quarterly revenue drops for WAAREEENER as demand slows down,Livemint,https://finance.example.com/news/waareeener
2026-04-09,WAAREEENER,Quarterly revenue drops for WAAREEENER as demand slows down,Economic Times,https://finance.example.com/news/waareeener
2026-04-09,WAAREEENER,WAAREEENER announces strategic partnership to boost market share,Economic Times,https://finance.example.com/news/waareeener
2026-04-10,WAAREEENER,Regulatory scrutiny increases for WAAREEENER over compliance issue,Livemint,https://finance.example.com/news/waareeener
2026-04-13,WAAREEENER,Supply chain disruptions impact production targets for WAAREEENER,Financial Express,https://finance.example.com/news/waareeener
2026-04-13,WAAREEENER,Analysts upgrade WAAREEENER target price following robust revenue growth,Business Standard,https://finance.example.com/news/waareeener
2026-04-13,WAAREEENER,WAAREEENER downgraded by major brokerage following weak guidance,Economic Times,https://finance.example.com/news/waareeener
2026-04-14,WAAREEENER,Supply chain disruptions impact production targets for WAAREEENER,Business Standard,https://finance.example.com/news/waareeener
2026-04-15,WAAREEENER,Analysts upgrade WAAREEENER target price following robust revenue growth,Economic Times,https://finance.example.com/news/waareeener
2026-04-15,WAAREEENER,WAAREEENER files quarterly compliance report with NSE,Economic Times,https://finance.example.com/news/waareeener
2026-04-16,WAAREEENER,Regulatory scrutiny increases for WAAREEENER over compliance issue,Financial Express,https://finance.example.com/news/waareeener
2026-04-16,WAAREEENER,WAAREEENER faces margin pressure amid rising operational expenses,Business Standard,https://finance.example.com/news/waareeener
2026-04-16,WAAREEENER,WAAREEENER schedules annual general meeting for upcoming month,Business Standard,https://finance.example.com/news/waareeener
2026-04-17,WAAREEENER,WAAREEENER faces margin pressure amid rising operational expenses,Business Standard,https://finance.example.com/news/waareeener
2026-04-17,WAAREEENER,Quarterly revenue drops for WAAREEENER as demand slows down,Economic Times,https://finance.example.com/news/waareeener
2026-04-17,WAAREEENER,Quarterly revenue drops for WAAREEENER as demand slows down,Financial Express,https://finance.example.com/news/waareeener
2026-04-17,WAAREEENER,Analysts upgrade WAAREEENER target price following robust revenue growth,Economic Times,https://finance.example.com/news/waareeener
2026-04-20,WAAREEENER,WAAREEENER secures $500M international contract expansion,Business Standard,https://finance.example.com/news/waareeener
2026-04-21,WAAREEENER,"WAAREEENER reports record quarterly profit, exceeding analyst estimates",Economic Times,https://finance.example.com/news/waareeener
2026-04-22,WAAREEENER,WAAREEENER faces margin pressure amid rising operational expenses,Business Standard,https://finance.example.com/news/waareeener
2026-04-22,WAAREEENER,Board of directors at WAAREEENER considers new dividend payout plan,Financial Express,https://finance.example.com/news/waareeener
2026-04-22,WAAREEENER,Supply chain disruptions impact production targets for WAAREEENER,Financial Express,https://finance.example.com/news/waareeener
2026-04-22,WAAREEENER,WAAREEENER faces margin pressure amid rising operational expenses,Business Standard,https://finance.example.com/news/waareeener
2026-04-23,WAAREEENER,Supply chain disruptions impact production targets for WAAREEENER,Economic Times,https://finance.example.com/news/waareeener
2026-04-23,WAAREEENER,WAAREEENER downgraded by major brokerage following weak guidance,Economic Times,https://finance.example.com/news/waareeener
2026-04-24,WAAREEENER,Executive leadership changes announced at WAAREEENER,Livemint,https://finance.example.com/news/waareeener
2026-04-24,WAAREEENER,WAAREEENER schedules annual general meeting for upcoming month,Financial Express,https://finance.example.com/news/waareeener
2026-04-24,WAAREEENER,Supply chain disruptions impact production targets for WAAREEENER,Livemint,https://finance.example.com/news/waareeener
2026-04-27,WAAREEENER,WAAREEENER downgraded by major brokerage following weak guidance,Livemint,https://finance.example.com/news/waareeener
2026-04-27,WAAREEENER,WAAREEENER launches innovative AI-driven service line in India,Financial Express,https://finance.example.com/news/waareeener
2026-04-28,WAAREEENER,WAAREEENER schedules annual general meeting for upcoming month,Business Standard,https://finance.example.com/news/waareeener
2026-04-28,WAAREEENER,Board of directors at WAAREEENER considers new dividend payout plan,Business Standard,https://finance.example.com/news/waareeener
2026-04-28,WAAREEENER,Regulatory scrutiny increases for WAAREEENER over compliance issue,Financial Express,https://finance.example.com/news/waareeener
2026-04-28,WAAREEENER,Supply chain disruptions impact production targets for WAAREEENER,Economic Times,https://finance.example.com/news/waareeener
2026-04-29,WAAREEENER,"WAAREEENER reports record quarterly profit, exceeding analyst estimates",Business Standard,https://finance.example.com/news/waareeener
2026-04-30,WAAREEENER,Regulatory scrutiny increases for WAAREEENER over compliance issue,Business Standard,https://finance.example.com/news/waareeener
2026-05-01,WAAREEENER,Quarterly revenue drops for WAAREEENER as demand slows down,Livemint,https://finance.example.com/news/waareeener
2026-05-01,WAAREEENER,Analysts upgrade WAAREEENER target price following robust revenue growth,Business Standard,https://finance.example.com/news/waareeener
2026-05-04,WAAREEENER,Quarterly revenue drops for WAAREEENER as demand slows down,Business Standard,https://finance.example.com/news/waareeener
2026-05-04,WAAREEENER,WAAREEENER schedules annual general meeting for upcoming month,Economic Times,https://finance.example.com/news/waareeener
2026-05-05,WAAREEENER,WAAREEENER files quarterly compliance report with NSE,Economic Times,https://finance.example.com/news/waareeener
2026-05-06,WAAREEENER,Analysts upgrade WAAREEENER target price following robust revenue growth,Economic Times,https://finance.example.com/news/waareeener
2026-05-06,WAAREEENER,WAAREEENER faces margin pressure amid rising operational expenses,Financial Express,https://finance.example.com/news/waareeener
2026-05-06,WAAREEENER,Board of directors at WAAREEENER considers new dividend payout plan,Economic Times,https://finance.example.com/news/waareeener
2026-05-07,WAAREEENER,"WAAREEENER reports record quarterly profit, exceeding analyst estimates",Economic Times,https://finance.example.com/news/waareeener
2026-05-07,WAAREEENER,Quarterly revenue drops for WAAREEENER as demand slows down,Business Standard,https://finance.example.com/news/waareeener
2026-05-07,WAAREEENER,WAAREEENER faces margin pressure amid rising operational expenses,Economic Times,https://finance.example.com/news/waareeener
2026-05-07,WAAREEENER,WAAREEENER downgraded by major brokerage following weak guidance,Financial Express,https://finance.example.com/news/waareeener
2026-05-08,WAAREEENER,WAAREEENER files quarterly compliance report with NSE,Economic Times,https://finance.example.com/news/waareeener
2026-05-08,WAAREEENER,WAAREEENER secures $500M international contract expansion,Livemint,https://finance.example.com/news/waareeener
2026-05-11,WAAREEENER,WAAREEENER secures $500M international contract expansion,Business Standard,https://finance.example.com/news/waareeener
2026-05-12,WAAREEENER,WAAREEENER faces margin pressure amid rising operational expenses,Business Standard,https://finance.example.com/news/waareeener
2026-05-12,WAAREEENER,WAAREEENER files quarterly compliance report with NSE,Financial Express,https://finance.example.com/news/waareeener
2026-05-12,WAAREEENER,Market highlights: WAAREEENER trades rangebound in quiet session,Livemint,https://finance.example.com/news/waareeener
2026-05-13,WAAREEENER,WAAREEENER announces strategic partnership to boost market share,Business Standard,https://finance.example.com/news/waareeener
2026-05-13,WAAREEENER,Board of directors at WAAREEENER considers new dividend payout plan,Livemint,https://finance.example.com/news/waareeener
2026-05-14,WAAREEENER,Market highlights: WAAREEENER trades rangebound in quiet session,Business Standard,https://finance.example.com/news/waareeener
2026-05-14,WAAREEENER,WAAREEENER secures $500M international contract expansion,Economic Times,https://finance.example.com/news/waareeener
2026-05-14,WAAREEENER,"WAAREEENER reports record quarterly profit, exceeding analyst estimates",Business Standard,https://finance.example.com/news/waareeener
2026-05-15,WAAREEENER,Executive leadership changes announced at WAAREEENER,Business Standard,https://finance.example.com/news/waareeener
2026-05-15,WAAREEENER,"WAAREEENER reports record quarterly profit, exceeding analyst estimates",Economic Times,https://finance.example.com/news/waareeener
2026-05-15,WAAREEENER,Analysts upgrade WAAREEENER target price following robust revenue growth,Business Standard,https://finance.example.com/news/waareeener
2026-05-15,WAAREEENER,Board of directors at WAAREEENER considers new dividend payout plan,Economic Times,https://finance.example.com/news/waareeener
2026-05-18,WAAREEENER,Board of directors at WAAREEENER considers new dividend payout plan,Business Standard,https://finance.example.com/news/waareeener
2026-05-19,WAAREEENER,WAAREEENER launches innovative AI-driven service line in India,Economic Times,https://finance.example.com/news/waareeener
2026-05-19,WAAREEENER,WAAREEENER launches innovative AI-driven service line in India,Business Standard,https://finance.example.com/news/waareeener
2026-05-20,WAAREEENER,Executive leadership changes announced at WAAREEENER,Business Standard,https://finance.example.com/news/waareeener
2026-05-21,WAAREEENER,Analysts upgrade WAAREEENER target price following robust revenue growth,Business Standard,https://finance.example.com/news/waareeener
2026-05-21,WAAREEENER,Supply chain disruptions impact production targets for WAAREEENER,Economic Times,https://finance.example.com/news/waareeener
2026-05-22,WAAREEENER,WAAREEENER announces strategic partnership to boost market share,Business Standard,https://finance.example.com/news/waareeener
2026-05-22,WAAREEENER,Market highlights: WAAREEENER trades rangebound in quiet session,Business Standard,https://finance.example.com/news/waareeener
2026-05-25,WAAREEENER,Regulatory scrutiny increases for WAAREEENER over compliance issue,Livemint,https://finance.example.com/news/waareeener
2026-05-25,WAAREEENER,Market highlights: WAAREEENER trades rangebound in quiet session,Financial Express,https://finance.example.com/news/waareeener
2026-05-25,WAAREEENER,WAAREEENER secures $500M international contract expansion,Livemint,https://finance.example.com/news/waareeener
2026-05-25,WAAREEENER,WAAREEENER faces margin pressure amid rising operational expenses,Livemint,https://finance.example.com/news/waareeener
2026-05-26,WAAREEENER,WAAREEENER secures $500M international contract expansion,Economic Times,https://finance.example.com/news/waareeener
2026-05-26,WAAREEENER,Executive leadership changes announced at WAAREEENER,Financial Express,https://finance.example.com/news/waareeener
2026-05-27,WAAREEENER,Market highlights: WAAREEENER trades rangebound in quiet session,Financial Express,https://finance.example.com/news/waareeener
2026-05-27,WAAREEENER,"WAAREEENER reports record quarterly profit, exceeding analyst estimates",Livemint,https://finance.example.com/news/waareeener
2026-05-28,WAAREEENER,WAAREEENER launches innovative AI-driven service line in India,Business Standard,https://finance.example.com/news/waareeener
2026-05-28,WAAREEENER,WAAREEENER announces strategic partnership to boost market share,Financial Express,https://finance.example.com/news/waareeener
2026-05-28,WAAREEENER,WAAREEENER files quarterly compliance report with NSE,Economic Times,https://finance.example.com/news/waareeener
2026-05-29,WAAREEENER,Executive leadership changes announced at WAAREEENER,Financial Express,https://finance.example.com/news/waareeener
2026-06-01,WAAREEENER,"WAAREEENER reports record quarterly profit, exceeding analyst estimates",Economic Times,https://finance.example.com/news/waareeener
2026-06-01,WAAREEENER,Supply chain disruptions impact production targets for WAAREEENER,Business Standard,https://finance.example.com/news/waareeener
2026-06-02,WAAREEENER,WAAREEENER announces strategic partnership to boost market share,Business Standard,https://finance.example.com/news/waareeener
2026-06-02,WAAREEENER,WAAREEENER announces strategic partnership to boost market share,Business Standard,https://finance.example.com/news/waareeener
2026-06-02,WAAREEENER,WAAREEENER downgraded by major brokerage following weak guidance,Livemint,https://finance.example.com/news/waareeener
2026-06-03,WAAREEENER,Board of directors at WAAREEENER considers new dividend payout plan,Livemint,https://finance.example.com/news/waareeener
2026-06-03,WAAREEENER,WAAREEENER files quarterly compliance report with NSE,Economic Times,https://finance.example.com/news/waareeener
2026-06-04,WAAREEENER,Regulatory scrutiny increases for WAAREEENER over compliance issue,Livemint,https://finance.example.com/news/waareeener
2026-06-05,WAAREEENER,WAAREEENER launches innovative AI-driven service line in India,Business Standard,https://finance.example.com/news/waareeener
2026-06-05,WAAREEENER,WAAREEENER faces margin pressure amid rising operational expenses,Livemint,https://finance.example.com/news/waareeener
2026-06-08,WAAREEENER,WAAREEENER announces strategic partnership to boost market share,Financial Express,https://finance.example.com/news/waareeener
2026-06-08,WAAREEENER,Quarterly revenue drops for WAAREEENER as demand slows down,Business Standard,https://finance.example.com/news/waareeener
2026-06-08,WAAREEENER,WAAREEENER faces margin pressure amid rising operational expenses,Financial Express,https://finance.example.com/news/waareeener
2026-06-08,WAAREEENER,Quarterly revenue drops for WAAREEENER as demand slows down,Economic Times,https://finance.example.com/news/waareeener
2026-06-09,WAAREEENER,WAAREEENER downgraded by major brokerage following weak guidance,Business Standard,https://finance.example.com/news/waareeener
2026-06-10,WAAREEENER,Market highlights: WAAREEENER trades rangebound in quiet session,Livemint,https://finance.example.com/news/waareeener
2026-06-11,WAAREEENER,Analysts upgrade WAAREEENER target price following robust revenue growth,Financial Express,https://finance.example.com/news/waareeener
2026-06-11,WAAREEENER,Analysts upgrade WAAREEENER target price following robust revenue growth,Business Standard,https://finance.example.com/news/waareeener
2026-06-11,WAAREEENER,WAAREEENER secures $500M international contract expansion,Livemint,https://finance.example.com/news/waareeener
2026-06-11,WAAREEENER,"WAAREEENER reports record quarterly profit, exceeding analyst estimates",Economic Times,https://finance.example.com/news/waareeener
2026-06-12,WAAREEENER,Quarterly revenue drops for WAAREEENER as demand slows down,Business Standard,https://finance.example.com/news/waareeener
2026-06-12,WAAREEENER,"WAAREEENER reports record quarterly profit, exceeding analyst estimates",Business Standard,https://finance.example.com/news/waareeener
2026-06-12,WAAREEENER,Regulatory scrutiny increases for WAAREEENER over compliance issue,Economic Times,https://finance.example.com/news/waareeener
2026-06-12,WAAREEENER,Analysts upgrade WAAREEENER target price following robust revenue growth,Financial Express,https://finance.example.com/news/waareeener
2026-06-15,WAAREEENER,Supply chain disruptions impact production targets for WAAREEENER,Economic Times,https://finance.example.com/news/waareeener
2026-06-15,WAAREEENER,Board of directors at WAAREEENER considers new dividend payout plan,Livemint,https://finance.example.com/news/waareeener
2026-06-16,WAAREEENER,Supply chain disruptions impact production targets for WAAREEENER,Business Standard,https://finance.example.com/news/waareeener
2026-06-17,WAAREEENER,"WAAREEENER reports record quarterly profit, exceeding analyst estimates",Economic Times,https://finance.example.com/news/waareeener
2026-06-17,WAAREEENER,WAAREEENER secures $500M international contract expansion,Livemint,https://finance.example.com/news/waareeener
2026-06-18,WAAREEENER,WAAREEENER launches innovative AI-driven service line in India,Livemint,https://finance.example.com/news/waareeener
2026-06-18,WAAREEENER,WAAREEENER faces margin pressure amid rising operational expenses,Livemint,https://finance.example.com/news/waareeener
2026-06-18,WAAREEENER,WAAREEENER faces margin pressure amid rising operational expenses,Business Standard,https://finance.example.com/news/waareeener
2026-06-19,WAAREEENER,Board of directors at WAAREEENER considers new dividend payout plan,Livemint,https://finance.example.com/news/waareeener
2026-06-19,WAAREEENER,WAAREEENER schedules annual general meeting for upcoming month,Business Standard,https://finance.example.com/news/waareeener
2026-06-19,WAAREEENER,WAAREEENER faces margin pressure amid rising operational expenses,Financial Express,https://finance.example.com/news/waareeener
2026-06-19,WAAREEENER,WAAREEENER schedules annual general meeting for upcoming month,Livemint,https://finance.example.com/news/waareeener
2026-06-22,WAAREEENER,Regulatory scrutiny increases for WAAREEENER over compliance issue,Economic Times,https://finance.example.com/news/waareeener
2026-06-23,WAAREEENER,Analysts upgrade WAAREEENER target price following robust revenue growth,Business Standard,https://finance.example.com/news/waareeener
2026-06-23,WAAREEENER,Analysts upgrade WAAREEENER target price following robust revenue growth,Financial Express,https://finance.example.com/news/waareeener
2026-06-23,WAAREEENER,WAAREEENER faces margin pressure amid rising operational expenses,Livemint,https://finance.example.com/news/waareeener
2026-06-24,WAAREEENER,WAAREEENER announces strategic partnership to boost market share,Financial Express,https://finance.example.com/news/waareeener
2026-06-25,WAAREEENER,WAAREEENER launches innovative AI-driven service line in India,Livemint,https://finance.example.com/news/waareeener
2026-06-26,WAAREEENER,Executive leadership changes announced at WAAREEENER,Business Standard,https://finance.example.com/news/waareeener
2026-06-26,WAAREEENER,Regulatory scrutiny increases for WAAREEENER over compliance issue,Financial Express,https://finance.example.com/news/waareeener
2026-06-26,WAAREEENER,WAAREEENER schedules annual general meeting for upcoming month,Business Standard,https://finance.example.com/news/waareeener
2026-06-29,WAAREEENER,Analysts upgrade WAAREEENER target price following robust revenue growth,Financial Express,https://finance.example.com/news/waareeener
2026-06-29,WAAREEENER,WAAREEENER faces margin pressure amid rising operational expenses,Livemint,https://finance.example.com/news/waareeener
2026-06-29,WAAREEENER,Analysts upgrade WAAREEENER target price following robust revenue growth,Financial Express,https://finance.example.com/news/waareeener
2026-06-29,WAAREEENER,WAAREEENER faces margin pressure amid rising operational expenses,Economic Times,https://finance.example.com/news/waareeener
2026-06-30,WAAREEENER,WAAREEENER announces strategic partnership to boost market share,Financial Express,https://finance.example.com/news/waareeener
2026-06-30,WAAREEENER,Supply chain disruptions impact production targets for WAAREEENER,Business Standard,https://finance.example.com/news/waareeener
2026-07-01,WAAREEENER,WAAREEENER schedules annual general meeting for upcoming month,Economic Times,https://finance.example.com/news/waareeener
2026-07-01,WAAREEENER,Supply chain disruptions impact production targets for WAAREEENER,Business Standard,https://finance.example.com/news/waareeener
2026-07-01,WAAREEENER,Quarterly revenue drops for WAAREEENER as demand slows down,Financial Express,https://finance.example.com/news/waareeener
2026-07-01,WAAREEENER,Supply chain disruptions impact production targets for WAAREEENER,Financial Express,https://finance.example.com/news/waareeener
2026-07-02,WAAREEENER,WAAREEENER secures $500M international contract expansion,Livemint,https://finance.example.com/news/waareeener
2026-07-02,WAAREEENER,WAAREEENER launches innovative AI-driven service line in India,Livemint,https://finance.example.com/news/waareeener
2026-07-03,WAAREEENER,Board of directors at WAAREEENER considers new dividend payout plan,Economic Times,https://finance.example.com/news/waareeener
2026-07-03,WAAREEENER,WAAREEENER files quarterly compliance report with NSE,Business Standard,https://finance.example.com/news/waareeener
2026-07-03,WAAREEENER,"WAAREEENER reports record quarterly profit, exceeding analyst estimates",Economic Times,https://finance.example.com/news/waareeener
2026-07-03,WAAREEENER,WAAREEENER downgraded by major brokerage following weak guidance,Livemint,https://finance.example.com/news/waareeener
2026-07-06,WAAREEENER,Executive leadership changes announced at WAAREEENER,Financial Express,https://finance.example.com/news/waareeener
2026-07-06,WAAREEENER,Market highlights: WAAREEENER trades rangebound in quiet session,Business Standard,https://finance.example.com/news/waareeener
2026-07-06,WAAREEENER,WAAREEENER announces strategic partnership to boost market share,Business Standard,https://finance.example.com/news/waareeener
2026-07-07,WAAREEENER,WAAREEENER faces margin pressure amid rising operational expenses,Financial Express,https://finance.example.com/news/waareeener
2026-07-08,WAAREEENER,Quarterly revenue drops for WAAREEENER as demand slows down,Economic Times,https://finance.example.com/news/waareeener
2026-07-09,WAAREEENER,WAAREEENER secures $500M international contract expansion,Business Standard,https://finance.example.com/news/waareeener
2026-07-10,WAAREEENER,Analysts upgrade WAAREEENER target price following robust revenue growth,Livemint,https://finance.example.com/news/waareeener
2026-07-10,WAAREEENER,Supply chain disruptions impact production targets for WAAREEENER,Financial Express,https://finance.example.com/news/waareeener
2026-07-10,WAAREEENER,WAAREEENER launches innovative AI-driven service line in India,Economic Times,https://finance.example.com/news/waareeener
2026-07-10,WAAREEENER,"WAAREEENER reports record quarterly profit, exceeding analyst estimates",Financial Express,https://finance.example.com/news/waareeener
2026-07-13,WAAREEENER,WAAREEENER launches innovative AI-driven service line in India,Economic Times,https://finance.example.com/news/waareeener
2026-07-13,WAAREEENER,Analysts upgrade WAAREEENER target price following robust revenue growth,Economic Times,https://finance.example.com/news/waareeener
2026-07-13,WAAREEENER,WAAREEENER downgraded by major brokerage following weak guidance,Financial Express,https://finance.example.com/news/waareeener
2026-07-13,WAAREEENER,Quarterly revenue drops for WAAREEENER as demand slows down,Livemint,https://finance.example.com/news/waareeener
2026-07-14,WAAREEENER,"WAAREEENER reports record quarterly profit, exceeding analyst estimates",Economic Times,https://finance.example.com/news/waareeener
2026-07-14,WAAREEENER,Board of directors at WAAREEENER considers new dividend payout plan,Financial Express,https://finance.example.com/news/waareeener
2026-07-14,WAAREEENER,WAAREEENER faces margin pressure amid rising operational expenses,Livemint,https://finance.example.com/news/waareeener
2026-07-15,WAAREEENER,Executive leadership changes announced at WAAREEENER,Livemint,https://finance.example.com/news/waareeener
2026-07-15,WAAREEENER,Executive leadership changes announced at WAAREEENER,Livemint,https://finance.example.com/news/waareeener
2026-07-15,WAAREEENER,WAAREEENER downgraded by major brokerage following weak guidance,Business Standard,https://finance.example.com/news/waareeener
2026-07-15,WAAREEENER,Board of directors at WAAREEENER considers new dividend payout plan,Business Standard,https://finance.example.com/news/waareeener
2026-07-16,WAAREEENER,WAAREEENER announces strategic partnership to boost market share,Business Standard,https://finance.example.com/news/waareeener
2026-07-16,WAAREEENER,WAAREEENER files quarterly compliance report with NSE,Economic Times,https://finance.example.com/news/waareeener
2026-07-17,WAAREEENER,WAAREEENER launches innovative AI-driven service line in India,Financial Express,https://finance.example.com/news/waareeener
2026-07-20,WAAREEENER,Analysts upgrade WAAREEENER target price following robust revenue growth,Business Standard,https://finance.example.com/news/waareeener
2026-07-20,WAAREEENER,Market highlights: WAAREEENER trades rangebound in quiet session,Financial Express,https://finance.example.com/news/waareeener
2026-07-20,WAAREEENER,WAAREEENER launches innovative AI-driven service line in India,Business Standard,https://finance.example.com/news/waareeener
2026-07-21,WAAREEENER,"WAAREEENER reports record quarterly profit, exceeding analyst estimates",Business Standard,https://finance.example.com/news/waareeener
2026-07-22,WAAREEENER,WAAREEENER launches innovative AI-driven service line in India,Economic Times,https://finance.example.com/news/waareeener
2026-07-22,WAAREEENER,WAAREEENER faces margin pressure amid rising operational expenses,Livemint,https://finance.example.com/news/waareeener
2026-07-23,WAAREEENER,WAAREEENER announces strategic partnership to boost market share,Financial Express,https://finance.example.com/news/waareeener
2026-07-24,WAAREEENER,"WAAREEENER reports record quarterly profit, exceeding analyst estimates",Financial Express,https://finance.example.com/news/waareeener
2026-07-24,WAAREEENER,WAAREEENER secures $500M international contract expansion,Financial Express,https://finance.example.com/news/waareeener
2026-07-24,WAAREEENER,Regulatory scrutiny increases for WAAREEENER over compliance issue,Financial Express,https://finance.example.com/news/waareeener
2026-07-24,WAAREEENER,Board of directors at WAAREEENER considers new dividend payout plan,Financial Express,https://finance.example.com/news/waareeener
2026-07-27,WAAREEENER,"WAAREEENER reports record quarterly profit, exceeding analyst estimates",Livemint,https://finance.example.com/news/waareeener
2026-07-27,WAAREEENER,WAAREEENER secures $500M international contract expansion,Business Standard,https://finance.example.com/news/waareeener
2026-07-28,WAAREEENER,Supply chain disruptions impact production targets for WAAREEENER,Livemint,https://finance.example.com/news/waareeener
2026-07-28,WAAREEENER,"WAAREEENER reports record quarterly profit, exceeding analyst estimates",Economic Times,https://finance.example.com/news/waareeener
2026-07-28,WAAREEENER,WAAREEENER schedules annual general meeting for upcoming month,Financial Express,https://finance.example.com/news/waareeener
2026-07-29,WAAREEENER,WAAREEENER launches innovative AI-driven service line in India,Livemint,https://finance.example.com/news/waareeener
2026-07-29,WAAREEENER,Market highlights: WAAREEENER trades rangebound in quiet session,Livemint,https://finance.example.com/news/waareeener
2026-07-29,WAAREEENER,Quarterly revenue drops for WAAREEENER as demand slows down,Livemint,https://finance.example.com/news/waareeener
2026-07-29,WAAREEENER,Executive leadership changes announced at WAAREEENER,Economic Times,https://finance.example.com/news/waareeener
2026-07-30,WAAREEENER,WAAREEENER announces strategic partnership to boost market share,Livemint,https://finance.example.com/news/waareeener
2026-07-31,WAAREEENER,Board of directors at WAAREEENER considers new dividend payout plan,Financial Express,https://finance.example.com/news/waareeener
2026-07-31,WAAREEENER,"WAAREEENER reports record quarterly profit, exceeding analyst estimates",Financial Express,https://finance.example.com/news/waareeener
2026-07-31,WAAREEENER,Executive leadership changes announced at WAAREEENER,Business Standard,https://finance.example.com/news/waareeener
2026-08-03,WAAREEENER,Supply chain disruptions impact production targets for WAAREEENER,Economic Times,https://finance.example.com/news/waareeener
2026-08-03,WAAREEENER,Analysts upgrade WAAREEENER target price following robust revenue growth,Livemint,https://finance.example.com/news/waareeener
2026-08-03,WAAREEENER,WAAREEENER launches innovative AI-driven service line in India,Economic Times,https://finance.example.com/news/waareeener
2026-08-04,WAAREEENER,Quarterly revenue drops for WAAREEENER as demand slows down,Economic Times,https://finance.example.com/news/waareeener
2026-08-04,WAAREEENER,WAAREEENER announces strategic partnership to boost market share,Business Standard,https://finance.example.com/news/waareeener
2026-08-05,WAAREEENER,WAAREEENER launches innovative AI-driven service line in India,Business Standard,https://finance.example.com/news/waareeener
2026-08-06,WAAREEENER,WAAREEENER launches innovative AI-driven service line in India,Financial Express,https://finance.example.com/news/waareeener
2026-08-07,WAAREEENER,WAAREEENER files quarterly compliance report with NSE,Business Standard,https://finance.example.com/news/waareeener
2026-08-07,WAAREEENER,"WAAREEENER reports record quarterly profit, exceeding analyst estimates",Livemint,https://finance.example.com/news/waareeener
2026-08-07,WAAREEENER,Regulatory scrutiny increases for WAAREEENER over compliance issue,Business Standard,https://finance.example.com/news/waareeener
2026-08-07,WAAREEENER,Market highlights: WAAREEENER trades rangebound in quiet session,Financial Express,https://finance.example.com/news/waareeener
2026-08-10,WAAREEENER,"WAAREEENER reports record quarterly profit, exceeding analyst estimates",Livemint,https://finance.example.com/news/waareeener
2026-08-10,WAAREEENER,WAAREEENER faces margin pressure amid rising operational expenses,Financial Express,https://finance.example.com/news/waareeener
2026-08-11,WAAREEENER,WAAREEENER schedules annual general meeting for upcoming month,Financial Express,https://finance.example.com/news/waareeener
2026-08-11,WAAREEENER,WAAREEENER faces margin pressure amid rising operational expenses,Business Standard,https://finance.example.com/news/waareeener
2026-08-11,WAAREEENER,WAAREEENER faces margin pressure amid rising operational expenses,Livemint,https://finance.example.com/news/waareeener
2026-08-12,WAAREEENER,WAAREEENER announces strategic partnership to boost market share,Business Standard,https://finance.example.com/news/waareeener
2026-08-12,WAAREEENER,Quarterly revenue drops for WAAREEENER as demand slows down,Economic Times,https://finance.example.com/news/waareeener
2026-08-12,WAAREEENER,Analysts upgrade WAAREEENER target price following robust revenue growth,Financial Express,https://finance.example.com/news/waareeener
2026-08-12,WAAREEENER,WAAREEENER announces strategic partnership to boost market share,Livemint,https://finance.example.com/news/waareeener
2026-08-13,WAAREEENER,Quarterly revenue drops for WAAREEENER as demand slows down,Financial Express,https://finance.example.com/news/waareeener
2026-08-13,WAAREEENER,WAAREEENER files quarterly compliance report with NSE,Livemint,https://finance.example.com/news/waareeener
2026-08-13,WAAREEENER,Analysts upgrade WAAREEENER target price following robust revenue growth,Business Standard,https://finance.example.com/news/waareeener
2026-08-14,WAAREEENER,WAAREEENER launches innovative AI-driven service line in India,Financial Express,https://finance.example.com/news/waareeener
2026-08-17,WAAREEENER,Executive leadership changes announced at WAAREEENER,Business Standard,https://finance.example.com/news/waareeener
2026-08-18,WAAREEENER,WAAREEENER files quarterly compliance report with NSE,Business Standard,https://finance.example.com/news/waareeener
2026-08-18,WAAREEENER,WAAREEENER downgraded by major brokerage following weak guidance,Livemint,https://finance.example.com/news/waareeener
2026-08-18,WAAREEENER,"WAAREEENER reports record quarterly profit, exceeding analyst estimates",Economic Times,https://finance.example.com/news/waareeener
2026-08-18,WAAREEENER,Analysts upgrade WAAREEENER target price following robust revenue growth,Business Standard,https://finance.example.com/news/waareeener
2026-08-19,WAAREEENER,Supply chain disruptions impact production targets for WAAREEENER,Business Standard,https://finance.example.com/news/waareeener
2026-08-19,WAAREEENER,"WAAREEENER reports record quarterly profit, exceeding analyst estimates",Livemint,https://finance.example.com/news/waareeener
2026-08-19,WAAREEENER,WAAREEENER faces margin pressure amid rising operational expenses,Economic Times,https://finance.example.com/news/waareeener
2026-08-20,WAAREEENER,Market highlights: WAAREEENER trades rangebound in quiet session,Business Standard,https://finance.example.com/news/waareeener
2026-08-20,WAAREEENER,WAAREEENER schedules annual general meeting for upcoming month,Livemint,https://finance.example.com/news/waareeener
2026-08-21,WAAREEENER,WAAREEENER schedules annual general meeting for upcoming month,Economic Times,https://finance.example.com/news/waareeener
2026-08-21,WAAREEENER,WAAREEENER announces strategic partnership to boost market share,Livemint,https://finance.example.com/news/waareeener
2026-08-24,WAAREEENER,Regulatory scrutiny increases for WAAREEENER over compliance issue,Economic Times,https://finance.example.com/news/waareeener
2026-08-24,WAAREEENER,Board of directors at WAAREEENER considers new dividend payout plan,Business Standard,https://finance.example.com/news/waareeener
2026-08-24,WAAREEENER,WAAREEENER secures $500M international contract expansion,Economic Times,https://finance.example.com/news/waareeener
2026-08-24,WAAREEENER,WAAREEENER downgraded by major brokerage following weak guidance,Livemint,https://finance.example.com/news/waareeener
2026-08-25,WAAREEENER,WAAREEENER announces strategic partnership to boost market share,Economic Times,https://finance.example.com/news/waareeener
2026-08-25,WAAREEENER,WAAREEENER secures $500M international contract expansion,Business Standard,https://finance.example.com/news/waareeener
2026-08-25,WAAREEENER,Market highlights: WAAREEENER trades rangebound in quiet session,Business Standard,https://finance.example.com/news/waareeener
2026-08-26,WAAREEENER,WAAREEENER launches innovative AI-driven service line in India,Business Standard,https://finance.example.com/news/waareeener
2026-08-26,WAAREEENER,Executive leadership changes announced at WAAREEENER,Economic Times,https://finance.example.com/news/waareeener
2026-08-27,WAAREEENER,WAAREEENER files quarterly compliance report with NSE,Economic Times,https://finance.example.com/news/waareeener
2026-08-27,WAAREEENER,WAAREEENER secures $500M international contract expansion,Economic Times,https://finance.example.com/news/waareeener
2026-08-28,WAAREEENER,Quarterly revenue drops for WAAREEENER as demand slows down,Financial Express,https://finance.example.com/news/waareeener
2026-08-31,WAAREEENER,Regulatory scrutiny increases for WAAREEENER over compliance issue,Economic Times,https://finance.example.com/news/waareeener
2026-09-01,WAAREEENER,Quarterly revenue drops for WAAREEENER as demand slows down,Economic Times,https://finance.example.com/news/waareeener
2026-09-01,WAAREEENER,Analysts upgrade WAAREEENER target price following robust revenue growth,Business Standard,https://finance.example.com/news/waareeener
2026-09-02,WAAREEENER,Supply chain disruptions impact production targets for WAAREEENER,Economic Times,https://finance.example.com/news/waareeener
2026-09-03,WAAREEENER,Market highlights: WAAREEENER trades rangebound in quiet session,Livemint,https://finance.example.com/news/waareeener
2026-09-04,WAAREEENER,WAAREEENER files quarterly compliance report with NSE,Livemint,https://finance.example.com/news/waareeener
2026-09-04,WAAREEENER,Regulatory scrutiny increases for WAAREEENER over compliance issue,Business Standard,https://finance.example.com/news/waareeener
2026-09-04,WAAREEENER,WAAREEENER launches innovative AI-driven service line in India,Livemint,https://finance.example.com/news/waareeener
2026-09-07,WAAREEENER,Supply chain disruptions impact production targets for WAAREEENER,Financial Express,https://finance.example.com/news/waareeener
2026-09-07,WAAREEENER,WAAREEENER secures $500M international contract expansion,Financial Express,https://finance.example.com/news/waareeener
2026-09-07,WAAREEENER,WAAREEENER launches innovative AI-driven service line in India,Livemint,https://finance.example.com/news/waareeener
2026-09-07,WAAREEENER,Board of directors at WAAREEENER considers new dividend payout plan,Economic Times,https://finance.example.com/news/waareeener
2026-09-08,WAAREEENER,Market highlights: WAAREEENER trades rangebound in quiet session,Economic Times,https://finance.example.com/news/waareeener
2026-09-08,WAAREEENER,Market highlights: WAAREEENER trades rangebound in quiet session,Business Standard,https://finance.example.com/news/waareeener
2026-09-09,WAAREEENER,Regulatory scrutiny increases for WAAREEENER over compliance issue,Financial Express,https://finance.example.com/news/waareeener
2026-09-09,WAAREEENER,Supply chain disruptions impact production targets for WAAREEENER,Financial Express,https://finance.example.com/news/waareeener
2026-09-09,WAAREEENER,Market highlights: WAAREEENER trades rangebound in quiet session,Livemint,https://finance.example.com/news/waareeener
2026-09-09,WAAREEENER,WAAREEENER schedules annual general meeting for upcoming month,Business Standard,https://finance.example.com/news/waareeener
2026-09-10,WAAREEENER,Analysts upgrade WAAREEENER target price following robust revenue growth,Financial Express,https://finance.example.com/news/waareeener
2026-09-11,WAAREEENER,"WAAREEENER reports record quarterly profit, exceeding analyst estimates",Livemint,https://finance.example.com/news/waareeener
2026-09-11,WAAREEENER,Regulatory scrutiny increases for WAAREEENER over compliance issue,Livemint,https://finance.example.com/news/waareeener
2026-09-14,WAAREEENER,WAAREEENER faces margin pressure amid rising operational expenses,Financial Express,https://finance.example.com/news/waareeener
2026-09-14,WAAREEENER,Quarterly revenue drops for WAAREEENER as demand slows down,Financial Express,https://finance.example.com/news/waareeener
2026-09-15,WAAREEENER,WAAREEENER files quarterly compliance report with NSE,Financial Express,https://finance.example.com/news/waareeener
2026-09-15,WAAREEENER,WAAREEENER downgraded by major brokerage following weak guidance,Business Standard,https://finance.example.com/news/waareeener
2026-09-16,WAAREEENER,WAAREEENER downgraded by major brokerage following weak guidance,Business Standard,https://finance.example.com/news/waareeener
2026-09-16,WAAREEENER,Quarterly revenue drops for WAAREEENER as demand slows down,Financial Express,https://finance.example.com/news/waareeener
2026-09-16,WAAREEENER,Market highlights: WAAREEENER trades rangebound in quiet session,Economic Times,https://finance.example.com/news/waareeener
2026-09-17,WAAREEENER,Board of directors at WAAREEENER considers new dividend payout plan,Business Standard,https://finance.example.com/news/waareeener
2026-09-18,WAAREEENER,WAAREEENER files quarterly compliance report with NSE,Business Standard,https://finance.example.com/news/waareeener
2026-09-18,WAAREEENER,WAAREEENER files quarterly compliance report with NSE,Business Standard,https://finance.example.com/news/waareeener
2026-09-21,WAAREEENER,WAAREEENER launches innovative AI-driven service line in India,Livemint,https://finance.example.com/news/waareeener
2026-09-22,WAAREEENER,Supply chain disruptions impact production targets for WAAREEENER,Economic Times,https://finance.example.com/news/waareeener
2026-09-22,WAAREEENER,WAAREEENER secures $500M international contract expansion,Business Standard,https://finance.example.com/news/waareeener
2026-09-22,WAAREEENER,Executive leadership changes announced at WAAREEENER,Livemint,https://finance.example.com/news/waareeener
2026-09-23,WAAREEENER,WAAREEENER announces strategic partnership to boost market share,Business Standard,https://finance.example.com/news/waareeener
2026-09-24,WAAREEENER,Supply chain disruptions impact production targets for WAAREEENER,Livemint,https://finance.example.com/news/waareeener
2026-09-25,WAAREEENER,Analysts upgrade WAAREEENER target price following robust revenue growth,Economic Times,https://finance.example.com/news/waareeener
2026-09-25,WAAREEENER,WAAREEENER launches innovative AI-driven service line in India,Business Standard,https://finance.example.com/news/waareeener
2026-09-25,WAAREEENER,WAAREEENER secures $500M international contract expansion,Economic Times,https://finance.example.com/news/waareeener
2026-09-28,WAAREEENER,WAAREEENER files quarterly compliance report with NSE,Business Standard,https://finance.example.com/news/waareeener
2026-09-28,WAAREEENER,"WAAREEENER reports record quarterly profit, exceeding analyst estimates",Economic Times,https://finance.example.com/news/waareeener
2026-09-29,WAAREEENER,WAAREEENER faces margin pressure amid rising operational expenses,Livemint,https://finance.example.com/news/waareeener
2026-09-30,WAAREEENER,Quarterly revenue drops for WAAREEENER as demand slows down,Economic Times,https://finance.example.com/news/waareeener
2026-09-30,WAAREEENER,"WAAREEENER reports record quarterly profit, exceeding analyst estimates",Financial Express,https://finance.example.com/news/waareeener
2026-09-30,WAAREEENER,WAAREEENER launches innovative AI-driven service line in India,Business Standard,https://finance.example.com/news/waareeener
2026-10-01,WAAREEENER,WAAREEENER secures $500M international contract expansion,Livemint,https://finance.example.com/news/waareeener
2026-10-01,WAAREEENER,WAAREEENER files quarterly compliance report with NSE,Economic Times,https://finance.example.com/news/waareeener
2026-10-02,WAAREEENER,WAAREEENER launches innovative AI-driven service line in India,Business Standard,https://finance.example.com/news/waareeener
2026-10-02,WAAREEENER,WAAREEENER announces strategic partnership to boost market share,Economic Times,https://finance.example.com/news/waareeener
