Date,Symbol,Open,High,Low,Close,Volume
2026-03-02,RELIANCE,1369.1694587628867,1372.2551671563263,1335.3259388807069,1351.75,23728722
2026-03-04,RELIANCE,1323.8789706886037,1346.5740873609554,1300.9848230751916,1338.8099365234375,32495007
2026-03-05,RELIANCE,1346.8726294272453,1392.5614090361375,1346.8726294272453,1383.005615234375,25957532
2026-03-06,RELIANCE,1390.0728674061675,1417.7449716586152,1383.9014503612218,1398.334716796875,19311971
2026-03-09,RELIANCE,1368.6718029922313,1422.8214608086796,1363.6948146177142,1417.4462890625,24870822
2026-03-10,RELIANCE,1424.015880450879,1424.9117626543534,1394.1539503917586,1402.3162841796875,18071259
2026-03-11,RELIANCE,1418.34212900751,1427.4002232775151,1377.2321576556008,1383.8017578125,21848087
2026-03-12,RELIANCE,1383.6027762448114,1404.4066120742223,1374.7437125844203,1385.7926025390625,20939959
2026-03-13,RELIANCE,1378.8248707870416,1394.3531723993444,1372.0562392077015,1374.3455810546875,17265090
2026-03-16,RELIANCE,1373.6488401657623,1390.8692691567512,1357.224777946389,1388.6793212890625,22837802
2026-03-17,RELIANCE,1392.5613056143347,1399.429573667814,1381.8109624429321,1391.167724609375,19007744
2026-03-18,RELIANCE,1390.7696473738063,1406.3974645008152,1390.7696473738063,1401.6195068359375,9559327
2026-03-19,RELIANCE,1381.6119817895922,1409.1844489610974,1369.7667250791762,1378.4267578125,16498373
2026-03-20,RELIANCE,1391.5659566755692,1423.4186824363833,1389.6746767818195,1407.8905029296875,22994918
2026-03-23,RELIANCE,1393.5567722314413,1409.0849519631759,1384.598192981382,1401.3209228515625,18979554
2026-03-24,RELIANCE,1413.4647025895886,1415.8536813182018,1400.1263494042955,1405.302490234375,18620893
2026-03-25,RELIANCE,1413.464703831985,1423.9163794589117,1401.9181150601291,1406.596435546875,19041331
2026-03-27,RELIANCE,1394.552193095842,1398.235116023098,1338.809921280448,1341.8956298828125,23266517
2026-03-30,RELIANCE,1328.855902170806,1358.7178325566667,1327.960019957529,1337.7149658203125,24393861
2026-04-01,RELIANCE,1377.8294025098971,1378.028554948465,1356.6275051009459,1362.8984375,14404619
2026-04-02,RELIANCE,1350.7546307176451,1351.9490593116357,1321.8880984473344,1344.2845458984375,21280051
2026-04-06,RELIANCE,1352.7454554606609,1352.7454554606609,1284.0630151171836,1298.6953125,29274881
2026-04-07,RELIANCE,1289.040031502862,1302.2788696189978,1285.058440671965,1298.5958251953125,28388922
2026-04-08,RELIANCE,1342.7914745147666,1344.3840865060406,1320.0963587364665,1341.5970458984375,21817543
2026-04-09,RELIANCE,1339.8052690319548,1343.7868597274437,1320.195983460075,1323.87890625,20725390
2026-04-10,RELIANCE,1330.8467605257397,1346.0763943468285,1325.3720730291864,1343.9859619140625,19364461
2026-04-13,RELIANCE,1315.1193869938081,1321.4899565481755,1303.970981405046,1309.0474853515625,28753269
2026-04-15,RELIANCE,1330.8467629297493,1340.8007402141902,1328.059600686701,1337.9140625,15313779
2026-04-16,RELIANCE,1345.7777093601655,1347.5694738488123,1323.8789596516422,1337.1177978515625,30211012
2026-04-17,RELIANCE,1333.832952366644,1362.1022720767137,1333.832952366644,1358.7178955078125,13869105
2026-04-20,RELIANCE,1356.9261198573818,1366.6810660920328,1346.5740808024586,1357.0257568359375,13614733
2026-04-21,RELIANCE,1352.7454957201878,1363.4958396538184,1343.8864317482064,1347.07177734375,27293629
2026-04-22,RELIANCE,1344.085556855853,1359.7132520720183,1342.8910067161314,1355.8311767578125,9525953
2026-04-23,RELIANCE,1339.8052948565,1349.261572940554,1334.529638479888,1337.21728515625,16385079
2026-04-24,RELIANCE,1333.8328899956957,1339.7057606040942,1318.9019248091768,1321.6890869140625,11744802
2026-04-27,RELIANCE,1306.9571155871217,1365.2873936261717,1304.9663202853897,1359.51416015625,24673098
2026-04-28,RELIANCE,1351.7500009887617,1388.7787447541255,1350.75460334444,1382.5078125,41027699
2026-04-29,RELIANCE,1385.5935377241706,1427.2012083655534,1384.896807968084,1418.83984375,30542143
2026-04-30,RELIANCE,1402.5153692729207,1430.386505071105,1386.6885214286783,1424.215087890625,30957881
2026-05-01,RELIANCE,1424.215087890625,1424.215087890625,1424.215087890625,1424.215087890625,0
2026-05-04,RELIANCE,1426.8030702776819,1460.6465916696056,1426.8030702776819,1456.3663330078125,24035700
2026-05-05,RELIANCE,1453.280606341501,1466.6189594959255,1443.3266295857375,1456.864013671875,23543341
2026-05-06,RELIANCE,1456.2668061036345,1466.519450812893,1420.9301884572374,1431.2823486328125,14221786
2026-05-07,RELIANCE,1432.1782190445704,1442.828925531327,1423.717338832762,1429.590087890625,19816903
2026-05-08,RELIANCE,1419.4371163507371,1436.1598462687914,1410.9762359236815,1428.5947265625,8663105
2026-05-11,RELIANCE,1413.4647305422184,1421.427912122738,1375.6396180347506,1381.81103515625,15261787
2026-05-12,RELIANCE,1385.593546668805,1387.0866431630602,1354.0394893602804,1357.722412109375,24357500
2026-05-13,RELIANCE,1355.1343963286624,1366.0837705701026,1346.1758174038478,1352.54638671875,13797989
2026-05-14,RELIANCE,1358.9168476375535,1371.6579863902991,1352.148216400817,1355.5325927734375,17303059
2026-05-15,RELIANCE,1350.5556491178086,1358.5188307246153,1323.082575367519,1330.24951171875,19976192
2026-05-18,RELIANCE,1327.860551095503,1335.8237328112184,1312.6309174607939,1329.7518310546875,13022473
2026-05-19,RELIANCE,1332.5387892026445,1337.8144453658963,1312.3322897558653,1316.6124267578125,21665501
2026-05-20,RELIANCE,1312.6308349443716,1356.6274840630256,1306.558933569541,1353.442138671875,13248515
2026-05-21,RELIANCE,1360.9076465750106,1364.590690861155,1339.0088978228712,1343.388671875,17150630
2026-05-22,RELIANCE,1343.7868238683554,1361.106767233248,1342.8909416840763,1348.26611328125,7105813
2026-05-25,RELIANCE,1360.5095872329855,1364.7897243191815,1350.7546414401118,1360.7086181640625,6750071
2026-05-26,RELIANCE,1353.8404218493883,1362.2017870434288,1346.1759079681497,1350.0579833984375,13769747
2026-05-27,RELIANCE,1346.7730400596713,1354.736221375619,1342.393266034199,1344.2845458984375,13215138
2026-05-28,RELIANCE,1344.2845458984375,1344.2845458984375,1344.2845458984375,1344.2845458984375,0
2026-05-29,RELIANCE,1357.7224546740495,1362.6994431442622,1310.9387630540493,1315.119384765625,42634247
2026-06-01,RELIANCE,1326.3673976551404,1329.353590670499,1312.4318302501333,1313.9249267578125,10700603
2026-06-02,RELIANCE,1301.6815361898255,1321.689127358814,1294.3156903458798,1308.5498046875,23302785
2026-06-03,RELIANCE,1308.9480145168118,1317.906594083847,1295.0124463014238,1307.15625,20012293
2026-06-04,RELIANCE,1295.0124259474096,1305.1654340270677,1287.1487597049047,1297.699951171875,23474327
2026-06-05,RELIANCE,1304.5,1306.0,1288.0,1291.0,17785223
2026-06-08,RELIANCE,1277.0,1282.5999755859375,1259.199951171875,1263.300048828125,16494759
2026-06-09,RELIANCE,1269.0,1274.199951171875,1257.5,1269.199951171875,23620214
2026-06-10,RELIANCE,1275.0,1300.5,1254.4000244140625,1258.800048828125,21012796
2026-06-11,RELIANCE,1258.0,1276.0,1253.199951171875,1263.0,13117486
2026-06-12,RELIANCE,1277.0,1297.0,1262.5,1293.0,11988785
2026-06-15,RELIANCE,1315.300048828125,1325.0,1303.300048828125,1307.0,18633321
2026-06-16,RELIANCE,1313.4000244140625,1333.4000244140625,1306.4000244140625,1328.800048828125,18513223
2026-06-17,RELIANCE,1333.0,1334.0,1317.0,1332.699951171875,10029170
2026-06-18,RELIANCE,1330.0,1333.9000244140625,1322.0,1328.0999755859375,15494549
2026-06-19,RELIANCE,1328.0,1338.199951171875,1305.300048828125,1309.5,24887034
2026-06-22,RELIANCE,1316.699951171875,1344.9000244140625,1314.0999755859375,1326.5,12931213
2026-06-23,RELIANCE,1328.9000244140625,1333.0,1304.0,1309.5,15400184
2026-06-24,RELIANCE,1305.699951171875,1322.0,1297.5,1313.5999755859375,11030917
2026-06-25,RELIANCE,1318.0,1328.0,1314.5999755859375,1318.0999755859375,12694362
2026-06-26,RELIANCE,1318.0999755859375,1318.0999755859375,1318.0999755859375,1318.0999755859375,0
2026-06-29,RELIANCE,1308.0,1313.699951171875,1292.5999755859375,1301.0,13757656
2026-06-30,RELIANCE,1306.9000244140625,1306.9000244140625,1290.0,1293.9000244140625,15695263
2026-07-01,RELIANCE,1298.9000244140625,1312.199951171875,1296.5,1308.0,7001401
2026-07-02,RELIANCE,1310.0,1313.199951171875,1299.0,1303.5,17795024
2026-07-03,RELIANCE,1312.0,1312.0,1302.0,1304.0,7839550
2026-07-06,RELIANCE,1304.0,1325.5999755859375,1299.4000244140625,1321.300048828125,7610709
2026-07-07,RELIANCE,1323.5,1328.0,1304.0999755859375,1308.4000244140625,14335554
2026-07-08,RELIANCE,1297.0,1302.300048828125,1271.5999755859375,1275.9000244140625,19960868
2026-07-09,RELIANCE,1277.0999755859375,1296.5,1274.199951171875,1279.800048828125,14651963
2026-07-10,RELIANCE,1291.9000244140625,1311.0999755859375,1287.800048828125,1307.800048828125,8412537
2026-07-13,RELIANCE,1300.0,1306.4000244140625,1295.0,1296.9000244140625,9488352
2026-07-14,RELIANCE,1290.0,1308.0,1286.9000244140625,1293.0,13511284
2026-07-15,RELIANCE,1294.0999755859375,1310.9000244140625,1294.0999755859375,1295.5,9577965
2026-07-16,RELIANCE,1295.5,1309.4000244140625,1291.800048828125,1296.5999755859375,15631046
2026-07-17,RELIANCE,1300.0,1330.300048828125,1296.0999755859375,1327.199951171875,18302218
2026-07-20,RELIANCE,1317.199951171875,1345.9000244140625,1314.9000244140625,1323.0999755859375,14305844
2026-07-21,RELIANCE,1321.0,1326.9000244140625,1302.699951171875,1303.699951171875,12753410
2026-07-22,RELIANCE,1302.0,1304.5999755859375,1280.699951171875,1288.5999755859375,10840383
2026-07-23,RELIANCE,1283.0,1287.300048828125,1268.0,1272.199951171875,12580741
2026-07-24,RELIANCE,1265.0,1283.4000244140625,1249.800048828125,1278.0,9817000
2026-07-27,RELIANCE,1288.199951171875,1288.699951171875,1278.0,1280.0,7163132
2026-07-28,RELIANCE,1275.0,1279.199951171875,1265.9000244140625,1267.699951171875,9312184
2026-07-29,RELIANCE,1275.0,1282.4000244140625,1268.699951171875,1275.9000244140625,9448307
2026-07-30,RELIANCE,1279.800048828125,1297.0,1275.300048828125,1292.9000244140625,12158451
2026-07-31,RELIANCE,1295.0,1309.699951171875,1293.5999755859375,1307.800048828125,8624996
2026-08-03,RELIANCE,1315.199951171875,1319.0,1306.0,1319.0,7508023
2026-08-04,RELIANCE,1315.0,1315.0,1286.4000244140625,1290.9000244140625,10759546
2026-08-05,RELIANCE,1293.0,1299.0,1270.0999755859375,1280.0,24820782
2026-08-06,RELIANCE,1285.0,1325.199951171875,1281.199951171875,1325.0,20342297
2026-08-07,RELIANCE,1320.0,1337.0,1316.5999755859375,1334.800048828125,9885638
2026-08-10,RELIANCE,1330.0999755859375,1332.9000244140625,1321.300048828125,1327.300048828125,8207102
2026-08-11,RELIANCE,1326.5999755859375,1328.699951171875,1314.0999755859375,1323.9000244140625,9953124
2026-08-12,RELIANCE,1323.9000244140625,1329.0,1309.199951171875,1329.0,7901012
2026-08-13,RELIANCE,1327.800048828125,1327.800048828125,1307.199951171875,1317.0,9397301
2026-08-14,RELIANCE,1317.0,1317.5,1301.5,1310.0,10497358
2026-08-17,RELIANCE,1314.0,1320.800048828125,1298.0999755859375,1316.0,13383867
2026-08-18,RELIANCE,1314.0,1328.5999755859375,1311.199951171875,1322.0,10180567
2026-08-19,RELIANCE,1320.300048828125,1321.5999755859375,1303.5,1311.0,7489365
2026-08-20,RELIANCE,1315.5,1316.5,1307.0,1313.199951171875,5546227
2026-08-21,RELIANCE,1314.0,1316.0,1308.0,1316.0,5434871
2026-08-24,RELIANCE,1316.5999755859375,1320.0,1302.4000244140625,1309.800048828125,7277167
2026-08-25,RELIANCE,1304.300048828125,1317.0999755859375,1300.0,1317.0,7115355
2026-08-26,RELIANCE,1310.0,1315.5999755859375,1298.0,1298.0,5744474
2026-08-27,RELIANCE,1305.0,1308.4000244140625,1282.199951171875,1282.199951171875,11271497
2026-08-28,RELIANCE,1284.9000244140625,1291.800048828125,1280.0,1287.0,6830228
2026-03-02,TCS,2543.37985460111,2574.5834053591284,2531.8993684474203,2564.4765625,3374385
2026-03-04,TCS,2575.7609535201655,2585.5733762002424,2531.997452542583,2539.2587890625,3446434
2026-03-05,TCS,2551.229777430436,2560.551578540278,2498.6350985020495,2530.427490234375,2960636
2026-03-06,TCS,2523.7550365456814,2570.069622274581,2505.7002751879877,2509.625244140625,3998643
2026-03-09,TCS,2482.542780637602,2511.9800468111703,2458.0117254929614,2479.991455078125,3653428
2026-03-10,TCS,2493.3365235176843,2497.45769299971,2443.39138949283,2465.9599609375,4323710
2026-03-11,TCS,2461.0536733182116,2473.711601954393,2413.9540474182472,2418.663818359375,2720664
2026-03-12,TCS,2413.6596961153996,2426.513825649523,2390.3060830242093,2396.5859375,2752075
2026-03-13,TCS,2391.287343235487,2400.0203033629555,2352.0376535639975,2365.284423828125,2466488
2026-03-16,TCS,2364.793830777467,2379.5124645789865,2321.7173916761253,2364.0087890625,3807907
2026-03-17,TCS,2374.6061161428333,2374.6061161428333,2315.731584337639,2346.8369140625,2993367
2026-03-18,TCS,2364.793804301608,2436.326267951688,2364.793804301608,2395.01611328125,3082388
2026-03-19,TCS,2371.6624152761565,2378.5311107279285,2306.115387909886,2311.806640625,2757060
2026-03-20,TCS,2341.2440023374425,2362.6351312433567,2319.8528734315287,2345.7578125,4206320
2026-03-23,TCS,2320.6378037995523,2361.6537756859007,2303.956686393805,2339.085205078125,3860515
2026-03-24,TCS,2359.0045869106293,2389.7172776589064,2334.47353068287,2353.803955078125,3420182
2026-03-25,TCS,2355.864368126978,2376.1762738846405,2325.3478785890734,2332.80517578125,5843778
2026-03-27,TCS,2358.8080275261386,2376.6668272056972,2340.262645780238,2344.97265625,4979411
2026-03-30,TCS,2330.5484146912077,2353.0187649541185,2302.1903717438945,2314.652099609375,6804756
2026-04-01,TCS,2383.4374750291136,2425.630892660341,2352.9207445923203,2363.027587890625,4132661
2026-04-02,TCS,2341.24390183887,2423.570027038862,2331.1370592120925,2404.730224609375,5378361
2026-04-06,TCS,2427.593337237373,2435.4432752720936,2402.2772391631793,2427.4951171875,2572417
2026-04-07,TCS,2414.837240451596,2496.182129281132,2402.0810908677395,2492.1591796875,4516550
2026-04-08,TCS,2523.755016821873,2531.899375247164,2492.453485493659,2511.195068359375,4769337
2026-04-09,TCS,2506.092558435327,2556.135910228672,2483.6222080623565,2540.43603515625,5628261
2026-04-10,TCS,2517.671257898199,2517.671257898199,2454.1849361455575,2476.94970703125,10480239
2026-04-13,TCS,2443.195026142192,2457.9136601554055,2423.6684008424363,2426.2197265625,3739587
2026-04-15,TCS,2454.9697496490417,2510.9987747578325,2446.629190999006,2506.9755859375,5261384
2026-04-16,TCS,2523.754997213638,2545.3423261167095,2510.0176060935014,2528.56298828125,3905403
2026-04-17,TCS,2521.792618261851,2540.4362212762385,2507.957006516208,2533.076904296875,2718206
2026-04-20,TCS,2538.571963483115,2545.3424392975157,2513.15764504414,2531.212646484375,2288558
2026-04-21,TCS,2511.9802240950007,2564.9673069470045,2511.9802240950007,2561.532958984375,2719959
2026-04-22,TCS,2531.6048516902206,2531.6048516902206,2456.6380441545243,2490.88330078125,5232045
2026-04-23,TCS,2481.5614778281533,2511.489364373728,2469.0997500312283,2474.49658203125,2509050
2026-04-24,TCS,2441.3307179215667,2458.0118361710306,2343.991534636913,2351.939453125,5107719
2026-04-27,TCS,2351.9393059532576,2412.874541687738,2351.9393059532576,2401.6884765625,5853425
2026-04-28,TCS,2398.155951805419,2440.349366669426,2381.867235359066,2398.8427734375,4508363
2026-04-29,TCS,2405.024637022461,2441.2323784506298,2401.688509360205,2428.280029296875,2835961
2026-04-30,TCS,2432.4995485090735,2444.2744555611544,2392.26861608113,2427.4951171875,3970446
2026-05-01,TCS,2427.4951171875,2427.4951171875,2427.4951171875,2427.4951171875,0
2026-05-04,TCS,2447.2181772447047,2451.4375668418284,2379.512461835769,2385.6943359375,2632358
2026-05-05,TCS,2384.4185931895904,2414.24826083551,2366.952433771704,2381.769287109375,3385720
2026-05-06,TCS,2396.0951150032492,2424.6493574491965,2361.359238648924,2389.717041015625,3147628
2026-05-07,TCS,2392.4647422177254,2393.9366055534624,2353.018852732181,2356.35498046875,5829594
2026-05-08,TCS,2353.0188960201936,2361.8500761970836,2330.548544505656,2349.486328125,3792199
2026-05-11,TCS,2326.5252955775945,2369.699953108347,2326.5252955775945,2348.014404296875,1975188
2026-05-12,TCS,2330.450360002076,2330.450360002076,2240.176072372522,2257.151611328125,6347884
2026-05-13,TCS,2262.7446759395275,2265.8846032931383,2226.4387119283556,2230.16748046875,3171843
2026-05-14,TCS,2222.513720137884,2222.513720137884,2165.012827845418,2203.8701171875,5633313
2026-05-15,TCS,2209.7573207679993,2261.6649346543286,2209.7573207679993,2221.5322265625,3410637
2026-05-18,TCS,2221.5322685970373,2249.8900714309348,2209.953563101145,2240.3720703125,3773336
2026-05-19,TCS,2256.857213357978,2333.0017090765828,2254.0117066090534,2283.448974609375,10394707
2026-05-20,TCS,2280.3085723429836,2298.06915136111,2274.3231388707036,2283.742919921875,2537422
2026-05-21,TCS,2287.275643394801,2292.0836345084317,2270.594525446405,2283.546875,3299087
2026-05-22,TCS,2287.373954930871,2296.106915322829,2264.805382686245,2273.832763671875,2617262
2026-05-25,TCS,2312.3217190072714,2313.415817804508,2280.496215777924,2295.61328125,3298364
2026-05-26,TCS,2295.613098349941,2315.205623652634,2260.008270887014,2263.78759765625,3587597
2026-05-27,TCS,2262.5943570616037,2283.0821217701528,2248.571147658945,2271.744140625,2653950
2026-05-28,TCS,2271.744140625,2271.744140625,2271.744140625,2271.744140625,0
2026-05-29,TCS,2278.507085795833,2321.2726050840133,2222.81245602518,2246.58203125,16331582
2026-06-01,TCS,2271.5452382799426,2322.267132829976,2267.5670504720965,2284.8720703125,7505095
2026-06-02,TCS,2307.34897134468,2443.9996279549005,2303.569644295269,2433.556884765625,11306127
2026-06-03,TCS,2379.9508308808004,2379.9508308808004,2212.6680838914085,2229.475830078125,15660062
2026-06-04,TCS,2229.4759194813155,2240.8139007540485,2204.5129359355733,2228.77978515625,4867263
2026-06-05,TCS,2250.560184151513,2259.4117976453776,2180.0469028924485,2186.9091796875,5019717
2026-06-08,TCS,2158.1668832997775,2165.128711955583,2131.6125282744956,2139.668212890625,6536734
2026-06-09,TCS,2162.145087858845,2162.145087858845,2121.169801728995,2139.2705078125,4148655
2026-06-10,TCS,2139.568864676436,2168.907999188303,2133.1043096144995,2142.154541015625,2848650
2026-06-11,TCS,2115.4013888441136,2142.8509821277357,2098.494090484758,2123.95458984375,3079815
2026-06-12,TCS,2138.276030955957,2156.177876796519,2126.3414670622496,2149.61376953125,2124656
2026-06-15,TCS,2180.046856932239,2180.046856932239,2147.525221086398,2150.21044921875,3337083
2026-06-16,TCS,2155.183285992923,2196.954258771743,2148.818282502735,2187.0087890625,3079898
2026-06-17,TCS,2196.9542720106556,2218.8343055028395,2188.6994835403766,2210.8779296875,2865010
2026-06-18,TCS,2196.9542695909468,2201.927004470057,2170.101501243751,2191.285400390625,3735188
2026-06-19,TCS,2093.521413717831,2126.341464384191,2048.6672473500757,2113.412353515625,13286502
2026-06-22,TCS,2120.5729308842238,2145.237743488044,2109.434053749718,2116.197021484375,4566101
2026-06-23,TCS,2099.4885101234904,2102.4721508294924,2043.7938836114508,2048.368896484375,6392736
2026-06-24,TCS,2049.7612582514666,2109.1356624395376,2049.7612582514666,2097.49951171875,4747277
2026-06-25,TCS,2121.965363861958,2136.78401555451,2076.61392807904,2083.27734375,4738903
2026-06-26,TCS,2083.27734375,2083.27734375,2083.27734375,2083.27734375,0
2026-06-29,TCS,2078.6031371123327,2093.521341445675,2059.706744956766,2086.4599609375,3412470
2026-06-30,TCS,2078.60311543387,2092.8251853118586,2007.791421498655,2020.422119140625,6848411
2026-07-01,TCS,2028.776408877907,2040.8104030555382,1966.0205187179013,1971.788818359375,4658295
2026-07-02,TCS,1997.0503819057583,2065.5745732846704,1991.580373389582,2056.82275390625,6040621
2026-07-03,TCS,2088.5485393778363,2105.0581154318793,2073.6303355251375,2082.083984375,4028819
2026-07-06,TCS,2078.6031065753987,2081.5867473982344,2039.4180542258837,2046.3798828125,2567386
2026-07-07,TCS,2038.8212111731864,2111.124724588052,2037.8266642409067,2084.669921875,4769048
2026-07-08,TCS,2082.5813599967723,2098.1956989000228,2037.6278854106638,2046.2803955078125,3666985
2026-07-09,TCS,2046.280350211656,2053.7394523387943,2005.006651774823,2038.323974609375,3791498
2026-07-10,TCS,2093.7200783959847,2121.666943317309,2053.341620075063,2057.717529296875,6714551
2026-07-13,TCS,2063.684994131224,2192.8765503750355,2053.8390761022306,2169.604248046875,12382622
2026-07-14,TCS,2170.996422535663,2215.850586742918,2167.1177865856457,2188.60009765625,9546290
2026-07-15,TCS,2174.10009765625,2202.89990234375,2145.39990234375,2189.199951171875,5426489
2026-07-16,TCS,2206.0,2231.39990234375,2187.800048828125,2201.0,5197595
2026-07-17,TCS,2224.800048828125,2275.0,2215.10009765625,2269.0,5615138
2026-07-20,TCS,2280.10009765625,2283.39990234375,2245.10009765625,2251.10009765625,2202693
2026-07-21,TCS,2245.10009765625,2259.89990234375,2218.5,2221.10009765625,2382160
2026-07-22,TCS,2216.0,2226.800048828125,2201.0,2208.300048828125,1599665
2026-07-23,TCS,2204.0,2250.0,2193.60009765625,2242.89990234375,2503539
2026-07-24,TCS,2205.10009765625,2264.300048828125,2205.10009765625,2254.300048828125,3211699
2026-07-27,TCS,2286.0,2315.0,2272.39990234375,2295.60009765625,4007292
2026-07-28,TCS,2325.0,2417.39990234375,2323.0,2398.0,8248513
2026-07-29,TCS,2440.0,2475.5,2415.10009765625,2446.60009765625,7169419
2026-07-30,TCS,2440.0,2495.0,2423.0,2431.800048828125,4901582
2026-07-31,TCS,2385.0,2391.0,2326.10009765625,2365.60009765625,4343683
2026-08-03,TCS,2383.89990234375,2473.699951171875,2383.0,2473.699951171875,3036839
2026-08-04,TCS,2463.10009765625,2467.39990234375,2435.10009765625,2460.0,2792792
2026-08-05,TCS,2460.0,2460.89990234375,2408.0,2413.0,3014409
2026-08-06,TCS,2417.0,2434.5,2368.5,2373.0,2729141
2026-08-07,TCS,2375.0,2457.699951171875,2375.0,2452.699951171875,4547979
2026-08-10,TCS,2452.699951171875,2472.89990234375,2423.5,2425.699951171875,2322023
2026-08-11,TCS,2438.0,2456.60009765625,2428.0,2445.699951171875,1514105
2026-08-12,TCS,2445.699951171875,2445.800048828125,2300.10009765625,2349.699951171875,7022647
2026-08-13,TCS,2349.699951171875,2375.0,2332.300048828125,2375.0,2123494
2026-08-14,TCS,2375.10009765625,2390.0,2333.39990234375,2361.0,2232160
2026-08-17,TCS,2351.0,2361.10009765625,2310.60009765625,2313.199951171875,2237636
2026-08-18,TCS,2300.0,2307.0,2280.0,2280.0,1797822
2026-08-19,TCS,2293.60009765625,2308.199951171875,2258.300048828125,2289.0,3368922
2026-08-20,TCS,2319.39990234375,2329.0,2288.10009765625,2298.0,2047848
2026-08-21,TCS,2290.10009765625,2307.199951171875,2263.300048828125,2302.0,2066749
2026-08-24,TCS,2302.39990234375,2321.60009765625,2279.5,2284.10009765625,1542723
2026-08-25,TCS,2305.0,2313.5,2262.0,2296.199951171875,3041609
2026-08-26,TCS,2305.10009765625,2306.300048828125,2266.39990234375,2270.0,1660737
2026-08-27,TCS,2270.0,2283.60009765625,2243.89990234375,2248.39990234375,1709113
2026-08-28,TCS,2272.0,2348.5,2263.300048828125,2342.0,4054069
2026-03-02,INFY,1263.6552272829085,1271.290062662244,1246.0364867011174,1261.5997314453125,9700361
2026-03-04,INFY,1264.6340504084835,1289.104523520103,1264.6340504084835,1279.7078857421875,15154950
2026-03-05,INFY,1292.0410271405913,1292.0410271405913,1262.7743163409898,1278.141845703125,10362147
2026-03-06,INFY,1275.4011212294208,1299.0884925711757,1275.4011212294208,1280.686767578125,8724291
2026-03-09,INFY,1262.676497890922,1290.0834296280893,1255.3353554613236,1287.14697265625,10068514
2026-03-10,INFY,1292.0410437407636,1293.0198627132945,1256.9014187299574,1268.1578369140625,9600171
2026-03-11,INFY,1260.7188580118502,1271.975276386956,1244.3726286871142,1249.2667236328125,7868891
2026-03-12,INFY,1245.5471752363726,1251.5179472285731,1231.3542997621664,1238.9891357421875,7599940
2026-03-13,INFY,1224.5025045780033,1242.7085131232232,1216.280401513626,1221.8597412109375,7366098
2026-03-16,INFY,1213.931245180508,1227.7326883178384,1198.2701415781937,1223.3280029296875,12314450
2026-03-17,INFY,1218.6295738865974,1218.6295738865974,1189.3628638376754,1206.785888671875,11223276
2026-03-18,INFY,1211.7778669014497,1263.459555545422,1208.7435520363658,1240.261474609375,12365381
2026-03-19,INFY,1217.846529327881,1228.4178221249233,1189.3629208552388,1194.9422607421875,9156461
2026-03-20,INFY,1215.6930991638783,1238.0102183433878,1203.1641691885866,1229.2987060546875,27299975
2026-03-23,INFY,1211.9735596886824,1234.3885372371806,1201.4023868626336,1230.1796875,12420293
2026-03-24,INFY,1242.1213008151199,1269.5282325903943,1224.5025589595862,1251.224365234375,13613495
2026-03-25,INFY,1243.100095463166,1263.263742406015,1230.4733068170258,1252.00732421875,10824030
2026-03-27,INFY,1257.9780904958054,1267.3748481809973,1236.444073189259,1242.806396484375,13092541
2026-03-30,INFY,1223.5236944376795,1238.6953882487069,1216.6719617488286,1224.1109619140625,14108486
2026-04-01,INFY,1262.6764804554484,1275.4011271577126,1242.610691424955,1248.6793212890625,8137156
2026-04-02,INFY,1233.3119397486187,1277.7503462365091,1233.116223742555,1273.247802734375,12873492
2026-04-06,INFY,1273.8350657038357,1292.041075138383,1271.4858762157266,1278.5333251953125,10208682
2026-04-07,INFY,1274.4222980187042,1316.609371698259,1266.1023367797188,1311.0301513671875,15355792
2026-04-08,INFY,1320.4267760360608,1347.7358488962445,1302.8080347694565,1317.68603515625,16030133
2026-04-09,INFY,1301.7313192842819,1309.170319257509,1286.1680743957882,1303.395263671875,14894607
2026-04-10,INFY,1290.0834192154255,1290.9643801968148,1256.1184483091881,1265.12353515625,19233369
2026-04-13,INFY,1245.0577246851824,1261.6976471062894,1238.8911174058185,1249.756103515625,10366082
2026-04-15,INFY,1278.631284802942,1294.4881045276459,1272.9540869097948,1277.6524658203125,12098912
2026-04-16,INFY,1294.0965334739733,1302.808046184627,1281.2740288923192,1291.2579345703125,18527029
2026-04-17,INFY,1285.1893342368037,1300.165312581974,1278.4354593069281,1290.7685546875,12064048
2026-04-20,INFY,1292.0410136169874,1296.8372503675125,1280.3930442184933,1284.7977294921875,7172300
2026-04-21,INFY,1282.2528368892558,1296.9351212811175,1271.7795218169556,1285.385009765625,10057440
2026-04-22,INFY,1267.5705813427946,1270.2133447995752,1229.2987830540255,1241.729736328125,20088378
2026-04-23,INFY,1227.438951608261,1238.891085420282,1200.0320212693207,1214.32275390625,14792854
2026-04-24,INFY,1174.5826894228176,1197.9764852174349,1127.7950978335834,1130.144287109375,42078914
2026-04-27,INFY,1130.1443119385692,1154.9084786451926,1130.04645394258,1145.5118408203125,19579883
2026-04-28,INFY,1138.0727223885278,1144.6308809119316,1125.4460537763027,1127.697265625,12720276
2026-04-29,INFY,1133.961747660014,1153.2444330805374,1132.2978032475876,1142.7711181640625,8303109
2026-04-30,INFY,1142.7711514334947,1164.5988623339997,1135.0384576467616,1156.768310546875,12205669
2026-05-01,INFY,1156.768310546875,1156.768310546875,1156.768310546875,1156.768310546875,0
2026-05-04,INFY,1169.6886601132755,1169.6886601132755,1140.5198072387318,1143.652099609375,7735811
2026-05-05,INFY,1144.728787187228,1160.0961972461241,1135.5278649580357,1153.1466064453125,8164108
2026-05-06,INFY,1161.8580797644604,1166.2627649868193,1139.443102180398,1142.4774169921875,9856963
2026-05-07,INFY,1148.1546369607545,1150.5038263553197,1134.6468875555572,1138.07275390625,12013987
2026-05-08,INFY,1136.4088093734103,1158.4322359116547,1134.2554554613432,1154.2232666015625,7582770
2026-05-11,INFY,1151.0911273032605,1161.8581361470833,1147.2737093616843,1152.0699462890625,7336288
2026-05-12,INFY,1137.3876630949442,1137.3876630949442,1099.2137225952,1116.1473388671875,16891948
2026-05-13,INFY,1112.5255790772605,1118.398492694932,1097.2560275682617,1099.3115234375,6664111
2026-05-14,INFY,1096.0815207310736,1098.137016652994,1065.933848927119,1071.8067626953125,16914842
2026-05-15,INFY,1078.658538900176,1109.1976439317652,1078.266987402901,1095.2984619140625,17482450
2026-05-18,INFY,1095.2984136735845,1121.8243835304838,1094.319594715878,1118.3006591796875,12096377
2026-05-19,INFY,1137.3876555901809,1173.0166903851343,1137.3876555901809,1171.5484619140625,32175705
2026-05-20,INFY,1161.8580984968487,1181.3366195800531,1159.802602590221,1168.4161376953125,15121010
2026-05-21,INFY,1170.7653346096859,1176.3446743746752,1152.0699163634372,1156.180908203125,10021033
2026-05-22,INFY,1157.4533539662823,1166.5564175672662,1147.6651649263981,1149.622802734375,8803066
2026-05-25,INFY,1157.9428754813864,1159.900513478819,1141.4008105061328,1143.75,5856136
2026-05-26,INFY,1141.5965459846338,1155.6914427435413,1138.2685377836078,1142.966796875,8005767
2026-05-27,INFY,1136.4088302961693,1142.5754376343073,1130.5359164445094,1135.3321533203125,6371871
2026-05-28,INFY,1135.3321533203125,1135.3321533203125,1135.3321533203125,1135.3321533203125,0
2026-05-29,INFY,1156.96396849116,1184.370898370815,1129.1654871448488,1136.3109130859375,69085430
2026-06-01,INFY,1150.1122640819906,1191.222659904496,1148.8397516554953,1177.02978515625,19439331
2026-06-02,INFY,1206.3943648530496,1251.811588367994,1206.3943648530496,1243.8831787109375,36032600
2026-06-03,INFY,1215.7909483013548,1223.425783618914,1190.2437985614154,1196.7039794921875,18534303
2026-06-04,INFY,1182.4132636253246,1189.4607121046952,1170.8631524946943,1175.855224609375,12755957
2026-06-05,INFY,1194.159169493737,1197.8787294549086,1169.0035692089534,1172.1357421875,8692290
2026-06-08,INFY,1152.559265415463,1175.26781631171,1151.5804465064052,1162.4453125,8631711
2026-06-09,INFY,1168.3182691086097,1168.3182691086097,1142.5754025403635,1155.300048828125,10984054
2026-06-10,INFY,1160.0999755859375,1171.4000244140625,1143.300048828125,1145.300048828125,8887626
2026-06-11,INFY,1129.699951171875,1133.699951171875,1109.0,1114.5999755859375,9372176
2026-06-12,INFY,1120.0,1123.300048828125,1111.5,1116.4000244140625,8075333
2026-06-15,INFY,1130.0,1151.0,1123.0,1134.9000244140625,7856192
2026-06-16,INFY,1136.9000244140625,1153.800048828125,1123.199951171875,1143.5999755859375,10456090
2026-06-17,INFY,1149.0,1162.5,1148.0,1157.699951171875,5995119
2026-06-18,INFY,1142.9000244140625,1142.9000244140625,1125.300048828125,1127.5,16781447
2026-06-19,INFY,1062.300048828125,1066.0,1030.0,1051.4000244140625,45665442
2026-06-22,INFY,1055.0,1080.300048828125,1055.0,1065.4000244140625,10178505
2026-06-23,INFY,1053.800048828125,1055.300048828125,1026.0,1029.300048828125,19323064
2026-06-24,INFY,1040.9000244140625,1065.5,1037.699951171875,1056.5999755859375,12346266
2026-06-25,INFY,1065.0,1068.0,1039.0999755859375,1041.199951171875,15866779
2026-06-26,INFY,1041.199951171875,1041.199951171875,1041.199951171875,1041.199951171875,0
2026-06-29,INFY,1037.0999755859375,1046.5999755859375,1029.0999755859375,1036.699951171875,15080892
2026-06-30,INFY,1030.0,1030.4000244140625,996.0,1000.4000244140625,24128263
2026-07-01,INFY,1006.0,1014.0,982.4000244140625,985.2999877929688,13037982
2026-07-02,INFY,1006.4000244140625,1045.0,1006.0,1040.9000244140625,18741111
2026-07-03,INFY,1063.0,1068.699951171875,1042.0,1047.199951171875,11653534
2026-07-06,INFY,1050.0999755859375,1053.0,1033.0,1042.199951171875,5559747
2026-07-07,INFY,1040.5999755859375,1087.5,1040.5999755859375,1071.800048828125,18866296
2026-07-08,INFY,1071.9000244140625,1079.699951171875,1064.4000244140625,1069.300048828125,13022221
2026-07-09,INFY,1062.699951171875,1062.699951171875,1040.4000244140625,1050.800048828125,9003333
2026-07-10,INFY,1075.0,1091.300048828125,1064.699951171875,1068.0,9747266
2026-07-13,INFY,1057.0999755859375,1114.9000244140625,1057.0999755859375,1102.5999755859375,20994760
2026-07-14,INFY,1107.800048828125,1113.5,1090.0,1092.9000244140625,14819413
2026-07-15,INFY,1079.0,1088.0999755859375,1073.0,1076.300048828125,8501933
2026-07-16,INFY,1082.5,1097.300048828125,1077.9000244140625,1082.4000244140625,8592146
2026-07-17,INFY,1105.0,1116.800048828125,1092.0,1096.5,12547728
2026-07-20,INFY,1102.0,1103.800048828125,1083.199951171875,1087.0999755859375,6372645
2026-07-21,INFY,1080.0,1094.5,1067.199951171875,1073.5,9485229
2026-07-22,INFY,1064.0,1069.300048828125,1046.199951171875,1052.0999755859375,7517203
2026-07-23,INFY,1046.9000244140625,1058.5,1032.0,1047.4000244140625,13794578
2026-07-24,INFY,1028.0,1043.4000244140625,1013.9000244140625,1040.9000244140625,29036900
2026-07-27,INFY,1065.0,1082.0,1057.4000244140625,1079.199951171875,15956349
2026-07-28,INFY,1097.0,1118.5,1097.0,1105.699951171875,28100895
2026-07-29,INFY,1147.0,1164.5,1128.4000244140625,1155.5999755859375,34400369
2026-07-30,INFY,1168.0,1187.699951171875,1151.300048828125,1155.0999755859375,22630218
2026-07-31,INFY,1118.9000244140625,1139.300048828125,1107.199951171875,1130.0999755859375,14367075
2026-08-03,INFY,1145.0999755859375,1180.0,1138.0999755859375,1180.0,8582270
2026-08-04,INFY,1168.0,1175.699951171875,1153.300048828125,1167.5,9243589
2026-08-05,INFY,1174.699951171875,1177.5,1162.300048828125,1174.0,9964155
2026-08-06,INFY,1174.0999755859375,1185.800048828125,1163.0,1165.0,8521064
2026-08-07,INFY,1160.0,1183.0,1155.5999755859375,1175.0999755859375,7581410
2026-08-10,INFY,1178.0999755859375,1195.0,1175.199951171875,1183.0,9377001
2026-08-11,INFY,1188.0,1193.5,1182.0,1190.699951171875,10160091
2026-08-12,INFY,1185.5999755859375,1190.4000244140625,1163.300048828125,1176.0999755859375,7529777
2026-08-13,INFY,1170.0,1175.0,1157.0,1175.0,6234215
2026-08-14,INFY,1170.4000244140625,1174.0999755859375,1158.9000244140625,1169.199951171875,5844763
2026-08-17,INFY,1163.9000244140625,1166.5,1129.699951171875,1139.9000244140625,5817153
2026-08-18,INFY,1124.5,1131.9000244140625,1112.5,1115.0,8851110
2026-08-19,INFY,1125.5999755859375,1134.699951171875,1113.800048828125,1119.800048828125,8408573
2026-08-20,INFY,1143.0,1144.699951171875,1125.699951171875,1130.0,8559841
2026-08-21,INFY,1133.0,1133.5,1118.0,1121.0,6094967
2026-08-24,INFY,1126.5,1144.5,1122.0,1130.0,8565354
2026-08-25,INFY,1132.0,1144.0,1119.9000244140625,1144.0,8121237
2026-08-26,INFY,1142.0,1142.0,1118.300048828125,1120.0,6323984
2026-08-27,INFY,1120.0,1130.699951171875,1107.199951171875,1110.800048828125,6933998
2026-08-28,INFY,1123.5999755859375,1145.0,1123.300048828125,1144.0,9621969
2026-03-02,HDFCBANK,861.9439110956672,873.3059762779105,857.3695443137591,865.0918579101562,38378924
2026-03-04,HDFCBANK,834.202743374385,864.993469417403,834.202743374385,854.5167846679688,39862322
2026-03-05,HDFCBANK,859.6321193633155,867.0593261570968,849.4505416361635,863.4686889648438,31324582
2026-03-06,HDFCBANK,853.9264946975441,857.5171318697022,841.1871839599715,843.10546875,34439647
2026-03-09,HDFCBANK,811.5769775858611,828.7430723323081,808.1339237415574,827.0215454101562,35592613
2026-03-10,HDFCBANK,836.2193641547399,842.8595391904452,826.923107096334,835.629150390625,52866024
2026-03-11,HDFCBANK,831.2515482012323,835.0388833093358,814.1346283989498,820.38134765625,42261076
2026-03-12,HDFCBANK,806.7566625998296,822.7915039414563,806.7566625998296,819.2008666992188,46107561
2026-03-13,HDFCBANK,806.6583423777922,810.3965031755142,798.7885048911796,803.7071533203125,41700464
2026-03-16,HDFCBANK,803.7071599773169,830.7597265616207,802.3791489072894,826.9231567382812,52182605
2026-03-17,HDFCBANK,833.907625869114,835.0881134427475,821.5125964091002,831.5958251953125,38826979
2026-03-18,HDFCBANK,831.5958180920426,833.0222380629118,818.0695356894909,829.333251953125,23507063
2026-03-19,HDFCBANK,757.4718247668609,802.3791069663046,757.4718247668609,785.2130126953125,171637393
2026-03-20,HDFCBANK,772.2277890336613,780.8354236248008,765.5384393026802,767.7518310546875,103129469
2026-03-23,HDFCBANK,750.7333447737776,756.1930326018271,728.9928823726722,732.04248046875,72341738
2026-03-24,HDFCBANK,742.7158864237038,760.1770877270425,735.5346719806084,752.454833984375,61269986
2026-03-25,HDFCBANK,755.7011518436857,781.8683373030494,755.7011518436857,769.5717163085938,59230640
2026-03-27,HDFCBANK,760.6197661066401,762.2921184952538,742.2731843894259,743.8963623046875,65485199
2026-03-30,HDFCBANK,733.0753333889118,738.7809532430898,714.8271607333363,719.6473999023438,103500135
2026-04-01,HDFCBANK,730.9111370884557,743.6012737142313,727.0745673991486,730.17333984375,78862761
2026-04-02,HDFCBANK,718.1226435138951,742.7158847301245,714.8271732077576,738.6826171875,49310300
2026-04-06,HDFCBANK,746.6508105088765,760.1770933079504,732.8785952952741,758.45556640625,42976659
2026-04-07,HDFCBANK,753.5368922732654,761.4067292682865,748.6182441513773,759.4392700195312,51309793
2026-04-08,HDFCBANK,786.9837533249241,804.4941298279846,783.0488345582994,802.82177734375,70269512
2026-04-09,HDFCBANK,801.7397031581198,805.674621946626,780.1959987742106,784.72119140625,48879392
2026-04-10,HDFCBANK,790.9186649096054,799.0344347920734,787.9674758614352,797.1161499023438,38156026
2026-04-13,HDFCBANK,778.6220116333144,785.5081191272287,774.5395096022282,781.7699584960938,47549328
2026-04-15,HDFCBANK,791.8531825431569,801.5428954413671,790.9186273804953,796.72265625,39769515
2026-04-16,HDFCBANK,804.6908427624061,806.7074765090769,779.3106301457999,782.5077514648438,62861293
2026-04-17,HDFCBANK,777.2447773125524,790.8694690755784,775.3757269911107,786.8853759765625,37282544
2026-04-20,HDFCBANK,784.130869340026,796.7718311959621,777.146412936798,782.5077514648438,52148044
2026-04-21,HDFCBANK,782.2618278432276,801.6413139109341,782.2618278432276,798.5425415039062,49135752
2026-04-22,HDFCBANK,796.8210214869076,799.8213849297669,785.0162656130275,786.8853759765625,23876412
2026-04-23,HDFCBANK,779.1138736217773,783.6882404572269,769.7684420568696,771.5883178710938,37677616
2026-04-24,HDFCBANK,764.6530532653331,774.7854567622786,764.3579463755373,772.0802001953125,27720358
2026-04-27,HDFCBANK,774.6870798664892,780.0975928052393,772.227755803421,776.9496459960938,18115375
2026-04-28,HDFCBANK,772.2277766082829,781.5732082997206,765.6367759332712,769.817626953125,35366803
2026-04-29,HDFCBANK,772.7196209849993,777.1464043006358,764.7022005187322,766.3253784179688,25799963
2026-04-30,HDFCBANK,757.4718126650201,766.1286213727735,749.847908057028,759.1441650390625,47998755
2026-05-01,HDFCBANK,759.1441650390625,759.1441650390625,759.1441650390625,759.1441650390625,0
2026-05-04,HDFCBANK,760.0295232783589,773.8017387354295,760.0295232783589,766.7189331054688,29028060
2026-05-05,HDFCBANK,761.8002432312857,764.2595672860843,751.2743242683289,759.734375,38887657
2026-05-06,HDFCBANK,762.5380651832903,785.9508189360297,760.9148872376333,783.58984375,35530831
2026-05-07,HDFCBANK,781.0813276889071,788.5084744009563,775.7199891869062,783.0979614257812,46137553
2026-05-08,HDFCBANK,771.2440360478325,775.9167518274592,764.5546865191014,768.145263671875,38016841
2026-05-11,HDFCBANK,759.3901026416063,762.2428825536997,749.5036318326614,751.2251586914062,41123422
2026-05-12,HDFCBANK,744.2898305325124,747.3394284783378,735.6330216051203,738.2399291992188,43937132
2026-05-13,HDFCBANK,739.7647228184694,747.5853858194506,735.1903557682459,737.4037475585938,28960919
2026-05-14,HDFCBANK,738.7810009702333,765.6368096362314,734.846082190099,757.0291748046875,50992358
2026-05-15,HDFCBANK,760.4230253238243,769.1782432932904,752.9467039429112,755.0125122070312,24347873
2026-05-18,HDFCBANK,746.6507839481793,761.5050772404568,739.1252283144738,756.143798828125,29812079
2026-05-19,HDFCBANK,754.2255287138954,758.2587962302428,747.8804605130283,750.044677734375,40307830
2026-05-20,HDFCBANK,747.2410491475586,749.8479568451309,742.8635000569833,747.1427001953125,24013451
2026-05-21,HDFCBANK,754.5206547496631,755.7503168336749,742.8634822100684,746.7984008789062,34664725
2026-05-22,HDFCBANK,746.7984174780529,762.390509033052,746.7984174780529,754.3239135742188,25604071
2026-05-25,HDFCBANK,763.3742255318324,775.0313981291084,762.5872538025895,774.0476684570312,26043952
2026-05-26,HDFCBANK,771.2932224692265,777.9825721015808,764.1120080103449,766.22705078125,31528062
2026-05-27,HDFCBANK,756.9799611769273,761.3083956280444,744.584991677417,746.3065185546875,63680153
2026-05-28,HDFCBANK,746.3065185546875,746.3065185546875,746.3065185546875,746.3065185546875,0
2026-05-29,HDFCBANK,733.9115075895189,748.1264133157719,725.7465633447872,732.4359130859375,101299431
2026-06-01,HDFCBANK,736.8135126590627,740.1089829912345,727.1729740345589,730.6160278320312,47996441
2026-06-02,HDFCBANK,725.0087855549667,741.3386744827858,721.2214502442791,736.0757446289062,47314447
2026-06-03,HDFCBANK,732.3375535846441,744.5849997963322,730.5176176978582,741.3878784179688,36109480
2026-06-04,HDFCBANK,736.9610714527732,744.9784318589446,732.8785694984622,741.9288940429688,42673538
2026-06-05,HDFCBANK,741.6829610502508,746.355676758121,732.5342875674706,734.8952026367188,22116568
2026-06-08,HDFCBANK,725.9925096938186,729.4355636015806,722.5494557860566,726.6319580078125,21550700
2026-06-09,HDFCBANK,727.4189306755471,731.8457142768752,720.3852393810432,726.3367919921875,38539563
2026-06-10,HDFCBANK,724.5169081730804,743.6504624272108,724.418559222074,734.698486328125,44458159
2026-06-11,HDFCBANK,730.9111639255492,743.699649970007,728.0583237911012,732.485107421875,32632007
2026-06-12,HDFCBANK,742.4207572291352,761.8494172504803,740.8467538097462,759.8819580078125,36088159
2026-06-15,HDFCBANK,777.1464134002696,780.5894671305239,762.980682607529,764.7022094726562,39990334
2026-06-16,HDFCBANK,767.8010209255166,774.8838866823837,766.7681167622869,772.1294555664062,27820970
2026-06-17,HDFCBANK,774.8346784396643,781.376444549763,770.3586605239058,774.2935791015625,32405604
2026-06-18,HDFCBANK,773.7033792240301,789.8857441736253,773.4082723338255,786.0,41492071
2026-06-19,HDFCBANK,788.7000122070312,789.0499877929688,776.2000122070312,779.7999877929688,33798761
2026-06-22,HDFCBANK,789.9000244140625,789.9000244140625,783.0999755859375,786.4000244140625,25194765
2026-06-23,HDFCBANK,783.0499877929688,790.9000244140625,772.5499877929688,774.6500244140625,28289062
2026-06-24,HDFCBANK,773.0,794.9000244140625,772.6500244140625,793.2000122070312,34701292
2026-06-25,HDFCBANK,798.5,804.4500122070312,794.75,796.2999877929688,46707966
2026-06-26,HDFCBANK,796.2999877929688,796.2999877929688,796.2999877929688,796.2999877929688,0
2026-06-29,HDFCBANK,800.0,805.9000244140625,793.2999877929688,798.9000244140625,46695977
2026-06-30,HDFCBANK,806.0999755859375,806.0999755859375,792.75,797.9500122070312,45778356
2026-07-01,HDFCBANK,793.5,802.25,793.5,796.1500244140625,26094378
2026-07-02,HDFCBANK,795.0,805.4500122070312,794.0,795.9000244140625,34143823
2026-07-03,HDFCBANK,803.0,807.0,798.5499877929688,801.0499877929688,25871958
2026-07-06,HDFCBANK,805.0,831.5,805.0,829.8499755859375,63203327
2026-07-07,HDFCBANK,843.0,843.0,826.0999755859375,829.2999877929688,57611729
2026-07-08,HDFCBANK,825.9000244140625,834.3499755859375,806.9500122070312,810.2999877929688,38754632
2026-07-09,HDFCBANK,813.0,822.8499755859375,812.2999877929688,817.5499877929688,39891798
2026-07-10,HDFCBANK,824.0,827.7000122070312,820.2999877929688,824.9500122070312,23595785
2026-07-13,HDFCBANK,817.0,821.9500122070312,811.0,817.9500122070312,21741736
2026-07-14,HDFCBANK,811.4000244140625,818.4000244140625,807.0,809.4000244140625,25605395
2026-07-15,HDFCBANK,811.0,819.7000122070312,809.7000122070312,815.4500122070312,21488739
2026-07-16,HDFCBANK,814.5,818.0,806.5,808.2999877929688,18698186
2026-07-17,HDFCBANK,810.0,823.7000122070312,808.5,819.5999755859375,17415322
2026-07-20,HDFCBANK,790.0,790.0,774.5499877929688,777.5999755859375,56061789
2026-07-21,HDFCBANK,769.1500244140625,772.5,760.0999755859375,761.4500122070312,42246009
2026-07-22,HDFCBANK,760.25,761.3499755859375,750.3499755859375,753.1500244140625,23385446
2026-07-23,HDFCBANK,749.4000244140625,751.0,743.25,747.25,32532090
2026-07-24,HDFCBANK,738.5,748.25,737.25,742.7999877929688,23837859
2026-07-27,HDFCBANK,746.0999755859375,747.9500122070312,738.0999755859375,739.5499877929688,29678752
2026-07-28,HDFCBANK,732.0,740.25,732.0,735.4000244140625,33886037
2026-07-29,HDFCBANK,743.0,751.25,740.7999877929688,748.2000122070312,20460659
2026-07-30,HDFCBANK,752.7999877929688,757.9000244140625,745.5,753.9500122070312,35844392
2026-07-31,HDFCBANK,753.9500122070312,757.5499877929688,747.2000122070312,748.1500244140625,25522483
2026-08-03,HDFCBANK,753.0499877929688,756.8499755859375,750.0499877929688,753.0,14827841
2026-08-04,HDFCBANK,753.2000122070312,753.2000122070312,738.0,742.0,31559802
2026-08-05,HDFCBANK,733.7999877929688,741.9500122070312,732.5999755859375,735.0,60050538
2026-08-06,HDFCBANK,739.0,740.5,733.5499877929688,734.2999877929688,44772122
2026-08-07,HDFCBANK,733.0,736.0,728.2000122070312,731.0,19382042
2026-08-10,HDFCBANK,731.5,737.5499877929688,728.5,731.0,23660590
2026-08-11,HDFCBANK,730.5,730.8499755859375,726.5499877929688,729.0,29154365
2026-08-12,HDFCBANK,729.0,730.6500244140625,722.0,729.0,26993177
2026-08-13,HDFCBANK,726.9000244140625,729.0,724.5,725.0,22129893
2026-08-14,HDFCBANK,725.0,729.5999755859375,723.5,727.0,20364131
2026-08-17,HDFCBANK,727.0499877929688,732.0999755859375,724.5,729.0,14823722
2026-08-18,HDFCBANK,726.2999877929688,729.0,723.0,723.0,17916507
2026-08-19,HDFCBANK,724.0,725.4000244140625,715.0999755859375,720.0,21342651
2026-08-20,HDFCBANK,725.5,728.2999877929688,724.2999877929688,725.0499877929688,17603805
2026-08-21,HDFCBANK,728.2999877929688,732.7999877929688,726.5999755859375,726.9500122070312,26029811
2026-08-24,HDFCBANK,732.5,734.4000244140625,724.0999755859375,729.0,11408345
2026-08-25,HDFCBANK,726.5999755859375,728.7000122070312,722.0,727.5,17511874
2026-08-26,HDFCBANK,728.0,731.0,724.1500244140625,727.2000122070312,21156463
2026-08-27,HDFCBANK,728.1500244140625,728.1500244140625,710.0,711.0,46515020
2026-08-28,HDFCBANK,710.8499755859375,720.2999877929688,707.0,720.2999877929688,16494301
2026-03-02,ICICIBANK,1343.672146415433,1367.6697850385044,1343.672146415433,1362.5133056640625,16928683
2026-03-04,ICICIBANK,1314.9145907457403,1364.4965888884906,1314.9145907457403,1353.9852294921875,20009132
2026-03-05,ICICIBANK,1357.45594601842,1359.3400861254038,1336.3339667529167,1346.2503662109375,17590491
2026-03-06,ICICIBANK,1327.8058801381828,1346.2503588188658,1299.4450020539286,1302.419921875,22778852
2026-03-09,ICICIBANK,1262.060104122135,1271.9765035292385,1240.6407056127512,1267.7125244140625,16116652
2026-03-10,ICICIBANK,1276.8355955325096,1304.006554800674,1274.8523156012538,1300.9324951171875,19136143
2026-03-11,ICICIBANK,1289.1319797351587,1295.5776396338345,1280.1080800869731,1283.777099609375,13224259
2026-03-12,ICICIBANK,1265.0350263567016,1269.7949465011072,1247.780588195275,1255.9119873046875,19676187
2026-03-13,ICICIBANK,1241.434156276259,1251.747236619689,1238.2608356053079,1244.3099365234375,17344394
2026-03-16,ICICIBANK,1244.5081652081492,1266.125965023717,1229.7327054112554,1262.258544921875,22740688
2026-03-17,ICICIBANK,1268.2083924442081,1283.578812107693,1262.3576923623407,1277.9263916015625,22303102
2026-03-18,ICICIBANK,1275.2490239961462,1286.2562036480494,1260.1761446052265,1278.521484375,12961135
2026-03-19,ICICIBANK,1257.0027465645267,1275.1498056385733,1233.3025281122907,1239.6490478515625,14422899
2026-03-20,ICICIBANK,1247.8797225177066,1263.34928134462,1231.3192629188682,1234.9884033203125,16421006
2026-03-23,ICICIBANK,1216.3455695278035,1224.5762297429494,1207.9166297375125,1212.4781494140625,17049534
2026-03-24,ICICIBANK,1226.757768953439,1243.4173686829902,1213.46976929413,1240.7398681640625,20617782
2026-03-25,ICICIBANK,1248.3755838951454,1262.2585434912949,1243.9132040249544,1249.1688232421875,17290030
2026-03-27,ICICIBANK,1245.499833090769,1250.358893273775,1219.8163330232837,1223.4854736328125,23630905
2026-03-30,ICICIBANK,1206.3300855990337,1212.3790655174357,1190.3647054702,1195.8187255859375,23952775
2026-04-01,ICICIBANK,1217.8330476356737,1223.6837477872427,1199.884388024768,1202.561767578125,25472333
2026-04-02,ICICIBANK,1186.001465486272,1211.883245832491,1177.67166509731,1205.635986328125,20851722
2026-04-06,ICICIBANK,1202.8592693089724,1224.0803886246306,1190.4637698313447,1221.10546875,10058414
2026-04-07,ICICIBANK,1218.7254656803555,1239.9465842479708,1206.429106422035,1235.0875244140625,25600557
2026-04-08,ICICIBANK,1299.048365281531,1322.3519046587187,1281.595525957938,1298.2550048828125,25148651
2026-04-09,ICICIBANK,1289.032858674316,1297.065118454786,1265.2334987026684,1270.58837890625,22923062
2026-04-10,ICICIBANK,1278.2238983175278,1312.931296642674,1277.7280783414542,1310.848876953125,18174755
2026-04-13,ICICIBANK,1293.9909710757174,1345.655387306946,1285.8594510059597,1339.8046875,30572141
2026-04-15,ICICIBANK,1346.647094004827,1353.3902942945808,1326.8142943876721,1336.829833984375,23827473
2026-04-16,ICICIBANK,1340.697246754227,1355.4727065977952,1328.995846624469,1334.2515869140625,24017236
2026-04-17,ICICIBANK,1335.7390510601572,1341.5897511433582,1322.8477313394578,1335.540771484375,18151993
2026-04-20,ICICIBANK,1353.2910001768837,1364.893260297481,1341.6888611060856,1344.862060546875,21551520
2026-04-21,ICICIBANK,1356.5634890022861,1381.4536282235813,1348.6303691835594,1376.79296875,23312455
2026-04-22,ICICIBANK,1368.463107425001,1368.5622472083335,1353.588508431251,1356.166748046875,13613487
2026-04-23,ICICIBANK,1337.1273930984762,1342.680552858981,1332.268332914358,1336.730712890625,20111792
2026-04-24,ICICIBANK,1325.1285758443225,1337.5240758015216,1312.931355466517,1315.1129150390625,14056743
2026-04-27,ICICIBANK,1316.7986931874252,1324.7318126631535,1299.9408143015023,1303.114013671875,15385625
2026-04-28,ICICIBANK,1303.3124724850059,1306.6839515728986,1275.943112231791,1281.1988525390625,16774778
2026-04-29,ICICIBANK,1283.876190331697,1285.9587310592146,1265.5308513211887,1270.290771484375,11716030
2026-04-30,ICICIBANK,1250.4580524616338,1261.5643721523936,1248.474772441869,1252.8380126953125,17740110
2026-05-01,ICICIBANK,1252.8380126953125,1252.8380126953125,1252.8380126953125,1252.8380126953125,0
2026-05-04,ICICIBANK,1253.7304875272214,1271.4807465048432,1253.7304875272214,1260.1761474609375,14597051
2026-05-05,ICICIBANK,1253.4328902069624,1256.11026963796,1235.0875512284588,1240.839111328125,24447935
2026-05-06,ICICIBANK,1251.449645209005,1272.0758050555082,1241.6323852719695,1268.8033447265625,22909586
2026-05-07,ICICIBANK,1273.9597944081108,1283.1820943562475,1262.5559349914981,1268.3074951171875,25028552
2026-05-08,ICICIBANK,1268.902517705381,1268.902517705381,1250.6563175253964,1254.226318359375,11137424
2026-05-11,ICICIBANK,1248.871386509416,1265.035045184508,1241.5332266149906,1255.8128662109375,18980488
2026-05-12,ICICIBANK,1245.4998520747622,1249.3672723222166,1225.9645923052954,1229.93115234375,21110708
2026-05-13,ICICIBANK,1227.9478864287817,1238.7566658178762,1216.940585355795,1225.2703857421875,19490295
2026-05-14,ICICIBANK,1228.7410341788377,1246.193873036946,1225.6669745529443,1235.5833740234375,16535600
2026-05-15,ICICIBANK,1236.178367000428,1247.4830869105315,1231.616847331383,1234.095947265625,11745614
2026-05-18,ICICIBANK,1225.171187688256,1243.218986792355,1221.7004477797907,1240.6407470703125,13918850
2026-05-19,ICICIBANK,1240.6406985843882,1245.7972988767476,1219.518840596794,1230.4268798828125,38929053
2026-05-20,ICICIBANK,1219.7171565954964,1229.3360158332805,1213.0732172518474,1226.9561767578125,14953103
2026-05-21,ICICIBANK,1234.8892560806848,1237.8641758775068,1224.0803566089394,1232.41015625,14394386
2026-05-22,ICICIBANK,1231.6168488886804,1260.1761285871792,1231.6168488886804,1253.73046875,11601085
2026-05-25,ICICIBANK,1260.3744497717253,1282.6863499447102,1260.2753099809177,1281.0006103515625,13853923
2026-05-26,ICICIBANK,1279.215515708668,1290.9169153575494,1265.5308361904704,1268.4066162109375,18400405
2026-05-27,ICICIBANK,1275.2490410953124,1282.587201311576,1256.1103406589523,1262.0601806640625,18366272
2026-05-28,ICICIBANK,1262.0601806640625,1262.0601806640625,1262.0601806640625,1262.0601806640625,0
2026-05-29,ICICIBANK,1264.4401034217194,1277.0340036893715,1237.4675446174365,1245.896484375,31007884
2026-06-01,ICICIBANK,1246.5906197801364,1251.3505402000205,1225.5679002002253,1229.3360595703125,9911975
2026-06-02,ICICIBANK,1222.692101166893,1227.3527606751832,1210.4948809348448,1216.3455810546875,17920892
2026-06-03,ICICIBANK,1209.7016025437176,1237.8642014111729,1203.5533622069204,1231.6168212890625,13934754
2026-06-04,ICICIBANK,1221.8987381131592,1251.7471984286103,1221.8987381131592,1241.2357177734375,19461560
2026-06-05,ICICIBANK,1246.4914883012805,1254.4246083541127,1239.5500082550523,1251.548828125,10166393
2026-06-08,ICICIBANK,1235.98013161075,1243.516571470306,1232.7076711606426,1239.748291015625,10714196
2026-06-09,ICICIBANK,1244.5081432866116,1269.2000023713417,1242.2273229706288,1264.3409423828125,22368579
2026-06-10,ICICIBANK,1260.6719575059049,1295.0818164605482,1260.6719575059049,1282.488037109375,25951584
2026-06-11,ICICIBANK,1275.7448484381675,1321.8561080202699,1275.7448484381675,1305.9898681640625,35919374
2026-06-12,ICICIBANK,1318.881182108178,1333.0616823357286,1307.6756018402702,1329.5909423828125,18339846
2026-06-15,ICICIBANK,1343.2755003149457,1351.3077599885314,1314.2205213660739,1316.501220703125,16172921
2026-06-16,ICICIBANK,1320.7653035280132,1326.1201835892518,1315.2121438922036,1323.145263671875,13069159
2026-06-17,ICICIBANK,1330.7808691866162,1334.7474291543856,1322.2527894658729,1325.6243896484375,8026424
2026-06-18,ICICIBANK,1322.4510288431072,1335.6398887549333,1320.2694693470728,1331.078369140625,13467985
2026-06-19,ICICIBANK,1329.293324489997,1340.994724069171,1320.8643850956182,1335.2431640625,9057322
2026-06-22,ICICIBANK,1341.6888318212496,1351.307690769155,1337.1273123310036,1341.0938720703125,4814845
2026-06-23,ICICIBANK,1346.647075338441,1357.654254763427,1320.3686162099664,1327.11181640625,11884879
2026-06-24,ICICIBANK,1329.3925787519856,1366.0832592753275,1329.3925787519856,1362.11669921875,16440708
2026-06-25,ICICIBANK,1370.3473528540349,1392.2625728462838,1368.562352417643,1375.9005126953125,17173209
2026-06-26,ICICIBANK,1375.9005126953125,1375.9005126953125,1375.9005126953125,1375.9005126953125,0
2026-06-29,ICICIBANK,1378.379593988644,1390.2792739367474,1371.6363935981306,1375.9996337890625,13249405
2026-06-30,ICICIBANK,1390.2792468566804,1390.2792468566804,1354.6793474953972,1363.7032470703125,18398057
2026-07-01,ICICIBANK,1359.935092537661,1373.5205118412996,1356.2659519824388,1368.264892578125,11948034
2026-07-02,ICICIBANK,1370.347360452637,1393.2542205810548,1365.2900205878914,1388.2960205078125,15779429
2026-07-03,ICICIBANK,1402.1789477753737,1408.128787723501,1394.1466880553623,1399.6007080078125,12901785
2026-07-06,ICICIBANK,1400.1956098660596,1419.6317286825692,1399.7989296759679,1414.9710693359375,12306949
2026-07-07,ICICIBANK,1419.6317869331858,1421.0201071305735,1398.212387337131,1402.873046875,15664178
2026-07-08,ICICIBANK,1398.5098849300493,1406.4430046152802,1364.397446073597,1369.05810546875,10573142
2026-07-09,ICICIBANK,1371.3389070760331,1391.8658055614053,1365.7857475821456,1369.1572265625,13948838
2026-07-10,ICICIBANK,1378.081980498166,1396.4273194454097,1377.9828407138161,1389.48583984375,6409645
2026-07-13,ICICIBANK,1381.850313043882,1401.1872926666704,1374.710553603081,1397.716552734375,10091437
2026-07-14,ICICIBANK,1388.2959393084109,1399.9973392167874,1380.36281965522,1395.9315185546875,14133017
2026-07-15,ICICIBANK,1401.0881343697583,1416.061873669893,1397.4189938599209,1404.3604736328125,12961648
2026-07-16,ICICIBANK,1408.2278901435363,1411.7977698077207,1394.4440704195183,1406.34375,10165264
2026-07-17,ICICIBANK,1410.2112272612976,1442.935347434669,1407.8312670387277,1432.2257080078125,11112550
2026-07-20,ICICIBANK,1432.4239762420166,1467.6271961496604,1427.4657762550246,1447.99267578125,22236415
2026-07-21,ICICIBANK,1457.7107481698004,1461.5781682422519,1444.4227484323062,1450.868408203125,18269907
2026-07-22,ICICIBANK,1454.1408592092237,1454.1408592092237,1426.374940373995,1428.6556396484375,8345136
2026-07-23,ICICIBANK,1420.5242697074934,1433.9114094220142,1414.673569622298,1422.606689453125,12409328
2026-07-24,ICICIBANK,1416.0618385071728,1427.9615178223592,1403.5671994361867,1420.9208984375,10870914
2026-07-27,ICICIBANK,1423.6974916567503,1436.8863520032721,1416.8552725346733,1433.6138916015625,10608300
2026-07-28,ICICIBANK,1430.2423604987887,1433.8122401392648,1405.7487808950839,1418.8385009765625,19486209
2026-07-29,ICICIBANK,1430.4406700852692,1436.3905099608405,1416.557710375603,1425.879150390625,10856166
2026-07-30,ICICIBANK,1419.13595728037,1430.143136895818,1410.7070174140658,1421.91259765625,14141173
2026-07-31,ICICIBANK,1422.309244666781,1429.8456841613988,1419.4334645695478,1423.4000244140625,8752440
2026-08-03,ICICIBANK,1442.0,1460.0,1433.0,1460.0,7706747
2026-08-04,ICICIBANK,1452.0,1454.5999755859375,1430.800048828125,1454.5999755859375,11458963
2026-08-05,ICICIBANK,1454.5999755859375,1454.5999755859375,1431.199951171875,1450.0999755859375,11723296
2026-08-06,ICICIBANK,1460.0,1460.0,1448.300048828125,1457.5,14954726
2026-08-07,ICICIBANK,1451.0,1455.0,1418.199951171875,1421.0,14395789
2026-08-10,ICICIBANK,1428.0999755859375,1441.9000244140625,1415.5,1431.800048828125,12749354
2026-08-11,ICICIBANK,1432.0999755859375,1434.0,1412.199951171875,1429.5999755859375,10471914
2026-08-12,ICICIBANK,1429.4000244140625,1435.0,1418.5999755859375,1431.699951171875,8201733
2026-08-13,ICICIBANK,1429.0,1429.0,1406.4000244140625,1406.800048828125,11408206
2026-08-14,ICICIBANK,1403.0,1417.800048828125,1401.0,1417.0,6097934
2026-08-17,ICICIBANK,1418.0,1423.5999755859375,1407.0,1415.300048828125,5605603
2026-08-18,ICICIBANK,1410.0,1416.5999755859375,1406.300048828125,1412.0,8345198
2026-08-19,ICICIBANK,1412.0,1416.0,1391.5,1402.0,10304210
2026-08-20,ICICIBANK,1407.800048828125,1413.0,1403.300048828125,1411.9000244140625,8425049
2026-08-21,ICICIBANK,1417.0,1420.0,1411.199951171875,1420.0,4565280
2026-08-24,ICICIBANK,1420.5,1425.5,1408.699951171875,1415.0,5307113
2026-08-25,ICICIBANK,1408.0,1424.9000244140625,1408.0,1422.699951171875,7983249
2026-08-26,ICICIBANK,1423.0999755859375,1446.0,1423.0999755859375,1430.0,4177066
2026-08-27,ICICIBANK,1445.0,1453.800048828125,1433.0999755859375,1443.0,11539716
2026-08-28,ICICIBANK,1435.0,1439.800048828125,1418.9000244140625,1422.800048828125,8625738
2026-03-02,ITC,298.85810450075655,307.376047218612,298.85810450075655,306.548583984375,22194311
2026-03-04,ITC,302.3626464990797,307.13268865380064,302.2652926371002,303.6768493652344,24165489
2026-03-05,ITC,303.9202168516899,305.28308178434213,300.026300067982,303.23876953125,19938009
2026-03-06,ITC,301.8272051738374,304.0175333092302,300.9997716448259,301.48651123046875,21288269
2026-03-09,ITC,296.9111643273846,299.05283051074235,295.54829935080625,297.8846435546875,14084931
2026-03-10,ITC,300.8050671722483,301.77854635403554,295.69430146786544,300.8537292480469,18352950
2026-03-11,ITC,300.85374630707344,302.41131902789596,299.53957310372596,300.8050842285156,14842485
2026-03-12,ITC,298.9067800288785,299.83159716315987,294.8181851652266,296.0350341796875,23319679
2026-03-13,ITC,295.937682389217,297.8846408259882,292.67652106597967,293.455322265625,25659996
2026-03-16,ITC,294.52613802796225,301.2431686839447,293.99073631862075,300.0749816894531,37472204
2026-03-17,ITC,301.7298865244703,301.7298865244703,295.98633554258623,296.76513671875,25649286
2026-03-18,ITC,297.7872705212262,298.8094414690324,295.45092646773946,295.986328125,16702554
2026-03-19,ITC,293.50397895966603,297.3978957617843,289.2206764189814,290.0968017578125,17851126
2026-03-20,ITC,293.0658899820715,300.56169141647746,290.2428063525175,291.9950866699219,58679529
2026-03-23,ITC,290.9729210433315,291.07027490300464,281.87088476609046,282.7470397949219,31788160
2026-03-24,ITC,288.1011820084419,288.14984408530046,281.0921198636166,283.52581787109375,33335721
2026-03-25,ITC,284.9373809296547,290.58354854916115,284.49930339528424,287.8578186035156,26184716
2026-03-27,ITC,286.88433837890625,288.9773127628988,283.81785506545845,286.88433837890625,22179022
2026-03-30,ITC,285.813498126197,286.64096138513423,279.38852948557997,280.0699768066406,24586921
2026-04-01,ITC,285.22940879596706,286.64096553507443,283.1850965114152,283.9638977050781,18604340
2026-04-02,ITC,282.5523525472668,285.86217605837106,280.75140999162466,285.0834045410156,18082775
2026-04-06,ITC,285.2294224223722,287.51710461894146,282.552354464483,287.0303649902344,18047063
2026-04-07,ITC,286.3489031712945,291.0702832730548,284.98603822136056,290.5348815917969,26963485
2026-04-08,ITC,295.8403295367806,296.52177687527063,293.5526474241106,294.4288024902344,22310207
2026-04-09,ITC,293.5039840547165,296.32706784361375,293.26061425035937,294.9642028808594,17691477
2026-04-10,ITC,294.96421173271233,297.30055598300885,294.57482597570106,296.1810607910156,17744386
2026-04-13,ITC,292.0437560666014,293.4553127708808,290.19415155315835,290.72955322265625,16522014
2026-04-15,ITC,292.725224960759,295.9376946310278,292.57917930537735,294.0393981933594,18701403
2026-04-16,ITC,294.91552885499743,297.2518729405252,293.84469581756434,295.35357666015625,16512053
2026-04-17,ITC,295.7916756720069,301.729905030981,295.7916756720069,298.6634216308594,35111203
2026-04-20,ITC,298.8581217781442,299.7829389242669,296.37576164015127,296.9111633300781,13540471
2026-04-21,ITC,296.91116324455527,302.849392451092,296.4730857105753,301.4378356933594,24411865
2026-04-22,ITC,301.77854447435044,302.3139461377078,297.0085024549496,297.39788818359375,24500511
2026-04-23,ITC,295.93767496628874,298.22535701375915,295.2075655708127,297.20318603515625,10701849
2026-04-24,ITC,298.5174072251711,298.5174072251711,293.114609250071,293.6013488769531,17011704
2026-04-27,ITC,295.5969487737246,297.5439071449768,294.8181773085145,295.7916564941406,14382348
2026-04-28,ITC,296.32707115310103,297.6899361310764,294.526128639099,296.3757629394531,12907339
2026-04-29,ITC,297.00850597252486,309.0796419528162,297.00850597252486,307.86279296875,31199038
2026-04-30,ITC,307.86278680248944,309.07963576218305,304.99101137432183,306.548583984375,11541956
2026-05-01,ITC,306.548583984375,306.548583984375,306.548583984375,306.548583984375,0
2026-05-04,ITC,309.4690426623296,309.4690426623296,302.26530226968964,302.8493957519531,20245091
2026-05-05,ITC,302.8494008323303,305.38045282577866,301.4378440355334,303.19012451171875,26795704
2026-05-06,ITC,304.504273955316,305.28307511999276,301.04843476850743,302.4599914550781,20287609
2026-05-07,ITC,303.1901061095417,303.38478412292693,298.85811182359606,299.24749755859375,25718615
2026-05-08,ITC,300.70773068347654,300.70773068347654,297.59261494674206,299.29620361328125,17739844
2026-05-11,ITC,298.85811207299713,299.83159126541733,297.05716962537434,297.7386169433594,14968661
2026-05-12,ITC,297.25189225671994,298.1280176321973,292.141126240168,292.7252197265625,15968338
2026-05-13,ITC,293.99072694682496,297.6899361310764,293.0659097966479,296.3757629394531,13024778
2026-05-14,ITC,296.91115977719784,300.9997843525029,296.7651438369858,299.0528259277344,11113377
2026-05-15,ITC,299.0528357626027,303.77418633135375,298.17668067606064,301.2431640625,11954564
2026-05-18,ITC,301.24314294849347,304.01753483399096,298.371367495507,301.924560546875,14422870
2026-05-19,ITC,303.67685162223455,305.91584192326644,300.17232052251813,302.0705871582031,17519355
2026-05-20,ITC,300.8050809313701,301.43783648682927,298.07935098097914,299.3935241699219,12127920
2026-05-21,ITC,301.6325293694972,303.0440563532439,297.68992087203304,299.8802490234375,21868988
2026-05-22,ITC,297.7872949531656,298.8581280637695,293.01725259672514,293.6986999511719,30751752
2026-05-25,ITC,295.8890075683594,297.3978884085819,294.33143494437775,295.8890075683594,15734247
2026-05-26,ITC,296.27839961224,296.32706168880947,293.1145922213104,293.6499938964844,37560542
2026-05-27,ITC,295.6499938964844,296.3500061035156,291.04998779296875,291.95001220703125,25446093
2026-05-28,ITC,291.95001220703125,291.95001220703125,291.95001220703125,291.95001220703125,0
2026-05-29,ITC,292.0,292.3999938964844,285.8999938964844,286.8999938964844,31930439
2026-06-01,ITC,287.79998779296875,288.54998779296875,278.29998779296875,279.6499938964844,23477875
2026-06-02,ITC,279.5,283.6000061035156,277.1000061035156,283.25,20206131
2026-06-03,ITC,282.3500061035156,282.3500061035156,275.20001220703125,277.0,28001438
2026-06-04,ITC,277.0,280.6499938964844,275.04998779296875,280.29998779296875,22017634
2026-06-05,ITC,280.0,281.3999938964844,277.8500061035156,280.70001220703125,16065822
2026-06-08,ITC,279.0,283.45001220703125,276.95001220703125,279.45001220703125,15779677
2026-06-09,ITC,281.70001220703125,281.70001220703125,277.1499938964844,280.0,12302522
2026-06-10,ITC,280.0,285.8500061035156,278.6499938964844,283.6499938964844,19823743
2026-06-11,ITC,283.0,283.25,281.20001220703125,282.3999938964844,12603100
2026-06-12,ITC,283.54998779296875,285.8500061035156,283.0,285.1000061035156,12893433
2026-06-15,ITC,287.0,288.8500061035156,286.70001220703125,287.8999938964844,11194950
2026-06-16,ITC,288.1499938964844,292.1499938964844,287.5,291.6499938964844,14467499
2026-06-17,ITC,291.95001220703125,292.3500061035156,290.0,290.75,8626353
2026-06-18,ITC,291.04998779296875,291.8999938964844,288.0,291.1499938964844,10409670
2026-06-19,ITC,289.79998779296875,294.54998779296875,288.3999938964844,292.5,13874008
2026-06-22,ITC,292.79998779296875,293.95001220703125,290.04998779296875,291.25,9947873
2026-06-23,ITC,291.25,293.1499938964844,289.6499938964844,290.0,9410364
2026-06-24,ITC,290.0,291.3999938964844,289.45001220703125,290.3500061035156,6218635
2026-06-25,ITC,290.3500061035156,292.25,289.20001220703125,290.0,11230239
2026-06-26,ITC,290.0,290.0,290.0,290.0,0
2026-06-29,ITC,290.45001220703125,291.8999938964844,289.3500061035156,290.70001220703125,10110022
2026-06-30,ITC,291.5,291.6000061035156,285.5,286.95001220703125,18180676
2026-07-01,ITC,287.8500061035156,291.0,287.1000061035156,290.29998779296875,6551425
2026-07-02,ITC,290.70001220703125,291.0,287.70001220703125,289.8999938964844,12722639
2026-07-03,ITC,291.29998779296875,291.6000061035156,289.0,289.95001220703125,6517591
2026-07-06,ITC,289.95001220703125,290.3999938964844,287.6000061035156,288.25,27126124
2026-07-07,ITC,288.29998779296875,290.70001220703125,286.54998779296875,288.75,18491160
2026-07-08,ITC,286.8999938964844,287.8500061035156,280.0,280.6499938964844,21593793
2026-07-09,ITC,281.25,284.3999938964844,281.0,282.04998779296875,12512120
2026-07-10,ITC,282.8500061035156,283.6499938964844,280.8500061035156,281.75,11774274
2026-07-13,ITC,281.3500061035156,281.5,279.5,279.6499938964844,12559492
2026-07-14,ITC,279.25,280.6499938964844,275.0,275.54998779296875,15018851
2026-07-15,ITC,276.6499938964844,277.70001220703125,275.29998779296875,276.6499938964844,8523722
2026-07-16,ITC,277.0,280.45001220703125,276.0,279.3500061035156,11220653
2026-07-17,ITC,279.3500061035156,281.95001220703125,277.79998779296875,280.70001220703125,15215868
2026-07-20,ITC,280.70001220703125,283.70001220703125,279.5,282.70001220703125,9913943
2026-07-21,ITC,283.0,283.95001220703125,278.79998779296875,281.0,9858768
2026-07-22,ITC,280.5,282.20001220703125,278.5,280.79998779296875,12995017
2026-07-23,ITC,279.95001220703125,284.0,279.6499938964844,281.29998779296875,21143589
2026-07-24,ITC,279.54998779296875,284.8500061035156,279.54998779296875,283.45001220703125,24954082
2026-07-27,ITC,287.75,287.8999938964844,285.5,285.8500061035156,19312804
2026-07-28,ITC,284.8999938964844,287.95001220703125,282.29998779296875,284.6499938964844,14843878
2026-07-29,ITC,285.6000061035156,289.04998779296875,284.1499938964844,286.25,19030590
2026-07-30,ITC,286.1000061035156,288.3999938964844,283.75,285.04998779296875,18283697
2026-07-31,ITC,285.54998779296875,285.79998779296875,280.04998779296875,281.0,16833813
2026-08-03,ITC,284.45001220703125,292.54998779296875,283.0,287.0,45392755
2026-08-04,ITC,286.04998779296875,289.0,284.70001220703125,289.0,12689243
2026-08-05,ITC,288.25,288.5,285.0,286.95001220703125,11771241
2026-08-06,ITC,285.45001220703125,286.3500061035156,283.70001220703125,285.8999938964844,12447629
2026-08-07,ITC,285.0,286.1000061035156,284.3999938964844,286.1000061035156,6128841
2026-08-10,ITC,286.1000061035156,286.1000061035156,281.3999938964844,282.6499938964844,9347929
2026-08-11,ITC,282.0,282.6000061035156,278.0,279.0,13053722
2026-08-12,ITC,279.0,279.54998779296875,275.3999938964844,276.1499938964844,12630816
2026-08-13,ITC,276.20001220703125,278.5,276.04998779296875,278.5,11335590
2026-08-14,ITC,278.3500061035156,278.3500061035156,275.95001220703125,278.20001220703125,7338537
2026-08-17,ITC,278.20001220703125,278.20001220703125,273.0,273.04998779296875,12795275
2026-08-18,ITC,273.04998779296875,273.6499938964844,269.1499938964844,270.0,14561572
2026-08-19,ITC,270.0,270.95001220703125,265.8500061035156,267.04998779296875,13821291
2026-08-20,ITC,268.20001220703125,271.6499938964844,265.0,271.6499938964844,28272797
2026-08-21,ITC,271.6000061035156,271.6000061035156,269.0,269.3999938964844,8312928
2026-08-24,ITC,270.6000061035156,270.6000061035156,267.0,269.70001220703125,8518400
2026-08-25,ITC,269.70001220703125,271.3999938964844,267.6499938964844,271.3999938964844,8414719
2026-08-26,ITC,271.8500061035156,273.95001220703125,270.25,270.25,11693367
2026-08-27,ITC,269.5,271.25,268.0,269.0,8834890
2026-08-28,ITC,269.0,269.0,264.79998779296875,266.0,15200847
2026-03-02,HINDUNILVR,2279.810762828429,2330.29723651677,2267.139599527044,2297.233642578125,2273224
2026-03-04,HINDUNILVR,2269.812432719107,2288.3243336403816,2229.4234459004774,2238.53076171875,2648737
2026-03-05,HINDUNILVR,2252.5877729936083,2254.86466241023,2205.961930722778,2232.294189453125,1751288
2026-03-06,HINDUNILVR,2222.4938661562232,2227.344430687897,2197.15153951635,2203.2890625,1674258
2026-03-09,HINDUNILVR,2176.8580406764563,2177.8479715726257,2148.545920373073,2172.50244140625,1512817
2026-03-10,HINDUNILVR,2201.606195210621,2201.606195210621,2153.0995838952795,2168.146484375,1084986
2026-03-11,HINDUNILVR,2168.1465318534633,2172.8982483412015,2134.290944612132,2139.636474609375,1313256
2026-03-12,HINDUNILVR,2143.2992989000727,2143.2992989000727,2088.061111223958,2115.383056640625,1791973
2026-03-13,HINDUNILVR,2114.492390950521,2169.8294312879443,2098.950524241146,2138.250732421875,2298875
2026-03-16,HINDUNILVR,2147.7540473535414,2164.681719709848,2132.3110295750503,2153.79248046875,1981511
2026-03-17,HINDUNILVR,2150.921837339099,2162.8010077496438,2123.8966763186418,2136.46875,1705956
2026-03-18,HINDUNILVR,2143.2002132585976,2153.099521402979,2108.2556071724653,2113.79931640625,2441148
2026-03-19,HINDUNILVR,2090.734099450428,2112.1167039586576,2049.256090646583,2056.383544921875,2098905
2026-03-20,HINDUNILVR,2078.5578289353593,2078.656918696704,2048.166999131025,2061.72900390625,2429744
2026-03-23,HINDUNILVR,2041.534531517212,2075.8850852106953,2012.8265355843985,2031.5361328125,2599535
2026-03-24,HINDUNILVR,2049.1568963579134,2093.7037854091727,2045.1971728866906,2064.005859375,1702418
2026-03-25,HINDUNILVR,2076.874939459462,2133.0039707547157,2064.9957691670343,2113.304443359375,2069217
2026-03-27,HINDUNILVR,2101.920214571949,2105.5829103672913,2048.6618866972776,2053.512451171875,2789151
2026-03-30,HINDUNILVR,2043.2172992976207,2061.4319304866403,2025.5964816164349,2034.505859375,2482193
2026-04-01,HINDUNILVR,2098.5542902611737,2098.5542902611737,2031.338082923151,2043.91015625,2028470
2026-04-02,HINDUNILVR,2034.3079361718803,2049.0578094497764,2002.13518292342,2044.5042724609375,1431905
2026-04-06,HINDUNILVR,2044.5042099690797,2071.727308039528,2021.3398041699922,2063.807861328125,1661298
2026-04-07,HINDUNILVR,2043.9101735971367,2098.1584324058085,2030.1502314824131,2089.34814453125,2709707
2026-04-08,HINDUNILVR,2108.552830795398,2170.720540058606,2108.552830795398,2123.995849609375,3794437
2026-04-09,HINDUNILVR,2123.896656880212,2141.1213571449207,2093.7037656964103,2111.720458984375,2506245
2026-04-10,HINDUNILVR,2111.7205746871014,2148.1500806118274,2100.039341580484,2133.59814453125,2144484
2026-04-13,HINDUNILVR,2109.5427916939393,2119.145073286812,2092.2190005842986,2105.781005859375,1994541
2026-04-15,HINDUNILVR,2119.342960674532,2146.1701846556675,2119.342960674532,2135.875,1552971
2026-04-16,HINDUNILVR,2136.270876584757,2141.9134343634555,2107.6619703228953,2117.561279296875,1845734
2026-04-17,HINDUNILVR,2120.4318458384037,2222.3947217120526,2111.522468334881,2218.237060546875,4882697
2026-04-20,HINDUNILVR,2218.2371672517165,2230.710151347242,2200.814287067127,2209.03076171875,1460822
2026-04-21,HINDUNILVR,2216.1580861785023,2312.1813760556415,2204.773881708532,2287.43310546875,3217281
2026-04-22,HINDUNILVR,2287.136135627566,2383.753483110979,2287.136135627566,2344.9482421875,5558325
2026-04-23,HINDUNILVR,2312.478464472606,2375.8340388417187,2312.478464472606,2342.572265625,2063531
2026-04-24,HINDUNILVR,2364.5490228916565,2364.5490228916565,2275.8511183860137,2303.8662109375,1676706
2026-04-27,HINDUNILVR,2311.3896002112174,2339.0088177903613,2301.5893808110277,2304.856201171875,1099681
2026-04-28,HINDUNILVR,2297.62960044326,2310.8945777237636,2258.131454523486,2266.44677734375,1629120
2026-04-29,HINDUNILVR,2281.7906936045574,2326.0405558989446,2267.9316611922086,2291.095947265625,1778765
2026-04-30,HINDUNILVR,2288.720225829817,2344.948348918507,2189.331260792845,2228.2353515625,4434979
2026-05-01,HINDUNILVR,2228.2353515625,2228.2353515625,2228.2353515625,2228.2353515625,0
2026-05-04,HINDUNILVR,2245.955163802939,2341.978456380622,2245.955163802939,2286.04736328125,2554255
2026-05-05,HINDUNILVR,2278.3259741656116,2311.884535117792,2265.0609967330465,2303.965087890625,1741424
2026-05-06,HINDUNILVR,2306.5388097283676,2315.84406275992,2265.258742886433,2293.768798828125,1196175
2026-05-07,HINDUNILVR,2286.7402347777156,2304.4599000972157,2245.262229356629,2249.32080078125,1859012
2026-05-08,HINDUNILVR,2249.3208664913536,2274.16822791307,2233.2840347907604,2264.664794921875,1104526
2026-05-11,HINDUNILVR,2254.1717310173203,2293.7689667003274,2236.4518230397666,2283.968505859375,1903862
2026-05-12,HINDUNILVR,2262.289070470158,2283.770522059433,2233.2840475795756,2239.2236328125,983506
2026-05-13,HINDUNILVR,2242.193325602698,2272.683243444049,2227.3443631814885,2244.47021484375,1308559
2026-05-14,HINDUNILVR,2245.1630860930386,2262.882750990242,2222.3946773716366,2226.057373046875,1380764
2026-05-15,HINDUNILVR,2226.0574260984463,2275.7519058077983,2223.582599004531,2249.32080078125,1038522
2026-05-18,HINDUNILVR,2240.312727327763,2242.193499373944,2202.299235574,2231.502197265625,1118204
2026-05-19,HINDUNILVR,2219.424971337065,2259.022205437637,2207.0508356806363,2210.41650390625,1145022
2026-05-20,HINDUNILVR,2202.4969749325523,2204.4768365637315,2178.83772511289,2187.05419921875,1071994
2026-05-21,HINDUNILVR,2201.6062145049336,2206.5558687641624,2154.0895336163376,2157.059326171875,1581812
2026-05-22,HINDUNILVR,2158.0493989217307,2202.101324725408,2153.4956200308816,2181.411865234375,1382889
2026-05-25,HINDUNILVR,2192.696776899151,2215.56427562462,2170.8192089984664,2174.383056640625,780722
2026-05-26,HINDUNILVR,2177.451947396857,2197.6464396286196,2167.9485147687737,2187.153076171875,2302703
2026-05-27,HINDUNILVR,2182.8966461541704,2192.3009893676626,2164.9788008323703,2176.263916015625,616538
2026-05-28,HINDUNILVR,2176.263916015625,2176.263916015625,2176.263916015625,2176.263916015625,0
2026-05-29,HINDUNILVR,2112.017544397656,2185.569457533162,2096.77270543257,2131.816162109375,17701621
2026-06-01,HINDUNILVR,2136.7658114814612,2145.6751894306544,2059.3532647482753,2063.31298828125,1470488
2026-06-02,HINDUNILVR,2058.066228961863,2075.88498419097,2044.9001003727778,2072.6181640625,2148903
2026-06-03,HINDUNILVR,2070.9353670832684,2078.4589383211337,2051.334687643431,2069.549560546875,1544973
2026-06-04,HINDUNILVR,2067.9655912455964,2089.64498066566,2052.621662732285,2058.462158203125,2142735
2026-06-05,HINDUNILVR,2065.688783694319,2106.07801320051,2056.284440039605,2100.138427734375,1822999
2026-06-08,HINDUNILVR,2084.101554867211,2103.603145099428,2070.440460223743,2088.853271484375,1601497
2026-06-09,HINDUNILVR,2098.3565153522595,2117.0663546833757,2088.8533235633454,2111.32470703125,1460636
2026-06-10,HINDUNILVR,2113.403324412981,2182.6984855334144,2112.017517863509,2147.655029296875,2325534
2026-06-11,HINDUNILVR,2142.2104294070446,2143.2003602893956,2113.7994614200466,2118.254150390625,1178896
2026-06-12,HINDUNILVR,2129.539277901612,2157.455280606382,2123.40175473256,2146.962158203125,1156153
2026-06-15,HINDUNILVR,2177.848007096508,2188.7372471319904,2128.351461480678,2134.39013671875,1439449
2026-06-16,HINDUNILVR,2139.2405659215233,2186.7572467009,2138.3497248298445,2177.748779296875,1337309
2026-06-17,HINDUNILVR,2178.9369260000276,2202.2003013528906,2161.0190806510564,2175.47216796875,1511401
2026-06-18,HINDUNILVR,2186.460250293131,2199.2305034441215,2174.68016968817,2196.16162109375,1120482
2026-06-19,HINDUNILVR,2187.3514048487905,2188.34133574496,2157.950263886682,2172.50244140625,1508994
2026-06-22,HINDUNILVR,2181.5106513903265,2185.9653403900866,2160.524164883483,2162.89990234375,765860
2026-06-23,HINDUNILVR,2160.10009765625,2179.699951171875,2156.0,2160.10009765625,710082
2026-06-24,HINDUNILVR,2160.0,2166.0,2140.0,2157.800048828125,942271
2026-06-25,HINDUNILVR,2161.0,2200.89990234375,2161.0,2174.199951171875,1898262
2026-06-26,HINDUNILVR,2174.199951171875,2174.199951171875,2174.199951171875,2174.199951171875,0
2026-06-29,HINDUNILVR,2172.0,2189.89990234375,2143.0,2151.300048828125,1423514
2026-06-30,HINDUNILVR,2151.0,2151.300048828125,2114.199951171875,2118.199951171875,2364422
2026-07-01,HINDUNILVR,2133.5,2190.0,2120.199951171875,2182.0,2497576
2026-07-02,HINDUNILVR,2186.0,2216.0,2179.199951171875,2210.60009765625,2585362
2026-07-03,HINDUNILVR,2224.89990234375,2239.300048828125,2190.0,2201.199951171875,1536616
2026-07-06,HINDUNILVR,2202.10009765625,2221.39990234375,2190.300048828125,2202.0,2131061
2026-07-07,HINDUNILVR,2200.0,2219.39990234375,2193.699951171875,2208.800048828125,2552492
2026-07-08,HINDUNILVR,2199.0,2199.0,2130.0,2135.800048828125,1326689
2026-07-09,HINDUNILVR,2139.0,2166.800048828125,2137.10009765625,2144.5,2201039
2026-07-10,HINDUNILVR,2151.5,2178.0,2145.0,2150.60009765625,1665179
2026-07-13,HINDUNILVR,2143.0,2143.0,2120.0,2130.60009765625,1833988
2026-07-14,HINDUNILVR,2125.0,2145.0,2116.10009765625,2120.199951171875,2681897
2026-07-15,HINDUNILVR,2121.0,2128.5,2091.0,2102.60009765625,2029614
2026-07-16,HINDUNILVR,2104.89990234375,2123.0,2096.0,2098.39990234375,2143092
2026-07-17,HINDUNILVR,2100.0,2154.5,2092.10009765625,2143.800048828125,1059832
2026-07-20,HINDUNILVR,2153.800048828125,2153.800048828125,2128.39990234375,2139.699951171875,689849
2026-07-21,HINDUNILVR,2139.699951171875,2147.699951171875,2127.5,2142.5,1032417
2026-07-22,HINDUNILVR,2139.699951171875,2159.89990234375,2130.0,2154.60009765625,819175
2026-07-23,HINDUNILVR,2150.0,2166.0,2139.89990234375,2161.800048828125,833281
2026-07-24,HINDUNILVR,2148.0,2163.0,2139.0,2145.0,1603494
2026-07-27,HINDUNILVR,2155.0,2181.300048828125,2152.39990234375,2174.60009765625,698681
2026-07-28,HINDUNILVR,2174.60009765625,2213.0,2016.0,2022.699951171875,9947304
2026-07-29,HINDUNILVR,2050.5,2123.0,2047.0,2117.800048828125,5183374
2026-07-30,HINDUNILVR,2120.0,2132.60009765625,2088.0,2107.89990234375,2602039
2026-07-31,HINDUNILVR,2119.60009765625,2119.60009765625,2091.10009765625,2101.300048828125,1759019
2026-08-03,HINDUNILVR,2107.0,2138.0,2105.300048828125,2138.0,740649
2026-08-04,HINDUNILVR,2119.10009765625,2119.10009765625,2070.199951171875,2096.5,1657094
2026-08-05,HINDUNILVR,2085.300048828125,2097.800048828125,2074.199951171875,2085.300048828125,1150148
2026-08-06,HINDUNILVR,2081.0,2094.0,2075.199951171875,2079.5,1160270
2026-08-07,HINDUNILVR,2083.10009765625,2099.39990234375,2077.199951171875,2096.0,1054665
2026-08-10,HINDUNILVR,2096.0,2097.0,2076.0,2087.199951171875,1118008
2026-08-11,HINDUNILVR,2086.0,2086.5,2063.800048828125,2064.89990234375,956661
2026-08-12,HINDUNILVR,2065.0,2072.10009765625,2050.10009765625,2063.0,995523
2026-08-13,HINDUNILVR,2063.0,2092.0,2052.89990234375,2092.0,1186057
2026-08-14,HINDUNILVR,2089.0,2090.89990234375,2066.39990234375,2077.0,1148419
2026-08-17,HINDUNILVR,2070.89990234375,2076.0,2055.0,2055.0,1024288
2026-08-18,HINDUNILVR,2055.0,2060.0,2034.9000244140625,2035.0,1234596
2026-08-19,HINDUNILVR,2035.0,2041.699951171875,2008.300048828125,2020.699951171875,1449442
2026-08-20,HINDUNILVR,2022.9000244140625,2043.5999755859375,2018.199951171875,2028.0,1401471
2026-08-21,HINDUNILVR,2028.0,2034.699951171875,2012.0,2015.0,857550
2026-08-24,HINDUNILVR,2019.9000244140625,2030.0,2006.199951171875,2030.0,891171
2026-08-25,HINDUNILVR,2024.0,2029.199951171875,2012.0,2024.199951171875,1019583
2026-08-26,HINDUNILVR,2030.300048828125,2051.89990234375,2021.0,2021.0,765343
2026-08-27,HINDUNILVR,2020.0,2028.0,2004.300048828125,2009.0,989046
2026-08-28,HINDUNILVR,2018.0,2018.0,1997.5,2010.4000244140625,933212
2026-03-02,SBIN,1164.0185219818375,1176.1007875153553,1158.5176989399156,1168.831787109375,16270835
2026-03-04,SBIN,1151.3468160340765,1161.7591088376892,1137.1035525068773,1153.704345703125,13855065
2026-03-05,SBIN,1160.0893510848653,1162.250350176651,1130.227585974388,1148.79296875,22100665
2026-03-06,SBIN,1147.8105829193835,1148.5964661130286,1117.8506147730068,1122.7620849609375,20333328
2026-03-09,SBIN,1095.2579011773867,1095.2579011773867,1045.4556391950514,1079.050048828125,24631198
2026-03-10,SBIN,1091.426946764578,1100.0711827783487,1084.9438297087236,1092.5074462890625,17491459
2026-03-11,SBIN,1093.68621097212,1096.1419460785291,1068.735918309216,1071.781005859375,8364878
2026-03-12,SBIN,1056.0643275370824,1078.5588856550278,1051.545798810298,1065.9854736328125,14614140
2026-03-13,SBIN,1058.4218838608822,1062.1546493731119,1023.8451797948526,1028.4619140625,15978675
2026-03-16,SBIN,1030.1318158454478,1054.0016113922836,1017.754933672958,1047.8131103515625,15322269
2026-03-17,SBIN,1054.8856886705516,1054.8856886705516,1028.4619526297915,1045.8485107421875,16427877
2026-03-18,SBIN,1048.5989519731277,1056.3590993465684,1042.5087765154108,1050.8582763671875,10749915
2026-03-19,SBIN,1030.917599515117,1040.936950803617,1022.5681001383867,1030.3282470703125,13431191
2026-03-20,SBIN,1039.6600314398456,1065.7890288095168,1035.3379137006734,1039.26708984375,17748625
2026-03-23,SBIN,1020.6035363599531,1027.086653225109,996.2426554714183,1013.6292724609375,16039603
2026-03-24,SBIN,1036.5166462758839,1040.2494116751225,1001.9399432564919,1012.5487670898438,30416734
2026-03-25,SBIN,1024.5326936323975,1046.6343097462316,1024.5326936323975,1041.821044921875,16205333
2026-03-27,SBIN,1032.6857904923231,1036.6149667218629,995.0638801309044,1001.4487915039062,20445349
2026-03-30,SBIN,987.2055421466002,991.5276600442548,958.522543259506,962.058837890625,21438137
2026-04-01,SBIN,990.1524604010582,1012.745224874495,980.7715636649391,999.7789306640625,17424479
2026-04-02,SBIN,982.2941115339542,1007.833758433837,960.5854356508436,1000.3683471679688,20777629
2026-04-06,SBIN,1001.939983603395,1017.3619530344956,987.2546747939996,1014.4642333984375,23576634
2026-04-07,SBIN,1006.8514108515341,1015.3973212044529,994.0815880797585,1012.1558227539062,15021291
2026-04-08,SBIN,1054.9838445577764,1058.7166100346876,1040.6914176944629,1042.656005859375,28533742
2026-04-09,SBIN,1041.329937682068,1045.504687551959,1019.9159985301128,1022.5189819335938,24772948
2026-04-10,SBIN,1030.4265520507975,1050.5144192344412,1027.6270377357864,1047.8131103515625,17861336
2026-04-13,SBIN,1023.5503875880017,1048.353312047308,1011.7628591320939,1044.7188720703125,17763348
2026-04-15,SBIN,1056.9483994035816,1068.7359280214653,1049.2864578383803,1052.528076171875,16195810
2026-04-16,SBIN,1058.9129934902317,1064.9541259228224,1043.1962885775752,1048.255126953125,20313165
2026-04-17,SBIN,1048.1077725199245,1062.9895516597985,1041.2317140310404,1061.1231689453125,16823879
2026-04-20,SBIN,1061.1723665018162,1101.102525826513,1056.8010858019393,1088.2344970703125,31179584
2026-04-21,SBIN,1093.6863001427537,1095.012373226544,1086.3681369836245,1092.1636962890625,16963734
2026-04-22,SBIN,1090.3464592751195,1098.057444036852,1080.6217236295247,1083.76513671875,12412659
2026-04-23,SBIN,1075.6119646643676,1082.3898174645885,1063.038553095583,1074.875244140625,13669001
2026-04-24,SBIN,1072.0266364810311,1086.4172689530212,1070.749726103037,1081.60400390625,13774745
2026-04-27,SBIN,1091.2796075968854,1095.0615358962568,1083.8633589162316,1092.1636962890625,11624385
2026-04-28,SBIN,1082.7827735553876,1090.8375367592364,1069.8655828843748,1071.9775390625,10727835
2026-04-29,SBIN,1074.6297819435,1085.4350174109393,1065.0524141428152,1067.655517578125,10611104
2026-04-30,SBIN,1055.9661789414106,1058.6183251016832,1044.1786495020647,1049.5321044921875,14269539
2026-05-01,SBIN,1049.5321044921875,1049.5321044921875,1049.5321044921875,1049.5321044921875,0
2026-05-04,SBIN,1044.7679726198023,1069.816471974203,1044.7679726198023,1049.4830322265625,11693211
2026-05-05,SBIN,1041.8211028311687,1049.581250235382,1030.8194568287804,1041.133544921875,12194631
2026-05-06,SBIN,1053.019301365762,1081.6040364042549,1042.4104768585712,1076.5943603515625,14384779
2026-05-07,SBIN,1086.4172785832332,1088.381866790436,1066.8696019397742,1072.6651611328125,16105163
2026-05-08,SBIN,1070.7005210892246,1075.6119913694504,993.0010852378409,1001.2523193359375,48065909
2026-05-11,SBIN,989.1701581334676,989.1701581334676,953.9057759818752,956.3615112304688,46927396
2026-05-12,SBIN,959.6031354409057,964.0234589147167,945.3598709141811,957.3438110351562,25787092
2026-05-13,SBIN,960.6836091187947,963.8269621620207,944.1810805849492,952.9234619140625,17584580
2026-05-14,SBIN,956.2632817330172,969.5242517416415,946.5385464115705,962.5499877929688,16487142
2026-05-15,SBIN,971.2000122070312,972.5,957.0,963.2000122070312,26972493
2026-05-18,SBIN,952.0,954.9000244140625,933.9000244140625,939.4000244140625,16554877
2026-05-19,SBIN,942.0,956.5999755859375,939.5,948.7999877929688,17280869
2026-05-20,SBIN,941.0999755859375,955.0,935.0,950.9000244140625,11928460
2026-05-21,SBIN,957.0,960.9000244140625,946.5,950.9000244140625,11756520
2026-05-22,SBIN,950.9000244140625,958.5999755859375,947.7000122070312,949.2000122070312,7807192
2026-05-25,SBIN,959.9000244140625,972.5,957.5,969.5999755859375,10934747
2026-05-26,SBIN,969.9000244140625,978.7999877929688,962.0999755859375,968.5,16269800
2026-05-27,SBIN,969.7999877929688,975.9000244140625,966.5999755859375,967.7999877929688,8111259
2026-05-28,SBIN,967.7999877929688,967.7999877929688,967.7999877929688,967.7999877929688,0
2026-05-29,SBIN,967.7999877929688,973.7000122070312,960.2999877929688,964.4000244140625,22292535
2026-06-01,SBIN,966.25,970.25,950.0999755859375,954.0999755859375,11118975
2026-06-02,SBIN,950.9500122070312,961.2999877929688,939.9000244140625,956.6500244140625,15911760
2026-06-03,SBIN,953.75,974.0,937.2000122070312,970.4500122070312,27947005
2026-06-04,SBIN,969.9000244140625,985.7999877929688,961.0999755859375,979.25,18875883
2026-06-05,SBIN,980.0,992.5999755859375,970.5999755859375,977.7000122070312,20955539
2026-06-08,SBIN,966.0,988.6500244140625,965.1500244140625,981.9500122070312,12895416
2026-06-09,SBIN,985.0,1009.0,983.0,1002.7000122070312,22142480
2026-06-10,SBIN,1002.7000122070312,1012.4000244140625,999.5,1003.25,19122317
2026-06-11,SBIN,998.0999755859375,1009.4000244140625,993.0,1000.7000122070312,13773978
2026-06-12,SBIN,1018.0,1018.7000122070312,1004.3499755859375,1017.1500244140625,11081119
2026-06-15,SBIN,1034.0,1034.0,1018.5,1020.8499755859375,12463437
2026-06-16,SBIN,1023.7999877929688,1026.550048828125,1007.4000244140625,1015.2999877929688,9693677
2026-06-17,SBIN,1017.0,1028.0999755859375,1013.4500122070312,1026.5,8190062
2026-06-18,SBIN,1027.9000244140625,1045.699951171875,1024.449951171875,1042.699951171875,11048009
2026-06-19,SBIN,1042.0,1042.0,1029.300048828125,1035.0999755859375,9099878
2026-06-22,SBIN,1038.0,1043.0,1033.5999755859375,1040.75,6209440
2026-06-23,SBIN,1041.0,1045.5,1022.3499755859375,1024.199951171875,10411004
2026-06-24,SBIN,1024.0,1044.5,1020.5,1034.5999755859375,11724076
2026-06-25,SBIN,1040.0,1055.4000244140625,1038.550048828125,1045.4000244140625,16002360
2026-06-26,SBIN,1045.4000244140625,1045.4000244140625,1045.4000244140625,1045.4000244140625,0
2026-06-29,SBIN,1044.449951171875,1046.4000244140625,1030.8499755859375,1036.0999755859375,16818246
2026-06-30,SBIN,1040.0,1044.0,1025.050048828125,1026.9000244140625,11161643
2026-07-01,SBIN,1031.0,1049.9000244140625,1025.5,1047.4000244140625,6295315
2026-07-02,SBIN,1050.9000244140625,1059.800048828125,1045.0,1051.5999755859375,14682790
2026-07-03,SBIN,1055.0,1057.0,1034.5,1040.0,10441493
2026-07-06,SBIN,1041.9000244140625,1048.4000244140625,1036.5,1037.699951171875,8761017
2026-07-07,SBIN,1039.300048828125,1049.5999755859375,1035.5,1038.0999755859375,11053574
2026-07-08,SBIN,1029.5999755859375,1038.300048828125,1011.7000122070312,1016.9000244140625,14141694
2026-07-09,SBIN,1019.7999877929688,1031.699951171875,1019.2999877929688,1022.0999755859375,7661699
2026-07-10,SBIN,1029.5,1047.800048828125,1023.5,1036.0,8792150
2026-07-13,SBIN,1023.5,1042.9000244140625,1022.0999755859375,1037.0,8381510
2026-07-14,SBIN,1033.300048828125,1033.699951171875,1011.4000244140625,1015.4000244140625,11562326
2026-07-15,SBIN,1015.5,1036.0,1013.7000122070312,1030.0999755859375,14275394
2026-07-16,SBIN,1030.0999755859375,1036.0,1027.300048828125,1031.199951171875,7708316
2026-07-17,SBIN,1030.5999755859375,1048.0,1028.300048828125,1044.300048828125,8452780
2026-07-20,SBIN,1041.5999755859375,1065.0,1038.300048828125,1060.0,16540411
2026-07-21,SBIN,1056.199951171875,1067.0,1042.800048828125,1044.4000244140625,10514887
2026-07-22,SBIN,1044.4000244140625,1044.4000244140625,1019.2000122070312,1025.0,11227214
2026-07-23,SBIN,1022.0,1023.0999755859375,1006.5,1012.5999755859375,8910230
2026-07-24,SBIN,1006.0,1017.7999877929688,1000.7999877929688,1015.0,13797053
2026-07-27,SBIN,1020.2999877929688,1023.7000122070312,1015.9000244140625,1020.5999755859375,6093002
2026-07-28,SBIN,1018.0,1022.0,1008.2999877929688,1013.2000122070312,9873370
2026-07-29,SBIN,1020.0,1020.2000122070312,1012.0,1013.7000122070312,4792964
2026-07-30,SBIN,1013.5,1028.300048828125,1007.5999755859375,1025.300048828125,6847458
2026-07-31,SBIN,1028.0999755859375,1034.300048828125,1023.5,1027.4000244140625,10921417
2026-08-03,SBIN,1035.0,1051.5,1031.5999755859375,1045.0,10507450
2026-08-04,SBIN,1047.5999755859375,1047.5999755859375,1030.9000244140625,1042.699951171875,8544184
2026-08-05,SBIN,1043.0,1055.0,1040.300048828125,1055.0,8707119
2026-08-06,SBIN,1052.5,1088.0999755859375,1052.5,1085.0,13822265
2026-08-07,SBIN,1080.0999755859375,1124.5,1075.699951171875,1097.199951171875,29410622
2026-08-10,SBIN,1108.0,1113.300048828125,1068.5999755859375,1071.0,16623448
2026-08-11,SBIN,1071.0,1071.0,1060.4000244140625,1066.0,9456913
2026-08-12,SBIN,1066.0,1085.5,1066.0,1082.0,17673922
2026-08-13,SBIN,1083.0,1086.800048828125,1073.0,1083.0,9502483
2026-08-14,SBIN,1082.0,1082.0,1065.0999755859375,1067.699951171875,6273501
2026-08-17,SBIN,1064.199951171875,1068.800048828125,1052.4000244140625,1061.199951171875,7039473
2026-08-18,SBIN,1059.5999755859375,1067.699951171875,1053.0,1053.0,5583771
2026-08-19,SBIN,1053.199951171875,1054.800048828125,1041.4000244140625,1048.5999755859375,7182636
2026-08-20,SBIN,1052.9000244140625,1052.9000244140625,1045.699951171875,1048.0,5879949
2026-08-21,SBIN,1052.699951171875,1054.699951171875,1040.0999755859375,1048.699951171875,6534213
2026-08-24,SBIN,1047.9000244140625,1047.9000244140625,1032.0999755859375,1039.5,8868193
2026-08-25,SBIN,1036.0,1048.0,1031.300048828125,1048.0,9982723
2026-08-26,SBIN,1051.4000244140625,1062.300048828125,1051.199951171875,1052.0,5858099
2026-08-27,SBIN,1052.0,1054.4000244140625,1042.9000244140625,1042.9000244140625,4788716
2026-08-28,SBIN,1046.0,1051.199951171875,1040.5,1047.5,4969272
2026-03-02,BHARTIARTL,1827.1054642116926,1872.3362736702609,1824.932855779622,1849.9183349609375,11785758
2026-03-04,BHARTIARTL,1837.9686774946206,1896.1366434270433,1792.7379903114106,1882.2119140625,20565585
2026-03-05,BHARTIARTL,1895.1490717919385,1905.1235164802192,1873.6199721037467,1883.2982177734375,11398717
2026-03-06,BHARTIARTL,1876.385248101966,1878.4591234760856,1843.894132063681,1847.5482177734375,10896859
2026-03-09,BHARTIARTL,1808.2427814898845,1849.1282513425515,1795.5030895031166,1843.4990234375,8073518
2026-03-10,BHARTIARTL,1857.4239213451783,1857.6213873596932,1823.5501816904166,1827.4017333984375,11741600
2026-03-11,BHARTIARTL,1818.1185581057389,1824.7352368477207,1777.134353781248,1784.5411376953125,9548404
2026-03-12,BHARTIARTL,1775.554221233877,1795.206911523239,1768.7399560864042,1778.9119873046875,12922735
2026-03-13,BHARTIARTL,1758.9629549302274,1793.4292122498375,1754.5188847456875,1780.98583984375,8970772
2026-03-16,BHARTIARTL,1775.6529894874043,1782.467254770144,1748.8898345017506,1766.5673828125,14261268
2026-03-17,BHARTIARTL,1774.6654662083718,1811.6993866217351,1768.8387719527107,1804.2926025390625,7181491
2026-03-18,BHARTIARTL,1804.09508784673,1845.770543606319,1804.09508784673,1832.339599609375,6428092
2026-03-19,BHARTIARTL,1803.897549944028,1838.1663432984026,1793.7256388023666,1804.2926025390625,7145082
2026-03-20,BHARTIARTL,1811.2055640682022,1837.771253213415,1811.2055640682022,1823.1551513671875,7691633
2026-03-23,BHARTIARTL,1804.2925410683094,1807.2552546004413,1769.727549860104,1773.5791015625,6874051
2026-03-24,BHARTIARTL,1793.7256096678125,1804.0951072151279,1758.8642982636834,1779.7020263671875,7535860
2026-03-25,BHARTIARTL,1791.4540988288527,1826.2165557226956,1787.6025471628632,1812.0943603515625,12473682
2026-03-27,BHARTIARTL,1817.032259179686,1833.8209694335987,1795.7994785644432,1820.9825439453125,24490425
2026-03-30,BHARTIARTL,1795.404459196129,1801.8236720590414,1752.4451115750994,1760.2469482421875,14240129
2026-04-01,BHARTIARTL,1788.4913480380824,1794.713094488286,1754.4201434509405,1759.7530517578125,10694662
2026-04-02,BHARTIARTL,1743.0630952863276,1777.035567259756,1725.1880814226272,1767.4560546875,10857093
2026-04-06,BHARTIARTL,1789.577752073109,1791.7504810506462,1741.4830827290216,1770.5177001953125,8183498
2026-04-07,BHARTIARTL,1765.8760583054745,1817.1310282677834,1749.9761859187568,1807.5516357421875,10057628
2026-04-08,BHARTIARTL,1840.8327194080457,1848.2395034185392,1817.3284765934955,1838.4625244140625,11587604
2026-04-09,BHARTIARTL,1846.6594146125253,1846.6594146125253,1823.155171785176,1836.2899169921875,10113053
2026-04-10,BHARTIARTL,1844.7829143340575,1851.3008598351064,1836.783612103083,1846.758056640625,5857988
2026-04-13,BHARTIARTL,1815.1558562332882,1870.1635235681833,1815.1558562332882,1847.64697265625,10371983
2026-04-15,BHARTIARTL,1857.127555027025,1867.398319138862,1830.561866874802,1832.6357421875,11049107
2026-04-16,BHARTIARTL,1840.338915135399,1841.7215389139549,1800.5397479015621,1817.7235107421875,15871247
2026-04-17,BHARTIARTL,1814.266944888646,1828.389260627552,1806.958894230423,1823.9451904296875,7344787
2026-04-20,BHARTIARTL,1841.8202709853854,1841.8202709853854,1816.3408860395123,1823.1551513671875,9243641
2026-04-21,BHARTIARTL,1807.2553000231637,1845.6718438993087,1807.2553000231637,1831.944580078125,10485373
2026-04-22,BHARTIARTL,1827.2041611288694,1834.808531597159,1802.6137350263361,1806.2677001953125,5687058
2026-04-23,BHARTIARTL,1799.1572552561386,1823.056430006809,1789.577742311552,1818.3160400390625,7489947
2026-04-24,BHARTIARTL,1822.0687964600484,1827.6979038701402,1784.8374118213812,1791.9478759765625,6306448
2026-04-27,BHARTIARTL,1793.5279867844245,1805.675160458021,1791.4541114275748,1797.478271484375,4413769
2026-04-28,BHARTIARTL,1803.304973845387,1828.981824513503,1790.071495928887,1820.8837890625,10558455
2026-04-29,BHARTIARTL,1825.03159727464,1876.7803528231393,1822.4639362375847,1864.6331787109375,7713013
2026-04-30,BHARTIARTL,1836.8824091819024,1882.310683817584,1836.8824091819024,1863.349365234375,12709188
2026-05-01,BHARTIARTL,1863.349365234375,1863.349365234375,1863.349365234375,1863.349365234375,0
2026-05-04,BHARTIARTL,1849.9182415409805,1871.7436605351234,1799.0583269975498,1804.3912353515625,10707858
2026-05-05,BHARTIARTL,1805.280177426069,1823.0564592606802,1778.6157546741522,1783.65234375,11407461
2026-05-06,BHARTIARTL,1794.416789611275,1818.6122829219387,1791.2566101348034,1810.9091796875,5507749
2026-05-07,BHARTIARTL,1812.1930828114023,1820.9824902664523,1798.5645525504826,1803.8974609375,7914845
2026-05-08,BHARTIARTL,1797.379558622496,1817.9210875137167,1792.6391687081764,1811.6993408203125,4839183
2026-05-11,BHARTIARTL,1791.4541675863443,1797.1821288020824,1734.1750376414666,1737.9278564453125,15803791
2026-05-12,BHARTIARTL,1729.7309124435978,1754.4201918104775,1729.7309124435978,1734.965087890625,11945399
2026-05-13,BHARTIARTL,1718.8676127570984,1775.652954747063,1718.8676127570984,1766.9622802734375,9825413
2026-05-14,BHARTIARTL,1797.3795616123573,1865.7194395798856,1774.9617438728374,1860.09033203125,21279151
2026-05-15,BHARTIARTL,1859.7939872467946,1899.0006351989316,1857.0288602905885,1881.7181396484375,15807294
2026-05-18,BHARTIARTL,1881.1256701194588,1929.5166589230141,1866.904620727789,1914.01171875,13888648
2026-05-19,BHARTIARTL,1904.432241563304,1917.8631851758478,1884.0882998579534,1889.7174072265625,8962228
2026-05-20,BHARTIARTL,1890.2112388633832,1890.2112388633832,1874.1137804052098,1881.224365234375,5778742
2026-05-21,BHARTIARTL,1887.248573752857,1891.4951781578525,1857.423971567338,1861.8680419921875,6419014
2026-05-22,BHARTIARTL,1867.7934378406026,1873.0274928100464,1846.0668716841888,1848.1407470703125,5099120
2026-05-25,BHARTIARTL,1868.9784971860931,1868.9784971860931,1839.9438797770422,1851.49853515625,5903841
2026-05-26,BHARTIARTL,1850.7083446217582,1850.7083446217582,1821.8713151146414,1823.9451904296875,5803034
2026-05-27,BHARTIARTL,1817.5260535063592,1846.1656181947292,1817.5260535063592,1829.1793212890625,8653155
2026-05-28,BHARTIARTL,1829.1793212890625,1829.1793212890625,1829.1793212890625,1829.1793212890625,0
2026-05-29,BHARTIARTL,1836.8824069782838,1836.8824069782838,1795.8982027365641,1806.2677001953125,52886264
2026-06-01,BHARTIARTL,1807.255218040733,1819.1060719295247,1781.4796349432352,1788.0963134765625,6391656
2026-06-02,BHARTIARTL,1762.8145806943191,1802.3174284409706,1755.3090637330802,1791.651611328125,10791294
2026-06-03,BHARTIARTL,1807.1565500072857,1812.686924576928,1782.4672701846632,1801.4285888671875,5832363
2026-06-04,BHARTIARTL,1792.4416612434447,1807.057762680342,1776.0480040446246,1796.293212890625,6735759
2026-06-05,BHARTIARTL,1802.2186869457869,1805.0826675045578,1768.443679949568,1775.8504638671875,3926715
2026-06-08,BHARTIARTL,1753.0375270605523,1797.478228881691,1748.9885094496947,1790.7628173828125,6324919
2026-06-09,BHARTIARTL,1814.1682067158622,1814.1682067158622,1766.9622574162158,1776.6405029296875,10377475
2026-06-10,BHARTIARTL,1776.6405954077302,1785.232416658435,1748.9886017048862,1753.1363525390625,7999362
2026-06-11,BHARTIARTL,1750.9636768570203,1773.6778136690402,1746.61833961714,1760.4443359375,5020731
2026-06-12,BHARTIARTL,1761.8270195687587,1802.3174387404622,1761.8270195687587,1799.8485107421875,5910557
2026-06-15,BHARTIARTL,1818.118574020875,1833.9197131758635,1793.4292940912053,1818.3160400390625,5307277
2026-06-16,BHARTIARTL,1817.3284012762938,1836.0922533252306,1814.365687794883,1829.9693603515625,5957732
2026-06-17,BHARTIARTL,1829.9693895521034,1854.6586689578253,1818.6123210254714,1852.38720703125,7653632
2026-06-18,BHARTIARTL,1855.448819958757,1855.448819958757,1838.6601095481026,1851.49853515625,4262944
2026-06-19,BHARTIARTL,1851.0046779619659,1893.6677039576514,1843.9928262662233,1887.051025390625,15918432
2026-06-22,BHARTIARTL,1891.9889460389197,1900.5807672252354,1877.372844112846,1892.7789306640625,3798060
2026-06-23,BHARTIARTL,1883.890759112051,1903.74091572211,1873.1262091379713,1877.96533203125,5155908
2026-06-24,BHARTIARTL,1867.694550058648,1870.5585305646887,1849.6220699642718,1853.9674072265625,8957457
2026-06-25,BHARTIARTL,1861.5716145852227,1865.521899178507,1825.031482097343,1827.6978759765625,8521503
2026-06-26,BHARTIARTL,1827.6978759765625,1827.6978759765625,1827.6978759765625,1827.6978759765625,0
2026-06-29,BHARTIARTL,1814.2670004150261,1826.809226800286,1810.316715673802,1818.21728515625,10940130
2026-06-30,BHARTIARTL,1829.9693826959665,1853.276038257023,1820.2911369839348,1828.9818115234375,7233634
2026-07-01,BHARTIARTL,1822.661394780927,1863.546866844581,1822.661394780927,1847.7457275390625,4307333
2026-07-02,BHARTIARTL,1837.6724606170815,1860.3865972707272,1827.2041098907312,1851.6959228515625,5282404
2026-07-03,BHARTIARTL,1866.5095296823379,1889.2236668160383,1861.5716737837074,1886.656005859375,5087043
2026-07-06,BHARTIARTL,1892.9764601311326,1908.6787452356762,1891.7913023994834,1901.7657470703125,2740217
2026-07-07,BHARTIARTL,1899.5931620913436,1932.1830109860744,1893.1739494302603,1901.8646240234375,5767438
2026-07-08,BHARTIARTL,1887.2485835453665,1900.284475304649,1851.7947529725336,1864.6331787109375,6188780
2026-07-09,BHARTIARTL,1878.360336320119,1941.564890223635,1875.2001568461908,1907.0986328125,11145066
2026-07-10,BHARTIARTL,1906.0123975990975,1906.0123975990975,1882.310689027917,1896.53173828125,6420887
2026-07-13,BHARTIARTL,1890.2112843339596,1893.1739979457682,1873.1262542846123,1878.1629638671875,7862506
2026-07-14,BHARTIARTL,1861.5717235105217,1916.9744440624643,1861.5717235105217,1912.431640625,6964062
2026-07-15,BHARTIARTL,1929.417809863854,1929.417809863854,1892.7789423662703,1894.4578857421875,5763065
2026-07-16,BHARTIARTL,1904.037199621479,1911.9377689145142,1893.1739168435556,1897.914306640625,4644787
2026-07-17,BHARTIARTL,1894.1615344227657,1901.2719987394955,1879.0516470583107,1885.075927734375,4715613
2026-07-20,BHARTIARTL,1877.570273509941,1918.3570113416981,1877.570273509941,1915.98681640625,6437294
2026-07-21,BHARTIARTL,1922.208573455593,1927.7389479661829,1914.6042030195495,1924.1837158203125,5061312
2026-07-22,BHARTIARTL,1918.2582993880105,1931.6892434321287,1915.3943188326245,1924.7762451171875,6589708
2026-07-23,BHARTIARTL,1923.7887105126877,1924.6775487092787,1901.864677946781,1907.0,5612121
2026-07-24,BHARTIARTL,1900.199951171875,1905.0,1878.0,1898.199951171875,4483600
2026-07-27,BHARTIARTL,1892.0,1917.0,1890.0,1905.300048828125,5230299
2026-07-28,BHARTIARTL,1901.0,1908.4000244140625,1892.4000244140625,1901.800048828125,6309089
2026-07-29,BHARTIARTL,1915.199951171875,1957.0,1913.0999755859375,1950.199951171875,6315728
2026-07-30,BHARTIARTL,1954.0,1963.199951171875,1943.9000244140625,1956.800048828125,5356472
2026-07-31,BHARTIARTL,1969.0,1976.4000244140625,1947.4000244140625,1972.0,6529385
2026-08-03,BHARTIARTL,1987.4000244140625,1987.4000244140625,1943.0,1970.5,4361200
2026-08-04,BHARTIARTL,1980.0,1980.0,1936.0,1970.0999755859375,4977391
2026-08-05,BHARTIARTL,2020.0,2031.0,1951.800048828125,1978.0,14286999
2026-08-06,BHARTIARTL,1969.0,1970.0,1944.300048828125,1948.0,5391645
2026-08-07,BHARTIARTL,1938.300048828125,1961.0,1938.300048828125,1959.9000244140625,3019876
2026-08-10,BHARTIARTL,1955.0,1959.0,1935.0,1943.0,3671000
2026-08-11,BHARTIARTL,1934.800048828125,1938.300048828125,1914.4000244140625,1915.199951171875,6798617
2026-08-12,BHARTIARTL,1908.5999755859375,1945.0,1901.300048828125,1945.0,10871157
2026-08-13,BHARTIARTL,1965.0,1970.0,1930.5,1939.0999755859375,13019222
2026-08-14,BHARTIARTL,1939.0999755859375,2005.800048828125,1932.0,1992.0999755859375,12282580
2026-08-17,BHARTIARTL,1984.199951171875,1993.199951171875,1969.300048828125,1969.300048828125,5537411
2026-08-18,BHARTIARTL,1956.699951171875,1959.699951171875,1923.199951171875,1934.199951171875,6710275
2026-08-19,BHARTIARTL,1924.800048828125,1941.800048828125,1922.0,1922.0,6252338
2026-08-20,BHARTIARTL,1944.0,1952.199951171875,1933.0,1941.699951171875,4390604
2026-08-21,BHARTIARTL,1950.0,1954.9000244140625,1940.5,1946.0,3016258
2026-08-24,BHARTIARTL,1950.0,1952.5,1932.5,1935.0,2277098
2026-08-25,BHARTIARTL,1926.0,1947.0,1923.4000244140625,1947.0,3820206
2026-08-26,BHARTIARTL,1933.5,1942.9000244140625,1902.0999755859375,1902.0999755859375,4552921
2026-08-27,BHARTIARTL,1915.0,1915.0,1878.300048828125,1878.300048828125,8757645
2026-08-28,BHARTIARTL,1875.699951171875,1894.300048828125,1867.5999755859375,1882.4000244140625,6106300
2026-03-02,KOTAKBANK,409.29336774212993,413.8854457658916,406.39837196573063,412.3880310058594,15236666
2026-03-04,KOTAKBANK,404.3019963799578,409.7925173184511,401.50683426999046,402.65484619140625,18393751
2026-03-05,KOTAKBANK,402.9044175427905,409.3432829452956,401.65657186808227,406.5980224609375,14963265
2026-03-06,KOTAKBANK,403.00423410756787,405.99906359918225,398.3123223847129,399.1109313964844,17512726
2026-03-09,KOTAKBANK,389.32784630420565,393.1712170337948,384.4362974051748,385.68414306640625,20275976
2026-03-10,KOTAKBANK,389.8269727333991,393.57050960343815,386.83214323736786,391.1746520996094,21346381
2026-03-11,KOTAKBANK,388.17983764186386,390.4259598509032,379.29518255243795,382.5395812988281,29991868
2026-03-12,KOTAKBANK,376.3502500034559,379.49481496486504,373.4053220680992,374.6531677246094,25048123
2026-03-13,KOTAKBANK,372.35713734889805,372.956109346477,362.77367678257895,366.2177429199219,32179473
2026-03-16,KOTAKBANK,366.2177558208054,372.70655334903427,363.42256322196357,369.21258544921875,27927294
2026-03-17,KOTAKBANK,369.2125752937637,374.50342863910555,367.964729649581,373.5550842285156,15176772
2026-03-18,KOTAKBANK,374.35368621702094,376.30033757134186,370.4604139733601,374.75299072265625,15235416
2026-03-19,KOTAKBANK,365.51894984522363,369.5120560141513,362.7237877129672,367.5155029296875,17308390
2026-03-20,KOTAKBANK,367.96473760820606,371.95784375595656,364.7702405040128,366.117919921875,17077194
2026-03-23,KOTAKBANK,364.22119934703227,364.27110098771533,354.6377385322632,355.93548583984375,16980244
2026-03-24,KOTAKBANK,362.3743722725201,370.3106826942331,360.77712376730335,366.2177429199219,19990983
2026-03-25,KOTAKBANK,368.3141302991329,377.34852052247476,362.374372882694,370.4604187011719,42442702
2026-03-27,KOTAKBANK,366.91653248814987,368.2143102776179,361.875248114207,365.5189514160156,28928069
2026-03-30,KOTAKBANK,360.37783188924624,362.3244833333667,351.043940122664,352.7909240722656,39762775
2026-04-01,KOTAKBANK,363.1729833091824,363.42255243747763,354.388162179184,355.43634033203125,21245776
2026-04-02,KOTAKBANK,349.69625418438636,359.22981326793473,344.9045390549985,357.38299560546875,22056018
2026-04-06,KOTAKBANK,357.38299591468177,360.77713000635,349.4966174609575,359.9285888671875,18320378
2026-04-07,KOTAKBANK,356.3847356284031,363.3726716211169,356.3847356284031,362.3244934082031,23655155
2026-04-08,KOTAKBANK,376.35024707477993,380.4930885291585,368.8132715541026,379.49481201171875,30162218
2026-04-09,KOTAKBANK,376.3502495688028,378.0473318456893,368.8132739981789,371.259033203125,12422256
2026-04-10,KOTAKBANK,372.8562713278809,378.4965274383721,371.7082594502558,373.9044494628906,23751660
2026-04-13,KOTAKBANK,367.3158592120961,372.35714347258204,364.9699032875701,371.259033203125,30027087
2026-04-15,KOTAKBANK,374.8528343640066,382.3399082860573,374.8528343640066,381.7409362792969,19100372
2026-04-16,KOTAKBANK,382.489657752434,385.7839886784025,377.59810870294694,378.4965515136719,12060624
2026-04-17,KOTAKBANK,378.6462660418718,384.5361217915114,376.0008393974469,382.9388732910156,11626179
2026-04-20,KOTAKBANK,383.43802725185,385.3347465954633,377.34853423079045,378.5464782714844,11146713
2026-04-21,KOTAKBANK,380.79258824495815,382.4896400388497,377.6979249602387,381.4913635253906,12323488
2026-04-22,KOTAKBANK,377.4483767167286,382.1402583106071,375.6015589716455,376.2005310058594,14471487
2026-04-23,KOTAKBANK,369.4122243125531,375.30208031632253,367.0163666909259,369.7616271972656,27628052
2026-04-24,KOTAKBANK,369.96127682238074,372.1574668423793,367.0163489627464,370.2108459472656,19678907
2026-04-27,KOTAKBANK,374.35368821303865,379.7943073343939,372.60670433471114,376.15057373046875,11559552
2026-04-28,KOTAKBANK,371.35885715448444,382.5894677539144,371.35885715448444,377.2986145019531,12852733
2026-04-29,KOTAKBANK,377.3485380642077,385.3846521518042,376.89930142813813,381.3416442871094,7913344
2026-04-30,KOTAKBANK,375.95093944683924,386.18327366584316,374.65316170592797,382.6393737792969,24812228
2026-05-01,KOTAKBANK,382.6393737792969,382.6393737792969,382.6393737792969,382.6393737792969,0
2026-05-04,KOTAKBANK,378.24696517794484,381.39153010501576,362.37437469345906,371.00946044921875,74467483
2026-05-05,KOTAKBANK,370.3605885804022,374.8528329162831,368.11446641246175,370.7099914550781,19084772
2026-05-06,KOTAKBANK,373.35543310528345,379.3450924599137,365.01981774375986,375.9509582519531,36195481
2026-05-07,KOTAKBANK,375.4518237751584,381.79088608267705,373.65490767157956,378.7461242675781,27286751
2026-05-08,KOTAKBANK,378.3467912544696,380.8424824896574,373.35540878409404,380.1436767578125,16183126
2026-05-11,KOTAKBANK,375.4517990978753,385.3347303905433,373.7547168557587,380.39324951171875,21347878
2026-05-12,KOTAKBANK,379.54476351967634,380.3932742308924,373.90447653581367,375.35198974609375,13065308
2026-05-13,KOTAKBANK,377.2486841158025,383.33817687266134,376.2005059744088,376.9991149902344,16267456
2026-05-14,KOTAKBANK,377.348531118611,384.3364668800667,374.95267352196544,382.5395812988281,10652514
2026-05-15,KOTAKBANK,382.5395941444389,392.6221631382673,379.84423521708914,386.3829345703125,19461437
2026-05-18,KOTAKBANK,381.3416277070331,392.322669342576,379.644545450093,391.1247253417969,14575831
2026-05-19,KOTAKBANK,387.8304473935137,391.12474788808305,379.594665692107,381.291748046875,22567886
2026-05-20,KOTAKBANK,375.6514488191217,383.3880919835906,375.6514488191217,382.5395812988281,12342444
2026-05-21,KOTAKBANK,384.03700488284875,385.7839888631438,377.2487059947126,380.1936340332031,10133840
2026-05-22,KOTAKBANK,380.3433501270712,385.63420344153394,380.3433501270712,383.4879150390625,10348359
2026-05-25,KOTAKBANK,387.63076659912866,394.46896696119046,386.58258842271005,392.1729431152344,15571552
2026-05-26,KOTAKBANK,392.17293714604006,394.26932393195074,386.3330134084967,387.98016357421875,15059212
2026-05-27,KOTAKBANK,387.88032448404437,389.8269758580605,386.03353731867367,388.03009033203125,9326451
2026-05-28,KOTAKBANK,388.03009033203125,388.03009033203125,388.03009033203125,388.03009033203125,0
2026-05-29,KOTAKBANK,388.1798214084353,391.8734261631799,380.5929139488522,383.537841796875,40109830
2026-06-01,KOTAKBANK,383.4879085617731,386.33300265884606,375.0025583741757,376.7495422363281,12335552
2026-06-02,KOTAKBANK,372.3571373134064,380.8923892669035,371.5585282933648,378.3966979980469,14834956
2026-06-03,KOTAKBANK,376.9492192040528,382.7891429260207,374.45352790962045,380.3433532714844,14844206
2026-06-04,KOTAKBANK,377.84766916897473,383.33819012123195,377.2486971539139,380.8424987792969,13889236
2026-06-05,KOTAKBANK,380.8425073910831,383.0387280076408,374.0043068665559,376.79949951171875,10129597
2026-06-08,KOTAKBANK,372.3571335100725,378.24695875141794,372.0576627468611,376.4500732421875,14460894
2026-06-09,KOTAKBANK,379.0456221721567,381.7908827132733,376.64973405519595,381.04217529296875,13987913
2026-06-10,KOTAKBANK,379.8442142140513,390.52578511775835,379.8442142140513,387.4311218261719,21427363
2026-06-11,KOTAKBANK,385.3347498578859,399.2107878659894,383.8872366685407,392.6720886230469,16135289
2026-06-12,KOTAKBANK,397.0644967807851,403.80286347662496,394.26933463368897,402.60491943359375,17227481
2026-06-15,KOTAKBANK,407.29681182128,410.2916413199659,401.7563894347036,405.0506896972656,14269679
2026-06-16,KOTAKBANK,405.05070789032584,407.84587002865305,403.8028622098258,407.1470947265625,9079548
2026-06-17,KOTAKBANK,407.14708891430837,408.04553169844615,401.85620502552894,403.8028564453125,11654415
2026-06-18,KOTAKBANK,403.2538307645823,403.5533015481981,398.96122325452933,402.25555419921875,9342524
2026-06-19,KOTAKBANK,401.8063190152067,402.85449722664447,397.3140744547883,398.5619201660156,17504009
2026-06-22,KOTAKBANK,398.56191327270693,402.405284089811,398.0627749968488,401.4569091796875,7158956
2026-06-23,KOTAKBANK,397.31406041682766,404.30199615280196,397.31406041682766,400.957763671875,10077909
2026-06-24,KOTAKBANK,400.95775888820594,407.2469192545386,399.51027621058415,405.2503662109375,11768059
2026-06-25,KOTAKBANK,408.79424325061603,413.08682018788966,406.4982193939315,408.29510498046875,16587414
2026-06-26,KOTAKBANK,408.29510498046875,408.29510498046875,408.29510498046875,408.29510498046875,0
2026-06-29,KOTAKBANK,401.8062949391593,404.1522508286948,393.42077835516443,394.818359375,37210245
2026-06-30,KOTAKBANK,394.81837337924236,396.3157881961042,389.2280186366283,391.573974609375,24824891
2026-07-01,KOTAKBANK,396.6651937755247,400.7082016225359,392.572253821956,399.7598571777344,21723944
2026-07-02,KOTAKBANK,399.7598588170068,404.3020049583232,396.61526329534473,398.61181640625,12980945
2026-07-03,KOTAKBANK,399.31062194785756,400.75813513841166,393.8700025378249,396.06622314453125,14747410
2026-07-06,KOTAKBANK,389.07827098745855,389.07827098745855,380.0438807297398,380.642822265625,34164881
2026-07-07,KOTAKBANK,380.8425077948944,382.2400888864662,377.9974135047407,381.04217529296875,23216875
2026-07-08,KOTAKBANK,377.8476751518066,381.09207394769396,368.4638816505443,369.462158203125,22517529
2026-07-09,KOTAKBANK,370.8597435066903,377.29863953014825,367.7650800654548,376.5,30720415
2026-07-10,KOTAKBANK,376.79948336551075,380.4930881978325,376.25041300240804,376.94921875,15468937
2026-07-13,KOTAKBANK,375.15230717775006,384.48619881106305,374.4535318868759,383.987060546875,14167721
2026-07-14,KOTAKBANK,382.8390533207743,382.8390533207743,375.4518130133178,377.9974060058594,16237528
2026-07-15,KOTAKBANK,378.69620814243245,382.1402438955259,375.6015448032169,377.7478332519531,8082156
2026-07-16,KOTAKBANK,376.8494028903784,380.5929400051835,375.9010279686346,376.5,10889356
2026-07-17,KOTAKBANK,377.5,391.79998779296875,375.70001220703125,389.95001220703125,17847316
2026-07-20,KOTAKBANK,382.0,383.75,376.1000061035156,382.04998779296875,32539419
2026-07-21,KOTAKBANK,383.0,386.95001220703125,381.04998779296875,385.95001220703125,17152911
2026-07-22,KOTAKBANK,384.29998779296875,390.0,378.1499938964844,381.1499938964844,11688952
2026-07-23,KOTAKBANK,379.70001220703125,386.1000061035156,378.8500061035156,383.3500061035156,12720546
2026-07-24,KOTAKBANK,378.6000061035156,386.5,378.6000061035156,384.75,13308317
2026-07-27,KOTAKBANK,386.0,388.75,383.54998779296875,384.6499938964844,16710096
2026-07-28,KOTAKBANK,383.04998779296875,387.29998779296875,383.04998779296875,385.29998779296875,14247981
2026-07-29,KOTAKBANK,387.0,392.25,385.1499938964844,390.20001220703125,9190194
2026-07-30,KOTAKBANK,385.70001220703125,390.20001220703125,385.70001220703125,389.3999938964844,12205963
2026-07-31,KOTAKBANK,390.20001220703125,391.8500061035156,388.0,390.29998779296875,7014637
2026-08-03,KOTAKBANK,392.0,397.5,391.04998779296875,397.5,11247062
2026-08-04,KOTAKBANK,395.5,398.25,392.1000061035156,398.0,9131231
2026-08-05,KOTAKBANK,397.0,400.0,393.8500061035156,400.0,11842327
2026-08-06,KOTAKBANK,397.25,398.79998779296875,393.75,394.0,10378024
2026-08-07,KOTAKBANK,393.0,394.8500061035156,387.75,390.75,7315232
2026-08-10,KOTAKBANK,388.0,393.5,386.5,393.5,11662079
2026-08-11,KOTAKBANK,392.1000061035156,392.8999938964844,388.29998779296875,392.8999938964844,7853813
2026-08-12,KOTAKBANK,391.0,394.25,387.5,390.5,10733474
2026-08-13,KOTAKBANK,390.3999938964844,392.3999938964844,388.54998779296875,392.3999938964844,5726518
2026-08-14,KOTAKBANK,393.1000061035156,394.3500061035156,389.8500061035156,391.1499938964844,9519332
2026-08-17,KOTAKBANK,389.0,396.3500061035156,389.0,392.70001220703125,5105327
2026-08-18,KOTAKBANK,391.0,392.8999938964844,387.6499938964844,387.6499938964844,5653147
2026-08-19,KOTAKBANK,387.0,393.1000061035156,386.75,390.25,6704930
2026-08-20,KOTAKBANK,393.6000061035156,399.54998779296875,393.1499938964844,397.3500061035156,9258923
2026-08-21,KOTAKBANK,398.8999938964844,406.0,398.29998779296875,402.79998779296875,15670257
2026-08-24,KOTAKBANK,403.5,405.6000061035156,398.20001220703125,401.45001220703125,14932117
2026-08-25,KOTAKBANK,398.29998779296875,402.04998779296875,398.1499938964844,401.6000061035156,10154716
2026-08-26,KOTAKBANK,402.5,417.45001220703125,401.0,416.70001220703125,20168995
2026-08-27,KOTAKBANK,415.75,427.70001220703125,415.0,424.20001220703125,32914085
2026-08-28,KOTAKBANK,424.6000061035156,426.20001220703125,421.0,423.70001220703125,18952918
2026-03-02,BAJFINANCE,965.0675492124609,984.3490466542129,962.0858781026386,972.2732543945312,8493269
2026-03-04,BAJFINANCE,961.0919675381565,961.0919675381565,935.5489734349401,939.3257446289062,8964293
2026-03-05,BAJFINANCE,952.146938837118,962.3343147484754,940.1208900749527,956.5200805664062,6181254
2026-03-06,BAJFINANCE,954.1347052689937,955.6255407459765,940.816550743047,944.3945922851562,6560051
2026-03-09,BAJFINANCE,916.168129174755,935.3502011464798,903.496026981582,932.31884765625,9182152
2026-03-10,BAJFINANCE,944.1957988094701,946.3326872506235,926.1566653357364,934.05810546875,8474956
2026-03-11,BAJFINANCE,926.5045848959302,935.499280319272,884.5624005143713,888.1901245117188,11172537
2026-03-12,BAJFINANCE,874.7228568335765,882.7734049192558,853.1057421149175,857.8267211914062,15508258
2026-03-13,BAJFINANCE,855.7395874221821,863.0446571962509,843.6141130753871,849.825927734375,6668639
2026-03-16,BAJFINANCE,844.9061777172205,876.5119399548598,844.9061777172205,872.7848510742188,8982957
2026-03-17,BAJFINANCE,872.7848534268901,875.6670991050029,854.2984561317264,863.2931518554688,7941385
2026-03-18,BAJFINANCE,870.7472781073361,888.488256574478,852.9566779192932,874.7228393554688,12375517
2026-03-19,BAJFINANCE,862.8955912055036,864.5852168883157,821.6491427701986,827.1155395507812,11585591
2026-03-20,BAJFINANCE,831.5880356170413,836.8059597514911,814.2446375519916,825.4755859375,14881843
2026-03-23,BAJFINANCE,813.1016506942655,813.7973860542813,783.0862114062364,807.63525390625,15835828
2026-03-24,BAJFINANCE,824.9290101463579,848.7823791144452,812.6047452479443,843.8129272460938,18828248
2026-03-25,BAJFINANCE,856.7831474745351,883.3697138215995,848.0866070806355,877.356689453125,15995501
2026-03-27,BAJFINANCE,869.6540439335951,869.8031517488845,836.1102450961564,838.6446533203125,11282824
2026-03-30,BAJFINANCE,825.9228529471898,829.7990494461383,794.1183628216662,796.6527709960938,20377282
2026-04-01,BAJFINANCE,827.711880179218,836.9053660148123,809.8218536883318,812.3065795898438,15094026
2026-04-02,BAJFINANCE,804.0572991582707,824.9786790496539,787.6084258753081,821.7982177734375,9113618
2026-04-06,BAJFINANCE,823.8357064074843,847.7884387352203,809.2751890271433,845.6515502929688,12504591
2026-04-07,BAJFINANCE,842.8190131619239,857.5285781459786,839.2907145671045,849.8756103515625,11569047
2026-04-08,BAJFINANCE,884.5624095069836,920.3424620263672,875.6173963771378,909.4593505859375,13826150
2026-04-09,BAJFINANCE,896.4890823934403,907.8194564801651,885.9538691047153,897.7314453125,9457820
2026-04-10,BAJFINANCE,910.1550832505548,921.6345046005437,906.7261494285443,918.9013061523438,9491544
2026-04-13,BAJFINANCE,890.6748827576488,900.365313902328,875.7167841019559,893.457763671875,10723313
2026-04-15,BAJFINANCE,919.3485600943784,919.3485600943784,905.533460169681,907.5709838867188,5975197
2026-04-16,BAJFINANCE,913.3852347747978,926.9021193161395,898.4768794737946,900.3652954101562,11805227
2026-04-17,BAJFINANCE,896.6382207477712,904.887498678844,890.3269805066387,902.700927734375,6035241
2026-04-20,BAJFINANCE,902.7009248247721,915.2736622182542,892.5135485743411,912.1428833007812,6184179
2026-04-21,BAJFINANCE,913.8821981797305,940.1706106839638,913.3852529931185,933.1139526367188,6713975
2026-04-22,BAJFINANCE,932.2691450912259,940.5681052202607,924.4671301354808,929.0390014648438,5759028
2026-04-23,BAJFINANCE,920.4418471427572,924.1689360292474,903.7941834497668,912.7391967773438,9143598
2026-04-24,BAJFINANCE,914.3790988282084,919.050395487281,904.2414053826628,915.9196166992188,3982355
2026-04-27,BAJFINANCE,917.4104537284172,923.2744309195722,902.7505714127813,916.1680908203125,7813458
2026-04-28,BAJFINANCE,916.1681024128881,924.2186505566239,908.7636072544419,918.0068359375,7119135
2026-04-29,BAJFINANCE,919.3485415879115,931.2752253706736,910.9998386750779,924.3179931640625,5438997
2026-04-30,BAJFINANCE,939.2263914452292,969.0431022847603,928.194232699504,931.2752685546875,27364272
2026-05-01,BAJFINANCE,931.2752685546875,931.2752685546875,931.2752685546875,931.2752685546875,0
2026-05-04,BAJFINANCE,932.3684830401445,960.0980471769249,932.3684830401445,944.3945922851562,7503756
2026-05-05,BAJFINANCE,944.3946434071306,955.2280120622871,927.4488247005652,952.7432861328125,7290077
2026-05-06,BAJFINANCE,959.1041619784364,977.988078121017,959.1041619784364,974.7579345703125,7771237
2026-05-07,BAJFINANCE,986.1876852701698,986.1876852701698,963.079734972834,966.8068237304688,7873561
2026-05-08,BAJFINANCE,965.0675308165735,966.0117387824698,945.1897237966647,949.5131225585938,5555386
2026-05-11,BAJFINANCE,940.2202758524367,950.1591794026738,927.8463287999407,930.3310546875,5581022
2026-05-12,BAJFINANCE,922.330237181858,926.9518515360861,896.2406157098496,898.6756591796875,7174645
2026-05-13,BAJFINANCE,896.4891000333595,901.8561322142032,884.612098160999,890.6748657226562,7422952
2026-05-14,BAJFINANCE,897.3836018637576,909.4096505736561,883.5685020327653,906.5770874023438,6815238
2026-05-15,BAJFINANCE,907.4218593475697,915.9692918081777,901.8063547920738,904.887451171875,5012279
2026-05-18,BAJFINANCE,894.5012895507624,919.3485475938392,885.2581216911881,915.4723510742188,6387223
2026-05-19,BAJFINANCE,921.9326534050346,924.3180144815005,914.4784758688934,917.9074096679688,8313548
2026-05-20,BAJFINANCE,904.4402049183851,920.6406052476597,902.8996870314689,917.4601440429688,5864990
2026-05-21,BAJFINANCE,927.2997107512654,929.1881267100869,897.7314723859383,902.1046142578125,9713326
2026-05-22,BAJFINANCE,902.5518096566084,918.354690610588,902.5518096566084,910.9501953125,4811990
2026-05-25,BAJFINANCE,920.4418089864607,938.232470132043,918.8019263417376,936.1453247070312,7065528
2026-05-26,BAJFINANCE,938.1827765217242,942.605600563208,922.4295786056811,924.5167846679688,8489543
2026-05-27,BAJFINANCE,926.3057810448138,930.2316599531514,917.3607681377288,925.4609985351562,5349669
2026-05-28,BAJFINANCE,925.4609985351562,925.4609985351562,925.4609985351562,925.4609985351562,0
2026-05-29,BAJFINANCE,909.509052497803,932.0703760088064,889.8300353220891,902.700927734375,46752428
2026-06-01,BAJFINANCE,905.8813937458372,912.3913635647469,882.5746523371408,883.6182250976562,6887616
2026-06-02,BAJFINANCE,868.6601444858543,878.9966281359411,855.1929427077972,876.6112670898438,15697997
2026-06-03,BAJFINANCE,876.6112961958627,876.6112961958627,858.2243245636365,871.4430541992188,14747769
2026-06-04,BAJFINANCE,864.8833876892113,873.7787183820307,862.6968168044914,869.0577392578125,9676279
2026-06-05,BAJFINANCE,868.660189418972,907.4219141184456,868.660189418972,883.9661254882812,13274646
2026-06-08,BAJFINANCE,867.6662479009749,874.027170203179,861.2059608318382,865.77783203125,6203084
2026-06-09,BAJFINANCE,880.5868586887179,883.3200571778759,866.7717584240726,881.4813842773438,9183355
2026-06-10,BAJFINANCE,884.6617673327235,889.2336992938868,874.7228639331322,878.6984252929688,6939714
2026-06-11,BAJFINANCE,874.6234767765276,881.5310265948833,863.1937381595617,865.231201171875,5191085
2026-06-12,BAJFINANCE,875.8162057173853,915.3730302902005,875.716780283085,912.6895141601562,11729668
2026-06-15,BAJFINANCE,936.2446917128663,953.1408273382576,933.26302072015,936.5428466796875,11989428
2026-06-16,BAJFINANCE,940.2202381671683,958.010899073921,940.2202381671683,953.786865234375,9335988
2026-06-17,BAJFINANCE,949.2646689105351,955.9237465275168,945.7363702265553,952.5445556640625,5682977
2026-06-18,BAJFINANCE,952.4948150672145,955.0789664353642,942.2080739675965,952.9917602539062,5750456
2026-06-19,BAJFINANCE,948.2210560069122,965.7632445741657,947.4259558763664,955.9237060546875,12941776
2026-06-22,BAJFINANCE,960.147779870475,967.0056476888367,955.6752732051749,962.384033203125,5680845
2026-06-23,BAJFINANCE,962.3839971326659,971.7265905260309,954.6316646691564,956.5200805664062,8202516
2026-06-24,BAJFINANCE,946.5811699790587,987.8276184745832,946.5811699790587,984.8956298828125,9873777
2026-06-25,BAJFINANCE,990.1135501580862,999.4560827804515,972.9192597329742,974.4100952148438,12807092
2026-06-26,BAJFINANCE,974.4100952148438,974.4100952148438,974.4100952148438,974.4100952148438,0
2026-06-29,BAJFINANCE,969.3412280561971,986.2373636895479,969.3412280561971,976.0499877929688,19875760
2026-06-30,BAJFINANCE,986.9000244140625,1010.9500122070312,977.7000122070312,1004.75,12445420
2026-07-01,BAJFINANCE,1000.4000244140625,1025.4000244140625,998.9000244140625,1014.9000244140625,6834299
2026-07-02,BAJFINANCE,994.7000122070312,1025.699951171875,993.4000244140625,1018.4000244140625,8168339
2026-07-03,BAJFINANCE,1035.0,1040.0,1017.5999755859375,1031.4000244140625,9399193
2026-07-06,BAJFINANCE,1040.0,1040.199951171875,1024.800048828125,1029.0999755859375,4819952
2026-07-07,BAJFINANCE,1024.0,1052.9000244140625,1024.0,1042.5,9101171
2026-07-08,BAJFINANCE,1025.0,1034.699951171875,1004.0999755859375,1010.4000244140625,8313859
2026-07-09,BAJFINANCE,1000.0,1013.5,994.0999755859375,1003.7999877929688,11712515
2026-07-10,BAJFINANCE,1010.0999755859375,1023.9000244140625,1004.2000122070312,1020.5,7039305
2026-07-13,BAJFINANCE,1014.0,1028.0,1003.7000122070312,1022.5999755859375,4874070
2026-07-14,BAJFINANCE,1007.0,1022.0,995.2000122070312,1006.5999755859375,6458393
2026-07-15,BAJFINANCE,1006.5999755859375,1037.300048828125,1006.5999755859375,1021.2999877929688,5538356
2026-07-16,BAJFINANCE,1024.0,1042.4000244140625,1021.2000122070312,1037.5999755859375,9079076
2026-07-17,BAJFINANCE,1044.9000244140625,1058.5,1037.5999755859375,1056.300048828125,12882360
2026-07-20,BAJFINANCE,1057.0,1067.699951171875,1038.199951171875,1064.0,9348760
2026-07-21,BAJFINANCE,1064.0,1074.4000244140625,1060.9000244140625,1069.199951171875,6970658
2026-07-22,BAJFINANCE,1064.0,1070.5999755859375,1056.0999755859375,1060.300048828125,6757716
2026-07-23,BAJFINANCE,1053.300048828125,1061.199951171875,1036.5,1039.800048828125,8016651
2026-07-24,BAJFINANCE,1027.300048828125,1030.199951171875,1001.2999877929688,1012.7999877929688,18416962
2026-07-27,BAJFINANCE,1026.699951171875,1050.0,1026.5999755859375,1048.300048828125,7610916
2026-07-28,BAJFINANCE,1049.0,1055.0,1042.4000244140625,1048.4000244140625,4726447
2026-07-29,BAJFINANCE,1056.0,1065.9000244140625,1048.4000244140625,1054.4000244140625,6444368
2026-07-30,BAJFINANCE,1046.0,1068.0,1035.0999755859375,1053.5,9866564
2026-07-31,BAJFINANCE,1095.0,1151.5,1083.5999755859375,1141.199951171875,40814590
2026-08-03,BAJFINANCE,1176.300048828125,1176.4000244140625,1140.199951171875,1153.0,13758012
2026-08-04,BAJFINANCE,1164.0,1164.0,1139.5,1149.0,9437990
2026-08-05,BAJFINANCE,1152.0,1166.0,1145.0999755859375,1158.800048828125,5154683
2026-08-06,BAJFINANCE,1155.5,1160.199951171875,1144.5999755859375,1144.800048828125,6472397
2026-08-07,BAJFINANCE,1113.0,1113.0,1074.5,1078.0,15614001
2026-08-10,BAJFINANCE,1078.0,1106.0999755859375,1070.800048828125,1102.199951171875,7303098
2026-08-11,BAJFINANCE,1098.0,1101.5,1086.300048828125,1093.300048828125,6523358
2026-08-12,BAJFINANCE,1093.0,1094.699951171875,1080.0,1094.199951171875,7054842
2026-08-13,BAJFINANCE,1095.0,1095.300048828125,1083.0,1090.800048828125,2405186
2026-08-14,BAJFINANCE,1090.800048828125,1098.5,1085.199951171875,1087.0,4225781
2026-08-17,BAJFINANCE,1080.0,1100.4000244140625,1078.800048828125,1089.300048828125,2295675
2026-08-18,BAJFINANCE,1088.5999755859375,1100.0,1087.5999755859375,1094.300048828125,3374018
2026-08-19,BAJFINANCE,1093.9000244140625,1093.9000244140625,1076.4000244140625,1080.199951171875,2877930
2026-08-20,BAJFINANCE,1089.699951171875,1102.300048828125,1086.300048828125,1095.0,6741475
2026-08-21,BAJFINANCE,1105.4000244140625,1105.5,1090.5999755859375,1095.0,3042594
2026-08-24,BAJFINANCE,1086.0,1094.9000244140625,1076.9000244140625,1077.0,4342556
2026-08-25,BAJFINANCE,1077.0,1087.4000244140625,1066.300048828125,1087.4000244140625,2770499
2026-08-26,BAJFINANCE,1083.300048828125,1095.0,1082.4000244140625,1085.0,3234877
2026-08-27,BAJFINANCE,1090.0,1107.0,1083.0,1083.0,5220239
2026-08-28,BAJFINANCE,1065.699951171875,1081.5,1065.699951171875,1079.9000244140625,4554311
2026-03-02,AXISBANK,1368.0449464468218,1383.6329006836204,1352.5568907547233,1371.2425537109375,5132511
2026-03-04,AXISBANK,1343.4638586340375,1356.5537387000065,1325.977345040809,1350.2586669921875,5832353
2026-03-05,AXISBANK,1353.8558818023537,1354.7552126199696,1334.2710107771431,1348.060302734375,6057499
2026-03-06,AXISBANK,1345.9619172738485,1346.8612480726197,1312.4877344760207,1314.7860107421875,11629935
2026-03-09,AXISBANK,1281.21185421577,1290.005121495157,1259.8284431987802,1287.3072509765625,7926265
2026-03-10,AXISBANK,1294.2017954025807,1318.483117211831,1283.609988769071,1313.686767578125,6289277
2026-03-11,AXISBANK,1308.9904577529614,1316.4846779309364,1251.7345668027367,1254.832275390625,6859908
2026-03-12,AXISBANK,1242.2419531270289,1250.1358898575004,1230.8508354394771,1233.5487060546875,9663320
2026-03-13,AXISBANK,1223.0566935167647,1233.548601426835,1193.3796313616317,1196.3773193359375,9098187
2026-03-16,AXISBANK,1198.2758601545113,1218.9599821354238,1179.1906028112269,1213.763916015625,8743794
2026-03-17,AXISBANK,1218.7600133529452,1231.3504009913356,1209.0675372579854,1227.153564453125,5707317
2026-03-18,AXISBANK,1227.0537204854681,1259.0290617359037,1223.25659992148,1252.2342529296875,6018952
2026-03-19,AXISBANK,1220.0590351044686,1240.543236758557,1201.0736774738505,1206.06982421875,8264698
2026-03-20,AXISBANK,1207.6686193933658,1230.850814485364,1198.7754534047704,1202.9722900390625,7518686
2026-03-23,AXISBANK,1180.0898858184764,1184.1867018397022,1164.1022159005292,1169.6978759765625,6697446
2026-03-24,AXISBANK,1186.0852033826384,1201.8730754363555,1168.698588811437,1191.78076171875,8274701
2026-03-25,AXISBANK,1199.0752581820623,1238.0452040729795,1197.0767994184255,1221.158203125,9645791
2026-03-27,AXISBANK,1208.5679755024764,1212.5648931560606,1201.0737549020064,1204.271240234375,9479301
2026-03-30,AXISBANK,1184.1867379087505,1187.883959875634,1153.0108294096656,1160.4051513671875,18534887
2026-04-01,AXISBANK,1174.0945147139696,1207.0690840633831,1174.0945147139696,1192.1805419921875,6595695
2026-04-02,AXISBANK,1173.694834782652,1201.3735624884298,1149.4136334255566,1196.9769287109375,9501543
2026-04-06,AXISBANK,1201.1735518383607,1248.8368640111612,1195.4779934543012,1244.34033203125,7847086
2026-04-07,AXISBANK,1236.846148755743,1254.5324596108962,1220.0590467422576,1249.1365966796875,9248545
2026-04-08,AXISBANK,1299.0981069582683,1334.5707503418926,1299.0981069582683,1331.9727783203125,13519723
2026-04-09,AXISBANK,1321.281007006804,1337.5683720869056,1311.788328262907,1317.48388671875,6542529
2026-04-10,AXISBANK,1327.775987854385,1357.552948822845,1325.077995466752,1349.759033203125,6755589
2026-04-13,AXISBANK,1316.9843426965365,1365.846684510496,1314.286472120357,1352.556884765625,8974851
2026-04-15,AXISBANK,1365.946582373461,1383.4330967783883,1347.9604532712501,1354.4554443359375,6789879
2026-04-16,AXISBANK,1360.950405135781,1363.448478566647,1341.9650470611996,1348.5599365234375,5232398
2026-04-17,AXISBANK,1351.957337543237,1363.248678214176,1343.0641717554277,1358.0526123046875,4062181
2026-04-20,AXISBANK,1358.4523557219322,1372.941181877113,1346.9612177367892,1353.656005859375,4878641
2026-04-21,AXISBANK,1359.9512233524406,1379.236399704072,1353.656029295873,1376.6383056640625,5145338
2026-04-22,AXISBANK,1368.944287324286,1389.928104867213,1364.947369697062,1378.536865234375,3997911
2026-04-23,AXISBANK,1367.945042422019,1383.1332804429271,1364.347840993514,1368.5445556640625,5671255
2026-04-24,AXISBANK,1367.9449987412254,1373.9403749227063,1348.9596408332025,1364.847412109375,3648313
2026-04-27,AXISBANK,1323.9788756219436,1326.2771518946506,1298.8982435808812,1323.179443359375,10768267
2026-04-28,AXISBANK,1310.9889903752908,1320.3817712564608,1284.5094109203021,1288.0067138671875,9939787
2026-04-29,AXISBANK,1294.0020554402972,1308.1910639372534,1278.014385257251,1295.4010009765625,6228275
2026-04-30,AXISBANK,1287.0074012162179,1287.0074012162179,1256.3311089994636,1267.3226318359375,16481853
2026-05-01,AXISBANK,1267.3226318359375,1267.3226318359375,1267.3226318359375,1267.3226318359375,0
2026-05-04,AXISBANK,1267.3226232305547,1293.4024846611255,1263.525502940515,1274.1173095703125,9759479
2026-05-05,AXISBANK,1267.0229010000714,1272.7184598875697,1251.0352303249917,1258.729248046875,10163714
2026-05-06,AXISBANK,1274.0174810881558,1299.9974454083847,1254.2326902384063,1293.20263671875,7277673
2026-05-07,AXISBANK,1297.9989290636138,1307.0918917772797,1280.212597796342,1291.7037353515625,6785048
2026-05-08,AXISBANK,1279.0135664260551,1281.0120251235958,1263.625410059744,1267.3226318359375,6358595
2026-05-11,AXISBANK,1257.7299630241207,1282.011285578894,1250.735357413012,1271.319580078125,7341360
2026-05-12,AXISBANK,1269.421017563825,1273.0182189048855,1255.9314210526663,1259.12890625,5727828
2026-05-13,AXISBANK,1255.1320159570741,1274.3172934854406,1246.538667573858,1254.7322998046875,6045406
2026-05-14,AXISBANK,1255.631637507536,1268.022106441695,1234.8477392086593,1253.6331787109375,5822618
2026-05-15,AXISBANK,1258.6293424179842,1262.4264629724478,1241.0429291696062,1243.8408203125,4805485
2026-05-18,AXISBANK,1238.0451728188796,1241.0428608886589,1221.1581722972078,1236.946044921875,6052023
2026-05-19,AXISBANK,1237.5456222864914,1248.8369633917555,1230.351219336608,1237.3458251953125,9200314
2026-05-20,AXISBANK,1233.0490412431207,1253.1335271630967,1225.6547195178894,1248.8369140625,3562641
2026-05-21,AXISBANK,1255.9314298819743,1261.726887089914,1243.8407788007414,1252.334228515625,5171528
2026-05-22,AXISBANK,1253.1334965544734,1287.8068279947058,1253.1334965544734,1284.409423828125,5016900
2026-05-25,AXISBANK,1299.39784951034,1313.4869587156177,1292.9028588434312,1310.189453125,5671455
2026-05-26,AXISBANK,1308.7907369859347,1315.985139985791,1290.50478989495,1298.298828125,6455265
2026-05-27,AXISBANK,1295.3010549602839,1313.4869803364859,1292.103447855121,1303.094970703125,7243174
2026-05-28,AXISBANK,1303.094970703125,1303.094970703125,1303.094970703125,1303.094970703125,0
2026-05-29,AXISBANK,1295.1011997994176,1311.5884848848368,1276.4156588264402,1285.6085205078125,15215715
2026-06-01,AXISBANK,1288.0066280954209,1292.2033425617142,1266.0235824646225,1274.916748046875,4311076
2026-06-02,AXISBANK,1262.0267183828762,1274.8169033533427,1243.9406908361375,1250.1358642578125,11884695
2026-06-03,AXISBANK,1244.1404736967706,1263.8253656219047,1229.3519520935338,1254.232666015625,7953326
2026-06-04,AXISBANK,1245.0398052641103,1258.929118016639,1243.1412450502407,1252.334228515625,6392593
2026-06-05,AXISBANK,1259.0290099995375,1275.0166799677856,1251.1350735574667,1271.319580078125,7825303
2026-06-08,AXISBANK,1261.0274061863013,1278.2141017590434,1261.0274061863013,1267.1226806640625,5034388
2026-06-09,AXISBANK,1274.916768250008,1297.3994289105083,1270.520134658929,1291.404052734375,7533504
2026-06-10,AXISBANK,1282.5109488108894,1325.477813476934,1282.5109488108894,1313.487060546875,12262606
2026-06-11,AXISBANK,1307.7914623726329,1338.4677555724868,1306.2926183014429,1316.284912109375,8196686
2026-06-12,AXISBANK,1330.9735596234657,1357.4531387000588,1317.4839627353902,1355.2548828125,8535670
2026-06-15,AXISBANK,1370.9427053735023,1376.9380816360685,1359.5514660793779,1367.24560546875,7522828
2026-06-16,AXISBANK,1362.4492051798502,1370.4430399003772,1348.1601768264127,1364.6474609375,7709061
2026-06-17,AXISBANK,1363.048787960663,1364.647530591123,1348.2602661586025,1349.8590087890625,4761917
2026-06-18,AXISBANK,1346.561512407277,1364.8474591819588,1343.9635403676145,1359.0518798828125,5186573
2026-06-19,AXISBANK,1355.7545097416184,1361.9496832815275,1349.4593156798994,1356.8536376953125,4640277
2026-06-22,AXISBANK,1359.9511533650066,1365.0471986847929,1354.1555743103543,1357.552978515625,3153284
2026-06-23,AXISBANK,1357.5529705396623,1370.8427696854017,1355.0548971646165,1362.44921875,5745853
2026-06-24,AXISBANK,1354.9550675446912,1385.0318481148515,1354.9550675446912,1383.43310546875,8343829
2026-06-25,AXISBANK,1385.831270177255,1399.021049380356,1371.6421396044548,1376.138671875,7995552
2026-06-26,AXISBANK,1376.138671875,1376.138671875,1376.138671875,1376.138671875,0
2026-06-29,AXISBANK,1391.5268564078813,1391.5268564078813,1351.1579637199086,1355.7545166015625,12602010
2026-06-30,AXISBANK,1356.6537167481358,1373.9404342753348,1342.5646065082708,1344.6629638671875,7781221
2026-07-01,AXISBANK,1344.6628669036613,1376.6382056137847,1344.6628669036613,1367.6451416015625,3187785
2026-07-02,AXISBANK,1372.941166068036,1374.440010135796,1357.053394554533,1361.5499267578125,4013561
2026-07-03,AXISBANK,1371.941884852612,1371.941884852612,1337.3685740578373,1341.065673828125,3500465
2026-07-06,AXISBANK,1354.6551952621983,1369.9434532686023,1334.470810970254,1338.567626953125,5154081
2026-07-07,AXISBANK,1345.762131730582,1355.8543237280394,1335.1702030839804,1339.966552734375,6198988
2026-07-08,AXISBANK,1342.9642575887744,1342.9642575887744,1302.9950832557752,1308.4908447265625,6917968
2026-07-09,AXISBANK,1311.8882333774443,1320.5814799012492,1291.2041127197447,1296.5999755859375,5609851
2026-07-10,AXISBANK,1304.0,1326.5999755859375,1303.9000244140625,1323.699951171875,3549139
2026-07-13,AXISBANK,1315.9000244140625,1329.9000244140625,1313.5,1319.4000244140625,3674483
2026-07-14,AXISBANK,1320.0999755859375,1323.699951171875,1298.5999755859375,1317.5999755859375,6005505
2026-07-15,AXISBANK,1328.0,1348.0,1303.300048828125,1312.300048828125,9442403
2026-07-16,AXISBANK,1315.0999755859375,1315.5,1299.4000244140625,1307.5999755859375,5001226
2026-07-17,AXISBANK,1307.0,1333.0,1305.0,1328.5,11192836
2026-07-20,AXISBANK,1275.0,1284.0,1249.0999755859375,1256.0,25314148
2026-07-21,AXISBANK,1245.0,1267.699951171875,1244.5,1258.199951171875,15014867
2026-07-22,AXISBANK,1258.199951171875,1258.199951171875,1230.5,1238.4000244140625,8358923
2026-07-23,AXISBANK,1230.0999755859375,1239.4000244140625,1219.199951171875,1223.0,8240787
2026-07-24,AXISBANK,1216.800048828125,1233.9000244140625,1210.5999755859375,1227.300048828125,8088828
2026-07-27,AXISBANK,1237.0,1237.0,1221.5999755859375,1227.5,5967502
2026-07-28,AXISBANK,1222.5,1233.9000244140625,1219.699951171875,1223.5,6093182
2026-07-29,AXISBANK,1229.5,1237.0999755859375,1214.4000244140625,1235.4000244140625,10110233
2026-07-30,AXISBANK,1229.0,1232.199951171875,1220.199951171875,1228.9000244140625,6878684
2026-07-31,AXISBANK,1226.199951171875,1239.699951171875,1226.0,1229.5,7487936
2026-08-03,AXISBANK,1236.9000244140625,1272.0,1230.5,1272.0,6713421
2026-08-04,AXISBANK,1264.0,1264.0,1244.0,1261.800048828125,5694891
2026-08-05,AXISBANK,1260.0,1263.0,1246.199951171875,1253.9000244140625,4295407
2026-08-06,AXISBANK,1256.0999755859375,1259.9000244140625,1248.300048828125,1256.0,4845792
2026-08-07,AXISBANK,1252.0999755859375,1256.0,1238.0,1238.0,3628823
2026-08-10,AXISBANK,1235.0,1250.0,1235.0,1247.300048828125,3661847
2026-08-11,AXISBANK,1242.0,1243.0,1225.4000244140625,1229.800048828125,5843702
2026-08-12,AXISBANK,1230.0,1234.9000244140625,1216.9000244140625,1230.0,7218881
2026-08-13,AXISBANK,1224.5,1224.800048828125,1215.5999755859375,1221.800048828125,5284300
2026-08-14,AXISBANK,1216.0,1218.699951171875,1208.5999755859375,1217.4000244140625,5557745
2026-08-17,AXISBANK,1220.0,1235.0,1213.5999755859375,1227.300048828125,6068014
2026-08-18,AXISBANK,1223.9000244140625,1250.5,1223.4000244140625,1243.0,5064697
2026-08-19,AXISBANK,1243.0999755859375,1245.0,1224.0,1235.0,3061937
2026-08-20,AXISBANK,1237.5,1253.9000244140625,1236.199951171875,1251.0,4163816
2026-08-21,AXISBANK,1250.5999755859375,1256.4000244140625,1240.4000244140625,1245.800048828125,3690270
2026-08-24,AXISBANK,1245.800048828125,1248.699951171875,1231.800048828125,1236.0,3778588
2026-08-25,AXISBANK,1236.0999755859375,1240.5,1229.800048828125,1235.0,3606504
2026-08-26,AXISBANK,1240.0999755859375,1257.699951171875,1238.199951171875,1255.0,3298266
2026-08-27,AXISBANK,1260.0,1268.699951171875,1251.4000244140625,1256.0,7005789
2026-08-28,AXISBANK,1256.0,1265.4000244140625,1248.199951171875,1265.0,3243469
2026-03-02,LT,4021.718464978784,4101.340669322136,3936.946366148908,4027.36328125,6542141
2026-03-04,LT,3911.7921409181713,3920.705085036719,3723.629987304386,3845.044189453125,7635350
2026-03-05,LT,3886.2415796070422,4033.5031718602877,3871.089526534894,3999.634033203125,4996312
2026-03-06,LT,3976.1632721469473,3976.1632721469473,3902.8790673801045,3911.593994140625,2379314
2026-03-09,LT,3812.759522920217,3814.7401772178378,3706.794517997499,3804.93603515625,4248784
2026-03-10,LT,3897.9274380804954,3933.5792134287926,3813.7496351747936,3838.5078125,3330102
2026-03-11,LT,3842.1720063386033,3859.007567059743,3794.933451965104,3801.667724609375,2066473
2026-03-12,LT,3788.0012398366084,3792.952875444238,3669.0628558297135,3683.521728515625,4255443
2026-03-13,LT,3660.2489254688862,3661.239252559111,3391.3751204729983,3405.73486328125,10778730
2026-03-16,LT,3420.0947157845285,3460.995274278437,3363.7451992550614,3435.8408203125,8459233
2026-03-17,LT,3444.3577594550566,3515.6613128422805,3416.6285998044696,3508.531005859375,5003418
2026-03-18,LT,3534.477591355991,3603.602474645025,3520.613011283426,3573.001220703125,4190485
2026-03-19,LT,3492.586678462303,3494.171298598927,3388.899475195398,3401.278564453125,4898518
2026-03-20,LT,3441.3867859706,3489.9128154706173,3377.0155223481283,3401.57568359375,4743217
2026-03-23,LT,3372.16304103714,3376.916417885746,3256.294765660181,3310.0693359375,5645839
2026-03-24,LT,3406.72529938431,3512.789430852937,3357.7041068495646,3482.782470703125,6037848
2026-03-25,LT,3535.3686156571594,3624.5971840303014,3511.6998946916524,3614.000732421875,5090205
2026-03-27,LT,3604.7907320135955,3604.7907320135955,3512.6903094648965,3529.625,3991388
2026-03-30,LT,3466.144884403692,3509.3232431038955,3457.33106983784,3470.205322265625,3549203
2026-04-01,LT,3619.6455172871188,3647.2755464119623,3562.503692497252,3572.60498046875,4099786
2026-04-02,LT,3505.0649310073672,3593.8972280231887,3436.435211143694,3578.151123046875,4121638
2026-04-06,LT,3581.61713670185,3700.8524244991,3542.4000862813164,3691.642333984375,3353246
2026-04-07,LT,3644.4037006454223,3700.060034891855,3622.616504608955,3687.284912109375,3083714
2026-04-08,LT,3909.811522872209,3992.9990020822556,3892.975961603509,3967.1513671875,7368477
2026-04-09,LT,3949.424528544847,3949.424528544847,3848.015128836471,3858.512451171875,4415151
2026-04-10,LT,3893.9661619938656,3926.646956334099,3877.7248942455017,3921.59619140625,2822017
2026-04-13,LT,3788.0011935064013,3933.2821321015367,3778.6922153895466,3916.050537109375,4897563
2026-04-15,LT,4006.2693514998937,4064.302619137815,3992.107866693713,4036.87060546875,4562142
2026-04-16,LT,4088.0703386726873,4108.867208128145,4049.447581112553,4079.949462890625,5092608
2026-04-17,LT,4094.0123049589974,4102.826119595728,4033.4043337058415,4056.47900390625,2796673
2026-04-20,LT,4060.3412146981454,4090.051028464229,3985.0763531573994,4011.815185546875,3545024
2026-04-21,LT,3999.931193844929,4052.220513563709,3992.9989040809,4035.97900390625,2426718
2026-04-22,LT,4030.6314906487546,4030.6314906487546,3972.202188941561,3982.20458984375,2178082
2026-04-23,LT,3971.1126019970075,4024.6893956337844,3940.0164272955244,4014.88525390625,2229134
2026-04-24,LT,4032.6120414365805,4048.5564048149936,3944.670944632933,3975.47021484375,2162213
2026-04-27,LT,4018.7474793637457,4049.942783848703,3991.2163368910456,4014.39013671875,2000348
2026-04-28,LT,4020.728142151919,4048.3581723284724,3984.977236097506,3998.643798828125,1750237
2026-04-29,LT,4020.7280982422662,4086.089688016648,4012.112300673278,4056.47900390625,2175030
2026-04-30,LT,4043.5056676023564,4060.341228794921,3951.40524460774,3975.173095703125,2569328
2026-05-01,LT,3975.173095703125,3975.173095703125,3975.173095703125,3975.173095703125,0
2026-05-04,LT,3987.0570248896283,4099.459154130804,3987.0570248896283,4061.13330078125,2173027
2026-05-05,LT,4045.486226723394,4050.4378622518193,3985.0762732766066,4015.28125,3849402
2026-05-06,LT,3935.5600322215682,3982.1054075397396,3862.2758242738087,3969.726318359375,9540104
2026-05-07,LT,3989.0375730176484,4026.471985886887,3952.3954701870493,3984.0859375,3477185
2026-05-08,LT,3971.21178887478,3975.173097392361,3921.6954324050193,3936.05517578125,1620273
2026-05-11,LT,3909.811514041804,3915.258313263493,3848.510361331151,3902.0869140625,2027769
2026-05-12,LT,3887.133070256449,3901.8888476132015,3809.788425575631,3819.196533203125,2255075
2026-05-13,LT,3810.7788666919755,3914.7632172643916,3810.7788666919755,3877.923095703125,2486330
2026-05-14,LT,3903.86953222323,3949.424580037098,3887.0339710746266,3902.284912109375,2982228
2026-05-15,LT,3911.197839728613,3911.197839728613,3855.3434867478295,3871.188720703125,1339185
2026-05-18,LT,3836.4280596540248,3886.7367247380407,3814.7399928548766,3879.903564453125,1771638
2026-05-19,LT,3902.780167473302,3921.695512743879,3862.2758837629112,3883.07275390625,2318170
2026-05-20,LT,3863.8604825083903,3905.3550931385853,3845.5394303407566,3872.872314453125,1972259
2026-05-21,LT,3931.5985745195367,3931.5985745195367,3874.8527835138552,3890.5,1624945
2026-05-22,LT,3907.0,3960.0,3900.10009765625,3926.60009765625,1330428
2026-05-25,LT,3970.0,4038.39990234375,3961.5,4033.39990234375,2099927
2026-05-26,LT,4029.60009765625,4052.89990234375,4014.199951171875,4037.800048828125,1552847
2026-05-27,LT,4043.0,4069.89990234375,4017.89990234375,4047.5,1607028
2026-05-28,LT,4047.5,4047.5,4047.5,4047.5,0
2026-05-29,LT,4045.800048828125,4128.0,4045.0,4076.5,4882940
2026-06-01,LT,4089.0,4105.7998046875,4002.10009765625,4010.800048828125,1409388
2026-06-02,LT,3980.0,4017.0,3923.5,4000.89990234375,2085054
2026-06-03,LT,4000.89990234375,4008.0,3894.0,3953.199951171875,1872929
2026-06-04,LT,3945.0,3974.89990234375,3930.10009765625,3942.10009765625,1398297
2026-06-05,LT,3960.0,3978.0,3923.89990234375,3953.199951171875,1278243
2026-06-08,LT,3901.10009765625,3916.699951171875,3863.10009765625,3875.5,1678709
2026-06-09,LT,3924.89990234375,3924.89990234375,3885.0,3900.60009765625,1506501
2026-06-10,LT,3904.0,3962.800048828125,3900.0,3917.5,2033070
2026-06-11,LT,3900.0,3909.800048828125,3854.39990234375,3862.0,2224659
2026-06-12,LT,3930.0,4059.800048828125,3921.0,4049.300048828125,3065790
2026-06-15,LT,4130.0,4214.89990234375,4130.0,4169.7998046875,3978153
2026-06-16,LT,4205.0,4235.39990234375,4177.10009765625,4186.39990234375,2647549
2026-06-17,LT,4200.10009765625,4214.7001953125,4172.0,4207.7001953125,1312925
2026-06-18,LT,4207.7001953125,4244.89990234375,4165.60009765625,4190.0,1485427
2026-06-19,LT,4190.0,4217.5,4161.60009765625,4209.39990234375,1397746
2026-06-22,LT,4228.0,4235.39990234375,4190.0,4201.2998046875,1169466
2026-06-23,LT,4210.0,4242.39990234375,4166.0,4179.39990234375,2198497
2026-06-24,LT,4176.5,4215.0,4170.0,4181.7001953125,1367416
2026-06-25,LT,4207.0,4272.2998046875,4187.10009765625,4216.39990234375,3104020
2026-06-26,LT,4216.39990234375,4216.39990234375,4216.39990234375,4216.39990234375,0
2026-06-29,LT,4225.0,4252.0,4157.7998046875,4165.2001953125,2706906
2026-06-30,LT,4183.0,4193.7998046875,4134.10009765625,4143.39990234375,1539094
2026-07-01,LT,4130.10009765625,4142.7998046875,4081.10009765625,4092.60009765625,1437109
2026-07-02,LT,4100.0,4110.0,4012.0,4059.39990234375,2481554
2026-07-03,LT,4080.0,4094.0,4019.0,4026.60009765625,1505428
2026-07-06,LT,4027.699951171875,4068.0,4016.5,4041.0,1252054
2026-07-07,LT,4044.5,4046.300048828125,3975.0,3991.89990234375,2442514
2026-07-08,LT,3950.0,3988.0,3871.0,3892.10009765625,2252308
2026-07-09,LT,3916.0,3947.300048828125,3867.800048828125,3886.0,5117653
2026-07-10,LT,3905.0,3953.800048828125,3905.0,3945.800048828125,1283990
2026-07-13,LT,3895.0,3939.0,3875.60009765625,3928.5,1744547
2026-07-14,LT,3892.0,3897.89990234375,3843.0,3848.699951171875,2409089
2026-07-15,LT,3868.0,3868.0,3778.60009765625,3783.89990234375,3602201
2026-07-16,LT,3795.0,3802.0,3762.300048828125,3775.60009765625,2936753
2026-07-17,LT,3788.89990234375,3828.89990234375,3767.699951171875,3814.5,1942610
2026-07-20,LT,3815.0,3850.0,3807.0,3838.800048828125,1450930
2026-07-21,LT,3839.0,3859.5,3815.699951171875,3846.60009765625,1393919
2026-07-22,LT,3835.0,3843.300048828125,3806.199951171875,3817.39990234375,1157406
2026-07-23,LT,3800.0,3827.60009765625,3777.699951171875,3792.39990234375,1278355
2026-07-24,LT,3751.0,3805.0,3720.0,3785.60009765625,1994087
2026-07-27,LT,3820.0,3837.300048828125,3798.699951171875,3806.0,1454211
2026-07-28,LT,3812.0,3837.0,3793.0,3832.0,1702441
2026-07-29,LT,3895.39990234375,3978.199951171875,3891.10009765625,3931.39990234375,3115802
2026-07-30,LT,3931.39990234375,3951.699951171875,3883.5,3937.699951171875,2141252
2026-07-31,LT,3962.89990234375,3973.10009765625,3923.199951171875,3938.89990234375,1753377
2026-08-03,LT,3974.0,4025.0,3962.5,4025.0,1890377
2026-08-04,LT,4007.199951171875,4042.39990234375,3988.199951171875,3990.0,1827982
2026-08-05,LT,4025.0,4074.0,4024.800048828125,4057.0,1910224
2026-08-06,LT,4056.0,4070.0,4045.0,4061.800048828125,1401341
2026-08-07,LT,4040.10009765625,4062.0,4030.0,4056.0,901290
2026-08-10,LT,4055.699951171875,4080.0,4025.800048828125,4080.0,1082855
2026-08-11,LT,4075.10009765625,4075.5,4028.5,4037.39990234375,1401285
2026-08-12,LT,4038.0,4044.10009765625,3990.0,4020.0,2226623
2026-08-13,LT,4010.0,4070.699951171875,3990.0,4070.699951171875,2299928
2026-08-14,LT,4068.699951171875,4072.5,4033.10009765625,4057.0,934044
2026-08-17,LT,4041.0,4086.699951171875,4026.0,4086.699951171875,1066164
2026-08-18,LT,4068.0,4085.0,4050.0,4064.300048828125,1355575
2026-08-19,LT,4064.0,4069.0,4024.800048828125,4041.300048828125,1190832
2026-08-20,LT,4050.5,4084.89990234375,4048.300048828125,4081.0,1056060
2026-08-21,LT,4081.0,4100.0,4061.39990234375,4093.0,1258912
2026-08-24,LT,4100.0,4107.10009765625,4077.699951171875,4090.0,1369496
2026-08-25,LT,4085.0,4125.2998046875,4066.60009765625,4119.0,1316074
2026-08-26,LT,4114.0,4124.89990234375,4038.10009765625,4038.10009765625,1384669
2026-08-27,LT,4058.0,4067.300048828125,4023.0,4027.0,1161440
2026-08-28,LT,4045.0,4060.0,4021.300048828125,4045.800048828125,893956
2026-03-02,WIPRO,192.79809388477366,198.0975702996301,192.50147841534536,196.32778930664062,10486866
2026-03-04,WIPRO,193.79668574400895,194.8941524318745,192.31362346778468,193.34188842773438,19562075
2026-03-05,WIPRO,194.18228431846163,194.74585523360835,191.03819948603214,193.4704132080078,13149281
2026-03-06,WIPRO,193.39132670391479,196.68371167846257,192.79809575929033,193.19357299804688,9022914
2026-03-09,WIPRO,191.8093886657331,197.24728370522553,190.85034051548527,196.50575256347656,25862728
2026-03-10,WIPRO,198.23599552495915,199.03684675887746,195.1907724366907,198.6611328125,12982340
2026-03-11,WIPRO,200.40126932343745,203.62445265408158,199.30380260783787,199.9464569091797,29199002
2026-03-12,WIPRO,198.78967321086512,201.49873917722337,197.44502942203997,200.22329711914062,19042475
2026-03-13,WIPRO,198.33487150232247,199.78827376725542,193.82634942522014,195.34896850585938,12629652
2026-03-16,WIPRO,194.02410546172283,196.05094523243446,190.59328675018614,192.9068603515625,12631649
2026-03-17,WIPRO,192.79809150296356,192.90685000419404,186.12431141247635,189.15965270996094,21778468
2026-03-18,WIPRO,190.8206791535338,195.76422006424713,190.5141820309079,192.1060028076172,24529164
2026-03-19,WIPRO,189.81219692550877,190.61304815752558,185.560748627745,186.2825164794922,13685195
2026-03-20,WIPRO,189.0311185851019,190.12858526393205,186.28251106271452,188.744384765625,24395304
2026-03-23,WIPRO,187.27122739211956,188.4675558887426,184.88843696343739,185.42233276367188,12014988
2026-03-24,WIPRO,189.33762442635032,189.33762442635032,185.67940702392252,186.60879516601562,11843191
2026-03-25,WIPRO,186.8658447771559,188.46754719042633,185.7782597517936,186.915283203125,13862888
2026-03-27,WIPRO,186.91528404898315,190.11868889002054,185.7782605925063,189.43649291992188,26269256
2026-03-30,WIPRO,187.84468006738422,189.46616094402066,184.3940829499458,185.52120971679688,27946986
2026-04-01,WIPRO,189.34750048944647,192.29386176497866,188.25993052973445,189.02122497558594,11769673
2026-04-02,WIPRO,188.3489148575087,193.1342589948106,186.4505968960953,192.70912170410156,16623045
2026-04-06,WIPRO,194.7755218511451,198.90831502251189,193.89557212745996,195.06224060058594,23282287
2026-04-07,WIPRO,194.785393724234,202.95213297211242,194.785393724234,202.40834045410156,24771466
2026-04-08,WIPRO,205.35468616494666,206.64000981747287,200.51002211291274,201.12301635742188,22084158
2026-04-09,WIPRO,201.40974996967785,201.8546656333442,199.35323514506428,200.5792236328125,14540807
2026-04-10,WIPRO,206.34340110912888,206.34340110912888,198.35463693487117,202.56654357910156,51219565
2026-04-13,WIPRO,200.71764227509874,201.10323786200135,198.04813320527367,200.6781005859375,21930624
2026-04-15,WIPRO,204.1682443539207,208.11319552342096,202.78405890137145,207.3815460205078,27890080
2026-04-16,WIPRO,210.57506011256086,210.57506011256086,205.85893304222714,207.88577270507812,36305074
2026-04-17,WIPRO,202.6851774819952,204.11880132981383,200.2134070248977,202.0128631591797,80542603
2026-04-20,WIPRO,202.19082884058898,202.8829215699336,199.71905831686541,200.19363403320312,27927164
2026-04-21,WIPRO,200.70777025254299,203.37727945042653,200.1936377498463,202.695068359375,21530723
2026-04-22,WIPRO,201.20211806951784,203.06089430736998,199.91679439624752,201.69647216796875,21790433
2026-04-23,WIPRO,201.69647787313727,202.58630924092267,200.01567690815918,200.47047424316406,20307250
2026-04-24,WIPRO,200.46059172429597,200.46059172429597,195.64558751770736,197.10887145996094,39363394
2026-04-27,WIPRO,197.1088670767416,202.9323577630474,197.1088670767416,202.734619140625,42632215
2026-04-28,WIPRO,202.25014872750128,203.35749709340243,198.7501283072838,199.30380249023438,23455983
2026-04-29,WIPRO,199.30380212644286,201.30099692828904,198.03825682872588,198.41395568847656,15667662
2026-04-30,WIPRO,198.6215879996505,199.8673548898837,197.74163831261896,198.38429260253906,15300274
2026-05-01,WIPRO,198.38429260253906,198.38429260253906,198.38429260253906,198.38429260253906,0
2026-05-04,WIPRO,200.11453203796404,201.0735801911796,197.80095848930563,198.48316955566406,8446995
2026-05-05,WIPRO,197.74164115770049,200.015673048312,197.34616390998104,197.5241241455078,8899200
2026-05-06,WIPRO,198.2458705308143,198.85887985748613,196.01139548878703,196.87156677246094,13166683
2026-05-07,WIPRO,197.2472894503983,198.01848065336037,194.96337588112686,195.13145446777344,19303572
2026-05-08,WIPRO,195.76422731131214,196.69361545076993,194.47890360964692,195.6752471923828,15970687
2026-05-11,WIPRO,195.64558361432836,196.00151917009842,193.93510756456368,194.45912170410156,9199527
2026-05-12,WIPRO,193.88567590965667,193.92521759794002,186.964718800399,187.42941284179688,27435195
2026-05-13,WIPRO,188.51698520689447,189.13987618247523,185.19492514794618,185.6793975830078,17242394
2026-05-14,WIPRO,186.12431340514985,188.03251293586302,184.88842818997622,186.1737518310547,18280387
2026-05-15,WIPRO,187.75567637057486,189.73309272028703,186.66810643012684,187.85455322265625,17902610
2026-05-18,WIPRO,188.83337738613744,190.57349832099325,187.0635813268366,190.0000457763672,16327369
2026-05-19,WIPRO,190.22744541611505,195.76421718940094,190.22744541611505,192.96617126464844,20534622
2026-05-20,WIPRO,192.41249770295815,195.70489772176057,191.81926676594372,194.89414978027344,16201692
2026-05-21,WIPRO,196.25856981438196,197.7811737431486,195.269861654108,197.4845733642578,18980608
2026-05-22,WIPRO,197.74164513500358,203.08066351905256,196.58485832134264,200.8165283203125,40014399
2026-05-25,WIPRO,204.6625914594157,207.18380031353246,201.7557870219509,204.50439453125,72041558
2026-05-26,WIPRO,204.65271807734212,206.33351901916558,200.64844680449008,201.4295196533203,46458415
2026-05-27,WIPRO,201.54817434786398,203.66400931070504,197.9393803347562,199.30380249023438,39465643
2026-05-28,WIPRO,199.30380249023438,199.30380249023438,199.30380249023438,199.30380249023438,0
2026-05-29,WIPRO,208.6174296235513,208.6174296235513,201.35041833903546,201.9436492919922,82734524
2026-06-01,WIPRO,202.78406404150158,205.40413481684354,202.78406404150158,204.0792694091797,26491139
2026-06-02,WIPRO,205.65130059655002,207.80667717859504,204.1781199832558,207.47052001953125,42476874
2026-06-03,WIPRO,205.6513050563035,206.046782300662,199.71905587198705,201.79534912109375,62282204
2026-06-04,WIPRO,200.7077611163172,202.7741575976932,199.81792978635795,202.0128631591797,40659957
2026-06-05,WIPRO,189.3573934689589,196.7529263768986,186.0254366679845,196.13003540039062,43539069
2026-06-08,WIPRO,191.20627694364634,191.70063104041222,178.95618302924748,179.7075958251953,75164049
2026-06-09,WIPRO,181.8926537660442,182.26836772005944,178.5607118680362,179.61862182617188,28381665
2026-06-10,WIPRO,180.04376407844163,180.2316059583898,176.4844086261751,176.9095458984375,16935979
2026-06-11,WIPRO,174.9716949876097,176.18780187459916,173.844568219707,175.36717224121094,14468882
2026-06-12,WIPRO,176.63271533495106,178.4123931267533,175.5649237463597,178.10589599609375,13850153
2026-06-15,WIPRO,180.93359633950593,180.93359633950593,178.86719987092152,179.33189392089844,13870660
2026-06-16,WIPRO,180.33049322515495,181.30931980268286,179.57908040249603,180.60733032226562,11706020
2026-06-17,WIPRO,181.92231459128,183.15819988062296,181.50705894443965,182.3870086669922,16131548
2026-06-18,WIPRO,182.38700509722617,182.6737238406862,179.65817586290345,180.77540588378906,18165845
2026-06-19,WIPRO,174.7640487007675,179.43075241675308,172.91516927167407,178.75843811035156,37469436
2026-06-22,WIPRO,178.7979825340377,180.34036487136882,177.96747128878084,178.1454315185547,10368112
2026-06-23,WIPRO,177.47312174316596,177.47312174316596,172.03522664797148,172.5196990966797,23954730
2026-06-24,WIPRO,169.56345003957682,173.50840104306232,169.553568389078,172.50979614257812,56627728
2026-06-25,WIPRO,174.01264927455358,174.39824488255462,170.74002743214902,173.02394104003906,21544904
2026-06-26,WIPRO,173.02394104003906,173.02394104003906,173.02394104003906,173.02394104003906,0
2026-06-29,WIPRO,174.2894741882829,174.6948481568508,172.62845171194016,173.49850463867188,24484011
2026-06-30,WIPRO,173.02393352580475,173.41941076783928,168.12983099480138,168.4659881591797,26845383
2026-07-01,WIPRO,169.0690946075389,170.2061029518828,167.33885533523951,168.20892333984375,34638511
2026-07-02,WIPRO,167.57616384420143,172.99428073688537,167.0916913788894,172.0352325439453,43447174
2026-07-03,WIPRO,174.21037599219633,176.1284722498395,172.61855524001209,174.09173583984375,29538753
2026-07-06,WIPRO,174.09174456499278,174.30926157953363,171.61009237280982,172.35162353515625,8304046
2026-07-07,WIPRO,171.93635542159686,174.210387371323,170.81912537882604,171.04652404785156,18837725
2026-07-08,WIPRO,171.04652093074372,173.4194146084817,170.29510811964104,170.76968383789062,16482564
2026-07-09,WIPRO,171.0465147541525,172.32194166541998,169.71175267956764,170.80921936035156,10270117
2026-07-10,WIPRO,173.25133076236907,175.21886547857812,173.0239321043918,173.47874450683594,16249590
2026-07-13,WIPRO,172.62845263285115,177.91803229401972,172.39115724075515,176.41519165039062,22417855
2026-07-14,WIPRO,176.48441426759663,178.46183067395626,174.71463322196033,175.1397705078125,14461463
2026-07-15,WIPRO,173.14258103959983,174.60588008759453,172.51970511124802,172.67788696289062,10398720
2026-07-16,WIPRO,173.61716675469336,175.98017876012347,173.42930978198925,175.73300170898438,11184572
2026-07-17,WIPRO,171.59031737522906,174.26970824635646,171.59031737522906,174.0126495361328,22960032
2026-07-20,WIPRO,175.0013456767054,175.79231522813527,173.8643373184864,174.3883514404297,10183661
2026-07-21,WIPRO,174.12140471814374,175.49570853646264,172.52958388514213,172.99427795410156,11350578
2026-07-22,WIPRO,172.79653613611436,172.984393107733,171.46177403307956,172.4702606201172,5057035
2026-07-23,WIPRO,171.84737282841516,173.5776122086231,171.3530187197843,172.84597778320312,9055905
2026-07-24,WIPRO,172.0352302981391,175.89118632194962,170.84878345131204,175.1199951171875,13282944
2026-07-27,WIPRO,177.5,178.77999877929688,175.61000061035156,178.52999877929688,12504426
2026-07-28,WIPRO,178.5500030517578,181.6999969482422,178.5500030517578,181.1199951171875,26873060
2026-07-29,WIPRO,183.0,185.75999450683594,181.4499969482422,183.61000061035156,26147867
2026-07-30,WIPRO,183.39999389648438,191.33999633789062,183.39999389648438,186.3300018310547,54015268
2026-07-31,WIPRO,184.85000610351562,185.24000549316406,180.8300018310547,183.64999389648438,18762810
2026-08-03,WIPRO,184.02000427246094,189.80999755859375,184.02000427246094,188.66000366210938,15840516
2026-08-04,WIPRO,189.0,189.39999389648438,186.3000030517578,186.3000030517578,11903457
2026-08-05,WIPRO,187.0,188.5399932861328,186.07000732421875,186.99000549316406,8829250
2026-08-06,WIPRO,186.0,188.24000549316406,185.41000366210938,186.1199951171875,6629768
2026-08-07,WIPRO,185.8699951171875,188.3699951171875,185.64999389648438,187.52999877929688,7823102
2026-08-10,WIPRO,187.52999877929688,187.88999938964844,185.0,185.5,5337618
2026-08-11,WIPRO,185.5,187.47999572753906,183.30999755859375,184.60000610351562,9182421
2026-08-12,WIPRO,184.50999450683594,185.0,181.91000366210938,183.94000244140625,8624548
2026-08-13,WIPRO,183.49000549316406,183.75,181.72000122070312,183.10000610351562,5434084
2026-08-14,WIPRO,183.5500030517578,185.83999633789062,183.10000610351562,184.0,7366162
2026-08-17,WIPRO,183.5,183.7100067138672,181.0,181.89999389648438,4436515
2026-08-18,WIPRO,181.89999389648438,181.99000549316406,178.05999755859375,178.05999755859375,7074731
2026-08-19,WIPRO,179.05999755859375,179.9499969482422,178.22000122070312,179.5500030517578,5964187
2026-08-20,WIPRO,181.55999755859375,182.4600067138672,180.50999450683594,181.0,5364164
2026-08-21,WIPRO,180.60000610351562,181.75999450683594,180.0,180.7899932861328,4637869
2026-08-24,WIPRO,181.0,183.9199981689453,180.55999755859375,181.30999755859375,9441129
2026-08-25,WIPRO,181.2899932861328,181.2899932861328,178.38999938964844,180.08999633789062,8352475
2026-08-26,WIPRO,180.08999633789062,180.9499969482422,176.66000366210938,177.35000610351562,9355776
2026-08-27,WIPRO,177.35000610351562,178.6999969482422,176.39999389648438,176.39999389648438,4695019
2026-08-28,WIPRO,178.25,181.85000610351562,178.25,180.9499969482422,14686269
2026-03-02,HCLTECH,1312.2242981891923,1346.2197463288087,1311.2529996709177,1331.6502685546875,2088938
2026-03-04,HCLTECH,1317.080808041033,1342.3345698471294,1317.080808041033,1324.8511962890625,3161598
2026-03-05,HCLTECH,1338.643498816475,1338.643498816475,1294.255206333629,1315.2352294921875,2217963
2026-03-06,HCLTECH,1317.080758597693,1341.169008688996,1315.3323738808347,1317.7606201171875,1871596
2026-03-09,HCLTECH,1291.8270860425002,1333.3014871677035,1289.8844889206318,1319.606201171875,2256550
2026-03-10,HCLTECH,1321.9373243586176,1325.2397631364865,1306.3965475843795,1322.4229736328125,1671877
2026-03-11,HCLTECH,1327.959283660933,1336.506758028498,1308.2419949259765,1311.54443359375,1837000
2026-03-12,HCLTECH,1311.25298917672,1324.2684129307795,1302.5113025822084,1319.1204833984375,2616965
2026-03-13,HCLTECH,1311.252927306642,1317.7605795932589,1283.0852718311662,1287.3590087890625,2190786
2026-03-16,HCLTECH,1275.1207179295407,1299.3059557205356,1265.0191898185524,1290.4671630859375,3618375
2026-03-17,HCLTECH,1290.4671115039953,1290.4671115039953,1260.4539653473184,1283.182373046875,2285672
2026-03-18,HCLTECH,1288.427519984832,1338.8379381853317,1288.427519984832,1318.246337890625,2564106
2026-03-19,HCLTECH,1302.899825821349,1315.3323754260534,1271.6239431203578,1274.1494140625,1663249
2026-03-20,HCLTECH,1296.586405720121,1313.6812357960657,1290.7586146555914,1295.4207763671875,5050431
2026-03-23,HCLTECH,1277.0633953429879,1325.8225356751977,1272.401114823816,1319.606201171875,5166409
2026-03-24,HCLTECH,1340.3919298664168,1353.9901088650618,1320.965959868353,1333.88427734375,3555664
2026-03-25,HCLTECH,1309.3103756668886,1370.8907241704983,1309.3103756668886,1341.6546630859375,4167275
2026-03-27,HCLTECH,1337.4780839327325,1367.005583137401,1320.7717965419583,1325.23974609375,8956139
2026-03-30,HCLTECH,1311.2529249424974,1320.188823374682,1297.8489587275135,1303.093994140625,5541018
2026-04-01,HCLTECH,1359.5264850203223,1359.5264850203223,1310.281697700231,1315.5267333984375,2469237
2026-04-02,HCLTECH,1308.3390820367895,1372.2505708873946,1302.7055032991818,1361.9547119140625,6509389
2026-04-06,HCLTECH,1356.9039655583058,1381.4778643297457,1354.0871762758024,1363.023193359375,2134581
2026-04-07,HCLTECH,1351.0761971608322,1404.98326325891,1348.2594078315547,1400.223876953125,3459049
2026-04-08,HCLTECH,1408.2857488059858,1423.9236312751325,1390.8023754342585,1419.067138671875,4239052
2026-04-09,HCLTECH,1417.0274334936837,1426.837524825088,1394.784673688786,1422.855224609375,3101205
2026-04-10,HCLTECH,1410.3255482102886,1415.7647965837057,1380.312398161064,1409.5484619140625,3450066
2026-04-13,HCLTECH,1399.6411847669165,1406.2460622119338,1376.8156692623902,1388.3741455078125,2252652
2026-04-15,HCLTECH,1403.526280064429,1432.5681278427714,1395.8529984877596,1409.6455078125,3993858
2026-04-16,HCLTECH,1418.0957990201716,1426.5460484780597,1393.9104428440883,1408.5770263671875,5229848
2026-04-17,HCLTECH,1401.8751070484177,1416.1531469053489,1388.9567901746564,1400.90380859375,3319268
2026-04-20,HCLTECH,1404.400493568223,1410.228284438359,1383.129033178886,1387.3056640625,2352656
2026-04-21,HCLTECH,1388.9568315587173,1413.2392936489045,1381.5749867966422,1399.8353271484375,3091487
2026-04-22,HCLTECH,1306.3965083504145,1319.0233891002697,1244.2334031203575,1248.4100341796875,33066256
2026-04-23,HCLTECH,1252.9751562640483,1257.15178754495,1235.4917819905966,1240.9310302734375,8304759
2026-04-24,HCLTECH,1251.6218619302792,1252.0178436546378,1185.9918485183598,1191.040283203125,10903519
2026-04-27,HCLTECH,1196.7816837673115,1219.549242680999,1188.8625328408116,1215.78759765625,6066942
2026-04-28,HCLTECH,1215.4907250223948,1220.2421431663045,1180.2505268992788,1183.9130859375,6643295
2026-04-29,HCLTECH,1187.8727482542276,1198.5636513231816,1180.0525618275544,1188.0706787109375,4777201
2026-04-30,HCLTECH,1187.8727402459547,1201.4342390290972,1172.0344370426753,1186.9818115234375,5070033
2026-05-01,HCLTECH,1186.9818115234375,1186.9818115234375,1186.9818115234375,1186.9818115234375,0
2026-05-04,HCLTECH,1195.7918803363182,1201.2362970100348,1179.359665088433,1188.36767578125,3318673
2026-05-05,HCLTECH,1187.8727482542276,1193.2181997887046,1177.9738086854425,1188.0706787109375,2459953
2026-05-06,HCLTECH,1195.7919057864779,1199.751481633453,1174.4102203801453,1177.0828857421875,3541520
2026-05-07,HCLTECH,1182.9231744098379,1183.913068279637,1169.1636254523005,1171.4404296875,3725309
2026-05-08,HCLTECH,1167.8769370248579,1190.644498001188,1164.90725515838,1186.2889404296875,2813749
2026-05-11,HCLTECH,1184.804006505599,1194.1090331242458,1179.0625736796997,1182.82421875,2505962
2026-05-12,HCLTECH,1171.0444630813495,1172.0343569639203,1131.0527260581548,1134.220458984375,3959561
2026-05-13,HCLTECH,1134.7154964657793,1142.931543844691,1125.6083995174693,1131.646728515625,2635034
2026-05-14,HCLTECH,1127.4891556166244,1131.6466616749285,1092.2489568340422,1112.6407470703125,5837032
2026-05-15,HCLTECH,1110.5619921830983,1140.3577744488487,1110.4630269602867,1121.15380859375,3729249
2026-05-18,HCLTECH,1117.5902205133277,1137.8830455979364,1110.0670509907557,1135.0123291015625,2588569
2026-05-19,HCLTECH,1144.3174142705511,1186.1899769855322,1140.6548549643858,1167.48095703125,5756760
2026-05-20,HCLTECH,1154.4141906480702,1169.0646683575774,1150.652666418684,1157.9779052734375,1415960
2026-05-21,HCLTECH,1161.8384595944722,1168.6687518922563,1151.4445733090024,1156.39404296875,2245247
2026-05-22,HCLTECH,1158.0769708112805,1164.1152998147552,1148.1780311870052,1152.236572265625,2044782
2026-05-25,HCLTECH,1156.1961159082641,1166.0950552567938,1150.3557175252993,1153.9193115234375,1419803
2026-05-26,HCLTECH,1153.9192390579726,1161.838390039478,1148.2768923183116,1150.15771484375,1196820
2026-05-27,HCLTECH,1143.6244635296307,1157.9779249858127,1142.0405366306575,1153.42431640625,1004168
2026-05-28,HCLTECH,1153.42431640625,1153.42431640625,1153.42431640625,1153.42431640625,0
2026-05-29,HCLTECH,1168.0747806951965,1179.6564907792917,1165.1050990493613,1171.83642578125,12446602
2026-06-01,HCLTECH,1178.072747125031,1200.5434119372007,1178.072747125031,1183.022216796875,5970435
2026-06-02,HCLTECH,1197.7716587190891,1244.2966735618968,1190.0504377083842,1230.93310546875,7663067
2026-06-03,HCLTECH,1216.3817277239782,1217.5695521230916,1164.907242593571,1167.0849609375,4800922
2026-06-04,HCLTECH,1154.6123413674918,1164.610246215695,1146.4951383776315,1156.4931640625,2025595
2026-06-05,HCLTECH,1167.0848647183482,1170.5494932395648,1135.4082610957976,1143.0303955078125,1971395
2026-06-08,HCLTECH,1130.3598899886003,1147.2870518319028,1120.856932535927,1139.6649169921875,1546444
2026-06-09,HCLTECH,1146.9900420972515,1147.2870586092952,1124.9154800807084,1134.7154541015625,2225582
2026-06-10,HCLTECH,1129.2710855592654,1140.3578496517691,1118.5801823841139,1120.658935546875,1600595
2026-06-11,HCLTECH,1101.6530107998524,1102.7418699870848,1078.4894679990384,1098.980224609375,3435236
2026-06-12,HCLTECH,1108.6811510385824,1111.155885750722,1089.3782202838927,1098.38623046875,2203987
2026-06-15,HCLTECH,1112.1457872602355,1116.6003097726264,1101.7519013979902,1107.98828125,2361006
2026-06-16,HCLTECH,1129.4688977693256,1150.1577036749375,1126.0042692485608,1147.2869873046875,8343470
2026-06-17,HCLTECH,1157.1860191207213,1161.7395070902196,1147.58409621033,1155.00830078125,2263670
2026-06-18,HCLTECH,1140.3578288590681,1156.9880955312617,1124.6184909080034,1150.058837890625,3368037
2026-06-19,HCLTECH,1098.7822889851088,1124.5195317901655,1080.370285607286,1120.262939453125,10014063
2026-06-22,HCLTECH,1124.519489786046,1137.0910941981099,1115.6104445324595,1119.0750732421875,2312385
2026-06-23,HCLTECH,1110.2650463176826,1114.4226734702142,1094.3277776579753,1098.287353515625,3235632
2026-06-24,HCLTECH,1086.5075036113628,1110.1659916215428,1082.1519463516245,1102.642822265625,3503015
2026-06-25,HCLTECH,1121.5497933111187,1122.0447402631537,1086.4085597166397,1089.576171875,5877425
2026-06-26,HCLTECH,1089.576171875,1089.576171875,1089.576171875,1089.576171875,0
2026-06-29,HCLTECH,1084.5277065108403,1097.0994312395699,1075.0247494674097,1091.259033203125,5186504
2026-06-30,HCLTECH,1091.35807971494,1094.5256920198099,1057.8006506475288,1060.9683837890625,3794233
2026-07-01,HCLTECH,1059.1864801751997,1065.6207905687872,1019.5907239069678,1023.7482299804688,3819777
2026-07-02,HCLTECH,1038.3987015097157,1071.956128900288,1037.408807609325,1067.20458984375,3726609
2026-07-03,HCLTECH,1115.7093743357589,1147.2870134549564,1103.8306477080976,1127.4891357421875,12768463
2026-07-06,HCLTECH,1133.4285739039879,1136.2992905292433,1114.6205888348386,1122.7376708984375,2747815
2026-07-07,HCLTECH,1123.529612762691,1163.1253700406712,1122.5397188307415,1156.39404296875,5179529
2026-07-08,HCLTECH,1153.2264273281507,1164.6102075120768,1130.1618504469234,1134.0224609375,3091794
2026-07-09,HCLTECH,1132.5375461008239,1150.1577052219316,1109.6710220003508,1138.77392578125,2033525
2026-07-10,HCLTECH,1161.1455289767832,1179.4585658788042,1141.8425981881667,1152.33544921875,3979475
2026-07-13,HCLTECH,1150.2567271120654,1224.4987706003656,1150.2567271120654,1208.8583984375,9028077
2026-07-14,HCLTECH,1187.8726953172163,1196.88070575604,1152.2365144577,1154.9091796875,9754723
2026-07-15,HCLTECH,1145.3072123070285,1169.6585774419905,1132.9335388810666,1156.196044921875,3253196
2026-07-16,HCLTECH,1163.521297781958,1191.8322387544756,1162.8282995597583,1175.4000244140625,5147444
2026-07-17,HCLTECH,1197.800048828125,1223.5,1195.800048828125,1203.9000244140625,5037972
2026-07-20,HCLTECH,1205.0,1224.699951171875,1200.0999755859375,1221.300048828125,3612829
2026-07-21,HCLTECH,1219.0,1240.699951171875,1217.199951171875,1239.5,4642320
2026-07-22,HCLTECH,1243.800048828125,1243.800048828125,1227.699951171875,1237.300048828125,2377718
2026-07-23,HCLTECH,1236.0,1248.800048828125,1228.800048828125,1244.699951171875,1878476
2026-07-24,HCLTECH,1237.0,1276.0,1236.5999755859375,1271.0,3674904
2026-07-27,HCLTECH,1284.5999755859375,1303.0,1277.300048828125,1295.9000244140625,3847049
2026-07-28,HCLTECH,1301.0,1342.0,1301.0,1318.5999755859375,5187064
2026-07-29,HCLTECH,1344.0,1352.699951171875,1323.199951171875,1344.300048828125,3061520
2026-07-30,HCLTECH,1349.0,1369.9000244140625,1345.5999755859375,1352.699951171875,3747919
2026-07-31,HCLTECH,1317.699951171875,1356.5,1294.300048828125,1346.9000244140625,3369019
2026-08-03,HCLTECH,1352.0,1377.0,1343.5,1377.0,2314332
2026-08-04,HCLTECH,1375.699951171875,1375.9000244140625,1347.4000244140625,1369.9000244140625,3013543
2026-08-05,HCLTECH,1370.0,1375.0,1337.0999755859375,1350.0,3215211
2026-08-06,HCLTECH,1349.9000244140625,1363.199951171875,1332.5,1335.0,3821560
2026-08-07,HCLTECH,1329.0,1369.0,1328.0,1356.5999755859375,1725616
2026-08-10,HCLTECH,1356.5999755859375,1367.5,1351.5999755859375,1357.199951171875,1321698
2026-08-11,HCLTECH,1360.0999755859375,1379.800048828125,1358.0,1365.4000244140625,1828636
2026-08-12,HCLTECH,1370.0,1370.0,1340.4000244140625,1365.4000244140625,1418468
2026-08-13,HCLTECH,1362.9000244140625,1372.9000244140625,1354.0,1370.0,778760
2026-08-14,HCLTECH,1372.800048828125,1374.9000244140625,1346.5,1360.0,1033374
2026-08-17,HCLTECH,1355.0999755859375,1362.800048828125,1325.0,1325.0,970745
2026-08-18,HCLTECH,1318.0,1320.0,1292.5,1298.0,3056990
2026-08-19,HCLTECH,1309.0,1324.800048828125,1301.4000244140625,1324.800048828125,1693632
2026-08-20,HCLTECH,1339.699951171875,1345.300048828125,1318.4000244140625,1318.4000244140625,1510868
2026-08-21,HCLTECH,1319.9000244140625,1321.699951171875,1302.5,1302.5,1484443
2026-08-24,HCLTECH,1302.5,1325.800048828125,1301.0,1322.0,1091648
2026-08-25,HCLTECH,1322.0,1322.9000244140625,1294.4000244140625,1315.800048828125,1314934
2026-08-26,HCLTECH,1319.5,1323.0,1296.5999755859375,1298.5,834925
2026-08-27,HCLTECH,1295.0,1304.699951171875,1280.0,1282.0,1936771
2026-08-28,HCLTECH,1290.0,1334.199951171875,1290.0,1316.0999755859375,3459476
2026-03-02,ASIANPAINT,2280.2168323371657,2317.7907433233195,2263.8587550617035,2287.255859375,2528308
2026-03-04,ASIANPAINT,2241.254922068388,2271.1951134569463,2197.236917991508,2265.544189453125,1610358
2026-03-05,ASIANPAINT,2265.5440929266383,2293.105023152167,2234.315036191103,2268.121826171875,925040
2026-03-06,ASIANPAINT,2242.2461232483765,2288.0486893030497,2234.314934596808,2259.89306640625,979742
2026-03-09,ASIANPAINT,2181.077101186327,2210.8190616570496,2143.998887282437,2201.6982421875,2198153
2026-03-10,ASIANPAINT,2232.233312704302,2285.2731408487366,2232.233312704302,2260.785400390625,1192174
2026-03-11,ASIANPAINT,2270.3028787592407,2282.199662403394,2206.8533659904233,2212.8017578125,687786
2026-03-12,ASIANPAINT,2189.0080695446873,2230.547573323493,2182.068279469138,2202.094482421875,1384055
2026-03-13,ASIANPAINT,2185.736493312427,2200.6074726410466,2171.162981978515,2177.904541015625,949233
2026-03-16,ASIANPAINT,2166.602530791707,2208.637979123367,2156.3913182449023,2198.624755859375,1111587
2026-03-17,ASIANPAINT,2198.624813304225,2242.0481240756235,2198.1291139621785,2218.948486328125,875461
2026-03-18,ASIANPAINT,2215.8750606338967,2250.871236838399,2209.430969870703,2242.642822265625,844912
2026-03-19,ASIANPAINT,2200.9050648122998,2219.741639691324,2161.844053721548,2167.197509765625,889334
2026-03-20,ASIANPAINT,2191.883035494523,2205.366153071308,2166.205908950689,2176.516357421875,875920
2026-03-23,ASIANPAINT,2161.2490060531636,2161.2490060531636,2096.8080953222207,2103.053955078125,978398
2026-03-24,ASIANPAINT,2165.2146480848346,2205.3662933446494,2134.7787579873834,2198.228271484375,1561016
2026-03-25,ASIANPAINT,2205.9611632253836,2270.005368767247,2202.887730691226,2250.673095703125,1270855
2026-03-27,ASIANPAINT,2226.978883613762,2249.483585042764,2182.167712081868,2188.413330078125,1089010
2026-03-30,ASIANPAINT,2166.503380287283,2183.951850191729,2132.498360349631,2146.576171875,1513565
2026-04-01,ASIANPAINT,2205.6636307072044,2227.276168370157,2179.4905627154985,2206.655029296875,1209900
2026-04-02,ASIANPAINT,2166.206128976487,2166.305365661368,2123.972448135313,2150.34375,1854061
2026-04-06,ASIANPAINT,2150.3435162351893,2174.3353134208273,2127.4421122612302,2165.511962890625,2048228
2026-04-07,ASIANPAINT,2149.0548763211227,2179.7882354882618,2126.550174629453,2167.395751953125,1793007
2026-04-08,ASIANPAINT,2264.850100281215,2316.7992900724025,2225.8880869174877,2262.76806640625,2914767
2026-04-09,ASIANPAINT,2255.431824787587,2269.9063412266696,2232.629656888636,2250.078369140625,1980060
2026-04-10,ASIANPAINT,2248.1946997294717,2356.4553853234625,2248.1946997294717,2340.394775390625,3018178
2026-04-13,ASIANPAINT,2260.2896157134237,2342.1792384979185,2242.5436772411817,2332.166015625,1734562
2026-04-15,ASIANPAINT,2379.8523513508994,2405.1330157789134,2360.520078553006,2402.258056640625,1182431
2026-04-16,ASIANPAINT,2414.0555975912685,2425.5559181989383,2390.8569671041973,2419.31005859375,1496210
2026-04-17,ASIANPAINT,2404.1416069129846,2464.7161582374533,2396.706117407068,2442.80615234375,1286575
2026-04-20,ASIANPAINT,2448.7545957036955,2502.0918899615717,2435.3707143101733,2495.152099609375,1203157
2026-04-21,ASIANPAINT,2494.656448384103,2559.7912906799447,2492.0787151016143,2521.7216796875,1681872
2026-04-22,ASIANPAINT,2478.496591328449,2549.8772931587087,2478.496591328449,2540.85546875,1126584
2026-04-23,ASIANPAINT,2508.238527355777,2519.837842888377,2488.41055480751,2499.71240234375,1378614
2026-04-24,ASIANPAINT,2499.7124304630092,2517.061906637907,2449.4485678958704,2463.724853515625,436871
2026-04-27,ASIANPAINT,2481.470673800435,2498.1262185409096,2454.20721254214,2463.82373046875,452134
2026-04-28,ASIANPAINT,2453.711703700179,2477.5052717360595,2434.974365688199,2441.41845703125,556571
2026-04-29,ASIANPAINT,2448.6554645929264,2456.586653908799,2417.6248800271264,2426.25,603585
2026-04-30,ASIANPAINT,2405.8269334704287,2434.7757241733725,2364.9813595711516,2423.473876953125,823684
2026-05-01,ASIANPAINT,2423.473876953125,2423.473876953125,2423.473876953125,2423.473876953125,0
2026-05-04,ASIANPAINT,2438.8405150757653,2485.4362484938797,2421.292808558354,2427.04296875,581159
2026-05-05,ASIANPAINT,2409.0986328125,2433.7843614929498,2394.227653597608,2409.0986328125,327682
2026-05-06,ASIANPAINT,2438.840730371055,2507.24723866195,2419.4092196054808,2497.333251953125,1395987
2026-05-07,ASIANPAINT,2512.799090655162,2533.8166934225105,2489.699453926799,2508.83349609375,1053513
2026-05-08,ASIANPAINT,2518.1524303726387,2584.972598834762,2493.7639281283514,2577.537109375,2327900
2026-05-11,ASIANPAINT,2556.7177847784324,2585.468344538891,2533.0234547576356,2544.028076171875,1271257
2026-05-12,ASIANPAINT,2524.2990937915256,2533.717380591815,2478.496526391938,2483.94921875,628802
2026-05-13,ASIANPAINT,2532.0321540727255,2619.6716979847315,2532.0321540727255,2595.085205078125,3515018
2026-05-14,ASIANPAINT,2597.464479177054,2642.7713493560886,2587.5504926153094,2599.6455078125,1040916
2026-05-15,ASIANPAINT,2599.6455492931773,2617.2924940627995,2570.498525152845,2583.1884765625,796240
2026-05-18,ASIANPAINT,2557.907795315493,2596.869569262112,2534.0149906453235,2591.51611328125,898479
2026-05-19,ASIANPAINT,2606.3869513982067,2623.240727805118,2572.7786352618723,2578.330322265625,688639
2026-05-20,ASIANPAINT,2539.963249067585,2591.5159769955762,2539.963249067585,2576.24853515625,586190
2026-05-21,ASIANPAINT,2602.4213727320252,2625.5210089438397,2568.515588398281,2576.44677734375,1031843
2026-05-22,ASIANPAINT,2583.684151755406,2641.7799681669367,2577.8347544208896,2617.09423828125,1556434
2026-05-25,ASIANPAINT,2649.0172659355308,2661.013286747998,2630.378922392816,2634.939453125,815621
2026-05-26,ASIANPAINT,2627.2063736290493,2641.383422468467,2613.227556107807,2624.232177734375,486267
2026-05-27,ASIANPAINT,2622.0512104312984,2666.4659185712258,2619.275245789924,2648.91796875,858457
2026-05-28,ASIANPAINT,2648.91796875,2648.91796875,2648.91796875,2648.91796875,0
2026-05-29,ASIANPAINT,2653.081899183728,2724.56159325931,2608.964661335609,2648.62060546875,5062328
2026-06-01,ASIANPAINT,2709.095901351661,2754.8984680974218,2604.106644768003,2609.757568359375,2224344
2026-06-02,ASIANPAINT,2603.511962617927,2649.1162982589444,2585.468314449159,2637.814208984375,1026319
2026-06-03,ASIANPAINT,2629.288299864542,2652.982629371886,2602.1238332482144,2639.49951171875,958774
2026-06-04,ASIANPAINT,2640.9868104093725,2675.5867690885616,2622.15023574918,2638.706787109375,1840743
2026-06-05,ASIANPAINT,2643.0686735140903,2676.577994677205,2642.077274911872,2663.590576171875,1615011
2026-06-08,ASIANPAINT,2620.5640072762417,2651.9912949616705,2607.477593967183,2636.3271484375,1262904
2026-06-09,ASIANPAINT,2643.2668941356555,2695.6127885292044,2638.6073691322094,2684.806640625,1416560
2026-06-10,ASIANPAINT,2687.7809874156337,2720.397906312803,2676.7763655410236,2691.74658203125,1395772
2026-06-11,ASIANPAINT,2670.7285903296975,2683.4185408112085,2648.0256592178175,2667.75439453125,771558
2026-06-12,ASIANPAINT,2702.255252386737,2729.320483944781,2686.0954059806704,2723.7685546875,1078025
2026-06-15,ASIANPAINT,2796.041569265256,2808.3348153056413,2706.518225699372,2715.73828125,2752021
2026-06-16,ASIANPAINT,2717.423619460817,2747.1655780831534,2711.4752277363496,2724.462646484375,962931
2026-06-17,ASIANPAINT,2740.2258274031,2745.083583898793,2708.9967703976017,2714.449462890625,557209
2026-06-18,ASIANPAINT,2721.3892363671166,2741.2172089453834,2704.7336909932365,2731.30322265625,600888
2026-06-19,ASIANPAINT,2729.2212838160262,2729.2212838160262,2695.4147346165373,2709.393310546875,838991
2026-06-22,ASIANPAINT,2719.1090391012117,2732.790388930441,2647.034405385191,2651.0,1033475
2026-06-23,ASIANPAINT,2669.0,2695.39990234375,2650.10009765625,2661.199951171875,1182151
2026-06-24,ASIANPAINT,2662.0,2687.60009765625,2653.60009765625,2667.5,1264476
2026-06-25,ASIANPAINT,2690.0,2690.699951171875,2637.10009765625,2645.199951171875,2050810
2026-06-26,ASIANPAINT,2645.199951171875,2645.199951171875,2645.199951171875,2645.199951171875,0
2026-06-29,ASIANPAINT,2631.300048828125,2687.800048828125,2630.0,2656.89990234375,4752587
2026-06-30,ASIANPAINT,2658.0,2672.10009765625,2630.300048828125,2635.699951171875,1821479
2026-07-01,ASIANPAINT,2648.0,2723.0,2624.0,2716.39990234375,1097512
2026-07-02,ASIANPAINT,2720.0,2759.89990234375,2711.0,2744.5,1629567
2026-07-03,ASIANPAINT,2744.0,2762.39990234375,2730.0,2737.800048828125,472124
2026-07-06,ASIANPAINT,2724.0,2758.0,2722.0,2754.89990234375,504943
2026-07-07,ASIANPAINT,2750.0,2751.800048828125,2726.39990234375,2731.39990234375,489066
2026-07-08,ASIANPAINT,2676.60009765625,2713.10009765625,2653.300048828125,2665.89990234375,1481672
2026-07-09,ASIANPAINT,2658.0,2722.800048828125,2656.0,2673.800048828125,918568
2026-07-10,ASIANPAINT,2695.0,2728.199951171875,2672.89990234375,2677.800048828125,982095
2026-07-13,ASIANPAINT,2650.5,2664.39990234375,2630.10009765625,2652.10009765625,1107802
2026-07-14,ASIANPAINT,2604.0,2655.89990234375,2579.89990234375,2641.0,975301
2026-07-15,ASIANPAINT,2644.89990234375,2684.0,2644.89990234375,2670.0,809114
2026-07-16,ASIANPAINT,2688.0,2693.10009765625,2660.10009765625,2674.699951171875,455037
2026-07-17,ASIANPAINT,2665.0,2700.0,2665.0,2689.0,452284
2026-07-20,ASIANPAINT,2689.0,2708.5,2666.699951171875,2691.39990234375,571087
2026-07-21,ASIANPAINT,2695.0,2720.0,2680.5,2692.39990234375,1000078
2026-07-22,ASIANPAINT,2683.0,2700.0,2665.60009765625,2692.800048828125,528096
2026-07-23,ASIANPAINT,2671.10009765625,2693.39990234375,2656.0,2668.800048828125,584245
2026-07-24,ASIANPAINT,2620.10009765625,2657.10009765625,2620.10009765625,2637.89990234375,645563
2026-07-27,ASIANPAINT,2665.800048828125,2723.89990234375,2664.300048828125,2710.199951171875,715239
2026-07-28,ASIANPAINT,2712.0,2749.800048828125,2706.300048828125,2736.199951171875,1282146
2026-07-29,ASIANPAINT,2746.199951171875,2864.0,2718.5,2758.39990234375,3803474
2026-07-30,ASIANPAINT,2758.10009765625,2767.89990234375,2666.199951171875,2746.199951171875,2387024
2026-07-31,ASIANPAINT,2773.89990234375,2774.89990234375,2732.39990234375,2747.300048828125,891738
2026-08-03,ASIANPAINT,2770.89990234375,2810.0,2762.10009765625,2810.0,1040453
2026-08-04,ASIANPAINT,2774.89990234375,2807.300048828125,2732.39990234375,2775.0,820097
2026-08-05,ASIANPAINT,2787.0,2787.0,2748.699951171875,2760.0,688876
2026-08-06,ASIANPAINT,2788.0,2788.0,2741.60009765625,2755.0,797083
2026-08-07,ASIANPAINT,2755.0,2755.0,2695.0,2735.0,1067986
2026-08-10,ASIANPAINT,2724.699951171875,2761.5,2713.5,2750.0,977656
2026-08-11,ASIANPAINT,2742.10009765625,2747.60009765625,2720.0,2735.5,951134
2026-08-12,ASIANPAINT,2733.199951171875,2748.39990234375,2698.199951171875,2740.0,648174
2026-08-13,ASIANPAINT,2725.0,2755.5,2720.0,2755.5,579435
2026-08-14,ASIANPAINT,2751.0,2751.0,2690.300048828125,2696.300048828125,667311
2026-08-17,ASIANPAINT,2694.5,2714.60009765625,2687.5,2687.5,312900
2026-08-18,ASIANPAINT,2663.10009765625,2670.10009765625,2610.10009765625,2628.39990234375,1017022
2026-08-19,ASIANPAINT,2625.0,2634.89990234375,2601.0,2630.800048828125,742443
2026-08-20,ASIANPAINT,2635.10009765625,2641.800048828125,2607.0,2625.199951171875,476939
2026-08-21,ASIANPAINT,2620.199951171875,2644.0,2615.5,2640.0,330334
2026-08-24,ASIANPAINT,2640.39990234375,2642.699951171875,2622.0,2640.800048828125,355289
2026-08-25,ASIANPAINT,2631.0,2640.0,2605.199951171875,2639.800048828125,479480
2026-08-26,ASIANPAINT,2660.89990234375,2678.699951171875,2626.5,2626.5,339110
2026-08-27,ASIANPAINT,2637.89990234375,2655.89990234375,2627.89990234375,2631.0,525106
2026-08-28,ASIANPAINT,2645.0,2645.0,2583.800048828125,2608.699951171875,482544
2026-03-02,MARUTI,14263.748579545456,14537.994318181818,14062.767045454546,14244.9375,603744
2026-03-04,MARUTI,14009.304154729216,14042.966086973796,13656.84392299186,14017.224609375,710366
2026-03-05,MARUTI,14157.812411929848,14425.127751176076,13940.989970096796,14271.6689453125,448650
2026-03-06,MARUTI,14196.425075537203,14322.162294631507,13974.652342646463,14018.21484375,390629
2026-03-09,MARUTI,13662.784090909092,13662.784090909092,13232.109375,13373.6875,676224
2026-03-10,MARUTI,13584.569865803818,13770.700551232805,13370.717588927962,13729.1181640625,353715
2026-03-11,MARUTI,13712.286931818182,13809.3125,13307.353693181818,13362.796875,392182
2026-03-12,MARUTI,13296.462701632272,13296.462701632272,12837.076350660018,12881.62890625,544683
2026-03-13,MARUTI,12770.74317057757,12833.116751455653,12358.879525414359,12465.8056640625,939594
2026-03-16,MARUTI,12407.391522179,12745.99093971692,12276.70402769068,12630.154296875,1416170
2026-03-17,MARUTI,12662.826266881311,12969.74386990971,12559.860361349203,12843.0166015625,1178941
2026-03-18,MARUTI,12969.744674710682,13044.988994960913,12885.589842851874,12918.26171875,458827
2026-03-19,MARUTI,12641.045184637669,12710.34916043064,12380.660247015512,12473.7255859375,569346
2026-03-20,MARUTI,12479.66628198841,12629.16486259771,12431.153497552277,12475.7060546875,725481
2026-03-23,MARUTI,12376.70064340095,12376.70064340095,12155.917966536828,12232.15234375,517985
2026-03-24,MARUTI,12474.716088585124,12524.218930206494,12209.380857494583,12340.068359375,583568
2026-03-25,MARUTI,12424.223099010576,12652.926225623967,12381.65065552843,12584.6123046875,540649
2026-03-27,MARUTI,12500.456933979993,12520.258069627038,12219.280807791944,12265.8134765625,775339
2026-03-30,MARUTI,12177.698331225622,12300.465371312774,12079.682710510879,12183.638671875,635675
2026-04-01,MARUTI,12771.733320759053,12771.733320759053,12210.371088753596,12384.62109375,501882
2026-04-02,MARUTI,12265.813485067121,12546.989611450128,12117.30496761131,12505.4072265625,438227
2026-04-06,MARUTI,12505.407582074968,12593.522638270413,12296.50559491498,12561.8408203125,382650
2026-04-07,MARUTI,12514.318094135802,12707.379172328561,12371.749913316533,12670.7470703125,359542
2026-04-08,MARUTI,13217.258609860912,13608.331055620842,13078.650654401696,13466.7529296875,1026292
2026-04-09,MARUTI,13435.070756764433,13636.052286876678,13197.457125104635,13453.8818359375,549914
2026-04-10,MARUTI,13514.27512620017,13659.813473713095,13454.871719052036,13572.6884765625,471921
2026-04-13,MARUTI,13268.740931322174,13286.56195331619,12837.076176356015,12945.982421875,1347910
2026-04-15,MARUTI,13118.253017944822,13339.035691378913,13068.750176367672,13156.865234375,699458
2026-04-16,MARUTI,13246.959781882733,13301.412905051908,13105.381661642881,13202.4072265625,527309
2026-04-17,MARUTI,13167.755681818182,13511.305397727274,13124.193181818182,13319.234375,549308
2026-04-20,MARUTI,13340.025034560875,13398.43838449698,13196.466801667055,13316.263671875,348629
2026-04-21,MARUTI,13322.204012981949,13408.338952721057,13287.552025730583,13327.154296875,292879
2026-04-22,MARUTI,13318.244228637906,13395.468659936876,13167.755593286065,13204.3876953125,434640
2026-04-23,MARUTI,13118.252572752423,13225.178706930328,12994.495473009474,13029.1474609375,541086
2026-04-24,MARUTI,13068.75035925046,13121.22337205654,12848.957739572155,12918.26171875,464098
2026-04-27,MARUTI,13022.217329545456,13138.053977272728,12913.311079545456,13090.53125,312786
2026-04-28,MARUTI,13090.53125,13174.686079545456,12700.448863636364,12763.8125,836679
2026-04-29,MARUTI,12959.844100640228,13413.29013563589,12959.844100640228,13125.18359375,754798
2026-04-30,MARUTI,13003.40598726552,13227.158823653674,12841.036672364382,13181.6162109375,612975
2026-05-01,MARUTI,13181.6162109375,13181.6162109375,13181.6162109375,13181.6162109375,0
2026-05-04,MARUTI,13424.180486368396,13837.034182276326,13301.413440103208,13444.9716796875,722127
2026-05-05,MARUTI,13425.170544209928,13433.090998808282,13227.15917925108,13292.5029296875,419490
2026-05-06,MARUTI,13420.22008275659,13625.16184278098,13245.970083895272,13585.5595703125,435208
2026-05-07,MARUTI,13585.559305215142,13732.08771048929,13536.056465595499,13633.08203125,726199
2026-05-08,MARUTI,13536.056464465248,13651.893109165543,13490.513852018978,13589.51953125,270505
2026-05-11,MARUTI,13412.2991807102,13521.20542636445,13099.4412386489,13348.935546875,634354
2026-05-12,MARUTI,13308.34365940181,13321.214397950553,13019.247070460779,13041.0283203125,302512
2026-05-13,MARUTI,13055.879618753816,13152.905189591602,12856.878192851827,12972.71484375,307027
2026-05-14,MARUTI,13102.412201392208,13102.412201392208,12797.474695118308,12944.9931640625,286648
2026-05-15,MARUTI,12948.952949350229,13192.506923319199,12948.952949350229,13089.541015625,268206
2026-05-18,MARUTI,12996.475404595185,13008.356086004125,12722.22967540551,12886.5791015625,373184
2026-05-19,MARUTI,12904.400210930264,12973.704186284347,12771.732600966734,12827.17578125,342737
2026-05-20,MARUTI,12722.230289103956,12942.022905771744,12626.19477641578,12873.708984375,300695
2026-05-21,MARUTI,12972.713952158196,13019.246620688413,12804.404300027623,12880.638671875,213095
2026-05-22,MARUTI,12969.744586834431,13021.227542446293,12844.997425159534,12857.8681640625,387975
2026-05-25,MARUTI,13014.296431950575,13104.391599337985,12970.733933433585,13039.0478515625,276553
2026-05-26,MARUTI,13056.868786317951,13196.466791995146,13003.40572031392,13076.669921875,256901
2026-05-27,MARUTI,13076.670279061284,13283.592151284467,12971.72425774235,13231.119140625,322020
2026-05-28,MARUTI,13231.119140625,13231.119140625,13231.119140625,13231.119140625,0
2026-05-29,MARUTI,13322.2042724442,13373.68722593462,12920.241212499763,12996.4755859375,963291
2026-06-01,MARUTI,13068.749818959524,13135.083624858788,12784.603516077601,12817.275390625,295359
2026-06-02,MARUTI,12573.721244576485,12921.231178186434,12573.721244576485,12892.51953125,586599
2026-06-03,MARUTI,12884.599077521274,13074.68998138512,12782.62322805265,12914.30078125,607808
2026-06-04,MARUTI,12860.83833300841,13132.113906776256,12820.246002627091,12934.1025390625,465070
2026-06-05,MARUTI,13020.236947512572,13043.998310659123,12786.583543238146,12920.2412109375,295703
2026-06-08,MARUTI,12771.73259976185,12899.449925759469,12713.319249111775,12783.61328125,372902
2026-06-09,MARUTI,12948.952593994141,13026.177022645532,12723.219648705459,12989.544921875,428323
2026-06-10,MARUTI,12987.565251825088,13073.700194416091,12920.24138865051,12943.0126953125,203885
2026-06-11,MARUTI,12940.042082104615,13085.580428399135,12839.056290798213,12967.763671875,308710
2026-06-12,MARUTI,13100.431993958551,13284.582564611233,12999.446197149016,13233.099609375,559038
2026-06-15,MARUTI,13415.269886363638,13822.183238636364,13385.568181818182,13667.734375,613280
2026-06-16,MARUTI,13723.177826460473,13736.048565349729,13525.166458933447,13554.8681640625,280511
2026-06-17,MARUTI,13563.778587559611,13603.380860807962,13425.170631190389,13494.474609375,241534
2026-06-18,MARUTI,13510.314981529034,13577.638843374556,13299.43288486586,13349.92578125,373512
2026-06-19,MARUTI,13349.925600153974,13372.69690605753,13220.228162181551,13261.810546875,719756
2026-06-22,MARUTI,13316.264382485935,13360.816939899458,13246.960404287123,13287.552734375,254533
2026-06-23,MARUTI,13286.562145704782,13414.279471844566,13104.391696017026,13317.25390625,398558
2026-06-24,MARUTI,13306.363366168478,13306.363366168478,13069.739791427834,13116.2724609375,327495
2026-06-25,MARUTI,13225.179063551519,13778.620828525714,13193.497245163015,13608.3310546875,981556
2026-06-26,MARUTI,13608.3310546875,13608.3310546875,13608.3310546875,13608.3310546875,0
2026-06-29,MARUTI,13603.38022707044,13702.38590557896,13238.049273374007,13278.6416015625,1358592
2026-06-30,MARUTI,13607.341254870706,14059.797232277277,13375.667953529048,13974.65234375,1511415
2026-07-01,MARUTI,14010.294295911666,14404.336916911796,13930.099692140282,14251.8681640625,1397790
2026-07-02,MARUTI,14287.5096753059,14345.923026483439,14133.060814565293,14205.3349609375,327088
2026-07-03,MARUTI,14306.321022727274,14375.625,14190.484375,14223.15625,384188
2026-07-06,MARUTI,14205.335579733328,14381.565697742286,14148.902339696751,14312.26171875,214686
2026-07-07,MARUTI,14319.192026324868,14452.849699252605,14270.679241336282,14393.4462890625,524759
2026-07-08,MARUTI,14331.071982617173,14355.82340227627,13741.988194730664,13812.2822265625,481076
2026-07-09,MARUTI,13860.795454545456,13897.427556818182,13563.77840909091,13591.5,576451
2026-07-10,MARUTI,13662.784002476721,13847.924626278398,13639.022638994153,13716.2470703125,430154
2026-07-13,MARUTI,13545.957386363638,13703.376420454546,13401.409090909092,13558.828125,458633
2026-07-14,MARUTI,13483.583358648135,13553.877390402597,13336.06489764229,13354.8759765625,368645
2026-07-15,MARUTI,13368.736862886974,13470.712712466871,13301.4130010284,13447.94140625,456369
2026-07-16,MARUTI,13469.723011363638,13707.336647727274,13448.931818181818,13645.953125,356847
2026-07-17,MARUTI,13613.28089624991,13746.938563231271,13563.778056627181,13665.75390625,237330
2026-07-20,MARUTI,13686.545545360366,13694.465999958376,13243.990144696587,13379.6279296875,517730
2026-07-21,MARUTI,13385.568358369494,13519.22603058694,13215.278583396153,13461.802734375,341101
2026-07-22,MARUTI,13460.81223266196,13582.589218879775,13356.856268817482,13410.3193359375,299404
2026-07-23,MARUTI,13406.35928530751,13433.090819219578,13239.0396841542,13269.7314453125,327912
2026-07-24,MARUTI,13207.357954545456,13360.816761363638,13065.779829545456,13308.34375,223369
2026-07-27,MARUTI,13443.98188529907,13623.182174071377,13366.757451463493,13593.48046875,333477
2026-07-28,MARUTI,13592.489526965068,13710.306283736052,13533.086120189782,13664.763671875,481068
2026-07-29,MARUTI,13642.982954545456,13840.994318181818,13583.579545454546,13809.3125,515674
2026-07-30,MARUTI,13800.401639754988,14108.309302425465,13687.535165335583,14046.92578125,626000
2026-07-31,MARUTI,14108.30965909091,14205.335227272728,13983.5625,14092.46875,535417
2026-08-03,MARUTI,14157.812230841431,14296.420182751766,13762.779567896974,14009.3037109375,961183
2026-08-04,MARUTI,13983.5625,14112.269886363638,13875.646306818182,14027.125,619717
2026-08-05,MARUTI,14098.409090909092,14107.319602272728,13948.910511363638,14048.90625,312540
2026-08-06,MARUTI,14039.995738636364,14039.995738636364,13845.944602272728,13940.0,333510
2026-08-07,MARUTI,13811.0,14038.0,13811.0,14037.0,324104
2026-08-10,MARUTI,14039.0,14119.0,13954.0,14097.0,299446
2026-08-11,MARUTI,14120.0,14175.0,13980.0,13990.0,334931
2026-08-12,MARUTI,13990.0,14067.0,13875.0,13875.0,354408
2026-08-13,MARUTI,13884.0,13938.0,13825.0,13905.0,220061
2026-08-14,MARUTI,13905.0,13943.0,13760.0,13834.0,216810
2026-08-17,MARUTI,13834.0,13920.0,13760.0,13760.0,177071
2026-08-18,MARUTI,13762.0,13890.0,13691.0,13691.0,267433
2026-08-19,MARUTI,13744.0,13745.0,13628.0,13690.0,175646
2026-08-20,MARUTI,13758.0,13826.0,13681.0,13809.0,186272
2026-08-21,MARUTI,13809.0,13809.0,13565.0,13565.0,224951
2026-08-24,MARUTI,13623.0,13694.0,13505.0,13620.0,230499
2026-08-25,MARUTI,13609.0,13678.0,13450.0,13678.0,296429
2026-08-26,MARUTI,13750.0,13750.0,13514.0,13520.0,197113
2026-08-27,MARUTI,13520.0,13580.0,13404.0,13440.0,315555
2026-08-28,MARUTI,13500.0,13525.0,13318.0,13376.0,277509
2026-03-02,SUNPHARMA,1707.5249320167618,1755.2997485653734,1707.5249320167618,1747.9190673828125,3919270
2026-03-04,SUNPHARMA,1716.7008558401753,1752.606754378093,1716.5014273265674,1745.92431640625,4914857
2026-03-05,SUNPHARMA,1745.4255099522363,1790.2081659578266,1743.4307379408624,1779.8353271484375,3600895
2026-03-06,SUNPHARMA,1779.8353352303507,1800.8801556956626,1767.168581601097,1794.6964111328125,3669921
2026-03-09,SUNPHARMA,1768.265719033581,1810.2556465961165,1765.3732751929072,1802.675537109375,4112775
2026-03-10,SUNPHARMA,1805.2686718483699,1820.329176196971,1798.5862343049998,1808.0614013671875,3298680
2026-03-11,SUNPHARMA,1818.2347533954419,1838.1824742226,1813.3475374425432,1821.127197265625,2510495
2026-03-12,SUNPHARMA,1823.2217022324428,1828.8070397708743,1803.6729599723185,1820.52880859375,2606057
2026-03-13,SUNPHARMA,1817.2373241097612,1828.5078348093941,1792.302673669177,1796.890625,2554627
2026-03-16,SUNPHARMA,1796.8906233466914,1813.247778370909,1764.176435049479,1778.5386962890625,2452391
2026-03-17,SUNPHARMA,1789.4102081541055,1801.3788402203515,1776.4441900823388,1789.70947265625,1979497
2026-03-18,SUNPHARMA,1794.895860542458,1800.281769410607,1768.5648452157923,1773.651611328125,2436459
2026-03-19,SUNPHARMA,1755.8981006464253,1779.3366722824328,1733.3572007850205,1739.8402099609375,2301164
2026-03-20,SUNPHARMA,1750.5122189773597,1776.643806343623,1749.7143831940332,1772.4547119140625,3591446
2026-03-23,SUNPHARMA,1770.1607438237093,1770.360172325736,1736.5487621491013,1753.8035888671875,2783613
2026-03-24,SUNPHARMA,1770.360269981955,1775.2474860634186,1740.5384022106048,1748.717041015625,2040152
2026-03-25,SUNPHARMA,1762.08185696297,1804.7700279040193,1750.9111820864912,1790.7069091796875,1900794
2026-03-27,SUNPHARMA,1780.3341252885439,1814.245251484516,1780.3341252885439,1788.91162109375,2975423
2026-03-30,SUNPHARMA,1782.1294134471775,1785.3210000540466,1745.5252729651668,1752.606689453125,4182503
2026-04-01,SUNPHARMA,1757.493958921637,1783.3262823279758,1708.7217560446363,1723.9818115234375,3245628
2026-04-02,SUNPHARMA,1660.6477572282658,1695.5562686414726,1615.7653854112857,1689.1729736328125,3937824
2026-04-06,SUNPHARMA,1679.8974066842584,1694.5589332152347,1650.5742318710768,1690.17041015625,3533715
2026-04-07,SUNPHARMA,1685.3829186545368,1719.3937570486605,1676.9051376185505,1713.5091552734375,2471378
2026-04-08,SUNPHARMA,1725.477811018551,1744.6275738623137,1681.0941332206748,1710.1180419921875,4859877
2026-04-09,SUNPHARMA,1698.249188710168,1726.375548537777,1698.249188710168,1712.611572265625,3276165
2026-04-10,SUNPHARMA,1694.758348256462,1695.556305806745,1626.138260225138,1650.57421875,8089531
2026-04-13,SUNPHARMA,1650.5741187712865,1664.337972545746,1635.8127572437804,1647.881103515625,3751005
2026-04-15,SUNPHARMA,1670.621646636875,1694.7583405325704,1653.3668191382837,1692.1651611328125,3760449
2026-04-16,SUNPHARMA,1709.4199951863202,1709.4199951863202,1662.2435857760172,1688.67431640625,4512633
2026-04-17,SUNPHARMA,1692.464447589694,1692.464447589694,1666.133430975012,1671.120361328125,3146482
2026-04-20,SUNPHARMA,1675.6085061778801,1675.6085061778801,1660.647715944149,1664.23828125,1834532
2026-04-21,SUNPHARMA,1662.8419400281655,1678.5009737453106,1655.561095062034,1660.84716796875,3631490
2026-04-22,SUNPHARMA,1660.8472294269625,1669.524561257251,1648.0807608250266,1665.435302734375,2169514
2026-04-23,SUNPHARMA,1664.6372913221383,1708.522276833327,1656.8576315537557,1675.708251953125,3245164
2026-04-24,SUNPHARMA,1666.0336068840952,1668.9260506484607,1609.3820331070247,1616.164306640625,9606128
2026-04-27,SUNPHARMA,1620.752361551774,1762.2814690430637,1617.6604890892131,1728.96875,26995361
2026-04-28,SUNPHARMA,1719.4935227215092,1759.289249830796,1709.8189268916053,1742.732666015625,16599167
2026-04-29,SUNPHARMA,1751.409922236535,1785.121619781898,1745.42560587354,1774.050537109375,9809449
2026-04-30,SUNPHARMA,1766.3706938370256,1810.255680019312,1756.7958121111358,1803.5732421875,4749798
2026-05-01,SUNPHARMA,1803.5732421875,1803.5732421875,1803.5732421875,1803.5732421875,0
2026-05-04,SUNPHARMA,1815.2425473848368,1836.1876537008156,1805.2686872343706,1818.7333984375,4206373
2026-05-05,SUNPHARMA,1823.720351054043,1826.9119376411513,1793.8984844853044,1816.04052734375,3011421
2026-05-06,SUNPHARMA,1832.1982001127149,1852.943878950574,1813.6468436670452,1845.3636474609375,3247156
2026-05-07,SUNPHARMA,1845.3636068874173,1852.2455949299965,1821.5261778758204,1829.60498046875,2201070
2026-05-08,SUNPHARMA,1817.237379159211,1852.6445838574284,1814.4446495247767,1843.0697021484375,2837885
2026-05-11,SUNPHARMA,1822.4237442361311,1880.870664243333,1820.2295436237603,1867.8048095703125,2564978
2026-05-12,SUNPHARMA,1870.098825897452,1874.487348825803,1835.1903144806995,1840.8753662109375,3263351
2026-05-13,SUNPHARMA,1840.8754228536075,1855.1380923717963,1815.242649525091,1820.0301513671875,1972365
2026-05-14,SUNPHARMA,1847.15891508369,1862.6183984442716,1824.9171580644283,1858.32958984375,2429220
2026-05-15,SUNPHARMA,1869.1014326201364,1882.9651228793568,1858.3296147241836,1873.2904052734375,2756465
2026-05-18,SUNPHARMA,1873.2904073331254,1906.0047180706204,1860.1249603357965,1900.818359375,3456331
2026-05-19,SUNPHARMA,1895.532137669472,1911.5900282976427,1875.0857241876388,1877.3797607421875,2200951
2026-05-20,SUNPHARMA,1875.085745254722,1887.9520494527255,1867.1066569770423,1875.385009765625,1376695
2026-05-21,SUNPHARMA,1887.0544447908255,1894.634554573989,1863.216893363148,1886.3563232421875,1605806
2026-05-22,SUNPHARMA,1898.0256911488698,1898.0256911488698,1828.3083805078693,1839.7783203125,3610732
2026-05-25,SUNPHARMA,1835.1902890233214,1844.1667632631095,1820.2294986236748,1835.7886962890625,3049028
2026-05-26,SUNPHARMA,1825.2164632581498,1840.0775396862894,1811.153344366898,1835.98828125,2337759
2026-05-27,SUNPHARMA,1860.1249683456458,1877.0805310597884,1825.2164568753522,1839.4791259765625,1385752
2026-05-28,SUNPHARMA,1839.4791259765625,1839.4791259765625,1839.4791259765625,1839.4791259765625,0
2026-05-29,SUNPHARMA,1839.4791568937894,1847.956938393352,1780.6333794262384,1794.4969482421875,10058572
2026-06-01,SUNPHARMA,1807.2635612540878,1807.3632755109752,1772.4547630143454,1791.8040771484375,2051152
2026-06-02,SUNPHARMA,1789.5100004365775,1795.2948882213368,1761.8824555794397,1785.2213134765625,2885899
2026-06-03,SUNPHARMA,1776.344555793743,1791.604611065623,1752.207862074128,1783.824951171875,4209769
2026-06-04,SUNPHARMA,1782.3288875719447,1788.712182700288,1763.9769597346683,1775.4468994140625,2343536
2026-06-05,SUNPHARMA,1784.3236557230784,1798.1873462636822,1774.3497951544755,1777.5413818359375,2495159
2026-06-08,SUNPHARMA,1776.0452214162383,1798.78567117174,1768.8640908361967,1784.1241455078125,3098542
2026-06-09,SUNPHARMA,1783.0269411279453,1791.9037010655218,1761.483427423542,1774.3497314453125,3756570
2026-06-10,SUNPHARMA,1774.9481948916955,1792.9011438388493,1766.3706991894119,1781.73046875,1882009
2026-06-11,SUNPHARMA,1775.3471764963138,1800.281827851599,1774.050525925348,1789.510009765625,1858093
2026-06-12,SUNPHARMA,1802.2766099040036,1809.757005351862,1787.8145120381441,1802.9747314453125,1243362
2026-06-15,SUNPHARMA,1813.2478071954165,1813.2478071954165,1793.1006580381795,1801.2791748046875,2188933
2026-06-16,SUNPHARMA,1803.2740089811539,1805.169066858537,1787.9142392004271,1795.9930419921875,1373638
2026-06-17,SUNPHARMA,1809.2583064507962,1818.6337597319334,1797.8880810567034,1815.6416015625,1771990
2026-06-18,SUNPHARMA,1812.7491843471719,1825.2165102367674,1807.7622539913339,1820.0301513671875,2054738
2026-06-19,SUNPHARMA,1819.2320823323498,1837.8831520198078,1816.1402100514372,1833.4947509765625,2126703
2026-06-22,SUNPHARMA,1840.1772827341445,1860.324432467924,1829.2060360620167,1858.030517578125,1588758
2026-06-23,SUNPHARMA,1865.1118374483488,1897.4271685009069,1856.33479186575,1863.1170654296875,2812236
2026-06-24,SUNPHARMA,1863.1170713805882,1877.1801898068245,1860.025199092032,1869.5003662109375,1406231
2026-06-25,SUNPHARMA,1865.11191700582,1882.067479887691,1853.1432843833227,1857.9307861328125,1816438
2026-06-26,SUNPHARMA,1857.9307861328125,1857.9307861328125,1857.9307861328125,1857.9307861328125,0
2026-06-29,SUNPHARMA,1871.8941861612434,1892.1410499127524,1851.04879337913,1869.8994140625,1655869
2026-06-30,SUNPHARMA,1880.0726552668834,1887.952029206841,1854.5395974023631,1857.6314697265625,2352774
2026-07-01,SUNPHARMA,1872.9912670511767,1882.4664344219946,1855.3374611095492,1861.32177734375,1230360
2026-07-02,SUNPHARMA,1871.096183055101,1877.0804992055969,1863.4163593624537,1866.1092529296875,1485296
2026-07-03,SUNPHARMA,1875.0857010730883,1920.0677858283739,1866.7076342286875,1899.8209228515625,2168491
2026-07-06,SUNPHARMA,1899.0230030546934,1911.989021457903,1895.0334589306287,1907.800048828125,1213635
2026-07-07,SUNPHARMA,1900.5999755859375,1924.9000244140625,1898.5999755859375,1903.4000244140625,2060613
2026-07-08,SUNPHARMA,1904.0,1929.5,1875.0999755859375,1888.199951171875,2785926
2026-07-09,SUNPHARMA,1889.9000244140625,1952.0,1888.199951171875,1938.699951171875,4446201
2026-07-10,SUNPHARMA,1942.800048828125,1953.9000244140625,1926.5999755859375,1935.5,1478172
2026-07-13,SUNPHARMA,1925.9000244140625,1933.0999755859375,1911.0,1921.4000244140625,1573176
2026-07-14,SUNPHARMA,1910.0,1950.800048828125,1910.0,1942.5999755859375,2822124
2026-07-15,SUNPHARMA,1955.0,1962.699951171875,1943.300048828125,1951.5,2283494
2026-07-16,SUNPHARMA,1950.0,1957.699951171875,1943.0,1950.0999755859375,1396189
2026-07-17,SUNPHARMA,1948.699951171875,1952.5999755859375,1922.5,1932.5999755859375,2475664
2026-07-20,SUNPHARMA,1942.0,1958.800048828125,1935.0,1956.4000244140625,1676034
2026-07-21,SUNPHARMA,1952.0999755859375,1966.5,1938.199951171875,1961.9000244140625,1412579
2026-07-22,SUNPHARMA,1938.0,1951.800048828125,1925.199951171875,1943.0,1718430
2026-07-23,SUNPHARMA,1929.0999755859375,1958.5,1926.800048828125,1954.0,2057288
2026-07-24,SUNPHARMA,1945.0,1959.800048828125,1934.800048828125,1941.0999755859375,1578929
2026-07-27,SUNPHARMA,1948.5,1977.0,1933.0,1973.699951171875,5414380
2026-07-28,SUNPHARMA,1978.800048828125,1993.0,1970.9000244140625,1976.699951171875,4579529
2026-07-29,SUNPHARMA,1977.0,1992.699951171875,1960.4000244140625,1989.9000244140625,2682295
2026-07-30,SUNPHARMA,1993.0999755859375,2017.300048828125,1988.0,2001.0999755859375,2224264
2026-07-31,SUNPHARMA,2016.4000244140625,2046.9000244140625,1965.300048828125,1990.5,4954449
2026-08-03,SUNPHARMA,1983.199951171875,1988.0,1935.199951171875,1963.5,3972351
2026-08-04,SUNPHARMA,1951.0999755859375,1965.0,1947.0,1964.0,1452888
2026-08-05,SUNPHARMA,1967.800048828125,1968.199951171875,1934.0,1940.0,2152829
2026-08-06,SUNPHARMA,1930.0,1965.9000244140625,1930.0,1951.0,1864891
2026-08-07,SUNPHARMA,1955.0,1957.0,1925.0999755859375,1945.0,2425268
2026-08-10,SUNPHARMA,1949.9000244140625,1965.0,1939.800048828125,1944.4000244140625,1726946
2026-08-11,SUNPHARMA,1939.0,1951.0999755859375,1928.5999755859375,1942.0,2125972
2026-08-12,SUNPHARMA,1942.0,1945.699951171875,1926.800048828125,1944.0,1536383
2026-08-13,SUNPHARMA,1943.0,1946.300048828125,1931.0999755859375,1932.0,1216049
2026-08-14,SUNPHARMA,1932.0,1937.0,1914.699951171875,1930.0,881282
2026-08-17,SUNPHARMA,1945.0,1949.800048828125,1880.4000244140625,1882.0,1893086
2026-08-18,SUNPHARMA,1890.0,1899.0,1868.300048828125,1875.0999755859375,1819169
2026-08-19,SUNPHARMA,1871.0,1900.0,1871.0,1900.0,1566692
2026-08-20,SUNPHARMA,1905.0,1911.5999755859375,1890.300048828125,1904.0,893691
2026-08-21,SUNPHARMA,1916.0,1917.4000244140625,1882.800048828125,1902.4000244140625,1491953
2026-08-24,SUNPHARMA,1902.4000244140625,1923.0,1892.5999755859375,1910.0,2317987
2026-08-25,SUNPHARMA,1906.5,1922.0,1896.199951171875,1922.0,1221044
2026-08-26,SUNPHARMA,1926.9000244140625,1926.9000244140625,1899.5,1899.5,648845
2026-08-27,SUNPHARMA,1907.0999755859375,1925.0,1898.0,1913.300048828125,1107552
2026-08-28,SUNPHARMA,,,,,1140656
2026-03-02,TITAN,4274.772990574043,4315.838437820091,4179.286505722781,4256.33349609375,770589
2026-03-04,TITAN,4191.247060748651,4224.437954570289,4070.144440562929,4190.64892578125,1024050
2026-03-05,TITAN,4224.139244667133,4288.428291689557,4159.551373495063,4261.2177734375,691367
2026-03-06,TITAN,4236.100014943159,4287.929944537757,4213.175238391702,4230.7177734375,580562
2026-03-09,TITAN,4146.394356825195,4185.964709183034,4099.249250278276,4145.59716796875,576017
2026-03-10,TITAN,4161.445028420832,4229.023087280567,4161.445028420832,4206.2978515625,788850
2026-03-11,TITAN,4178.289896824444,4221.049493326745,4112.705293022249,4126.7587890625,454575
2026-03-12,TITAN,4086.590462979199,4165.332084095139,4020.60702661123,4116.09375,1071366
2026-03-13,TITAN,4077.620005949474,4133.6363933228595,4032.7671826134374,4059.878173828125,868825
2026-03-16,TITAN,4043.7313942292744,4111.508997090401,3989.110571490407,4077.4208984375,1013667
2026-03-17,TITAN,4077.121826171875,4096.55805049906,4023.2984357273617,4077.121826171875,1126905
2026-03-18,TITAN,4070.3439664557445,4161.145872456678,4064.4633600951647,4131.94189453125,751307
2026-03-19,TITAN,4090.9761095476442,4124.566085473674,4004.759015235318,4024.693603515625,567278
2026-03-20,TITAN,4033.6642475921135,4136.327379255284,4027.6838709903755,4093.169189453125,1019586
2026-03-23,TITAN,4043.3327314437556,4045.72478475568,3812.4900964992553,3840.498291015625,1533645
2026-03-24,TITAN,3937.3802406338946,3971.966702524462,3830.431126173528,3886.746337890625,1300547
2026-03-25,TITAN,3937.081366043934,4083.6005966283537,3927.612436176233,4026.08935546875,1306823
2026-03-27,TITAN,3986.917766152832,4019.6105405037147,3959.009341789762,3968.478271484375,1040658
2026-03-30,TITAN,3929.107403218326,3994.2934104401893,3901.29874952784,3938.4765625,1488223
2026-04-01,TITAN,3986.917833753536,4086.5907795973744,3986.917833753536,4052.20361328125,781974
2026-04-02,TITAN,3982.930835009521,4095.6610318057337,3931.798566161915,4083.800048828125,1614868
2026-04-06,TITAN,4091.5742720255826,4243.974103115695,4091.5742720255826,4232.212890625,1678285
2026-04-07,TITAN,4221.448008238725,4229.621384331442,4155.165500389534,4216.763671875,1274146
2026-04-08,TITAN,4337.068733542139,4490.266247239322,4295.007042060272,4477.80712890625,3834533
2026-04-09,TITAN,4460.364368818537,4482.691011562465,4399.663641560751,4425.279296875,1385274
2026-04-10,TITAN,4415.611175793522,4509.104202301997,4410.62752860897,4490.26611328125,1565192
2026-04-13,TITAN,4376.738695227283,4481.2955150452835,4376.738695227283,4424.78076171875,850456
2026-04-15,TITAN,4475.415043264428,4519.171369197922,4432.754730388897,4507.41015625,918513
2026-04-16,TITAN,4539.105836555689,4539.105836555689,4425.478681226891,4446.80859375,1283713
2026-04-17,TITAN,4446.80860763948,4516.978262584491,4315.838457109326,4511.09765625,2124034
2026-04-20,TITAN,4517.277374817795,4534.122004205732,4453.088099309882,4498.23974609375,1646815
2026-04-21,TITAN,4498.73808672063,4529.636697707301,4450.39671146729,4465.048828125,656106
2026-04-22,TITAN,4447.108126662484,4477.308835307954,4430.662090201536,4440.03125,596352
2026-04-23,TITAN,4396.5736146026165,4459.367570104762,4379.130849185354,4441.9248046875,680187
2026-04-24,TITAN,4460.862435947686,4471.9262296400375,4347.13551391155,4395.57666015625,958536
2026-04-27,TITAN,4424.282272732981,4449.400048324654,4374.047208233913,4427.2724609375,649222
2026-04-28,TITAN,4397.868888135784,4460.364015495882,4381.024258799593,4402.5537109375,620778
2026-04-29,TITAN,4405.444477800803,4457.772774865154,4395.776493972833,4425.279296875,702730
2026-04-30,TITAN,4423.485027207771,4423.485027207771,4343.746676108938,4370.85791015625,869299
2026-05-01,TITAN,4370.85791015625,4370.85791015625,4370.85791015625,4370.85791015625,0
2026-05-04,TITAN,4392.686333602758,4432.854334640852,4338.464350375783,4348.73046875,709160
2026-05-05,TITAN,4340.756633847013,4382.619269581015,4316.1372224440165,4359.2958984375,850790
2026-05-06,TITAN,4383.117745600278,4426.57524685031,4283.046206403137,4345.341796875,1459870
2026-05-07,TITAN,4335.673340752591,4344.743676091845,4247.064189912217,4293.412109375,1377631
2026-05-08,TITAN,4299.890693872671,4589.938953473262,4199.619617443652,4494.2529296875,4777990
2026-05-11,TITAN,4336.1714356672355,4365.176358217959,4136.5267337657515,4191.84521484375,5925166
2026-05-12,TITAN,4146.394386830651,4199.8191810747485,4033.763962380683,4042.036865234375,1978748
2026-05-13,TITAN,4016.819616977272,4096.557971656722,3972.0665627502894,4077.321044921875,2841521
2026-05-14,TITAN,4101.541651857563,4133.436993986225,4045.8245734134175,4121.67578125,1127140
2026-05-15,TITAN,4141.410861180254,4180.283309696747,4128.851972784219,4155.46484375,901617
2026-05-18,TITAN,4116.592404667953,4169.020471149777,4052.3033550510295,4156.06298828125,851825
2026-05-19,TITAN,4122.7718541827335,4154.268602329223,4081.6071223236186,4088.584228515625,711398
2026-05-20,TITAN,4039.744471133866,4103.236331934217,4039.744471133866,4092.9697265625,913576
2026-05-21,TITAN,4106.525312929425,4122.871578488693,4056.6888406851363,4069.74609375,863060
2026-05-22,TITAN,4043.9306045995263,4100.345344469957,4040.8408893642713,4066.456787109375,768112
2026-05-25,TITAN,4106.624950595387,4156.361650952179,4096.9564806185,4145.59716796875,606086
2026-05-26,TITAN,4138.320744313574,4146.394349879764,4077.6200205187774,4092.47119140625,766717
2026-05-27,TITAN,4084.8961156102055,4151.477934967971,4077.7199555713896,4124.36669921875,474044
2026-05-28,TITAN,4124.36669921875,4124.36669921875,4124.36669921875,4124.36669921875,0
2026-05-29,TITAN,4102.737972358301,4149.6835402843,4045.724852927872,4061.57275390625,2001419
2026-06-01,TITAN,4086.590555568834,4091.5742025878203,3993.894721015687,4011.437255859375,450200
2026-06-02,TITAN,4004.2607791244304,4074.6299753506637,3972.963571856102,4064.762451171875,522015
2026-06-03,TITAN,4043.7312022976257,4090.37794384958,3988.9110849384024,4075.42724609375,959352
2026-06-04,TITAN,4061.672322312249,4259.821933203119,4039.046613504238,4217.162109375,1761933
2026-06-05,TITAN,4255.038114520642,4274.972703953861,4209.388099392295,4246.26708984375,1390200
2026-06-08,TITAN,4183.073988834731,4224.239207403382,4167.027033930725,4178.6884765625,666737
2026-06-09,TITAN,4177.193341811167,4203.208077712957,4073.8325468327307,4091.474609375,1284964
2026-06-10,TITAN,4091.4745404929363,4105.6282930748075,4021.8032506621894,4028.880126953125,613629
2026-06-11,TITAN,4006.951982284827,4056.3896148157537,3949.8393386542043,4012.03515625,767665
2026-06-12,TITAN,4054.4960073475113,4186.263588783162,4039.445295679552,4170.31591796875,1122271
2026-06-15,TITAN,4207.195130228091,4282.946570620732,4206.49722491917,4269.49072265625,1076822
2026-06-16,TITAN,4284.0430909399065,4329.792876901798,4269.490743142001,4323.8125,779706
2026-06-17,TITAN,4323.812338372832,4380.625916816181,4313.346679185898,4366.17333984375,623868
2026-06-18,TITAN,4365.674763217696,4395.576645157543,4318.9282517885895,4373.548828125,562833
2026-06-19,TITAN,4345.740340070183,4427.173329648428,4345.740340070183,4405.4443359375,941346
2026-06-22,TITAN,4390.891747775549,4400.061852755146,4338.762995819039,4358.19921875,390835
2026-06-23,TITAN,4360.691477754865,4402.952710396701,4277.065971666899,4291.21923828125,586588
2026-06-24,TITAN,4287.93018361535,4326.603092410774,4249.755639555354,4309.65869140625,652078
2026-06-25,TITAN,4320.821917574416,4320.821917574416,4211.181684371836,4277.2646484375,754050
2026-06-26,TITAN,4277.2646484375,4277.2646484375,4277.2646484375,4277.2646484375,0
2026-06-29,TITAN,4270.9857208678,4302.183158180815,4252.64599620607,4263.21142578125,569087
2026-06-30,TITAN,4263.50992478207,4413.916290951847,4261.018101330999,4389.59619140625,1243464
2026-07-01,TITAN,4454.384013002184,4489.767909279109,4375.742154951739,4384.21435546875,1168751
2026-07-02,TITAN,4389.596399722663,4482.292236501547,4368.7648520199655,4466.4443359375,820705
2026-07-03,TITAN,4480.298796026808,4492.957454484628,4436.442701026769,4446.509765625,542120
2026-07-06,TITAN,4435.44600307642,4475.81354535161,4435.44600307642,4469.7333984375,589165
2026-07-07,TITAN,4535.1191570791025,4640.672712211398,4490.266330250847,4589.14208984375,3385946
2026-07-08,TITAN,4575.386820187532,4614.857404177837,4546.78097666898,4571.39990234375,1045703
2026-07-09,TITAN,4614.7998046875,4679.7998046875,4546.10009765625,4555.7998046875,1777107
2026-07-10,TITAN,4578.60009765625,4602.7998046875,4560.7001953125,4584.39990234375,652646
2026-07-13,TITAN,4578.0,4635.0,4524.39990234375,4601.5,770367
2026-07-14,TITAN,4579.7998046875,4600.0,4554.0,4573.7001953125,631158
2026-07-15,TITAN,4573.7001953125,4607.0,4565.10009765625,4579.39990234375,619451
2026-07-16,TITAN,4585.2998046875,4668.7998046875,4580.0,4625.7998046875,1136159
2026-07-17,TITAN,4626.0,4647.5,4610.10009765625,4638.10009765625,667212
2026-07-20,TITAN,4638.10009765625,4660.0,4625.2998046875,4643.39990234375,274158
2026-07-21,TITAN,4644.2001953125,4691.7001953125,4629.2001953125,4688.7001953125,530094
2026-07-22,TITAN,4685.7001953125,4733.0,4675.0,4711.60009765625,996475
2026-07-23,TITAN,4700.0,4709.7998046875,4671.60009765625,4697.2998046875,421185
2026-07-24,TITAN,4605.0,4697.0,4604.10009765625,4677.0,513858
2026-07-27,TITAN,4686.89990234375,4749.10009765625,4686.89990234375,4740.10009765625,500721
2026-07-28,TITAN,4750.0,4860.0,4712.89990234375,4849.7001953125,1321587
2026-07-29,TITAN,4849.7001953125,4866.89990234375,4823.2001953125,4850.2001953125,837059
2026-07-30,TITAN,4820.89990234375,4869.89990234375,4820.89990234375,4850.0,777361
2026-07-31,TITAN,4850.0,4886.0,4820.89990234375,4875.2001953125,1003314
2026-08-03,TITAN,4875.2001953125,5000.0,4851.7998046875,5000.0,505420
2026-08-04,TITAN,4935.0,4935.0,4862.0,4935.0,1181747
2026-08-05,TITAN,4910.2001953125,4920.60009765625,4882.2998046875,4912.39990234375,546332
2026-08-06,TITAN,4883.89990234375,5005.0,4883.89990234375,4998.0,1283840
2026-08-07,TITAN,4978.10009765625,5003.0,4891.2998046875,4941.0,1166858
2026-08-10,TITAN,4932.0,5122.2001953125,4886.2001953125,5090.0,3664718
2026-08-11,TITAN,5090.0,5168.0,5090.0,5128.0,1664853
2026-08-12,TITAN,5128.0,5128.0,4992.0,5099.0,1105157
2026-08-13,TITAN,5069.5,5071.5,5010.0,5063.7001953125,533274
2026-08-14,TITAN,5064.0,5090.5,5046.39990234375,5056.2001953125,587764
2026-08-17,TITAN,5056.2001953125,5111.0,5037.2001953125,5068.5,565258
2026-08-18,TITAN,5060.0,5094.89990234375,5042.5,5048.60009765625,354873
2026-08-19,TITAN,5045.0,5074.7998046875,5038.0,5068.0,412981
2026-08-20,TITAN,5084.89990234375,5110.0,5060.10009765625,5068.0,614435
2026-08-21,TITAN,5068.0,5090.39990234375,5011.0,5086.10009765625,352381
2026-08-24,TITAN,5086.7998046875,5093.39990234375,5050.0,5079.0,256376
2026-08-25,TITAN,5059.10009765625,5124.7998046875,5052.7001953125,5124.7998046875,347515
2026-08-26,TITAN,5149.89990234375,5149.89990234375,5091.0,5100.0,377617
2026-08-27,TITAN,5100.0,5186.7001953125,5069.5,5139.2998046875,1101845
2026-08-28,TITAN,5155.0,5169.89990234375,5136.0,5169.2001953125,547804
2026-03-02,NTPC,365.0,378.95001220703125,365.0,377.54998779296875,14732253
2026-03-04,NTPC,370.75,373.8500061035156,364.1000061035156,365.79998779296875,11433169
2026-03-05,NTPC,366.95001220703125,379.8999938964844,366.6000061035156,378.04998779296875,16158714
2026-03-06,NTPC,377.0,385.54998779296875,374.6499938964844,380.6000061035156,14940896
2026-03-09,NTPC,373.0,379.0,371.3999938964844,376.25,11286578
2026-03-10,NTPC,385.0,385.45001220703125,374.8500061035156,377.29998779296875,10875834
2026-03-11,NTPC,377.5,383.8999938964844,376.45001220703125,379.8999938964844,9963701
2026-03-12,NTPC,379.0,392.3999938964844,375.6499938964844,390.54998779296875,23847146
2026-03-13,NTPC,391.8500061035156,394.5,383.20001220703125,384.45001220703125,27107369
2026-03-16,NTPC,384.5,388.25,375.45001220703125,382.3999938964844,16793109
2026-03-17,NTPC,382.8999938964844,385.8999938964844,378.29998779296875,383.3500061035156,9720902
2026-03-18,NTPC,385.0,386.3500061035156,377.6000061035156,378.5,10681498
2026-03-19,NTPC,373.5,380.75,373.1000061035156,374.04998779296875,10568326
2026-03-20,NTPC,375.8500061035156,383.29998779296875,375.5,380.95001220703125,20930288
2026-03-23,NTPC,377.1000061035156,379.5,369.29998779296875,372.3999938964844,13148432
2026-03-24,NTPC,378.0,378.1499938964844,371.0,375.54998779296875,9339144
2026-03-25,NTPC,376.0,380.95001220703125,375.6000061035156,378.3999938964844,9266292
2026-03-27,NTPC,379.8999938964844,379.8999938964844,374.6499938964844,375.6499938964844,20263654
2026-03-30,NTPC,374.0,377.95001220703125,369.6499938964844,370.6499938964844,17974103
2026-04-01,NTPC,381.29998779296875,381.8999938964844,361.45001220703125,364.6499938964844,15449629
2026-04-02,NTPC,359.95001220703125,361.29998779296875,352.0,359.6499938964844,16551512
2026-04-06,NTPC,358.79998779296875,366.75,355.70001220703125,366.1000061035156,11534034
2026-04-07,NTPC,364.8500061035156,369.79998779296875,362.25,368.8500061035156,12603971
2026-04-08,NTPC,373.5,375.54998779296875,368.25,374.1499938964844,19491331
2026-04-09,NTPC,376.95001220703125,384.20001220703125,376.5,378.6499938964844,18503665
2026-04-10,NTPC,381.20001220703125,384.45001220703125,372.04998779296875,380.1499938964844,14953758
2026-04-13,NTPC,374.3500061035156,388.0,374.3500061035156,386.25,15240045
2026-04-15,NTPC,390.25,393.95001220703125,387.1000061035156,392.6000061035156,7722460
2026-04-16,NTPC,397.0,397.25,387.79998779296875,390.79998779296875,9896906
2026-04-17,NTPC,393.0,396.25,388.45001220703125,393.6000061035156,15320653
2026-04-20,NTPC,393.0,400.8500061035156,390.6499938964844,398.0,9895187
2026-04-21,NTPC,398.6000061035156,402.70001220703125,395.70001220703125,396.20001220703125,9493644
2026-04-22,NTPC,398.0,407.25,393.20001220703125,405.3999938964844,16411131
2026-04-23,NTPC,404.0,405.8999938964844,400.3999938964844,402.25,9144699
2026-04-24,NTPC,404.75,405.25,399.20001220703125,401.8500061035156,6266676
2026-04-27,NTPC,403.8999938964844,414.3999938964844,402.6000061035156,410.20001220703125,13001752
2026-04-28,NTPC,414.0,414.20001220703125,405.95001220703125,406.8500061035156,7726655
2026-04-29,NTPC,409.5,410.0,399.6499938964844,401.29998779296875,11920835
2026-04-30,NTPC,400.0,400.29998779296875,393.1499938964844,399.1499938964844,7706357
2026-05-01,NTPC,399.1499938964844,399.1499938964844,399.1499938964844,399.1499938964844,0
2026-05-04,NTPC,400.0,404.79998779296875,397.25,400.04998779296875,6333200
2026-05-05,NTPC,398.29998779296875,400.5,394.54998779296875,398.6499938964844,6791514
2026-05-06,NTPC,400.0,403.0,391.6499938964844,394.8500061035156,11120409
2026-05-07,NTPC,396.75,403.5,393.1499938964844,400.3500061035156,9700378
2026-05-08,NTPC,398.0,405.1000061035156,397.1499938964844,402.1499938964844,4740939
2026-05-11,NTPC,401.8999938964844,405.0,391.0,392.95001220703125,10088836
2026-05-12,NTPC,392.20001220703125,399.8500061035156,391.25,392.70001220703125,10247516
2026-05-13,NTPC,392.0,394.04998779296875,385.79998779296875,390.45001220703125,12322076
2026-05-14,NTPC,393.70001220703125,398.54998779296875,391.20001220703125,396.29998779296875,7363948
2026-05-15,NTPC,396.0,398.0,392.5,395.25,7107857
2026-05-18,NTPC,393.0,393.8500061035156,384.8999938964844,388.29998779296875,7632596
2026-05-19,NTPC,386.70001220703125,392.75,386.04998779296875,389.3999938964844,6693518
2026-05-20,NTPC,386.1000061035156,393.3500061035156,384.0,392.45001220703125,5386249
2026-05-21,NTPC,393.5,395.54998779296875,387.8500061035156,388.79998779296875,10596954
2026-05-22,NTPC,389.95001220703125,391.5,387.45001220703125,388.6499938964844,11755213
2026-05-25,NTPC,391.95001220703125,392.79998779296875,386.45001220703125,390.04998779296875,10489850
2026-05-26,NTPC,390.75,392.25,389.0,389.70001220703125,9062218
2026-05-27,NTPC,390.3500061035156,403.1000061035156,390.3500061035156,398.1499938964844,14418621
2026-05-28,NTPC,398.1499938964844,398.1499938964844,398.1499938964844,398.1499938964844,0
2026-05-29,NTPC,400.0,401.6499938964844,385.1000061035156,386.8999938964844,17003143
2026-06-01,NTPC,386.8999938964844,389.0,376.5,378.70001220703125,18408900
2026-06-02,NTPC,375.95001220703125,377.5,363.04998779296875,367.3999938964844,17496468
2026-06-03,NTPC,368.04998779296875,371.5,363.70001220703125,366.79998779296875,10825715
2026-06-04,NTPC,366.79998779296875,368.79998779296875,364.3500061035156,366.3999938964844,14363519
2026-06-05,NTPC,365.95001220703125,368.5,358.6499938964844,361.6499938964844,10277061
2026-06-08,NTPC,358.95001220703125,365.3500061035156,355.1499938964844,362.3999938964844,14933986
2026-06-09,NTPC,362.79998779296875,363.70001220703125,355.0,355.6499938964844,14246656
2026-06-10,NTPC,359.0,359.0,351.1000061035156,351.6499938964844,14939921
2026-06-11,NTPC,352.0,353.3500061035156,348.79998779296875,351.8500061035156,15079402
2026-06-12,NTPC,357.0,357.0,349.70001220703125,353.8999938964844,8740239
2026-06-15,NTPC,357.3999938964844,358.0,346.95001220703125,348.1000061035156,17190759
2026-06-16,NTPC,349.75,356.20001220703125,348.5,355.54998779296875,14555184
2026-06-17,NTPC,355.54998779296875,356.04998779296875,352.04998779296875,355.54998779296875,9299676
2026-06-18,NTPC,357.0,363.54998779296875,354.04998779296875,361.95001220703125,12260776
2026-06-19,NTPC,361.95001220703125,368.0,359.95001220703125,365.79998779296875,17465450
2026-06-22,NTPC,365.79998779296875,368.5,364.04998779296875,367.04998779296875,11946682
2026-06-23,NTPC,367.8500061035156,369.25,361.8999938964844,364.6000061035156,11696171
2026-06-24,NTPC,362.8500061035156,364.04998779296875,355.5,357.04998779296875,12770898
2026-06-25,NTPC,356.45001220703125,359.0,351.45001220703125,352.04998779296875,19767157
2026-06-26,NTPC,352.04998779296875,352.04998779296875,352.04998779296875,352.04998779296875,0
2026-06-29,NTPC,352.0,357.8999938964844,351.54998779296875,356.1000061035156,49895302
2026-06-30,NTPC,354.75,358.3500061035156,352.8999938964844,356.6499938964844,10291360
2026-07-01,NTPC,358.0,360.8500061035156,354.25,357.8999938964844,6915166
2026-07-02,NTPC,359.95001220703125,359.95001220703125,352.29998779296875,358.25,6513560
2026-07-03,NTPC,358.25,360.1499938964844,355.45001220703125,356.45001220703125,6588714
2026-07-06,NTPC,356.0,359.3999938964844,354.6499938964844,356.25,6204261
2026-07-07,NTPC,355.79998779296875,357.1499938964844,352.54998779296875,354.20001220703125,8149003
2026-07-08,NTPC,351.95001220703125,353.0,347.54998779296875,348.70001220703125,9572223
2026-07-09,NTPC,349.0,351.0,343.1000061035156,343.70001220703125,17821421
2026-07-10,NTPC,344.5,348.79998779296875,343.20001220703125,344.54998779296875,13016441
2026-07-13,NTPC,345.04998779296875,355.0,343.70001220703125,351.75,8226337
2026-07-14,NTPC,348.5,353.95001220703125,347.5,348.1499938964844,8579646
2026-07-15,NTPC,347.5,348.45001220703125,343.04998779296875,344.3500061035156,11352533
2026-07-16,NTPC,344.20001220703125,346.04998779296875,342.1000061035156,342.45001220703125,10347549
2026-07-17,NTPC,342.5,343.8999938964844,340.25,341.8500061035156,7612446
2026-07-20,NTPC,343.0,349.29998779296875,341.1000061035156,347.25,14463484
2026-07-21,NTPC,347.20001220703125,349.1499938964844,344.1499938964844,348.54998779296875,8575793
2026-07-22,NTPC,347.3999938964844,350.8500061035156,345.6499938964844,350.5,7035952
2026-07-23,NTPC,348.54998779296875,350.70001220703125,347.1000061035156,348.6000061035156,6863144
2026-07-24,NTPC,347.95001220703125,350.0,345.1000061035156,347.20001220703125,6300466
2026-07-27,NTPC,353.0,353.0,347.79998779296875,350.79998779296875,12350753
2026-07-28,NTPC,349.95001220703125,350.0,342.1000061035156,343.75,12409670
2026-07-29,NTPC,343.70001220703125,345.3500061035156,341.1499938964844,343.5,8471125
2026-07-30,NTPC,343.5,347.6499938964844,341.8500061035156,344.8500061035156,9943764
2026-07-31,NTPC,344.1000061035156,348.25,343.54998779296875,347.25,8519119
2026-08-03,NTPC,347.25,350.8999938964844,345.29998779296875,350.8999938964844,5460220
2026-08-04,NTPC,348.0,348.95001220703125,341.6000061035156,343.6499938964844,7201524
2026-08-05,NTPC,343.45001220703125,349.8999938964844,342.75,349.8999938964844,18554536
2026-08-06,NTPC,347.5,349.25,343.1000061035156,345.0,10079779
2026-08-07,NTPC,345.0,347.0,342.5,342.5,7012048
2026-08-10,NTPC,342.5,343.70001220703125,337.1499938964844,340.45001220703125,8818488
2026-08-11,NTPC,339.6000061035156,340.3999938964844,336.04998779296875,338.45001220703125,10043994
2026-08-12,NTPC,338.45001220703125,341.3500061035156,335.3500061035156,339.45001220703125,10152704
2026-08-13,NTPC,338.04998779296875,344.25,338.0,344.25,9672695
2026-08-14,NTPC,343.6499938964844,343.6499938964844,337.5,340.0,7507624
2026-08-17,NTPC,340.0,340.29998779296875,335.70001220703125,337.0,7839848
2026-08-18,NTPC,337.0,339.29998779296875,333.8999938964844,337.1000061035156,9943991
2026-08-19,NTPC,336.29998779296875,338.8500061035156,333.6000061035156,336.54998779296875,7502595
2026-08-20,NTPC,337.1000061035156,339.54998779296875,334.3999938964844,337.5,4185077
2026-08-21,NTPC,337.0,342.8500061035156,337.0,340.0,6534716
2026-08-24,NTPC,340.70001220703125,342.04998779296875,337.45001220703125,339.5,5401943
2026-08-25,NTPC,339.0,340.79998779296875,335.6499938964844,339.8500061035156,5260835
2026-08-26,NTPC,341.54998779296875,344.45001220703125,334.6000061035156,334.6000061035156,5903358
2026-08-27,NTPC,335.0,335.95001220703125,328.3999938964844,330.8999938964844,12911842
2026-08-28,NTPC,329.5,333.1000061035156,328.79998779296875,330.04998779296875,7332490
2026-03-02,WAAREEENER,2588.199951171875,2669.0,2581.800048828125,2643.300048828125,1471208
2026-03-04,WAAREEENER,2600.0,2642.199951171875,2573.60009765625,2634.0,1084934
2026-03-05,WAAREEENER,2650.0,2671.60009765625,2596.199951171875,2646.199951171875,1237673
2026-03-06,WAAREEENER,2634.0,2689.89990234375,2621.10009765625,2628.300048828125,844652
2026-03-09,WAAREEENER,2579.89990234375,2606.39990234375,2541.0,2599.0,955995
2026-03-10,WAAREEENER,2638.60009765625,2663.89990234375,2613.0,2655.699951171875,791228
2026-03-11,WAAREEENER,2676.199951171875,2732.0,2670.39990234375,2682.800048828125,1512914
2026-03-12,WAAREEENER,2653.0,2759.60009765625,2615.0,2739.39990234375,1330806
2026-03-13,WAAREEENER,2718.60009765625,2793.0,2685.300048828125,2726.60009765625,2249579
2026-03-16,WAAREEENER,2755.60009765625,2818.0,2681.199951171875,2790.699951171875,1863844
2026-03-17,WAAREEENER,2791.300048828125,2965.0,2786.199951171875,2883.10009765625,4601103
2026-03-18,WAAREEENER,2890.0,3223.800048828125,2890.0,3184.800048828125,7718322
2026-03-19,WAAREEENER,3095.0,3210.5,3095.0,3155.89990234375,3554580
2026-03-20,WAAREEENER,3180.0,3243.39990234375,3113.10009765625,3165.89990234375,2180409
2026-03-23,WAAREEENER,3108.800048828125,3110.39990234375,3015.89990234375,3064.60009765625,2004463
2026-03-24,WAAREEENER,3135.0,3137.0,3016.300048828125,3086.699951171875,1849707
2026-03-25,WAAREEENER,3142.0,3197.10009765625,3128.10009765625,3177.89990234375,1679711
2026-03-27,WAAREEENER,3170.0,3183.39990234375,3080.0,3092.60009765625,1217830
2026-03-30,WAAREEENER,3052.0,3143.39990234375,3014.0,3109.800048828125,1799109
2026-04-01,WAAREEENER,3220.0,3220.0,3041.10009765625,3089.199951171875,2210451
2026-04-02,WAAREEENER,3066.0,3084.699951171875,2980.800048828125,3070.699951171875,1222615
2026-04-06,WAAREEENER,3075.0,3110.39990234375,3030.89990234375,3084.699951171875,705234
2026-04-07,WAAREEENER,3084.0,3102.300048828125,3046.60009765625,3083.800048828125,661341
2026-04-08,WAAREEENER,3150.0,3150.0,3088.199951171875,3125.0,1759222
2026-04-09,WAAREEENER,3130.60009765625,3244.89990234375,3115.0,3232.300048828125,2495594
2026-04-10,WAAREEENER,3268.0,3320.0,3200.0,3281.39990234375,2265005
2026-04-13,WAAREEENER,3225.0,3381.800048828125,3220.0,3334.800048828125,3262309
2026-04-15,WAAREEENER,3393.0,3450.0,3365.300048828125,3426.10009765625,1874718
2026-04-16,WAAREEENER,3443.199951171875,3468.0,3395.5,3438.800048828125,1227960
2026-04-17,WAAREEENER,3474.0,3514.89990234375,3413.0,3466.199951171875,3722006
2026-04-20,WAAREEENER,3495.0,3520.0,3432.300048828125,3489.10009765625,1553640
2026-04-21,WAAREEENER,3496.0,3557.0,3460.10009765625,3472.800048828125,1477569
2026-04-22,WAAREEENER,3472.0,3529.39990234375,3420.800048828125,3427.800048828125,1301434
2026-04-23,WAAREEENER,3440.0,3477.60009765625,3385.0,3413.0,1301596
2026-04-24,WAAREEENER,3348.10009765625,3348.10009765625,3235.89990234375,3305.699951171875,2964226
2026-04-27,WAAREEENER,3334.0,3370.0,3325.0,3358.300048828125,783238
2026-04-28,WAAREEENER,3375.0,3482.0,3372.0,3453.60009765625,1778289
2026-04-29,WAAREEENER,3479.89990234375,3535.60009765625,3462.0,3502.89990234375,1961068
2026-04-30,WAAREEENER,3300.0,3324.89990234375,3100.0,3118.800048828125,8109147
2026-05-01,WAAREEENER,3118.800048828125,3118.800048828125,3118.800048828125,3118.800048828125,0
2026-05-04,WAAREEENER,3159.800048828125,3165.0,3101.800048828125,3136.300048828125,1655282
2026-05-05,WAAREEENER,3117.0,3197.0,3116.199951171875,3181.699951171875,1213873
2026-05-06,WAAREEENER,3207.5,3247.699951171875,3186.10009765625,3225.10009765625,1349434
2026-05-07,WAAREEENER,3240.0,3258.5,3192.39990234375,3226.60009765625,993713
2026-05-08,WAAREEENER,3250.0,3292.800048828125,3220.300048828125,3230.10009765625,1287553
2026-05-11,WAAREEENER,3220.0,3266.89990234375,3196.199951171875,3208.800048828125,937451
2026-05-12,WAAREEENER,3212.0,3233.0,3115.0,3125.199951171875,1018046
2026-05-13,WAAREEENER,3120.0,3144.199951171875,3064.5,3085.300048828125,1015367
2026-05-14,WAAREEENER,3100.699951171875,3109.0,3042.39990234375,3068.800048828125,783515
2026-05-15,WAAREEENER,3068.0,3075.199951171875,3014.0,3022.0,599165
2026-05-18,WAAREEENER,3020.0,3037.89990234375,2961.300048828125,2997.5,684926
2026-05-19,WAAREEENER,2996.800048828125,3047.39990234375,2986.0,2998.800048828125,796513
2026-05-20,WAAREEENER,3000.0,3047.89990234375,2998.699951171875,3005.199951171875,966842
2026-05-21,WAAREEENER,3040.0,3074.199951171875,2999.0,3056.60009765625,949176
2026-05-22,WAAREEENER,3075.0,3087.699951171875,2992.10009765625,2997.5,1254447
2026-05-25,WAAREEENER,3025.0,3028.300048828125,2974.89990234375,2984.199951171875,1277965
2026-05-26,WAAREEENER,2996.0,3102.0,2995.10009765625,3088.10009765625,1540466
2026-05-27,WAAREEENER,3096.0,3154.60009765625,3040.0,3129.10009765625,1978239
2026-05-28,WAAREEENER,3129.10009765625,3129.10009765625,3129.10009765625,3129.10009765625,0
2026-05-29,WAAREEENER,3145.0,3180.0,3071.89990234375,3140.800048828125,3943932
2026-06-01,WAAREEENER,3149.300048828125,3163.0,3085.0,3096.10009765625,896473
2026-06-02,WAAREEENER,3090.0,3114.699951171875,3026.39990234375,3099.800048828125,826772
2026-06-03,WAAREEENER,3110.800048828125,3129.699951171875,3028.89990234375,3084.5,821381
2026-06-04,WAAREEENER,3070.0,3107.89990234375,3050.10009765625,3071.60009765625,689495
2026-06-05,WAAREEENER,3084.699951171875,3109.699951171875,3031.699951171875,3053.0,726329
2026-06-08,WAAREEENER,2991.10009765625,3043.0,2991.10009765625,3003.800048828125,576226
2026-06-09,WAAREEENER,3040.0,3070.0,3006.300048828125,3040.800048828125,697669
2026-06-10,WAAREEENER,3040.800048828125,3074.800048828125,3008.10009765625,3017.199951171875,498505
2026-06-11,WAAREEENER,3019.0,3019.10009765625,2962.199951171875,3013.89990234375,722523
2026-06-12,WAAREEENER,3040.0,3077.60009765625,3020.0,3031.39990234375,587997
2026-06-15,WAAREEENER,3080.0,3080.0,3045.0,3050.89990234375,579143
2026-06-16,WAAREEENER,3060.0,3083.10009765625,2996.0,3064.60009765625,1111165
2026-06-17,WAAREEENER,3069.0,3103.60009765625,3056.800048828125,3078.60009765625,630837
2026-06-18,WAAREEENER,3087.800048828125,3093.5,3054.0,3065.89990234375,492939
2026-06-19,WAAREEENER,3066.300048828125,3147.5,3052.60009765625,3125.39990234375,1902606
2026-06-22,WAAREEENER,3145.0,3157.800048828125,3058.0,3061.300048828125,1093756
2026-06-23,WAAREEENER,3070.0,3094.0,3021.0,3033.800048828125,746444
2026-06-24,WAAREEENER,3029.89990234375,3057.0,3020.0,3028.800048828125,440553
2026-06-25,WAAREEENER,3042.10009765625,3082.0,3005.5,3009.39990234375,531855
2026-06-26,WAAREEENER,3009.39990234375,3009.39990234375,3009.39990234375,3009.39990234375,0
2026-06-29,WAAREEENER,3020.0,3020.0,2836.0,2886.10009765625,3058476
2026-06-30,WAAREEENER,2900.0,2959.5,2865.60009765625,2947.0,1300340
2026-07-01,WAAREEENER,2954.0,2954.0,2866.5,2877.699951171875,775001
2026-07-02,WAAREEENER,2890.0,2907.300048828125,2873.699951171875,2879.60009765625,599536
2026-07-03,WAAREEENER,2895.199951171875,2918.800048828125,2834.10009765625,2859.199951171875,770232
2026-07-06,WAAREEENER,2869.5,2885.5,2842.0,2876.199951171875,379488
2026-07-07,WAAREEENER,2878.699951171875,2885.0,2825.0,2841.199951171875,525419
2026-07-08,WAAREEENER,2830.0,2865.0,2803.300048828125,2823.300048828125,458923
2026-07-09,WAAREEENER,2840.0,2889.0,2834.10009765625,2863.39990234375,471314
2026-07-10,WAAREEENER,2869.89990234375,2930.0,2869.89990234375,2922.89990234375,675347
2026-07-13,WAAREEENER,2904.89990234375,2914.0,2860.0,2880.199951171875,532271
2026-07-14,WAAREEENER,2847.89990234375,2854.199951171875,2809.300048828125,2820.10009765625,791107
2026-07-15,WAAREEENER,2825.0,2847.60009765625,2806.300048828125,2812.800048828125,365892
2026-07-16,WAAREEENER,2823.10009765625,2848.0,2802.10009765625,2830.300048828125,431763
2026-07-17,WAAREEENER,2837.10009765625,2848.0,2810.0,2840.699951171875,439273
2026-07-20,WAAREEENER,2819.0,2847.5,2733.0,2826.199951171875,921417
2026-07-21,WAAREEENER,2823.300048828125,2834.89990234375,2711.199951171875,2732.10009765625,1126138
2026-07-22,WAAREEENER,2732.10009765625,2748.89990234375,2666.800048828125,2697.199951171875,1137312
2026-07-23,WAAREEENER,2698.0,2739.800048828125,2686.199951171875,2711.800048828125,701465
2026-07-24,WAAREEENER,2700.0,2718.0,2678.0,2702.0,431356
2026-07-27,WAAREEENER,2721.0,2760.89990234375,2716.5,2741.39990234375,710887
2026-07-28,WAAREEENER,2741.0,2783.300048828125,2687.0,2694.300048828125,1036716
2026-07-29,WAAREEENER,2708.699951171875,2751.199951171875,2645.0,2736.199951171875,1130793
2026-07-30,WAAREEENER,2626.0,2650.0,2561.0,2624.89990234375,4868001
2026-07-31,WAAREEENER,2639.89990234375,2701.89990234375,2625.5,2680.199951171875,1316398
2026-08-03,WAAREEENER,2705.0,2719.0,2670.199951171875,2676.0,671684
2026-08-04,WAAREEENER,2678.0,2695.0,2662.0,2670.0,614626
2026-08-05,WAAREEENER,2686.0,2700.0,2672.699951171875,2697.0,447229
2026-08-06,WAAREEENER,2690.0,2692.800048828125,2660.89990234375,2660.89990234375,363839
2026-08-07,WAAREEENER,2663.89990234375,2730.0,2656.89990234375,2717.0,777123
2026-08-10,WAAREEENER,2723.0,2725.0,2693.0,2701.0,356031
2026-08-11,WAAREEENER,2701.0,2719.300048828125,2685.0,2704.0,336490
2026-08-12,WAAREEENER,2704.0,2709.10009765625,2650.89990234375,2668.0,542431
2026-08-13,WAAREEENER,2668.0,2689.0,2668.0,2687.0,229853
2026-08-14,WAAREEENER,2703.89990234375,2703.89990234375,2660.10009765625,2682.0,372863
2026-08-17,WAAREEENER,2682.0,2719.0,2660.800048828125,2707.0,405982
2026-08-18,WAAREEENER,2706.89990234375,2719.5,2693.0,2709.10009765625,396655
2026-08-19,WAAREEENER,2711.0,2711.800048828125,2660.0,2679.0,438529
2026-08-20,WAAREEENER,2699.199951171875,2712.0,2664.39990234375,2675.0,444611
2026-08-21,WAAREEENER,2672.89990234375,2727.0,2672.800048828125,2678.199951171875,449753
2026-08-24,WAAREEENER,2680.0,2713.0,2637.0,2674.800048828125,602522
2026-08-25,WAAREEENER,2670.0,2687.699951171875,2644.0,2655.0,423255
2026-08-26,WAAREEENER,2662.0,2669.60009765625,2631.0,2635.0,310622
2026-08-27,WAAREEENER,2637.60009765625,2649.89990234375,2611.0,2624.0,332552
2026-08-28,WAAREEENER,2623.89990234375,2650.0,2593.199951171875,2640.0,488508
